[
  {
    "review": "실제 성행위가 압권임..",
    "date": "15.04.21",
    "rating": "4",
    "author": "tlsg****",
    "review_id": "9855205",
    "movie_id": "40920"
  },
  {
    "review": "영화는 중반까지 지루해 죽을 거 같지만 간독은 진짜 천재인 거 같다. 한 쪽만 까내리는 게 아닌 이유있는 비판을 영화 안에서 담아낸다는 걸 어떻게 할 생각을 했을까?",
    "date": "15.03.06",
    "rating": "9",
    "author": "char****",
    "review_id": "9759702",
    "movie_id": "40920"
  },
  {
    "review": "카드사기꾼의 말이 영화를 꿰뚫는 주제의식입니다. \"바닥부터 뒤집어라\" 자유와 평등을 내걸고서 윗장부터 뒤집은 나라 미국의 생각은 결국 그레이스가 베두인과 흑인의 파티를 꾼 그 허황된 꿈 속과 다를 바 없다는 거죠.",
    "date": "14.07.22",
    "rating": "8",
    "author": "boys****",
    "review_id": "8939564",
    "movie_id": "40920"
  },
  {
    "review": "미쯔블랙님 만덜레이 어디서 보셨어요? 저도 보고싶은데",
    "date": "14.02.01",
    "rating": "10",
    "author": "dbql****",
    "review_id": "8460053",
    "movie_id": "40920"
  },
  {
    "review": "전작처럼 인간의 본성을 잘 찾아냈지만...연출이나 각본등이 전작에 비해 미치지 못했음...;;",
    "date": "14.02.01",
    "rating": "7",
    "author": "do11****",
    "review_id": "8459992",
    "movie_id": "40920"
  },
  {
    "review": "전하려는 메시지는 알겠는데 너무 지루하다...",
    "date": "14.01.19",
    "rating": "6",
    "author": "lhj5****",
    "review_id": "8401504",
    "movie_id": "40920"
  },
  {
    "review": "내가 보기엔 백인,미국 뿐만 아니라 흑인까지 양쪽 다 깐 영화같다.물론 어렵겠지만 흑인들은 과거에서 벗어나 당당해져야하고 백인,미국은 그런 흑인을 지원해줘야하고.. 우리나라 정치상황과도 연결지어 생각할수있는 좀 폭넓게 생각할수있는 영화다",
    "date": "12.11.23",
    "rating": "9",
    "author": "like****",
    "review_id": "6917969",
    "movie_id": "40920"
  },
  {
    "review": "라스 폰 트리에 감독 각본은 몰입하게 만드는 힘이 있는 것 같다. 도그빌과 비슷하거나 조금 못 미치기는 하지만 역시 메시지가 있는 영화였다. 너무 부정적이랄까 아님 비판적이랄까. 여배우가 매력적이지 않은 것도 도그빌 보다는 떨어진다는 생각을 하게했다",
    "date": "12.09.20",
    "rating": "9",
    "author": "scnd****",
    "review_id": "6714660",
    "movie_id": "40920"
  },
  {
    "review": "예전에도 그랬고 지금도 그렇고 미래에도 그럴 것 같은 이야기",
    "date": "12.03.03",
    "rating": "8",
    "author": "rose****",
    "review_id": "6119475",
    "movie_id": "40920"
  },
  {
    "review": "도그빌이 훨 낫네....",
    "date": "12.02.09",
    "rating": "5",
    "author": "sept****",
    "review_id": "6063959",
    "movie_id": "40920"
  },
  {
    "review": "미국을 까고 더 나아가선 인류 대대로 내려져 오는 근본적인 쓰레기 본성을 까는 영화",
    "date": "11.11.25",
    "rating": "10",
    "author": "hans****",
    "review_id": "5869983",
    "movie_id": "40920"
  },
  {
    "review": "억압을 선택할 자유..억압을 선택할수 밖에 없는 상황..좀더 근본적인 해결은뭘까?",
    "date": "11.07.26",
    "rating": "8",
    "author": "032k****",
    "review_id": "5571401",
    "movie_id": "40920"
  },
  {
    "review": "전작보다 표현이 좀 더 직설적이지만 메세지는 약하다",
    "date": "11.04.12",
    "rating": "5",
    "author": "inos****",
    "review_id": "5370298",
    "movie_id": "40920"
  },
  {
    "review": "자신을 너무 믿지 말자. 자신에게 환멸을 가질지어니.",
    "date": "11.02.09",
    "rating": "7",
    "author": "jiyu****",
    "review_id": "5231798",
    "movie_id": "40920"
  },
  {
    "review": "미국이라는 알레고리 속에선 누구든 미국인이 되지 않을 수 없다.",
    "date": "11.01.10",
    "rating": "10",
    "author": "rock****",
    "review_id": "5148004",
    "movie_id": "40920"
  },
  {
    "review": "좋구나, 양쪽 다 공감할 수 있는 내용을 담고 있지만 좀더 백인의 시선에서 본듯",
    "date": "10.12.28",
    "rating": "10",
    "author": "hoby****",
    "review_id": "5096817",
    "movie_id": "40920"
  },
  {
    "review": "전작 도그빌에서의 느낌은 세트뿐, 주연여배우가 바뀐게 최악이다",
    "date": "10.11.26",
    "rating": "3",
    "author": "hiha****",
    "review_id": "4991826",
    "movie_id": "40920"
  },
  {
    "review": "도그빌보다는 못하지만 상당한 수작",
    "date": "10.07.03",
    "rating": "8",
    "author": "xneo****",
    "review_id": "4607003",
    "movie_id": "40920"
  },
  {
    "review": "라스 폰 트리에 영화의 매력, 불편함.",
    "date": "10.05.10",
    "rating": "10",
    "author": "fami****",
    "review_id": "4491315",
    "movie_id": "40920"
  },
  {
    "review": "산만... 다시 좀 더 집중해서 보면 나아질까",
    "date": "10.04.29",
    "rating": "5",
    "author": "lead****",
    "review_id": "4464139",
    "movie_id": "40920"
  },
  {
    "review": "관객을 가르치고 훈계하려는 목적에서 영화를 만들었으나, 이번작은 좀 안와닿네요",
    "date": "10.04.04",
    "rating": "5",
    "author": "danz****",
    "review_id": "4409982",
    "movie_id": "40920"
  },
  {
    "review": "결국 복불복 ????? 그레이스는 순진한 이상주의자 ????? ㅠ.ㅠ",
    "date": "10.02.26",
    "rating": "10",
    "author": "recl****",
    "review_id": "4320264",
    "movie_id": "40920"
  },
  {
    "review": "재밌다",
    "date": "10.02.02",
    "rating": "10",
    "author": "eek5****",
    "review_id": "4238755",
    "movie_id": "40920"
  },
  {
    "review": "고귀하다는 이름과 달리 그레이스는 왜 이렇게맨날당하기만 하냐ㅠ도그빌에 이어 최고",
    "date": "10.01.23",
    "rating": "10",
    "author": "skrt****",
    "review_id": "4202080",
    "movie_id": "40920"
  },
  {
    "review": "이번엔 노예, 인종차별을 풍자하는군. 도그빌에 이어서 흥미롭게 봤다~",
    "date": "09.11.08",
    "rating": "9",
    "author": "wlfa****",
    "review_id": "3945586",
    "movie_id": "40920"
  },
  {
    "review": "자유란 준비되지 않은 자에겐 마치 동물원에서 키운 사자를 방목하는것과 같다.",
    "date": "09.10.07",
    "rating": "10",
    "author": "dark****",
    "review_id": "3878205",
    "movie_id": "40920"
  },
  {
    "review": "이영화도 여주인공이 니콜키드먼이엇으면 얼마나좋을까 ㅋ",
    "date": "09.07.05",
    "rating": "7",
    "author": "chld****",
    "review_id": "3613315",
    "movie_id": "40920"
  },
  {
    "review": "도그빌보단 아니지만... 재밌어역시 ㅎㅎ",
    "date": "09.06.12",
    "rating": "9",
    "author": "milk****",
    "review_id": "3560892",
    "movie_id": "40920"
  },
  {
    "review": "많은걸 생각하게 한다.",
    "date": "09.05.11",
    "rating": "5",
    "author": "evil****",
    "review_id": "3489542",
    "movie_id": "40920"
  },
  {
    "review": "드러내고 싶지 않은 불편한 부분들을 마구마구 파헤친다. 워싱턴 빨리 나왔으면...",
    "date": "09.03.29",
    "rating": "10",
    "author": "bloo****",
    "review_id": "3393491",
    "movie_id": "40920"
  },
  {
    "review": "자유라는 말에 얽매인 사고방식에 오히려 비자유가 느껴진다.",
    "date": "09.03.27",
    "rating": "8",
    "author": "tjdd****",
    "review_id": "3389692",
    "movie_id": "40920"
  },
  {
    "review": "워싱턴이 기다려진다",
    "date": "09.02.26",
    "rating": "10",
    "author": "gksw****",
    "review_id": "3333211",
    "movie_id": "40920"
  },
  {
    "review": "도그빌보다 더 재밌더라.",
    "date": "08.07.15",
    "rating": "9",
    "author": "esid****",
    "review_id": "2765056",
    "movie_id": "40920"
  },
  {
    "review": "캐릭터, 형식, 설정의 과장은 문제가 되지 않는다, 딜레마에 주목하라",
    "date": "08.05.07",
    "rating": "8",
    "author": "donj****",
    "review_id": "2623105",
    "movie_id": "40920"
  },
  {
    "review": "전편에 비해 상당히 지루하구나",
    "date": "08.05.06",
    "rating": "6",
    "author": "egyp****",
    "review_id": "2621094",
    "movie_id": "40920"
  },
  {
    "review": "도그빌에서 같은 강한 흡입력이 떨어진다 . 전작보단 스케일이 좀 작아진 느낌",
    "date": "08.03.05",
    "rating": "4",
    "author": "anyo****",
    "review_id": "2505026",
    "movie_id": "40920"
  },
  {
    "review": "미국에 대한 통렬한 직접화법의 우화",
    "date": "08.02.20",
    "rating": "10",
    "author": "limi****",
    "review_id": "2465046",
    "movie_id": "40920"
  },
  {
    "review": "인위적인 자유는 완벽할 수 없고 다른 곳에서의 자유를 희생할 수 밖에 없도록 만든다",
    "date": "08.02.11",
    "rating": "9",
    "author": "mast****",
    "review_id": "2436644",
    "movie_id": "40920"
  },
  {
    "review": "그의 영화를 보면 얼굴이 부끄러움에 붉어진다",
    "date": "08.02.09",
    "rating": "10",
    "author": "grie****",
    "review_id": "2428145",
    "movie_id": "40920"
  },
  {
    "review": "섬뜩",
    "date": "08.01.30",
    "rating": "10",
    "author": "sury****",
    "review_id": "2388425",
    "movie_id": "40920"
  },
  {
    "review": "perfect",
    "date": "07.11.18",
    "rating": "10",
    "author": "andr****",
    "review_id": "2163631",
    "movie_id": "40920"
  },
  {
    "review": "똑똑하다. 치밀하다.",
    "date": "07.11.14",
    "rating": "9",
    "author": "shor****",
    "review_id": "2150212",
    "movie_id": "40920"
  },
  {
    "review": "역시 기대를 져버리지 않는 천재 감독의 영화",
    "date": "07.10.13",
    "rating": "10",
    "author": "airl****",
    "review_id": "2087066",
    "movie_id": "40920"
  },
  {
    "review": "그들이 자유를 멈추고 굴중을 선택한 경위. 도그빌에 비해 다소 작위적이다.",
    "date": "07.10.12",
    "rating": "7",
    "author": "jals****",
    "review_id": "2084600",
    "movie_id": "40920"
  },
  {
    "review": "도그빌과 비교되긴하지만, 영화의 메시지, 은유는 충분히 만족한다.",
    "date": "07.10.08",
    "rating": "9",
    "author": "sinb****",
    "review_id": "2078120",
    "movie_id": "40920"
  },
  {
    "review": "자유는 선천적인 것일까? 학습일까? 그게 진짜 자유일까?",
    "date": "07.08.17",
    "rating": "9",
    "author": "xell****",
    "review_id": "1950104",
    "movie_id": "40920"
  },
  {
    "review": "이보다 오만할수있을까 -미리 도그빌을꼭보길",
    "date": "07.08.16",
    "rating": "9",
    "author": "zkvm****",
    "review_id": "1947983",
    "movie_id": "40920"
  },
  {
    "review": "도그빌보단 못하다. 그러나 good",
    "date": "07.08.15",
    "rating": "9",
    "author": "namt****",
    "review_id": "1940863",
    "movie_id": "40920"
  },
  {
    "review": "전편보다 흥행하지못할듯",
    "date": "07.08.06",
    "rating": "1",
    "author": "lkhs****",
    "review_id": "1888252",
    "movie_id": "40920"
  },
  {
    "review": "아.. 죄송하지만 전 이런 영화는..",
    "date": "07.08.03",
    "rating": "1",
    "author": "golg****",
    "review_id": "1862283",
    "movie_id": "40920"
  },
  {
    "review": "도그빌을 안본 나에겐. 매우 신선.",
    "date": "07.08.01",
    "rating": "8",
    "author": "run8****",
    "review_id": "1834267",
    "movie_id": "40920"
  },
  {
    "review": "비판과 냉소? 혹은 민주주의에 대한 불신과 신분제의 부활염원?",
    "date": "07.08.01",
    "rating": "8",
    "author": "soul****",
    "review_id": "1833694",
    "movie_id": "40920"
  },
  {
    "review": "굳~~",
    "date": "07.07.31",
    "rating": "10",
    "author": "zz49****",
    "review_id": "1832280",
    "movie_id": "40920"
  },
  {
    "review": "역시 라스폰 트리에!",
    "date": "07.07.30",
    "rating": "10",
    "author": "zeed****",
    "review_id": "1829793",
    "movie_id": "40920"
  },
  {
    "review": "이런 영화 계속 만들어 주길...오마이보스같은거 말고.",
    "date": "07.07.30",
    "rating": "10",
    "author": "flas****",
    "review_id": "1829388",
    "movie_id": "40920"
  },
  {
    "review": "화려한휴가 40자말고 40줄로 칭찬해주고 싶었다",
    "date": "07.07.29",
    "rating": "10",
    "author": "minl****",
    "review_id": "1825255",
    "movie_id": "40920"
  },
  {
    "review": "백인과 미국의 오만함을 통렬하게 꼬집었다.",
    "date": "07.07.26",
    "rating": "9",
    "author": "6mek****",
    "review_id": "1813041",
    "movie_id": "40920"
  },
  {
    "review": "특이한 세트, 이야기도 강추",
    "date": "07.07.26",
    "rating": "8",
    "author": "zipe****",
    "review_id": "1811383",
    "movie_id": "40920"
  },
  {
    "review": "오늘 시사회가서 졸여씀 내용 좋은데 z",
    "date": "07.07.23",
    "rating": "8",
    "author": "tgd8****",
    "review_id": "1803456",
    "movie_id": "40920"
  },
  {
    "review": "잘 짜여진 처참한 반전이란 이런 것. 엔딩 크레딧까지 꼼짝않고 생각하게 하는 영화.",
    "date": "07.07.19",
    "rating": "8",
    "author": "bila****",
    "review_id": "1790147",
    "movie_id": "40920"
  }
]