[
  {
    "review": "쩐다.. 역시 우디앨런",
    "date": "15.08.05",
    "rating": "10",
    "author": "hjch****",
    "review_id": "10186302",
    "movie_id": "40932"
  },
  {
    "review": "영상미, 몰입도 좋지만, 메세지는 불만족. 악인도 운만좋으면 잘산다는 해석이 가능.",
    "date": "15.07.31",
    "rating": "5",
    "author": "pang****",
    "review_id": "10167017",
    "movie_id": "40932"
  },
  {
    "review": "남자주인공이 정말 소름끼치게 쓰레기다",
    "date": "15.07.23",
    "rating": "8",
    "author": "cris****",
    "review_id": "10132339",
    "movie_id": "40932"
  },
  {
    "review": "영화 정말 예술입니다.",
    "date": "15.07.21",
    "rating": "10",
    "author": "chor****",
    "review_id": "10125847",
    "movie_id": "40932"
  },
  {
    "review": "우디 앨런의 비극도 스칼렛 요한슨 앞에선 힘을 잃었다.",
    "date": "15.07.20",
    "rating": "7",
    "author": "cont****",
    "review_id": "10124507",
    "movie_id": "40932"
  },
  {
    "review": "마지막에 아!! 하면서 제목한번 기막히다고 생각이 든다. 조나단 리스마이어스의 연기와 스칼렛의 연기는 과연 압도적이며 스토리와 감독의 연출력또한 혀를 두르게한다.처음부터끝까지눈을떼지못하게만드는 감독의  연출력, 마지막의 반전또한. 아.그래서 거장이구나",
    "date": "15.07.19",
    "rating": "9",
    "author": "jsst****",
    "review_id": "10119370",
    "movie_id": "40932"
  },
  {
    "review": "약간 지루하지만 재밌다 왜내가 조마조마한지..",
    "date": "15.07.09",
    "rating": "10",
    "author": "tlsw****",
    "review_id": "10082360",
    "movie_id": "40932"
  },
  {
    "review": "주인공의 딜레마를 관객이 짊어지게 하는 수작, , ,명불허전 우디앨런",
    "date": "15.07.08",
    "rating": "8",
    "author": "fool****",
    "review_id": "10079786",
    "movie_id": "40932"
  },
  {
    "review": "크리스가 나쁜놈인데 걸릴까봐 걱정하는 나를보게됨",
    "date": "15.06.23",
    "rating": "7",
    "author": "namj****",
    "review_id": "10023360",
    "movie_id": "40932"
  },
  {
    "review": "저렇게 까지..섬뜩..나쁜놈하면서도 미안하지만 무사히 넘어가길 바라며 조마조마했다.",
    "date": "15.06.08",
    "rating": "10",
    "author": "1122****",
    "review_id": "9985160",
    "movie_id": "40932"
  },
  {
    "review": "요한슨의 아름다움만으로도!",
    "date": "15.05.28",
    "rating": "10",
    "author": "kt57****",
    "review_id": "9956093",
    "movie_id": "40932"
  },
  {
    "review": "확실한 메세지와 반전과 재미. 탄식을 자아냄.감탄스러운 연출과 스토리",
    "date": "15.05.11",
    "rating": "10",
    "author": "rimm****",
    "review_id": "9910788",
    "movie_id": "40932"
  },
  {
    "review": "우디 알렌 영화는 죄다 쓰레기라 그진 패스하는 편인데..주인공이 마음에 들어 한번 볼려고 생각은 하지만 여전히 쓰레기일것 같아 돈 아깝지 않을까 한다.",
    "date": "15.05.05",
    "rating": "2",
    "author": "tlsg****",
    "review_id": "9895803",
    "movie_id": "40932"
  },
  {
    "review": "이 영화는 최고였다. 만약 크리스 의.입장이었다면 나 역시도 저런 극단적인 선택을했을것이다.",
    "date": "15.04.26",
    "rating": "10",
    "author": "skyt****",
    "review_id": "9870948",
    "movie_id": "40932"
  },
  {
    "review": "긴장도 좋고 연기도 좋은데 좀 길다. ㅜㅜ",
    "date": "15.03.24",
    "rating": "6",
    "author": "sua9****",
    "review_id": "9802995",
    "movie_id": "40932"
  },
  {
    "review": "별 내용은 없지만 스칼렛을 본것만으로도 만족",
    "date": "15.03.14",
    "rating": "8",
    "author": "swee****",
    "review_id": "9780631",
    "movie_id": "40932"
  },
  {
    "review": "권선징악스럽지 않은 영화!!!..",
    "date": "15.02.10",
    "rating": "8",
    "author": "eksl****",
    "review_id": "9683642",
    "movie_id": "40932"
  },
  {
    "review": "경기의 흐름을 결정하는 테니스용어 매치포인트에 딱 맞는 영화. 운의 중요성을 감독이 잘 표현해준 영화. 권선징악에 익숙한 결말을 감독이 재미있게 결말을 맺는군요. 대단..",
    "date": "15.01.03",
    "rating": "9",
    "author": "pmh5****",
    "review_id": "9555531",
    "movie_id": "40932"
  },
  {
    "review": "최고다 남주 여주 좋다 우디앨런의 영국상류층 영화도 괜찮군",
    "date": "14.11.06",
    "rating": "10",
    "author": "jsga****",
    "review_id": "9346368",
    "movie_id": "40932"
  },
  {
    "review": "굿 열자채워야되네요ㅋ",
    "date": "14.10.28",
    "rating": "10",
    "author": "3756****",
    "review_id": "9325517",
    "movie_id": "40932"
  },
  {
    "review": "죄책감과 양심이 있는 크리스에겐 남은 인생이 형벌이다..",
    "date": "14.10.24",
    "rating": "7",
    "author": "twij****",
    "review_id": "9312488",
    "movie_id": "40932"
  },
  {
    "review": "스탕달의 적과 흑이 연상되었다. 다만 크리스는 쥘리엥보다 냉혹하고, 운이 좋았으며 이야기가 전하는 메세지는 판이하였다. 스칼렛 요한슨이 처음 등장하는 장면을 보면, 왜 저렇게까지 탐닉하게 되었는가 납득이 된다. 다만 육욕은 탐욕을 버티지 못했을 뿐.",
    "date": "14.10.17",
    "rating": "9",
    "author": "ggma****",
    "review_id": "9297146",
    "movie_id": "40932"
  },
  {
    "review": "스칼렛 요한슨의 미모는 이대가 절정이었나보다. 너무 아름다워서 나 여잔데도 첫등장때 조나단이랑 같은 표정이었음.  크리스를 관찰하는 듯한 영화의 시선이 관객으로 하여금 긴장을 놓을 수 없게 한다.",
    "date": "14.10.14",
    "rating": "8",
    "author": "cher****",
    "review_id": "9293020",
    "movie_id": "40932"
  },
  {
    "review": "영혼의 구제에 쓰라고 내려준 운을 신분상승에 쓴 현대인. 우디 앨런의 도스토예프스키적 비극 한 편.",
    "date": "14.09.23",
    "rating": "10",
    "author": "yue_****",
    "review_id": "9236729",
    "movie_id": "40932"
  },
  {
    "review": "운이 좋았다고 생각하니? 아직 네 인생은 끝나지 않았어",
    "date": "14.09.12",
    "rating": "7",
    "author": "ange****",
    "review_id": "9208520",
    "movie_id": "40932"
  },
  {
    "review": "그래, 완벽한 인생을 위해서라면 작은 죄책감쯤이야.",
    "date": "14.09.08",
    "rating": "9",
    "author": "rock****",
    "review_id": "9186882",
    "movie_id": "40932"
  },
  {
    "review": "실력은 운을  이길 수 없다~ ㅋㅋ",
    "date": "14.08.20",
    "rating": "9",
    "author": "tn99****",
    "review_id": "9114085",
    "movie_id": "40932"
  },
  {
    "review": "요한슨몸매 쩐당 ㅎㅎ 권선징악은 아니지만 운이 거1나게 좋은놈이라고 생각해야지뭐..",
    "date": "14.08.03",
    "rating": "8",
    "author": "goa1****",
    "review_id": "9020871",
    "movie_id": "40932"
  },
  {
    "review": "초반부에는 몰랐지만 보고난뒤 영화 <리플리>랑 상당히 비슷한 부분이 많았다는 것을 깨달았다. 관객을 배신하지 않는 결말이 마음에 들었다. <리플리>만큼은 아니지만 크리스에게 몰입하게 되었고 또 걸릴까봐 조마조마해지는 나를 발견할 수 있었다.",
    "date": "14.08.01",
    "rating": "10",
    "author": "rode****",
    "review_id": "9003818",
    "movie_id": "40932"
  },
  {
    "review": "부분부분 대신 시야를 넓힌 우디 앨런.",
    "date": "14.07.28",
    "rating": "6",
    "author": "ogr5****",
    "review_id": "8974726",
    "movie_id": "40932"
  },
  {
    "review": "와...반지....테니스...운도 대단하다.",
    "date": "14.07.09",
    "rating": "10",
    "author": "here****",
    "review_id": "8899129",
    "movie_id": "40932"
  },
  {
    "review": "우디앨런의 가치를 보여주는 수작 .Just be the lucky .",
    "date": "14.07.07",
    "rating": "8",
    "author": "sea1****",
    "review_id": "8894507",
    "movie_id": "40932"
  },
  {
    "review": "실리와 욕망을 놓고 저울질하는 추악한 본능",
    "date": "14.06.22",
    "rating": "9",
    "author": "syoc****",
    "review_id": "8848024",
    "movie_id": "40932"
  },
  {
    "review": "재기발랄한 우디 앨런과 치명적 매력의 스칼렛 요한슨 만남..때론 현실은 사랑과 전쟁보다 더 막장스럽기도 하더라..",
    "date": "14.06.14",
    "rating": "8",
    "author": "wjwj****",
    "review_id": "8828297",
    "movie_id": "40932"
  },
  {
    "review": "노라는 매우 매력적인 여자이다. 그러나 그런 여자는 단명한다. 만고불변의 진리인가? 크리스 또한 매력이 넘치는 남성으로 모든 것을 가졌다고 봐도 무방하다. 그러나 그는 운이 좋은 남자인가? 판단은 감독의 장치로 관객의 생각 나름이라 하겠다.",
    "date": "14.06.01",
    "rating": "7",
    "author": "blue****",
    "review_id": "8784082",
    "movie_id": "40932"
  },
  {
    "review": "그토록 좋아하고 임신까지 시킨 여자를 별안간 굳이 죽이는건 어이없었다.",
    "date": "14.05.24",
    "rating": "1",
    "author": "mara****",
    "review_id": "8761721",
    "movie_id": "40932"
  },
  {
    "review": "과연 운이 억세게 좋은 남자였을까 ?",
    "date": "14.05.02",
    "rating": "7",
    "author": "ppan****",
    "review_id": "8693512",
    "movie_id": "40932"
  },
  {
    "review": "긴여운은 아니지만 재밌는 영화!! 반지가 물속에 빠졌다면 어떻게 됐을까나",
    "date": "14.04.16",
    "rating": "8",
    "author": "qnvo****",
    "review_id": "8653841",
    "movie_id": "40932"
  },
  {
    "review": "실소 터지는영화.. 내가 우리 애들한테 하는말이 있기에 1점더줌 운도 실력이다.",
    "date": "14.04.12",
    "rating": "7",
    "author": "akbk****",
    "review_id": "8645670",
    "movie_id": "40932"
  },
  {
    "review": "너무너무 재미있다 ,,,",
    "date": "14.04.06",
    "rating": "10",
    "author": "prin****",
    "review_id": "8631316",
    "movie_id": "40932"
  },
  {
    "review": "이것이현실이로다..",
    "date": "14.03.08",
    "rating": "10",
    "author": "mero****",
    "review_id": "8563870",
    "movie_id": "40932"
  },
  {
    "review": "조나단 연기 대단하다.",
    "date": "14.03.04",
    "rating": "10",
    "author": "ala9****",
    "review_id": "8555006",
    "movie_id": "40932"
  },
  {
    "review": "아~런던가고싶다. 유럽",
    "date": "14.02.15",
    "rating": "9",
    "author": "jins****",
    "review_id": "8509177",
    "movie_id": "40932"
  },
  {
    "review": "하하하 묘하게도 실소가 터져나오는 코미디범죄스릴러랄까 우디앨런의 여느 작품들과는 상당히 분위기가 달랐지만 결국엔 우디앨런... 우와",
    "date": "14.02.07",
    "rating": "7",
    "author": "yols****",
    "review_id": "8482790",
    "movie_id": "40932"
  },
  {
    "review": "엄청 기대하고 봤다가 실망했던 기억",
    "date": "14.01.23",
    "rating": "7",
    "author": "come****",
    "review_id": "8414362",
    "movie_id": "40932"
  },
  {
    "review": "도스토예프스키 죄와벌 현대판버전, 다른결말.. . 자수하지않고 해피앤딩으로끝나는 라스콜리니코프버전.",
    "date": "13.12.31",
    "rating": "8",
    "author": "bsb1****",
    "review_id": "8329889",
    "movie_id": "40932"
  },
  {
    "review": "이 영화는 요부의 연기가 포인트",
    "date": "13.12.17",
    "rating": "8",
    "author": "kos4****",
    "review_id": "8220073",
    "movie_id": "40932"
  },
  {
    "review": "크리스는 과연 마지막까지 진정으로 운이 좋았던 사람일까..? 오히려 그의 운이 그를 더욱 파국으로 몰고가지않을까싶다.",
    "date": "13.11.26",
    "rating": "8",
    "author": "lobr****",
    "review_id": "8170201",
    "movie_id": "40932"
  },
  {
    "review": "뻔한 치정극에 감입된 운명과 우연 사이",
    "date": "13.10.19",
    "rating": "8",
    "author": "kors****",
    "review_id": "8072346",
    "movie_id": "40932"
  },
  {
    "review": "조나단 리스 마이어스 매치포인트",
    "date": "13.10.14",
    "rating": "7",
    "author": "kth3****",
    "review_id": "8060101",
    "movie_id": "40932"
  },
  {
    "review": "별 기대안했는데...와...영화 괜찮다.정말 인생은 운인가?",
    "date": "13.10.03",
    "rating": "10",
    "author": "pisc****",
    "review_id": "8031909",
    "movie_id": "40932"
  },
  {
    "review": "요한슨은 예쁘지만 이딴 영화는 다신 보고싶지 않다.",
    "date": "13.10.03",
    "rating": "1",
    "author": "jord****",
    "review_id": "8030666",
    "movie_id": "40932"
  },
  {
    "review": "치정극의 비극에 걸리고 나자빠진 우디 앨런",
    "date": "13.09.18",
    "rating": "3",
    "author": "lees****",
    "review_id": "7993689",
    "movie_id": "40932"
  },
  {
    "review": "좋았던 기억",
    "date": "13.09.12",
    "rating": "8",
    "author": "eleg****",
    "review_id": "7968038",
    "movie_id": "40932"
  },
  {
    "review": "역시 우디앨런... 인생사 뜻대로 되지 않는다는 우디앨런의 허무함... 요한슨은 정말 매력적입니다.",
    "date": "13.08.24",
    "rating": "10",
    "author": "sopt****",
    "review_id": "7916107",
    "movie_id": "40932"
  },
  {
    "review": "이런 분위기.. 좋다",
    "date": "13.08.22",
    "rating": "9",
    "author": "issu****",
    "review_id": "7910879",
    "movie_id": "40932"
  },
  {
    "review": "일단 배드신이 이따구인거에 대해 실망을 좀 했다..영화 자체는 처음부터 끝까지 긴장의 연속이다.웃긴게 크리스가 쓰레기인게 당연한데 영화를 보는 은연중에 갑자기 크리스가 혹시 걸리지 않을까 노심초사하게 된다는 거다..",
    "date": "13.08.01",
    "rating": "9",
    "author": "hyeo****",
    "review_id": "7811069",
    "movie_id": "40932"
  },
  {
    "review": "영국에서의 작품성 있는 사랑과 전쟁 . 특히나 남녀 관객의 확연한 시각적 차이를 느끼게 할 수 있는 영화다",
    "date": "13.07.31",
    "rating": "8",
    "author": "pkh0****",
    "review_id": "7802176",
    "movie_id": "40932"
  },
  {
    "review": "서양판 막장드라마 보는 기분",
    "date": "13.07.15",
    "rating": "7",
    "author": "skru****",
    "review_id": "7745292",
    "movie_id": "40932"
  },
  {
    "review": "잼나요^^",
    "date": "13.07.12",
    "rating": "8",
    "author": "bri2****",
    "review_id": "7731580",
    "movie_id": "40932"
  },
  {
    "review": "치명적 매력 ~~ 스칼렛 요한슨... 그렇다고 극단적으로 그러면 되나 ㅜㅜ 우리 요한슨 ~~~ 요한슨 ~~~ 꺼이꺼이꺼~~~이 ㅜㅜ  평점은 7점짜리지만 우리 요한슨이 2점 더 올려줌",
    "date": "13.06.28",
    "rating": "9",
    "author": "fore****",
    "review_id": "7685367",
    "movie_id": "40932"
  },
  {
    "review": "스칼렛요한슨 너무 아름답다 ㅊㅊ",
    "date": "13.05.31",
    "rating": "9",
    "author": "2g4e****",
    "review_id": "7565726",
    "movie_id": "40932"
  },
  {
    "review": "휴 뭐라 해야할 지",
    "date": "13.05.26",
    "rating": "8",
    "author": "whyl****",
    "review_id": "7555298",
    "movie_id": "40932"
  },
  {
    "review": "억수로 운 좋은 천하의 OO놈. 요한슨(+1)",
    "date": "13.05.12",
    "rating": "8",
    "author": "expr****",
    "review_id": "7524164",
    "movie_id": "40932"
  },
  {
    "review": "가족전체가 평화롭고 단란하나 오직 크리스만 고뇌속에 인생을 살아간다",
    "date": "13.05.01",
    "rating": "8",
    "author": "hose****",
    "review_id": "7498384",
    "movie_id": "40932"
  },
  {
    "review": "매치포인트!!! 한점을 내어줬어도 크리스에겐 듀스였다. 오페라와 멋들어지게 맞아떨어지는 배우들의 연기력과 우디앨런의 각본, 쩌는 내러티브~~ 내가본 앨런 영화중 갑!! 마지막 시퀀스에 울려퍼지던 오페라 '남 몰래 흘리는 눈물'은 정말 슬프도록 아름답다",
    "date": "13.04.20",
    "rating": "9",
    "author": "susd****",
    "review_id": "7471494",
    "movie_id": "40932"
  },
  {
    "review": "영화가 끝나면 우리에게 도덕적인 교훈을 자동으로 심어주는 영화. 난 아직도 엔딩 크레딧이 올라가는 것을 지켜보며 느꼈던 내겐 너무나 생소한 전율이 잊혀지지 않는다.",
    "date": "13.04.09",
    "rating": "10",
    "author": "maru****",
    "review_id": "7445016",
    "movie_id": "40932"
  },
  {
    "review": "불륜과 살인이라는 미덥지않은 소재를 사용했지만, 우디알렌감독 그가 관객들에게 시사하고자하는 교훈을 알 수 있었고, \"정말 크리스는 억세게 운이 좋은 남자일까?\"라며 우리들에게 생각하게끔하는 마지막 여운도 맘에 들었다.. 배우들의 연기력,비주얼은 보너스",
    "date": "13.03.27",
    "rating": "9",
    "author": "jong****",
    "review_id": "7414156",
    "movie_id": "40932"
  },
  {
    "review": "초반에 크리스가 읽던 '죄와벌'이 영화를 관통하는 키워드였군, 우디알렌식 비틀기는 언제봐도 즐겁다. 적재적소에 흘러나오는 오페라도 역시나 좋았다, 그리고 스칼렛 요한슨의 미모는 눈부셨다,",
    "date": "13.03.23",
    "rating": "8",
    "author": "kjc7****",
    "review_id": "7400503",
    "movie_id": "40932"
  },
  {
    "review": "몰입력 좋았다.  볼만했다. 역시 운이군..",
    "date": "13.03.10",
    "rating": "8",
    "author": "rktn****",
    "review_id": "7337280",
    "movie_id": "40932"
  },
  {
    "review": "마지막 마약범이 크리스가죽인할머니의 결혼반지를 찾은 그 기막힌운까지도 영화에담았다면 더짜릿했을텐데",
    "date": "13.03.08",
    "rating": "8",
    "author": "nayd****",
    "review_id": "7330960",
    "movie_id": "40932"
  },
  {
    "review": "생각보다 평점이 낮네요  만점짜리 영화는 아니지만 7점대 영화는 아니기에 ㅎㅎ",
    "date": "13.03.02",
    "rating": "10",
    "author": "ryo1****",
    "review_id": "7317114",
    "movie_id": "40932"
  },
  {
    "review": "스칼렛 요한슨 존나이쁨",
    "date": "13.02.22",
    "rating": "9",
    "author": "chae****",
    "review_id": "7289577",
    "movie_id": "40932"
  },
  {
    "review": "씁쓸한 운의세계",
    "date": "13.02.11",
    "rating": "8",
    "author": "jjcv****",
    "review_id": "7251578",
    "movie_id": "40932"
  },
  {
    "review": "인과응보를 여지없이 무너뜨리고, 운의 중요함을 보여준 영화",
    "date": "13.02.10",
    "rating": "8",
    "author": "nbin****",
    "review_id": "7246004",
    "movie_id": "40932"
  },
  {
    "review": "스칼렛의 매력이 최고",
    "date": "13.02.01",
    "rating": "8",
    "author": "kdju****",
    "review_id": "7206858",
    "movie_id": "40932"
  },
  {
    "review": "남녀관계를 다룬 주제로는 평점한 소재이나 몰입력이 괜찮았고 갈수록 긴장감이 높아지네요.... 마지막부분에서 절정..  있어보이기도하고",
    "date": "13.02.01",
    "rating": "7",
    "author": "hyun****",
    "review_id": "7206853",
    "movie_id": "40932"
  },
  {
    "review": ".",
    "date": "13.01.31",
    "rating": "8",
    "author": "njel****",
    "review_id": "7205542",
    "movie_id": "40932"
  },
  {
    "review": "보는내내 재밋게 봣다..결말도 사실 참신한 편",
    "date": "13.01.28",
    "rating": "9",
    "author": "egks****",
    "review_id": "7186287",
    "movie_id": "40932"
  },
  {
    "review": "50/50",
    "date": "13.01.27",
    "rating": "8",
    "author": "temp****",
    "review_id": "7183051",
    "movie_id": "40932"
  },
  {
    "review": "경제학 명제. 모든 인간은 이기적이다. 운 그 놈의 운.",
    "date": "13.01.21",
    "rating": "8",
    "author": "fran****",
    "review_id": "7140734",
    "movie_id": "40932"
  },
  {
    "review": "점점 고조되는 긴장감. 그리고 관객을 배신하지 않은 착한 결말",
    "date": "13.01.21",
    "rating": "10",
    "author": "mate****",
    "review_id": "7139321",
    "movie_id": "40932"
  },
  {
    "review": "나도 이렇게 운이 좋았으면",
    "date": "13.01.20",
    "rating": "9",
    "author": "figh****",
    "review_id": "7137271",
    "movie_id": "40932"
  },
  {
    "review": "잼있다.",
    "date": "13.01.19",
    "rating": "10",
    "author": "nike****",
    "review_id": "7133120",
    "movie_id": "40932"
  },
  {
    "review": "생각보다 점수가 낮은데.. 운을 위해 돌진하는 현실세계에 대한 적나라함을 볼수있는 영화",
    "date": "13.01.14",
    "rating": "9",
    "author": "no41****",
    "review_id": "7113820",
    "movie_id": "40932"
  },
  {
    "review": "크 죽인다 ㅋㅋㅋ 명작중 하나다 ㅋ 근데 진짜 스칼렛예쁘다 군침이돌정도로 ㅋ",
    "date": "13.01.13",
    "rating": "10",
    "author": "ksan****",
    "review_id": "7110582",
    "movie_id": "40932"
  },
  {
    "review": "멋진 결말이었다. 아주 스릴있었다. 누가 그를 미워할수 있을까?",
    "date": "13.01.10",
    "rating": "9",
    "author": "belo****",
    "review_id": "7098676",
    "movie_id": "40932"
  },
  {
    "review": "강렬하고 매혹적인 스릴러 한편, 초중반이 너무 예상하기 쉽다는 흠이 있지만. 후반부로 갈수록 우디 알렌의 천재성이 번뜩인다. 스칼렛 요한슨의 미칠듯한 섹시함도 볼거리.",
    "date": "13.01.10",
    "rating": "7",
    "author": "jys4****",
    "review_id": "7097193",
    "movie_id": "40932"
  },
  {
    "review": "야심이 큰 만큼 타락하기도 쉽다.",
    "date": "12.12.25",
    "rating": "9",
    "author": "seac****",
    "review_id": "7045601",
    "movie_id": "40932"
  },
  {
    "review": "불장난을 가장 잘 다루는 감독 우디앨런.",
    "date": "12.12.24",
    "rating": "10",
    "author": "sizi****",
    "review_id": "7039905",
    "movie_id": "40932"
  },
  {
    "review": "착함 보다는 운",
    "date": "12.12.07",
    "rating": "9",
    "author": "audd****",
    "review_id": "6981733",
    "movie_id": "40932"
  },
  {
    "review": "태어나지 않는 것이 더할 나위 없이 좋은 일이지만, 일단 태어났으면 되도록 빨리 왔던 곳으로 가는 것이 그 다음 좋은 일이라오",
    "date": "12.12.05",
    "rating": "9",
    "author": "maya****",
    "review_id": "6974281",
    "movie_id": "40932"
  },
  {
    "review": "스칼렛요한슨의 가장 완벽한 아름다움에 10점 이시절 스칼렛은 후에 전설로 평가되리라",
    "date": "12.12.02",
    "rating": "10",
    "author": "skym****",
    "review_id": "6958674",
    "movie_id": "40932"
  },
  {
    "review": "운에 대한 가장 깊은 냉소",
    "date": "12.11.20",
    "rating": "8",
    "author": "sawo****",
    "review_id": "6909161",
    "movie_id": "40932"
  },
  {
    "review": "통속적인 아침드라라처럼 열뻗치게 만드는 남자주인공 욕하면서 재밌게 봤다. 많은 사람들은 노력보다 운이 중요하다는 사실을 인정하려고 하지 않는다,는 말이 씁쓸하게 와닿는다. 배우들 연기, 이야기, 몰입도 모두 굿! 재밌는 치정극!",
    "date": "12.11.18",
    "rating": "9",
    "author": "suny****",
    "review_id": "6902363",
    "movie_id": "40932"
  },
  {
    "review": "인간의 추악함을 적나라하게 보여준다 참 무섭지만 너무 본능적이다 인간이란",
    "date": "12.11.14",
    "rating": "9",
    "author": "dlgo****",
    "review_id": "6886865",
    "movie_id": "40932"
  },
  {
    "review": "이것봐 그럴것까지는 없었잖아? 공감대 형성이 안되는..., 그러나 스칼렛은 100점!",
    "date": "12.10.21",
    "rating": "6",
    "author": "mole****",
    "review_id": "6819449",
    "movie_id": "40932"
  },
  {
    "review": "기대했던 만큼은 아니였지만 그냥 볼만했음. 나쁜놈인데 후반 부분에 괜히 내가 다 조마조마.. 뭔가 현실적인 내용..",
    "date": "12.10.10",
    "rating": "7",
    "author": "ehwj****",
    "review_id": "6780318",
    "movie_id": "40932"
  },
  {
    "review": "ㅋㅋㅋ허무한 영화",
    "date": "12.10.09",
    "rating": "9",
    "author": "qkrg****",
    "review_id": "6775213",
    "movie_id": "40932"
  },
  {
    "review": "재미있게 봤는데 , 반전도 신선하고 .. 결말이 인정하고 싶지 않을 만큼 현실적이라서 그런지 왜 이렇게 평점이낮지? 수작이다",
    "date": "12.10.02",
    "rating": "10",
    "author": "haha****",
    "review_id": "6754477",
    "movie_id": "40932"
  }
]