[
  {
    "review": "이미지와 메시지의 배려 없는 배설.",
    "date": "15.06.12",
    "rating": "5",
    "author": "tear****",
    "review_id": "9994123",
    "movie_id": "40964"
  },
  {
    "review": "세상은 괴상한 연극이어라",
    "date": "14.05.06",
    "rating": "8",
    "author": "lmso****",
    "review_id": "8711098",
    "movie_id": "40964"
  },
  {
    "review": "일상속에 일어나는 현재형 이야기..그렇게 삶은 흘러가고 있다..",
    "date": "13.12.28",
    "rating": "8",
    "author": "irul****",
    "review_id": "8317415",
    "movie_id": "40964"
  },
  {
    "review": "스틸라이프 본다음 보니까 별루다",
    "date": "13.12.26",
    "rating": "6",
    "author": "jiew****",
    "review_id": "8307970",
    "movie_id": "40964"
  },
  {
    "review": "다큐와 극영화의 오묘한 경계에 서 있는 지아장커",
    "date": "13.08.11",
    "rating": "7",
    "author": "lees****",
    "review_id": "7869662",
    "movie_id": "40964"
  },
  {
    "review": "중국에 다녀온것 같은 느낌..묘사 하나 하나에 감탄, 또 감탄.",
    "date": "13.04.10",
    "rating": "9",
    "author": "film****",
    "review_id": "7448233",
    "movie_id": "40964"
  },
  {
    "review": "이토록 아름답게 표현된 모순되는 장면들.",
    "date": "13.01.31",
    "rating": "10",
    "author": "dlwo****",
    "review_id": "7200438",
    "movie_id": "40964"
  },
  {
    "review": "거대하고 화려한 허세 뒤의 이면. 믿을건 자기 자신뿐... 소박한 꿈을 향해 날아가고 싶다.",
    "date": "13.01.04",
    "rating": "5",
    "author": "bbq2****",
    "review_id": "7082246",
    "movie_id": "40964"
  },
  {
    "review": "지아장커는 이제 중국의 현실을 뛰어 넘어서 세계의 이면을 보여준다.",
    "date": "11.11.23",
    "rating": "9",
    "author": "sdu3****",
    "review_id": "5867389",
    "movie_id": "40964"
  },
  {
    "review": "여기로 오면 모든게 더 나아질줄 알았는데.",
    "date": "10.11.25",
    "rating": "7",
    "author": "kkot****",
    "review_id": "4990845",
    "movie_id": "40964"
  },
  {
    "review": "쓸쓸한 일상에서 풍겨나오는 진한 페이소스! 내 가슴을 저미는구나ㅜㅜ",
    "date": "10.06.20",
    "rating": "9",
    "author": "iky9****",
    "review_id": "4578188",
    "movie_id": "40964"
  },
  {
    "review": "지아 장커의 날카로운 안목 속에 펼쳐지는 섬세한 명화 한편.",
    "date": "09.02.17",
    "rating": "10",
    "author": "sain****",
    "review_id": "3310407",
    "movie_id": "40964"
  },
  {
    "review": "귀를 압도하던 퍼레이드의 음악. 여주인공의 눈빛.",
    "date": "08.04.28",
    "rating": "10",
    "author": "howl****",
    "review_id": "2603243",
    "movie_id": "40964"
  },
  {
    "review": "세계, 중요한 주제이지만 중국이라면 더욱 더...",
    "date": "07.01.13",
    "rating": "8",
    "author": "qweb****",
    "review_id": "1381261",
    "movie_id": "40964"
  },
  {
    "review": "가짜..떠남과 남음의 이중성.존재하지않을수도있는것의추구.",
    "date": "06.12.23",
    "rating": "8",
    "author": "dela****",
    "review_id": "1317398",
    "movie_id": "40964"
  },
  {
    "review": "를 보며... 내 안의 가 움직였다.",
    "date": "06.12.22",
    "rating": "10",
    "author": "isad****",
    "review_id": "1312756",
    "movie_id": "40964"
  },
  {
    "review": "풍요의 화려한 세계를 떠돌지만 절망과 체념속에 머무는 그들.",
    "date": "06.11.05",
    "rating": "8",
    "author": "hadl****",
    "review_id": "1217262",
    "movie_id": "40964"
  },
  {
    "review": "아무리 높은 주제의식 이라도 너무 지루한건 견딜수 없다",
    "date": "06.11.05",
    "rating": "3",
    "author": "okjo****",
    "review_id": "1217205",
    "movie_id": "40964"
  },
  {
    "review": "자유로운그들은 갇혀있었다.그 답답함속에 나는우주를꿈꾼다.",
    "date": "06.11.01",
    "rating": "9",
    "author": "stel****",
    "review_id": "1209660",
    "movie_id": "40964"
  },
  {
    "review": "1시간 짜리 다큐멘터리",
    "date": "06.10.31",
    "rating": "3",
    "author": "gmt2****",
    "review_id": "1208487",
    "movie_id": "40964"
  },
  {
    "review": "가짜로 통해 본 중국의 현실.",
    "date": "06.10.30",
    "rating": "9",
    "author": "gian****",
    "review_id": "1207471",
    "movie_id": "40964"
  },
  {
    "review": "알수없는이야기. 구조의 미흡함. 아직 모르겠다.",
    "date": "06.10.28",
    "rating": "7",
    "author": "warb****",
    "review_id": "1204358",
    "movie_id": "40964"
  },
  {
    "review": "가짜 세계에서 진짜 꿈과 사랑을 위한 젊음들은 진짜일까?",
    "date": "06.10.28",
    "rating": "9",
    "author": "juck****",
    "review_id": "1202549",
    "movie_id": "40964"
  },
  {
    "review": "완벽한 아이러니",
    "date": "06.10.25",
    "rating": "8",
    "author": "bong****",
    "review_id": "1198201",
    "movie_id": "40964"
  }
]