[
  {
    "review": "보는시간이 아까웠다  인생 최악의 영화",
    "date": "13.10.10",
    "rating": "1",
    "author": "dark****",
    "review_id": "8051045",
    "movie_id": "40968"
  },
  {
    "review": "그저, 좋다고 말할 수 밖에 없는 영화",
    "date": "09.04.02",
    "rating": "8",
    "author": "kmk0****",
    "review_id": "3400611",
    "movie_id": "40968"
  },
  {
    "review": "보편적으로 이해하기 힘든 기준.. 매니아틱한 이야기를 말하는 방법의 오류",
    "date": "08.08.21",
    "rating": "3",
    "author": "mora****",
    "review_id": "2891020",
    "movie_id": "40968"
  },
  {
    "review": "핑크 영화 두편을 보는게 훨씬 훌륭한 선택 이었다는걸 느끼게 될것이다.",
    "date": "08.08.05",
    "rating": "3",
    "author": "evil****",
    "review_id": "2836240",
    "movie_id": "40968"
  },
  {
    "review": "이런 영화 만들지 마라",
    "date": "08.04.11",
    "rating": "4",
    "author": "darq****",
    "review_id": "2574349",
    "movie_id": "40968"
  },
  {
    "review": "볼만한 영화^^",
    "date": "08.03.30",
    "rating": "10",
    "author": "ekfe****",
    "review_id": "2550272",
    "movie_id": "40968"
  },
  {
    "review": "볼만은 하지만 약간은 지루하다.",
    "date": "08.02.17",
    "rating": "6",
    "author": "byun****",
    "review_id": "2454008",
    "movie_id": "40968"
  },
  {
    "review": "영화는 참 재밌게 보앗어욤..",
    "date": "08.01.19",
    "rating": "10",
    "author": "rain****",
    "review_id": "2346374",
    "movie_id": "40968"
  },
  {
    "review": "난해하다. 유다가 여자인지 남자인지 또 다른 무엇인지부터 벌써 난해하다...",
    "date": "08.01.13",
    "rating": "4",
    "author": "okyk****",
    "review_id": "2326080",
    "movie_id": "40968"
  },
  {
    "review": "말이필요없다 보고 말해라!!!!!!!!!!",
    "date": "08.01.05",
    "rating": "10",
    "author": "sung****",
    "review_id": "2299889",
    "movie_id": "40968"
  },
  {
    "review": "재미있게 봤습니다 ^^ 그를찾는 여행 ^^",
    "date": "07.07.26",
    "rating": "8",
    "author": "evil****",
    "review_id": "1810236",
    "movie_id": "40968"
  }
]