[
  {
    "review": "미친 소재를 이렇게 평범하게 다루다니.",
    "date": "14.03.02",
    "rating": "3",
    "author": "tear****",
    "review_id": "8552633",
    "movie_id": "41100"
  },
  {
    "review": "황당한 소재에 정직한 스토리라 어이가 없다.",
    "date": "13.10.28",
    "rating": "5",
    "author": "pree****",
    "review_id": "8098194",
    "movie_id": "41100"
  },
  {
    "review": "싼티와 발연기의 폭풍",
    "date": "09.12.24",
    "rating": "2",
    "author": "ion0****",
    "review_id": "4077247",
    "movie_id": "41100"
  },
  {
    "review": "장난함?? 완전 쓰레기 3류 영환데, 내가 애냐 이런거 보게-_- 초등학생도재미없겠다",
    "date": "09.10.06",
    "rating": "1",
    "author": "ksj3****",
    "review_id": "3877675",
    "movie_id": "41100"
  },
  {
    "review": "괜찮은거 같다 ~",
    "date": "09.08.18",
    "rating": "10",
    "author": "fghd****",
    "review_id": "3762200",
    "movie_id": "41100"
  },
  {
    "review": "흥행위주 고가예산의 영화도재밌지만 이런 훌륭한 저예산영화를 많이 접했으면 좋겠다",
    "date": "09.08.15",
    "rating": "9",
    "author": "dlww****",
    "review_id": "3750752",
    "movie_id": "41100"
  },
  {
    "review": "유명배우 출연료도안되는 저예산 영화! 백억 쏟아부은 영화보다 재미있게 봤습니다.",
    "date": "09.08.13",
    "rating": "10",
    "author": "mini****",
    "review_id": "3744437",
    "movie_id": "41100"
  },
  {
    "review": "우리나라에도 이런게있었네요.... 영화관에서 봤으면 더 좋았을껄... 대박영화!!",
    "date": "09.06.17",
    "rating": "10",
    "author": "xell****",
    "review_id": "3571437",
    "movie_id": "41100"
  },
  {
    "review": "그냥 푸시로 만족하자~ 제2의 용가린 안된다 ㅋㅋ",
    "date": "09.06.08",
    "rating": "1",
    "author": "choj****",
    "review_id": "3553823",
    "movie_id": "41100"
  },
  {
    "review": "소재가 좀 구식이긴 해도 다른 부분은 갖출 건 다 갖추었다.",
    "date": "09.06.08",
    "rating": "8",
    "author": "nano****",
    "review_id": "3553736",
    "movie_id": "41100"
  },
  {
    "review": "저 예산이라 더 슬픈.. 조금만 신경 썼다면...",
    "date": "08.03.05",
    "rating": "6",
    "author": "poke****",
    "review_id": "2504223",
    "movie_id": "41100"
  },
  {
    "review": "기술에 대한 실험성과 노력은 굿. 하지만 내러티브는...;",
    "date": "08.01.04",
    "rating": "5",
    "author": "blue****",
    "review_id": "2295532",
    "movie_id": "41100"
  },
  {
    "review": "상암cgv서 티셔츠 받았던 영화-_-;; 재미없지만 약간특이점",
    "date": "06.12.10",
    "rating": "5",
    "author": "makj****",
    "review_id": "1282051",
    "movie_id": "41100"
  },
  {
    "review": "기발합니다. 정말 재미있게 보았습니다.",
    "date": "06.09.06",
    "rating": "10",
    "author": "keun****",
    "review_id": "1107847",
    "movie_id": "41100"
  },
  {
    "review": "만화액션을 사람이?^^ 생각은 좋았으나.. 역시.. 돈이문제인듯..",
    "date": "06.09.06",
    "rating": "7",
    "author": "park****",
    "review_id": "1107101",
    "movie_id": "41100"
  },
  {
    "review": "좋은 영화지만, 미숙한 점은 많이 보였어요",
    "date": "06.09.03",
    "rating": "7",
    "author": "ima7****",
    "review_id": "1101043",
    "movie_id": "41100"
  },
  {
    "review": "한국에서.저예산으로 이런영화를 만들다니!!정말대단!!!",
    "date": "06.09.02",
    "rating": "10",
    "author": "love****",
    "review_id": "1095456",
    "movie_id": "41100"
  },
  {
    "review": "이 영화 죽이네~~! 강추합니다. ^-^*",
    "date": "06.08.31",
    "rating": "10",
    "author": "haru****",
    "review_id": "1091737",
    "movie_id": "41100"
  },
  {
    "review": "뭐 이렇게 점수가 높아? ㅅㅂ내가 깎는다!",
    "date": "06.08.30",
    "rating": "1",
    "author": "blue****",
    "review_id": "1090540",
    "movie_id": "41100"
  },
  {
    "review": "한국에도 로드리게스같은 감독이 있다는 것에 한표를!",
    "date": "06.08.28",
    "rating": "10",
    "author": "suna****",
    "review_id": "1087025",
    "movie_id": "41100"
  },
  {
    "review": "형사역을 맡은 배우의 다른영화가 기대된다!",
    "date": "06.08.19",
    "rating": "10",
    "author": "scmj****",
    "review_id": "1058530",
    "movie_id": "41100"
  },
  {
    "review": "기대 이상의 대작!!!!ㅎㅎㅎ",
    "date": "06.08.18",
    "rating": "10",
    "author": "tjqh****",
    "review_id": "1049488",
    "movie_id": "41100"
  },
  {
    "review": "저예산이지만 완성도있고 훌륭한배우가있는 영화!!!",
    "date": "06.08.17",
    "rating": "10",
    "author": "sbmj****",
    "review_id": "1047816",
    "movie_id": "41100"
  },
  {
    "review": "확실하구 멋진 영화 특히 주인공 도현 연기 굿~~",
    "date": "06.06.09",
    "rating": "10",
    "author": "jjam****",
    "review_id": "837803",
    "movie_id": "41100"
  },
  {
    "review": "신선치않은전개,패러디의과다.기대치이하의영화",
    "date": "05.07.18",
    "rating": "4",
    "author": "bamb****",
    "review_id": "325678",
    "movie_id": "41100"
  },
  {
    "review": "새로운비쥬얼과 이야기! 멋진 배우들! 감독님차기작 기대합니다.",
    "date": "05.07.14",
    "rating": "10",
    "author": "thsg****",
    "review_id": "321761",
    "movie_id": "41100"
  },
  {
    "review": "한국에도 이제 SF의 시대가 온다!",
    "date": "05.06.24",
    "rating": "10",
    "author": "kian****",
    "review_id": "305205",
    "movie_id": "41100"
  }
]