[
  {
    "review": "유년시절 꿈과 희망을 심어준 만화",
    "date": "15.05.09",
    "rating": "8",
    "author": "adiv****",
    "review_id": "9905903",
    "movie_id": "41157"
  },
  {
    "review": "옛날에 정말 즐겨봤는데~ 바람돌이 진짜 추억돋네요!!!",
    "date": "14.05.04",
    "rating": "10",
    "author": "joe0****",
    "review_id": "8701883",
    "movie_id": "41157"
  },
  {
    "review": "카피카피 룸룸 카피카피 룸룸 이루어져라",
    "date": "12.10.25",
    "rating": "8",
    "author": "hana****",
    "review_id": "6824906",
    "movie_id": "41157"
  },
  {
    "review": "미야자키 하야오의@미래소년코난@과 함께 정말 믿어지지 않는 완성도...감독의 최근작은 무려,천원돌파 그렌라간...극장판은 연출한적 없어도 은근쩌는 연출력...세일러문 씨리즈가 나오기전까지.이토록 빠져든 애니는 다시 또 없었다.영원한 추억의 마스터피스다",
    "date": "12.07.19",
    "rating": "10",
    "author": "baks****",
    "review_id": "6493481",
    "movie_id": "41157"
  },
  {
    "review": "재미잇음~!",
    "date": "11.09.21",
    "rating": "10",
    "author": "suhy****",
    "review_id": "5744559",
    "movie_id": "41157"
  },
  {
    "review": "한마디로 재밌다",
    "date": "11.08.17",
    "rating": "10",
    "author": "jimi****",
    "review_id": "5661724",
    "movie_id": "41157"
  },
  {
    "review": "즐겨는봤지만 당시 애니중 크게 애착은 가지않아던 기억이 ~~~~~~~",
    "date": "10.12.20",
    "rating": "5",
    "author": "fnsk****",
    "review_id": "5069271",
    "movie_id": "41157"
  },
  {
    "review": "오리지널 일본 캐릭터인 줄 알았는데, 원작이 영국동화였구나~",
    "date": "10.04.01",
    "rating": "7",
    "author": "mygr****",
    "review_id": "4400800",
    "movie_id": "41157"
  },
  {
    "review": "카피카피 룸룸 카피카피 룸룸 이루어져라~",
    "date": "08.10.14",
    "rating": "8",
    "author": "seun****",
    "review_id": "2998901",
    "movie_id": "41157"
  },
  {
    "review": "추억이 아롱아롱 새겨지는 직픔으로 캐릭터의 귀여움과 주문 방식 기억에 남는다",
    "date": "08.10.12",
    "rating": "9",
    "author": "deff****",
    "review_id": "2995513",
    "movie_id": "41157"
  },
  {
    "review": "내 추억의 방 한 구석에 돋자리 깔고 누워있는 만화",
    "date": "07.11.06",
    "rating": "9",
    "author": "stra****",
    "review_id": "2137068",
    "movie_id": "41157"
  },
  {
    "review": "초딩때 진짜 재밌게 봤는데..",
    "date": "07.06.19",
    "rating": "10",
    "author": "ukhk****",
    "review_id": "1709081",
    "movie_id": "41157"
  },
  {
    "review": "20점이라도 아깝지 않은 작품이다",
    "date": "07.04.09",
    "rating": "10",
    "author": "nala****",
    "review_id": "1579526",
    "movie_id": "41157"
  },
  {
    "review": "하루에 한가지 바람돌이 선물~",
    "date": "07.03.01",
    "rating": "8",
    "author": "ppp0****",
    "review_id": "1510755",
    "movie_id": "41157"
  },
  {
    "review": "그런대로 귀여운 만화",
    "date": "06.11.01",
    "rating": "8",
    "author": "luvs****",
    "review_id": "1209840",
    "movie_id": "41157"
  },
  {
    "review": "어렸을때 진짜 재미있게 본 작품",
    "date": "06.09.18",
    "rating": "6",
    "author": "okjo****",
    "review_id": "1131432",
    "movie_id": "41157"
  },
  {
    "review": "아~ 참으로 아련한 까삐까삐 룸룸",
    "date": "06.02.01",
    "rating": "8",
    "author": "poli****",
    "review_id": "639622",
    "movie_id": "41157"
  },
  {
    "review": "주문외우는 노랫가사말이; 인상적",
    "date": "05.12.26",
    "rating": "7",
    "author": "kws7****",
    "review_id": "530216",
    "movie_id": "41157"
  },
  {
    "review": "유년시절의 애뜻함과 추억이 가득 담긴 아름다운 애니메이션 !",
    "date": "05.09.14",
    "rating": "8",
    "author": "ffgh****",
    "review_id": "405598",
    "movie_id": "41157"
  }
]