[
  {
    "review": "아이와 함께 가벼이 즐길수있는 시간이었습니당~^^",
    "date": "15.02.14",
    "rating": "9",
    "author": "pooh****",
    "review_id": "9695549",
    "movie_id": "41155"
  },
  {
    "review": "애들이랑~~~보기에는^^무난하네요~",
    "date": "14.10.25",
    "rating": "10",
    "author": "mant****",
    "review_id": "9315283",
    "movie_id": "41155"
  },
  {
    "review": "대박 재미있다 매일매일 보고싶다",
    "date": "14.08.04",
    "rating": "10",
    "author": "rowo****",
    "review_id": "9026454",
    "movie_id": "41155"
  },
  {
    "review": "아이들이 무척 재밌어하네요",
    "date": "14.05.11",
    "rating": "8",
    "author": "any2****",
    "review_id": "8722604",
    "movie_id": "41155"
  },
  {
    "review": "5살이하 아이들한테 좋을 듯 싶습니다.",
    "date": "14.04.19",
    "rating": "5",
    "author": "toto****",
    "review_id": "8660017",
    "movie_id": "41155"
  },
  {
    "review": "생각보다 내용이 극적이에요 아이들 보기에 재미있어요",
    "date": "14.04.08",
    "rating": "8",
    "author": "pigt****",
    "review_id": "8635987",
    "movie_id": "41155"
  },
  {
    "review": "돌고도는 회전목마 아아아 으아아",
    "date": "14.03.19",
    "rating": "9",
    "author": "mete****",
    "review_id": "8587581",
    "movie_id": "41155"
  },
  {
    "review": "재미별루에요.애기들도 재미없어하네요",
    "date": "14.03.16",
    "rating": "3",
    "author": "enno****",
    "review_id": "8580723",
    "movie_id": "41155"
  },
  {
    "review": "진심 돈아깝 동생이 졸라서 보러왔는데 개노잼 보다가 잤음;; 그돈으로 차라리 피시방을갈걸;; 끝나고 동생 존나패줬음 이름도 두갈이여가지고 이 제갈아",
    "date": "14.03.14",
    "rating": "1",
    "author": "dltl****",
    "review_id": "8575562",
    "movie_id": "41155"
  },
  {
    "review": "진심 돈아깝다  알바들로 돈모으는거 부끄럽지도 않음??우리 애들 네명데리고 갔는데 다 겨울왕국볼껄 후회했음;;",
    "date": "14.03.14",
    "rating": "1",
    "author": "wkdt****",
    "review_id": "8575547",
    "movie_id": "41155"
  },
  {
    "review": "두돌 아이와  함께 봤는데 너무 재미있게 봤네요 ^^푸욱 빠져서 봤어요!! 동물들의  특징도 잘  묘사 되었고 아이가 집중하면서  보더라구요~",
    "date": "14.03.14",
    "rating": "9",
    "author": "ysk8****",
    "review_id": "8574083",
    "movie_id": "41155"
  },
  {
    "review": "두돌아기와 재미있께 봤어요..ㅋ 귀여운 두두의 모습이 생각나네요~~근데왜 악당과 착한 마법사는 스프링일까요..정말 계속 생각하면서 봤어요.. 튕기는 모습 최고!",
    "date": "14.03.11",
    "rating": "8",
    "author": "4lan****",
    "review_id": "8569025",
    "movie_id": "41155"
  },
  {
    "review": "이안 맥켈런의 제브디나, 젖소역의 우피 골드버그가 너무 돋보이는 영화!",
    "date": "14.03.10",
    "rating": "10",
    "author": "hamv****",
    "review_id": "8567382",
    "movie_id": "41155"
  },
  {
    "review": "조카랑 보고왔어요 아이들이 조아할만한 소재랑 내용이라서 즐겁게 보았네요 : )",
    "date": "14.03.10",
    "rating": "10",
    "author": "a_ba****",
    "review_id": "8567381",
    "movie_id": "41155"
  },
  {
    "review": "재미있게봤습니다. 아이들이랑 다같이가서 집중해서 보고나왔네요.",
    "date": "14.03.10",
    "rating": "10",
    "author": "hams****",
    "review_id": "8567377",
    "movie_id": "41155"
  },
  {
    "review": "성우진이 굉장히 빵빵하네요",
    "date": "14.03.10",
    "rating": "10",
    "author": "hama****",
    "review_id": "8567374",
    "movie_id": "41155"
  },
  {
    "review": "봄날에 아이들과 극장 나들이하기 딱 좋은 영화. 어른들도 마냥 잠이 들기엔 재미난 영화.",
    "date": "14.03.10",
    "rating": "10",
    "author": "eun1****",
    "review_id": "8567372",
    "movie_id": "41155"
  },
  {
    "review": "흥미가 진진하네요...유럽 애니 처음 봤는데 오 앞으로도 기대 됩니다 !",
    "date": "14.03.10",
    "rating": "10",
    "author": "cheo****",
    "review_id": "8567365",
    "movie_id": "41155"
  },
  {
    "review": "조카와 함께봤어요^^전 겨울왕국도 안볼정도로 애니메이션은 관심이없었는데 이거정말 재미있네요 강추!",
    "date": "14.03.10",
    "rating": "10",
    "author": "hyon****",
    "review_id": "8567364",
    "movie_id": "41155"
  },
  {
    "review": "재미있게봐서 평점남기고 가요 아이들이 좋아하니까 저도 좋더라구요 추천합니다",
    "date": "14.03.10",
    "rating": "10",
    "author": "whit****",
    "review_id": "8567359",
    "movie_id": "41155"
  },
  {
    "review": "두갈 짱짱 귀여움ㅎㅎㅎ 알고보니 로비 윌리암스가 더빙한거더군요 ㅎㅎ 목소리 굿!!",
    "date": "14.03.10",
    "rating": "10",
    "author": "jblo****",
    "review_id": "8567357",
    "movie_id": "41155"
  },
  {
    "review": "캐릭터가 굉장히 독특하고 내용도 신선하네요 :)",
    "date": "14.03.10",
    "rating": "10",
    "author": "dbsw****",
    "review_id": "8567354",
    "movie_id": "41155"
  },
  {
    "review": "강아지가 너무 귀여워요ㅠㅠ 애들 정서에도 좋을 듯..ㅎㅎ",
    "date": "14.03.10",
    "rating": "10",
    "author": "sckh****",
    "review_id": "8567353",
    "movie_id": "41155"
  },
  {
    "review": "안봤지만 재미있을 것 같다.",
    "date": "14.03.10",
    "rating": "10",
    "author": "divi****",
    "review_id": "8567352",
    "movie_id": "41155"
  },
  {
    "review": "회전목마가 짱이에요.겨울왕국 참 재미있게 봤는데올해는 벌써 재밌는 애니 2개를 보았네요. ㅎㅎㅎ",
    "date": "14.03.10",
    "rating": "10",
    "author": "wdvh****",
    "review_id": "8567350",
    "movie_id": "41155"
  },
  {
    "review": "아이들 데려갔다가 저도 신나게 보고왔네요캐릭터들 딱 귀엽고 아주 좋아요. 아이들이 보면 정말 좋아하고 딱이에요아이 있는집은 꼭한번 볼만한영화인것 같아요",
    "date": "14.03.10",
    "rating": "10",
    "author": "dayo****",
    "review_id": "8567347",
    "movie_id": "41155"
  },
  {
    "review": "재미있게봤어요~~!! 두갈 정말 귀엽다는^^",
    "date": "14.03.10",
    "rating": "10",
    "author": "minw****",
    "review_id": "8567342",
    "movie_id": "41155"
  },
  {
    "review": "조카들 데리고 다녀왔는데 정말 좋아해요. 만화볼나이 조금 지난것 같아서 긴장하면서 봤는데 아이들은 물론 저도 굉장히 재미있게 보고 왔습니다.추천해요 요즘 애니메이션들 다 재미있네요",
    "date": "14.03.10",
    "rating": "10",
    "author": "stic****",
    "review_id": "8567339",
    "movie_id": "41155"
  },
  {
    "review": "아이들도 아주 좋아하더라구요.  부모인 저도 너무 재미있게 봤구요~ 강력추천합니다.^^",
    "date": "14.03.10",
    "rating": "10",
    "author": "wcle****",
    "review_id": "8567337",
    "movie_id": "41155"
  },
  {
    "review": "겨울왕국도 그렇고 두갈도 그렇고 애니메이션에대한 제 생각을 많이 바꿔주었어요. 재미도 있고 감동도 있고 !!! 좋아요! :D",
    "date": "14.03.10",
    "rating": "10",
    "author": "jihy****",
    "review_id": "8567320",
    "movie_id": "41155"
  },
  {
    "review": "아이들이 졸라서 기대 안하고 보러 갔는데 저는 좋았어요. 어른들도 많이 집중하시더라구요. 캐릭터도 제가 좋아하는 스타일이었고, 특히 아이들이 많이 좋아하더라구요 . 추천해요 저는",
    "date": "14.03.10",
    "rating": "9",
    "author": "qpzm****",
    "review_id": "8567294",
    "movie_id": "41155"
  },
  {
    "review": "주말에 아이들과 함께 보러갔는데 겨울왕국 못지않게 좋아하더라구요. 아이들덕분에 요즘 재미있는 애니메이션 많이 봐서 어린시절로 돌아간것 같아요. 재미있습니다!",
    "date": "14.03.10",
    "rating": "9",
    "author": "love****",
    "review_id": "8567290",
    "movie_id": "41155"
  },
  {
    "review": "캐릭터는 안나오나요? 울아가가 넘 좋아해서리,,ㅋㅋㅋ",
    "date": "14.03.09",
    "rating": "7",
    "author": "goto****",
    "review_id": "8565507",
    "movie_id": "41155"
  },
  {
    "review": "재미있게 보고 왔어요 토끼가 좋아답니다",
    "date": "14.03.09",
    "rating": "9",
    "author": "sk20****",
    "review_id": "8565188",
    "movie_id": "41155"
  },
  {
    "review": "이거 이 영화 알바들땜에 평점이 무지하게 높네요 이런식으로 사람모으는거 안부끄럽나요?",
    "date": "14.03.09",
    "rating": "1",
    "author": "kjse****",
    "review_id": "8564792",
    "movie_id": "41155"
  },
  {
    "review": "초등생보기에는좀유치하고유아가보기에적당한영화인거같아요",
    "date": "14.03.08",
    "rating": "5",
    "author": "rosa****",
    "review_id": "8563003",
    "movie_id": "41155"
  },
  {
    "review": "평점보고 따라 갔다가 망함. 돈 아까워서 아들 딸래미들 몰래 속으로 울었음.ㅠㅠ",
    "date": "14.03.08",
    "rating": "5",
    "author": "haeb****",
    "review_id": "8562961",
    "movie_id": "41155"
  },
  {
    "review": "5살아이도 재미있게 보더군요^^",
    "date": "14.03.08",
    "rating": "9",
    "author": "jhj0****",
    "review_id": "8562767",
    "movie_id": "41155"
  },
  {
    "review": "깔깔깔~~ 넘 잼나용~~~",
    "date": "14.03.07",
    "rating": "10",
    "author": "kore****",
    "review_id": "8561235",
    "movie_id": "41155"
  },
  {
    "review": "ㅋㅋㅋ짱기여워ㅋㅋㅋ 두갈 데려다 키우고싶었음ㅋㅋㅋㅋ",
    "date": "14.03.07",
    "rating": "10",
    "author": "eunb****",
    "review_id": "8561041",
    "movie_id": "41155"
  },
  {
    "review": "ㅎㅎ 재밋어요 두갈 넘 귀엽 ㅋ 애들도 재밋다구 꺄르르- ㅋ",
    "date": "14.03.07",
    "rating": "10",
    "author": "cij5****",
    "review_id": "8560978",
    "movie_id": "41155"
  },
  {
    "review": "조카들 데리고  갔었는데 눈을  떼지 못하네욤! 완전추천*_*",
    "date": "14.03.07",
    "rating": "10",
    "author": "jeon****",
    "review_id": "8560744",
    "movie_id": "41155"
  },
  {
    "review": "동생이랑 보러 갔는데 ㅋㅋㅋ저도 너무 재밌게 봤어요 ㅋㅋ두갈 정말 귀여움 ㅠㅠ",
    "date": "14.03.07",
    "rating": "10",
    "author": "bhj0****",
    "review_id": "8560740",
    "movie_id": "41155"
  },
  {
    "review": "캐릭터 떄문인지  아이는 무척 조아하네요..",
    "date": "14.03.07",
    "rating": "9",
    "author": "yjer****",
    "review_id": "8560715",
    "movie_id": "41155"
  },
  {
    "review": "캐릭터, 음악, 스토리...제대로 갖춰진 종합선물세트...누리세요",
    "date": "14.03.07",
    "rating": "9",
    "author": "ybea****",
    "review_id": "8560703",
    "movie_id": "41155"
  },
  {
    "review": "저희 아이가 4살인데 무슨 내용이지도 모르고 보지만 재밌다고 엄청 좋아하네요..",
    "date": "14.03.07",
    "rating": "10",
    "author": "star****",
    "review_id": "8560697",
    "movie_id": "41155"
  },
  {
    "review": "꼬맹이 때문에 보게 아무생각없이 보았슴다..헌데 잼나더라구요... 볼만한 애니메이션 인듯합니다..",
    "date": "14.03.07",
    "rating": "9",
    "author": "dori****",
    "review_id": "8560689",
    "movie_id": "41155"
  },
  {
    "review": "조카들과 재밌게 보고 왔어요 캐릭터도 나름 귀엽고..",
    "date": "14.03.07",
    "rating": "10",
    "author": "hell****",
    "review_id": "8560504",
    "movie_id": "41155"
  },
  {
    "review": "우리애 넘 좋아하네여.. 정말 웃다가 무섭다고 안기다가 .. 케릭터가  귀엽고  친구를 구하기위한 모험 이야기!! 어른들도 볼만해요..",
    "date": "14.03.07",
    "rating": "9",
    "author": "whit****",
    "review_id": "8560097",
    "movie_id": "41155"
  },
  {
    "review": "영상이 너무 이쁘네요~",
    "date": "14.03.06",
    "rating": "9",
    "author": "ksj2****",
    "review_id": "8559274",
    "movie_id": "41155"
  },
  {
    "review": "오랫만에 가족 모두가 즐길수 있는 영화가 나온것 같아요~ 영화 끝나고 나서 딸아이가 멍머 기여워요 하네요 두갈 대박날것 같아요^^",
    "date": "14.03.06",
    "rating": "10",
    "author": "euns****",
    "review_id": "8559040",
    "movie_id": "41155"
  },
  {
    "review": "두갈 정말 귀여워요~!! 계속 웃음 짓게 만드는 애니메이션이에요~어른, 아이 모두 재밌게 볼 수 있는 것 같아 좋습니다^^",
    "date": "14.03.06",
    "rating": "10",
    "author": "silv****",
    "review_id": "8558968",
    "movie_id": "41155"
  },
  {
    "review": "두갈 너무 귀여워요!!  아무 생각없이 친구 아이들 데리고 갔는데 어른들이 더 집중해서 봤어요~ 아이들도 좋아하고. 정말 재밌어요!!",
    "date": "14.03.06",
    "rating": "10",
    "author": "wtkm****",
    "review_id": "8558945",
    "movie_id": "41155"
  },
  {
    "review": "재밌다 완전 강추강추ㅋㅋ",
    "date": "14.03.06",
    "rating": "10",
    "author": "hanv****",
    "review_id": "8558941",
    "movie_id": "41155"
  },
  {
    "review": "재미있어요!!  애기들 데려가서 봤더니 넘 좋아하네요",
    "date": "14.03.06",
    "rating": "10",
    "author": "silv****",
    "review_id": "8558939",
    "movie_id": "41155"
  },
  {
    "review": "조카들이 보자고 난리쳐서 갔는데 제가 더 재밌게 보구 왔네여 짱이에여^^",
    "date": "14.03.06",
    "rating": "10",
    "author": "hyej****",
    "review_id": "8558927",
    "movie_id": "41155"
  },
  {
    "review": "아이들 데리고 가서 봤더니 괜히 저도 동심의 세계로 간거 같네요두갈 재밌네요",
    "date": "14.03.06",
    "rating": "10",
    "author": "dung****",
    "review_id": "8558772",
    "movie_id": "41155"
  },
  {
    "review": "요즘 개봉하는 보통 애니메이션들보다는 더 재미있는듯.. 시사회 에서 아이들은 물론이고 부모님들도 열중해서 보시네요..",
    "date": "14.03.06",
    "rating": "10",
    "author": "dram****",
    "review_id": "8558750",
    "movie_id": "41155"
  },
  {
    "review": "이제 다커서재미없다고 할줄  알았는데... 막상 보여줬더니 울딸 넘 재미있어하네요..",
    "date": "14.03.06",
    "rating": "10",
    "author": "as99****",
    "review_id": "8558739",
    "movie_id": "41155"
  },
  {
    "review": "귀여운 캐릭터^^ 내용도 좋네요 재밌어요~~",
    "date": "14.03.06",
    "rating": "10",
    "author": "moro****",
    "review_id": "8558732",
    "movie_id": "41155"
  },
  {
    "review": "캐릭터 귀여워요~아이들에게 교훈적인 내용! 강추입니다",
    "date": "14.03.06",
    "rating": "9",
    "author": "mico****",
    "review_id": "8558730",
    "movie_id": "41155"
  },
  {
    "review": "웃다가..무섭다고 숨다가...또 웃다가~ 아이들이 정말좋아해요~",
    "date": "14.03.06",
    "rating": "10",
    "author": "jame****",
    "review_id": "8558701",
    "movie_id": "41155"
  },
  {
    "review": "아이들과 시사회에서 봤는데 정말 좋아하네요~ 재밌고 유쾌했어요~",
    "date": "14.03.06",
    "rating": "10",
    "author": "pist****",
    "review_id": "8558686",
    "movie_id": "41155"
  },
  {
    "review": "아이들과 재미있게 볼수있는 영화인듯 싶어요",
    "date": "14.03.06",
    "rating": "10",
    "author": "lhna****",
    "review_id": "8558502",
    "movie_id": "41155"
  }
]