[
  {
    "review": "아니이거 넷상에서못봄?어디서볼수잇는겨..",
    "date": "14.11.16",
    "rating": "10",
    "author": "9312****",
    "review_id": "9393055",
    "movie_id": "41170"
  },
  {
    "review": "이 애니가 있었기에 고스트 메신저 등등이 나올수 있었다",
    "date": "14.10.29",
    "rating": "10",
    "author": "hera****",
    "review_id": "9327186",
    "movie_id": "41170"
  },
  {
    "review": "어렸을 때 재미있개 봤었는데 dvd가 없어서 다시 못 본 영화이죠ㅠㅠ 지금이라도 dvd가 나오면 제 용돈 모아서 꼭 사고 싶은 영화인데ㅠㅠ",
    "date": "14.09.28",
    "rating": "10",
    "author": "chjh****",
    "review_id": "9245632",
    "movie_id": "41170"
  },
  {
    "review": "그림체가 북한삘이네  재밌게봣어요",
    "date": "14.03.18",
    "rating": "10",
    "author": "guma****",
    "review_id": "8586421",
    "movie_id": "41170"
  },
  {
    "review": "재밌었음",
    "date": "13.06.09",
    "rating": "10",
    "author": "ahfz****",
    "review_id": "7616705",
    "movie_id": "41170"
  },
  {
    "review": "이거 남북동시 개봉이라던데.. 했었나요?..",
    "date": "13.05.20",
    "rating": "10",
    "author": "vmdb****",
    "review_id": "7544674",
    "movie_id": "41170"
  },
  {
    "review": "뭔가 디즈니 삘이 나...",
    "date": "12.05.12",
    "rating": "10",
    "author": "rlaw****",
    "review_id": "6292421",
    "movie_id": "41170"
  },
  {
    "review": "대박찬스",
    "date": "12.03.19",
    "rating": "10",
    "author": "chea****",
    "review_id": "6154671",
    "movie_id": "41170"
  },
  {
    "review": "각색이 불충분한,시대착오적인 애니메이션이긴하나,심청이 아름다움만은 빛나는 작품",
    "date": "11.12.09",
    "rating": "3",
    "author": "baks****",
    "review_id": "5895950",
    "movie_id": "41170"
  },
  {
    "review": "다시보고싶은데... 보내주실분 ㅠㅠ",
    "date": "11.06.08",
    "rating": "10",
    "author": "s2ds****",
    "review_id": "5471741",
    "movie_id": "41170"
  },
  {
    "review": "심청이는 진짜 예쁘더라",
    "date": "10.08.25",
    "rating": "10",
    "author": "sjsh****",
    "review_id": "4792243",
    "movie_id": "41170"
  },
  {
    "review": "5년이 지나도 다시보고 싶다",
    "date": "10.08.10",
    "rating": "10",
    "author": "jgk0****",
    "review_id": "4732362",
    "movie_id": "41170"
  },
  {
    "review": "good  두번보고 또보고 넘 좋아...",
    "date": "09.05.21",
    "rating": "10",
    "author": "tlaw****",
    "review_id": "3511540",
    "movie_id": "41170"
  },
  {
    "review": "뮬란하고 그림체가 거의 비슷하네욤",
    "date": "09.01.14",
    "rating": "10",
    "author": "3693****",
    "review_id": "3219831",
    "movie_id": "41170"
  },
  {
    "review": "난 넬슨신을 믿는다.",
    "date": "08.08.24",
    "rating": "10",
    "author": "2063****",
    "review_id": "2899330",
    "movie_id": "41170"
  },
  {
    "review": "재밌다.ㅋ!",
    "date": "05.11.25",
    "rating": "10",
    "author": "oksk****",
    "review_id": "484620",
    "movie_id": "41170"
  },
  {
    "review": "무엇인가가 부족하다. 하지만 가족끼리 보면 굿",
    "date": "05.09.16",
    "rating": "7",
    "author": "lieg****",
    "review_id": "407264",
    "movie_id": "41170"
  },
  {
    "review": "그런데루",
    "date": "05.08.31",
    "rating": "10",
    "author": "pupp****",
    "review_id": "389406",
    "movie_id": "41170"
  },
  {
    "review": "잼있었음",
    "date": "05.08.30",
    "rating": "9",
    "author": "mist****",
    "review_id": "388864",
    "movie_id": "41170"
  },
  {
    "review": "우리 애니의 OO점이라고 생각해요,,~",
    "date": "05.08.29",
    "rating": "10",
    "author": "yong****",
    "review_id": "387472",
    "movie_id": "41170"
  },
  {
    "review": "효녀심청이야기랑 비슷하지만(어짜피 심청이 얘기지만,,,)짱!",
    "date": "05.08.28",
    "rating": "10",
    "author": "gogo****",
    "review_id": "386700",
    "movie_id": "41170"
  },
  {
    "review": "어제 봤는데 재밌었어요",
    "date": "05.08.28",
    "rating": "10",
    "author": "gogo****",
    "review_id": "386696",
    "movie_id": "41170"
  },
  {
    "review": "좋아요!!!",
    "date": "05.08.27",
    "rating": "10",
    "author": "ko_a****",
    "review_id": "385406",
    "movie_id": "41170"
  },
  {
    "review": "굿~~ 굿~~ 나이스",
    "date": "05.08.26",
    "rating": "10",
    "author": "skql****",
    "review_id": "384642",
    "movie_id": "41170"
  },
  {
    "review": "볼만합니다",
    "date": "05.08.26",
    "rating": "10",
    "author": "chan****",
    "review_id": "384215",
    "movie_id": "41170"
  },
  {
    "review": "정말좋아요!",
    "date": "05.08.24",
    "rating": "10",
    "author": "alsw****",
    "review_id": "382447",
    "movie_id": "41170"
  },
  {
    "review": "그림을 이렇게 아낌없이 쓸 수 있는 이북이 부럽습네다...ㅠ.ㅠ",
    "date": "05.08.23",
    "rating": "10",
    "author": "aryu****",
    "review_id": "381059",
    "movie_id": "41170"
  },
  {
    "review": "북한,남한이 만든 최고 영화",
    "date": "05.08.22",
    "rating": "9",
    "author": "wjdw****",
    "review_id": "379954",
    "movie_id": "41170"
  },
  {
    "review": "이제,우리애니의.시작입니다.심청팟팅!!!",
    "date": "05.08.22",
    "rating": "8",
    "author": "eees****",
    "review_id": "379770",
    "movie_id": "41170"
  },
  {
    "review": "남북합작..좋은 시도 였지만 스토리 배치가 잘 안된다",
    "date": "05.08.22",
    "rating": "8",
    "author": "magi****",
    "review_id": "379279",
    "movie_id": "41170"
  },
  {
    "review": "심청이가 꼭, 마지막 황제 푸이의 부인 황후를 연상케 함...",
    "date": "05.08.21",
    "rating": "10",
    "author": "simi****",
    "review_id": "377059",
    "movie_id": "41170"
  },
  {
    "review": "너무 재밌었었어요. 또 보고 싶어 저요.",
    "date": "05.08.20",
    "rating": "10",
    "author": "nemo****",
    "review_id": "375925",
    "movie_id": "41170"
  },
  {
    "review": "남북화합..그 뿐.. 머털도사를 뒤를 이을 명절한국애니로 좋겠다",
    "date": "05.08.18",
    "rating": "6",
    "author": "ultr****",
    "review_id": "372211",
    "movie_id": "41170"
  },
  {
    "review": "넘 조음^^♡",
    "date": "05.08.17",
    "rating": "10",
    "author": "hlmf****",
    "review_id": "371320",
    "movie_id": "41170"
  },
  {
    "review": "이게무슨 한국만화냐 ㅡㅡ",
    "date": "05.08.17",
    "rating": "1",
    "author": "gkse****",
    "review_id": "371035",
    "movie_id": "41170"
  },
  {
    "review": "동심에 젖어 재미 있게 잘 봤습니다  ~~``",
    "date": "05.08.16",
    "rating": "10",
    "author": "hdle****",
    "review_id": "369277",
    "movie_id": "41170"
  },
  {
    "review": "정말 재미없었다. 싸게 봤는데도 돈이 아까워진다.ㅠㅠ",
    "date": "05.08.15",
    "rating": "2",
    "author": "piap****",
    "review_id": "367824",
    "movie_id": "41170"
  },
  {
    "review": "어려운 문화사업중 남북합작애니는...잘한일",
    "date": "05.08.14",
    "rating": "8",
    "author": "a_hw****",
    "review_id": "366922",
    "movie_id": "41170"
  },
  {
    "review": "정말 재미있습니다~",
    "date": "05.08.14",
    "rating": "10",
    "author": "alfn****",
    "review_id": "366918",
    "movie_id": "41170"
  },
  {
    "review": "어느시대 만화영화냐...",
    "date": "05.08.14",
    "rating": "1",
    "author": "litt****",
    "review_id": "366814",
    "movie_id": "41170"
  },
  {
    "review": "차라리 이런 애니는 만들지 않는 게 좋을 듯",
    "date": "05.08.14",
    "rating": "1",
    "author": "leea****",
    "review_id": "366378",
    "movie_id": "41170"
  },
  {
    "review": "멋져요^^",
    "date": "05.08.14",
    "rating": "10",
    "author": "200n****",
    "review_id": "366353",
    "movie_id": "41170"
  },
  {
    "review": "그림액션과 연기가볼만합니다.우리애니의시작-남과북-",
    "date": "05.08.13",
    "rating": "8",
    "author": "buru****",
    "review_id": "365342",
    "movie_id": "41170"
  },
  {
    "review": "약간 아쉽기도 했지만 많은 노력을 했던것 같아요,",
    "date": "05.08.13",
    "rating": "10",
    "author": "book****",
    "review_id": "365231",
    "movie_id": "41170"
  },
  {
    "review": "옳소!  이러쿵 저러쿵 욕먹었던 원더풀 데이즈가 그나마 낫더라",
    "date": "05.08.13",
    "rating": "1",
    "author": "cheo****",
    "review_id": "365094",
    "movie_id": "41170"
  },
  {
    "review": "원더풀데이즈가 낫다",
    "date": "05.08.13",
    "rating": "1",
    "author": "piau****",
    "review_id": "364948",
    "movie_id": "41170"
  },
  {
    "review": "7년 동안 뭘 했나.. 아 초배신감",
    "date": "05.08.13",
    "rating": "1",
    "author": "ehdg****",
    "review_id": "364854",
    "movie_id": "41170"
  },
  {
    "review": "좋당",
    "date": "05.08.13",
    "rating": "10",
    "author": "guam****",
    "review_id": "364695",
    "movie_id": "41170"
  },
  {
    "review": "우리나라 만화치구 참 볼만했어요~*",
    "date": "05.08.13",
    "rating": "10",
    "author": "angr****",
    "review_id": "364665",
    "movie_id": "41170"
  },
  {
    "review": "명절때나 TV에서나 볼만한 영화",
    "date": "05.08.13",
    "rating": "1",
    "author": "yuri****",
    "review_id": "364455",
    "movie_id": "41170"
  },
  {
    "review": "전체적으로 짜임새있고 감동적이에요",
    "date": "05.08.13",
    "rating": "10",
    "author": "bhs3****",
    "review_id": "364248",
    "movie_id": "41170"
  },
  {
    "review": "배경이 아름답네요..하지만 캐릭터에 감정표현이 조금 어색해요",
    "date": "05.08.12",
    "rating": "8",
    "author": "bles****",
    "review_id": "363545",
    "movie_id": "41170"
  },
  {
    "review": "생각보다 재미있게 잘 보고 왔습니다^-^",
    "date": "05.08.12",
    "rating": "10",
    "author": "haha****",
    "review_id": "363434",
    "movie_id": "41170"
  },
  {
    "review": "새롭군욥 ㅎㅎ",
    "date": "05.08.12",
    "rating": "10",
    "author": "bdki****",
    "review_id": "363157",
    "movie_id": "41170"
  },
  {
    "review": "유치하지도 않고. 재밌게 잘 만든것 같군요.",
    "date": "05.08.12",
    "rating": "8",
    "author": "kore****",
    "review_id": "363138",
    "movie_id": "41170"
  },
  {
    "review": "특이한 그래픽 생각보다 잼있네요 ㅋ",
    "date": "05.08.12",
    "rating": "10",
    "author": "gogo****",
    "review_id": "363120",
    "movie_id": "41170"
  },
  {
    "review": "짱이네요 안보면 후회 식스센스이후 최고의 반전영화",
    "date": "05.08.12",
    "rating": "10",
    "author": "ciga****",
    "review_id": "363106",
    "movie_id": "41170"
  },
  {
    "review": "한국 애니의 가능성을 한단계 올려준 영화... 굿잡!",
    "date": "05.08.12",
    "rating": "10",
    "author": "c508****",
    "review_id": "362925",
    "movie_id": "41170"
  },
  {
    "review": "비약과 진부함으로 도배된 영화",
    "date": "05.08.08",
    "rating": "3",
    "author": "holy****",
    "review_id": "357904",
    "movie_id": "41170"
  },
  {
    "review": "그래도 ㅋㅋㅋ",
    "date": "05.08.05",
    "rating": "10",
    "author": "ddd2****",
    "review_id": "353866",
    "movie_id": "41170"
  },
  {
    "review": "날도 더운데 사람 증말 짜증나게한다",
    "date": "05.08.02",
    "rating": "1",
    "author": "ulll****",
    "review_id": "348150",
    "movie_id": "41170"
  },
  {
    "review": "이거전주국제영화서봤는데;;왠만하면..안보시는게;;",
    "date": "05.07.31",
    "rating": "3",
    "author": "tomb****",
    "review_id": "344619",
    "movie_id": "41170"
  }
]