[
  {
    "review": "두 동생들 너무너무 귀엽다*_*♥ 스토리나 영상때문에 좀 지루할 수도 있겠지만..아이들 눈망울만으로 충분히 사랑스러운 영화!! 어릴 때 <천국의아이들> 굉장히 재밌고 감동적으로 봤던걸로 기억하는데.. 그때만큼은 아닌 것이 내가 나이들어서인가..씁쓸",
    "date": "14.06.20",
    "rating": "8",
    "author": "4282****",
    "review_id": "8843447",
    "movie_id": "41196"
  },
  {
    "review": "ㅡㅡ",
    "date": "13.09.13",
    "rating": "1",
    "author": "cher****",
    "review_id": "7972439",
    "movie_id": "41196"
  },
  {
    "review": "나이 이런 사람들이 보기엔 화려함이 부족하지만, 어느 정도 숙성된 정서를 가지고 계신 분들이라면 충분한 재미를 맛 볼 수 있습니다. 순수함과 천진함에 그저 웃음이 나오는 영화! 마음 한구석이 따뜻해지려고 합니다.",
    "date": "13.06.03",
    "rating": "8",
    "author": "yjkw****",
    "review_id": "7576572",
    "movie_id": "41196"
  },
  {
    "review": "중2때 담임손잡고 우리반전체가 봤던 영화ㅡㅡ 니믜 이것도 영화라고",
    "date": "11.09.28",
    "rating": "1",
    "author": "hyj3****",
    "review_id": "5757086",
    "movie_id": "41196"
  },
  {
    "review": "아재밌다 !~!1``1`1`1`",
    "date": "11.09.02",
    "rating": "10",
    "author": "dlwn****",
    "review_id": "5704272",
    "movie_id": "41196"
  },
  {
    "review": "재미어ㅃㅅ엉",
    "date": "11.08.15",
    "rating": "1",
    "author": "c522****",
    "review_id": "5654353",
    "movie_id": "41196"
  },
  {
    "review": "모두들 재미있게 보던데 저는 그닥",
    "date": "11.06.29",
    "rating": "5",
    "author": "evil****",
    "review_id": "5507519",
    "movie_id": "41196"
  },
  {
    "review": "천국의 아이등 2시험보는날 영화가 재미있어서 10점을주었다",
    "date": "11.06.06",
    "rating": "10",
    "author": "mitt****",
    "review_id": "5468729",
    "movie_id": "41196"
  },
  {
    "review": "꽤 재있어요!!",
    "date": "11.04.24",
    "rating": "7",
    "author": "mona****",
    "review_id": "5390550",
    "movie_id": "41196"
  },
  {
    "review": "동생이 재밌는데 영화관에서 보면 좀 지루할것같은 영화 이네욯 그래도 감동이있으니",
    "date": "11.03.03",
    "rating": "7",
    "author": "kimg****",
    "review_id": "5291179",
    "movie_id": "41196"
  },
  {
    "review": "첫판보단 마음에 들지 않지만 괜찮습니다.",
    "date": "10.08.23",
    "rating": "10",
    "author": "lys7****",
    "review_id": "4782123",
    "movie_id": "41196"
  },
  {
    "review": "어려운 시험 보는길 하지만 떡하니 버티선 갈등이 약하다",
    "date": "10.04.22",
    "rating": "4",
    "author": "erhe****",
    "review_id": "4447540",
    "movie_id": "41196"
  },
  {
    "review": "마음에 듭니다.",
    "date": "10.02.09",
    "rating": "10",
    "author": "nimb****",
    "review_id": "4262620",
    "movie_id": "41196"
  },
  {
    "review": "전편에 비해 아쉬움이 크지만 이기심이 없는 아이들의 모습을 그린..",
    "date": "09.12.31",
    "rating": "7",
    "author": "hj78****",
    "review_id": "4113431",
    "movie_id": "41196"
  },
  {
    "review": "재미 있어요.",
    "date": "09.09.14",
    "rating": "10",
    "author": "dong****",
    "review_id": "3830058",
    "movie_id": "41196"
  },
  {
    "review": "내용이 좋습니다.",
    "date": "09.09.14",
    "rating": "10",
    "author": "0527****",
    "review_id": "3830040",
    "movie_id": "41196"
  },
  {
    "review": "감독이 바뀌더니 2%부족. 지루한 느낌이 드는군요. 마지막 장면도 좀 억지스럽고.",
    "date": "09.08.04",
    "rating": "8",
    "author": "skss****",
    "review_id": "3707358",
    "movie_id": "41196"
  },
  {
    "review": "정말 재미있네요!!!",
    "date": "09.03.10",
    "rating": "10",
    "author": "kyc6****",
    "review_id": "3358974",
    "movie_id": "41196"
  },
  {
    "review": "전편과 비슷한구성이며 의도적인 장면이 종종등장하지만 그래도 재밋따",
    "date": "09.02.02",
    "rating": "8",
    "author": "5292****",
    "review_id": "3271862",
    "movie_id": "41196"
  },
  {
    "review": "결말이 뭔지, 내용이 뭔지 모르겠지만 약간 재밌었다",
    "date": "08.12.18",
    "rating": "7",
    "author": "ming****",
    "review_id": "3128197",
    "movie_id": "41196"
  },
  {
    "review": "아 .......... 전편이 훨나 ..... 이건 쓰레기",
    "date": "08.12.16",
    "rating": "1",
    "author": "jhp0****",
    "review_id": "3122784",
    "movie_id": "41196"
  },
  {
    "review": "전편과 비교하는게 아니라.. 이런 현실을 겪는 아이들을 생각하니 가슴이 아프다.",
    "date": "08.11.02",
    "rating": "8",
    "author": "yell****",
    "review_id": "3032249",
    "movie_id": "41196"
  },
  {
    "review": "^^ 아이들이 이쁘네요",
    "date": "08.07.06",
    "rating": "10",
    "author": "dbsq****",
    "review_id": "2745074",
    "movie_id": "41196"
  },
  {
    "review": "이것도 영화라고.. ㄴㅁ",
    "date": "08.03.16",
    "rating": "1",
    "author": "not2****",
    "review_id": "2523808",
    "movie_id": "41196"
  },
  {
    "review": "전편 흉내내기에 지나지 않다.",
    "date": "08.02.20",
    "rating": "4",
    "author": "kuic****",
    "review_id": "2466323",
    "movie_id": "41196"
  },
  {
    "review": "천국의 아이들에서 이름만 빌려와 원판의 명성에 먹칠을 하는 쓰레기",
    "date": "07.12.31",
    "rating": "1",
    "author": "dame****",
    "review_id": "2285475",
    "movie_id": "41196"
  },
  {
    "review": "천국의 아이들2보다는 천국의 아이들이 훤씬더 났다고 생각합니다",
    "date": "07.12.17",
    "rating": "3",
    "author": "minj****",
    "review_id": "2239897",
    "movie_id": "41196"
  },
  {
    "review": "전 것 보다 감동이 크진 않았지만 그래도 별점9점 드릴께요~",
    "date": "07.10.03",
    "rating": "9",
    "author": "hee1****",
    "review_id": "2068511",
    "movie_id": "41196"
  },
  {
    "review": "옛다, 관심.",
    "date": "07.08.29",
    "rating": "1",
    "author": "elfl****",
    "review_id": "1988550",
    "movie_id": "41196"
  },
  {
    "review": ".......평점왜이렇게높아 졸라재미없어",
    "date": "07.08.17",
    "rating": "1",
    "author": "gusu****",
    "review_id": "1950635",
    "movie_id": "41196"
  },
  {
    "review": "아니도대체",
    "date": "07.08.11",
    "rating": "3",
    "author": "tjsa****",
    "review_id": "1923740",
    "movie_id": "41196"
  },
  {
    "review": "기대가 너무 커 그 기대엔 못 미쳤지만..아이들은 역시 천사였습니다",
    "date": "07.05.31",
    "rating": "8",
    "author": "sun5****",
    "review_id": "1674068",
    "movie_id": "41196"
  },
  {
    "review": "내가 하야트라면.. 구질구질해서 안하고 만다..인생 구질구질하다 참..;",
    "date": "07.05.06",
    "rating": "7",
    "author": "korn****",
    "review_id": "1623416",
    "movie_id": "41196"
  },
  {
    "review": "내내 뛰어다니던 그 아이들은 천사입니다.",
    "date": "07.01.21",
    "rating": "9",
    "author": "kime****",
    "review_id": "1401756",
    "movie_id": "41196"
  },
  {
    "review": "1편은 재밌었는데 2편은.....-_-;;",
    "date": "07.01.04",
    "rating": "1",
    "author": "jtso****",
    "review_id": "1355144",
    "movie_id": "41196"
  },
  {
    "review": "아이의 순수함과 웃음.. 감동이 함께 있는 영화~^^",
    "date": "06.12.17",
    "rating": "10",
    "author": "pys9****",
    "review_id": "1301203",
    "movie_id": "41196"
  },
  {
    "review": "하야트의 시험 치기 위한 노력이 눈물겹다.",
    "date": "06.12.12",
    "rating": "9",
    "author": "seri****",
    "review_id": "1286370",
    "movie_id": "41196"
  },
  {
    "review": "전편의 짜릿한 감동은 없어도 괜찮은 영화",
    "date": "06.11.13",
    "rating": "8",
    "author": "rege****",
    "review_id": "1230333",
    "movie_id": "41196"
  },
  {
    "review": "괜찮네~",
    "date": "06.10.30",
    "rating": "9",
    "author": "clou****",
    "review_id": "1207530",
    "movie_id": "41196"
  },
  {
    "review": "메세지를 찬찬히 잘 전해주는 영화~",
    "date": "06.09.27",
    "rating": "10",
    "author": "call****",
    "review_id": "1144816",
    "movie_id": "41196"
  },
  {
    "review": "생구라 좆쳐발라라 이게 무슨 2편이냐 ㅋㅋ",
    "date": "06.09.24",
    "rating": "1",
    "author": "acro****",
    "review_id": "1140758",
    "movie_id": "41196"
  },
  {
    "review": "자리를 박차고 확 나올 뻔했다.차라리 안보는게 나았다.",
    "date": "06.09.23",
    "rating": "1",
    "author": "asda****",
    "review_id": "1139479",
    "movie_id": "41196"
  },
  {
    "review": "이 영화 평점이 요즘 너무 가라앉고 있네 그랴.",
    "date": "06.09.04",
    "rating": "10",
    "author": "srna****",
    "review_id": "1101794",
    "movie_id": "41196"
  },
  {
    "review": "별 얘기도 업는데 지루하기만 할뿐..전편이 낫다..",
    "date": "06.09.03",
    "rating": "6",
    "author": "mily****",
    "review_id": "1098540",
    "movie_id": "41196"
  },
  {
    "review": "단순한스토리지만약간긴장됨.1보단 조금아쉬움.현실성없음",
    "date": "06.07.14",
    "rating": "7",
    "author": "oh06****",
    "review_id": "889813",
    "movie_id": "41196"
  },
  {
    "review": "전작이 너무 좋았다",
    "date": "06.07.13",
    "rating": "6",
    "author": "extr****",
    "review_id": "888486",
    "movie_id": "41196"
  },
  {
    "review": "영화라기보다 드라마 같넹..^^;; 시험이냐 동생이냐..ㅋ",
    "date": "06.06.24",
    "rating": "8",
    "author": "beat****",
    "review_id": "855645",
    "movie_id": "41196"
  },
  {
    "review": "1편보다 웃기다.(남동생과 갓난아기의 연기가 죽임)ㅋㅋㅋ",
    "date": "06.05.10",
    "rating": "10",
    "author": "lshp****",
    "review_id": "795050",
    "movie_id": "41196"
  },
  {
    "review": "1편에 비해 공감대 완전 떨어진다. 억지 구성..",
    "date": "06.05.10",
    "rating": "3",
    "author": "wise****",
    "review_id": "794611",
    "movie_id": "41196"
  },
  {
    "review": "오줌마려운애를왜안보내줘??바쁜애가우물물길어세수라니...",
    "date": "06.05.05",
    "rating": "6",
    "author": "zeer****",
    "review_id": "787030",
    "movie_id": "41196"
  },
  {
    "review": "내용이 안타깝다 감동은 1편에 비해 현저히 떨어짐",
    "date": "06.03.29",
    "rating": "6",
    "author": "drls****",
    "review_id": "739507",
    "movie_id": "41196"
  },
  {
    "review": "이영화가 감동이면 이세상에 감동이아닌 영화가없다.",
    "date": "06.03.26",
    "rating": "1",
    "author": "lily****",
    "review_id": "734389",
    "movie_id": "41196"
  },
  {
    "review": "감독이 바껴서 진짜 못봐주겠다-_-^ 돈아깝다, 돈아까워-_-^^",
    "date": "06.03.26",
    "rating": "1",
    "author": "roya****",
    "review_id": "734386",
    "movie_id": "41196"
  },
  {
    "review": "전작품이 너무 좋아서 기대하고 봤다가 짜증나서 혼났다.",
    "date": "06.03.26",
    "rating": "1",
    "author": "moon****",
    "review_id": "734380",
    "movie_id": "41196"
  },
  {
    "review": "단한편의 예외도없이 이란영화는 정말 대단하다..",
    "date": "06.03.23",
    "rating": "9",
    "author": "lsbl****",
    "review_id": "730353",
    "movie_id": "41196"
  },
  {
    "review": "잔잔한감동이지만... 쩝... 먼가 부족한.",
    "date": "06.03.08",
    "rating": "7",
    "author": "auri****",
    "review_id": "708872",
    "movie_id": "41196"
  },
  {
    "review": "전작만큼은 아니라도 역시 작은 감동, 훈훈함이 묻어난다",
    "date": "06.03.06",
    "rating": "7",
    "author": "hell****",
    "review_id": "706422",
    "movie_id": "41196"
  },
  {
    "review": "너무너무 허무하고 답답한영화.. 기대 안하고 봤지만 재미없었다",
    "date": "06.02.05",
    "rating": "1",
    "author": "daln****",
    "review_id": "648886",
    "movie_id": "41196"
  },
  {
    "review": "너무 감동적이야....",
    "date": "06.02.02",
    "rating": "10",
    "author": "leej****",
    "review_id": "641533",
    "movie_id": "41196"
  },
  {
    "review": "마지막 장면에 빼고는 전편보다 좀..",
    "date": "06.02.01",
    "rating": "7",
    "author": "zhin****",
    "review_id": "639727",
    "movie_id": "41196"
  },
  {
    "review": "제대로 낚네 아주-- 그냥 버려버려 -- ㅅㅂ",
    "date": "06.01.29",
    "rating": "1",
    "author": "rwg9****",
    "review_id": "631739",
    "movie_id": "41196"
  },
  {
    "review": "시험보기 깝깝한날...",
    "date": "06.01.29",
    "rating": "3",
    "author": "glob****",
    "review_id": "630067",
    "movie_id": "41196"
  },
  {
    "review": "그래..낚인거였어....",
    "date": "06.01.26",
    "rating": "3",
    "author": "ekwl****",
    "review_id": "624396",
    "movie_id": "41196"
  },
  {
    "review": "평점 주기가 왜 이리 힘든지...",
    "date": "06.01.21",
    "rating": "10",
    "author": "sky9****",
    "review_id": "605002",
    "movie_id": "41196"
  },
  {
    "review": "후편이라고할수있을지몰라도.뒤로갈수록억지에짜증이;",
    "date": "06.01.15",
    "rating": "5",
    "author": "kami****",
    "review_id": "590713",
    "movie_id": "41196"
  },
  {
    "review": "나름대로재밋었3>ㅁ",
    "date": "06.01.13",
    "rating": "10",
    "author": "kang****",
    "review_id": "585591",
    "movie_id": "41196"
  },
  {
    "review": "억지가 심하잖아.. 학교못가게 만들려고 태클 이빠이",
    "date": "06.01.11",
    "rating": "5",
    "author": "bach****",
    "review_id": "579729",
    "movie_id": "41196"
  },
  {
    "review": "짜증나게 만드는장면도몇있었지만 역경속에서의최선^_^",
    "date": "06.01.08",
    "rating": "7",
    "author": "sfsl****",
    "review_id": "571282",
    "movie_id": "41196"
  },
  {
    "review": "okjoa012 우리나라에서 만든거 아니거든요--; 초딩아..",
    "date": "06.01.08",
    "rating": "8",
    "author": "rudt****",
    "review_id": "570975",
    "movie_id": "41196"
  },
  {
    "review": "별 기댈 안하고 봐서 그런지 잼있더만...",
    "date": "06.01.06",
    "rating": "9",
    "author": "bull****",
    "review_id": "564922",
    "movie_id": "41196"
  },
  {
    "review": "이렇게 허무한 영화도 있구나,,",
    "date": "06.01.05",
    "rating": "7",
    "author": "aqha****",
    "review_id": "562834",
    "movie_id": "41196"
  },
  {
    "review": "우리나라 영화사들이 또다시 흥행하려고 거짓 후속편을 만들었군",
    "date": "06.01.04",
    "rating": "4",
    "author": "okjo****",
    "review_id": "559797",
    "movie_id": "41196"
  },
  {
    "review": "역시나 감독이 바뀌었구나. 무늬만 천국의 아이들이었어. 제기랄",
    "date": "06.01.04",
    "rating": "1",
    "author": "almo****",
    "review_id": "558379",
    "movie_id": "41196"
  },
  {
    "review": "순수한 아이들..감동적인 영화",
    "date": "06.01.02",
    "rating": "10",
    "author": "ysin****",
    "review_id": "554880",
    "movie_id": "41196"
  },
  {
    "review": "약간 억지가 있었지만 정말 따뜻하고 착하고 감동을 주는 영화",
    "date": "06.01.01",
    "rating": "9",
    "author": "happ****",
    "review_id": "550644",
    "movie_id": "41196"
  },
  {
    "review": "지루하다..뻔한스토리..전편이 훨씬 괜찮은것 같다..",
    "date": "05.11.27",
    "rating": "4",
    "author": "tlxm****",
    "review_id": "486846",
    "movie_id": "41196"
  },
  {
    "review": "가슴이 따뜻하다. 이란 영화의 힘을 다시 느낄 수 있었다.",
    "date": "05.11.24",
    "rating": "10",
    "author": "jooh****",
    "review_id": "483333",
    "movie_id": "41196"
  },
  {
    "review": "별로다.재미없다.소재가 넘 억지스럽다",
    "date": "05.11.23",
    "rating": "5",
    "author": "shin****",
    "review_id": "482608",
    "movie_id": "41196"
  },
  {
    "review": "좋네요~잼있고,따뜻하고..때론 황당하고..^^;",
    "date": "05.11.22",
    "rating": "10",
    "author": "mcla****",
    "review_id": "482161",
    "movie_id": "41196"
  },
  {
    "review": "넘 귀엽네요",
    "date": "05.11.22",
    "rating": "10",
    "author": "best****",
    "review_id": "482033",
    "movie_id": "41196"
  },
  {
    "review": "기대된다 순수하고 소박한 아이들의 이야기라면 언제든지 환영^^",
    "date": "05.11.22",
    "rating": "10",
    "author": "yean****",
    "review_id": "481737",
    "movie_id": "41196"
  },
  {
    "review": "끊임없이 노력하는 자에게 복이 있나니... 최선을 생각하게 한다",
    "date": "05.11.21",
    "rating": "9",
    "author": "qkdr****",
    "review_id": "480885",
    "movie_id": "41196"
  },
  {
    "review": "보는 내내 맘을 안타깝고 짠하게 했던 영화.. 해피엔딩이라 다행",
    "date": "05.11.21",
    "rating": "10",
    "author": "dlsk****",
    "review_id": "480877",
    "movie_id": "41196"
  },
  {
    "review": "정말 천사같아서 눈물이 났던 영화",
    "date": "05.11.21",
    "rating": "10",
    "author": "wldg****",
    "review_id": "480505",
    "movie_id": "41196"
  },
  {
    "review": "우리아이들이 참 편하게 공부한다라는 생각이 드는 영화네요.",
    "date": "05.11.20",
    "rating": "8",
    "author": "qudc****",
    "review_id": "480450",
    "movie_id": "41196"
  },
  {
    "review": "착한 영화가 따로 없더군...그래서 만점",
    "date": "05.11.20",
    "rating": "10",
    "author": "wpdu****",
    "review_id": "480445",
    "movie_id": "41196"
  },
  {
    "review": "이 영화보고 많이 반성했다. 착하게 열심히 살자.",
    "date": "05.11.20",
    "rating": "9",
    "author": "wjdg****",
    "review_id": "480444",
    "movie_id": "41196"
  },
  {
    "review": "올만에 본 사람 냄새나는 영화.",
    "date": "05.11.20",
    "rating": "9",
    "author": "dydr****",
    "review_id": "480439",
    "movie_id": "41196"
  },
  {
    "review": "ㅋㅋㅋ^^* 귀여운 것들...역경을 이기면 희망이~ 여러분!아자!",
    "date": "05.11.20",
    "rating": "9",
    "author": "rlgh****",
    "review_id": "480436",
    "movie_id": "41196"
  },
  {
    "review": "아크바르 이눔 내 아들 삼고싶다 ㅋㅋㅋ",
    "date": "05.11.20",
    "rating": "9",
    "author": "tjrd****",
    "review_id": "480434",
    "movie_id": "41196"
  },
  {
    "review": "착한 사람, 착해지고 싶은 사람만 보세요. 넘 푸근한 영화",
    "date": "05.11.20",
    "rating": "10",
    "author": "rkdd****",
    "review_id": "480431",
    "movie_id": "41196"
  },
  {
    "review": "꼬맹이들의 연기가 짱! 동생의 모습은 생각만 해도 웃음이^^*",
    "date": "05.11.20",
    "rating": "10",
    "author": "sell****",
    "review_id": "480422",
    "movie_id": "41196"
  },
  {
    "review": "2005년 최악의 영화였다. 정말 답답하고 짜증나는영화다!",
    "date": "05.11.20",
    "rating": "1",
    "author": "kkh7****",
    "review_id": "480243",
    "movie_id": "41196"
  },
  {
    "review": "아름다운 동심의 세계! 동심으로 돌아가고파....!",
    "date": "05.11.20",
    "rating": "9",
    "author": "tjrw****",
    "review_id": "479910",
    "movie_id": "41196"
  },
  {
    "review": "아크바르 넘 이뽀!",
    "date": "05.11.20",
    "rating": "10",
    "author": "dlth****",
    "review_id": "479901",
    "movie_id": "41196"
  },
  {
    "review": "순수하고 착한영화.",
    "date": "05.11.20",
    "rating": "10",
    "author": "dltk****",
    "review_id": "479895",
    "movie_id": "41196"
  },
  {
    "review": "지겨워 죽는 줄 알았다..",
    "date": "05.11.20",
    "rating": "6",
    "author": "cink****",
    "review_id": "479872",
    "movie_id": "41196"
  },
  {
    "review": "너무 귀여워서 재밌었던..",
    "date": "05.11.20",
    "rating": "10",
    "author": "bbop****",
    "review_id": "479748",
    "movie_id": "41196"
  },
  {
    "review": "알바아님 -_-애기가 너무귀엽다 보는내내미소를지었던..",
    "date": "05.11.20",
    "rating": "10",
    "author": "imag****",
    "review_id": "479034",
    "movie_id": "41196"
  },
  {
    "review": "너무 속상하고 안타깝고ㅠ 하지만 마지막 장면에서 감동 ^-^",
    "date": "05.11.19",
    "rating": "8",
    "author": "love****",
    "review_id": "478935",
    "movie_id": "41196"
  }
]