[
  {
    "review": "이 영화를 보고 암이 나았습니다.",
    "date": "15.05.11",
    "rating": "10",
    "author": "thwl****",
    "review_id": "9911501",
    "movie_id": "41211"
  },
  {
    "review": "추억이되어버렸네요.그립네요",
    "date": "15.02.10",
    "rating": "10",
    "author": "2005****",
    "review_id": "9684303",
    "movie_id": "41211"
  },
  {
    "review": "백제와 신라 사이에서 허물어져가는 대가야의 비참한 모습을 잘 담아냈다. 마지막 가야금연주는 눈물이 왈칵...",
    "date": "13.09.19",
    "rating": "1",
    "author": "bria****",
    "review_id": "7995466",
    "movie_id": "41211"
  },
  {
    "review": "무슨 애니인지 모르겠다카이",
    "date": "13.08.03",
    "rating": "7",
    "author": "toy_****",
    "review_id": "7830263",
    "movie_id": "41211"
  },
  {
    "review": "퍼스트 클라스",
    "date": "13.07.02",
    "rating": "10",
    "author": "awls****",
    "review_id": "7698461",
    "movie_id": "41211"
  }
]