[
  {
    "review": "평점다시올리기",
    "date": "12.07.15",
    "rating": "10",
    "author": "chs1****",
    "review_id": "6480362",
    "movie_id": "41270"
  },
  {
    "review": "평점한번 떨어뜨려보기",
    "date": "11.08.09",
    "rating": "1",
    "author": "ofre****",
    "review_id": "5626422",
    "movie_id": "41270"
  },
  {
    "review": "볼만하데니까ㅋ",
    "date": "11.01.27",
    "rating": "10",
    "author": "mmsg****",
    "review_id": "5188014",
    "movie_id": "41270"
  },
  {
    "review": "볼만함",
    "date": "10.12.30",
    "rating": "10",
    "author": "meek****",
    "review_id": "5103148",
    "movie_id": "41270"
  }
]