[
  {
    "review": "요세는 이런 소름끼치는 시트콤못만드는가?? 하긴 뭐 만들어봤자 아이돌뇬놈들이나 우루루 나오겠지!",
    "date": "14.09.29",
    "rating": "10",
    "author": "ske4****",
    "review_id": "9248985",
    "movie_id": "41285"
  },
  {
    "review": "아 다시 보는데 너무 재밌음",
    "date": "14.09.12",
    "rating": "10",
    "author": "glor****",
    "review_id": "9207271",
    "movie_id": "41285"
  },
  {
    "review": "이런 시트콤 다신 없을것같다. 시즌 1,2는 정말 전설이다.",
    "date": "14.06.01",
    "rating": "10",
    "author": "menz****",
    "review_id": "8783810",
    "movie_id": "41285"
  },
  {
    "review": "이건 진짜 레전드 시트콤 역사에 남을 마스터피스",
    "date": "13.11.25",
    "rating": "10",
    "author": "neo2****",
    "review_id": "8167140",
    "movie_id": "41285"
  },
  {
    "review": "추억이 새록새록... 겁나 재밌었는데ㅎㅎ",
    "date": "13.08.17",
    "rating": "10",
    "author": "cact****",
    "review_id": "7892955",
    "movie_id": "41285"
  },
  {
    "review": "최고다",
    "date": "13.05.16",
    "rating": "10",
    "author": "knig****",
    "review_id": "7531475",
    "movie_id": "41285"
  },
  {
    "review": "재밌는데 약단퀄떨어짐 점점망해감 ㅠ ㅠ",
    "date": "13.02.20",
    "rating": "10",
    "author": "bub0****",
    "review_id": "7283410",
    "movie_id": "41285"
  },
  {
    "review": "한국 시트콤의 레전드.... 시즌3빼고...하이킥도 감히 뛰어넘을 수 없는 최고~최고~지금봐도 다시봐도 너무 웃기고 잼냐요~ㅋ",
    "date": "12.12.26",
    "rating": "10",
    "author": "pink****",
    "review_id": "7049336",
    "movie_id": "41285"
  },
  {
    "review": "시즌 1,2 닭뼈모빌ㅋㅋㅋㅋㅋ",
    "date": "12.09.02",
    "rating": "10",
    "author": "chlx****",
    "review_id": "6665509",
    "movie_id": "41285"
  },
  {
    "review": "강두는... 왜 나왔을까?",
    "date": "12.03.24",
    "rating": "2",
    "author": "ccpp****",
    "review_id": "6163741",
    "movie_id": "41285"
  },
  {
    "review": "박희진과 심혜진의 연기는 좋았다",
    "date": "12.03.24",
    "rating": "2",
    "author": "rame****",
    "review_id": "6163740",
    "movie_id": "41285"
  },
  {
    "review": "초반엔 신선했다",
    "date": "12.03.24",
    "rating": "2",
    "author": "kpcc****",
    "review_id": "6163739",
    "movie_id": "41285"
  },
  {
    "review": "시즌1, 2는 레전드 오브 레전드",
    "date": "12.02.29",
    "rating": "10",
    "author": "nyok****",
    "review_id": "6113085",
    "movie_id": "41285"
  },
  {
    "review": "큭...뱀파이어!!",
    "date": "12.01.29",
    "rating": "10",
    "author": "en09****",
    "review_id": "6032524",
    "movie_id": "41285"
  },
  {
    "review": "통 틀어도 이만한 시트콤은 없다..",
    "date": "12.01.24",
    "rating": "10",
    "author": "ghsd****",
    "review_id": "6015287",
    "movie_id": "41285"
  },
  {
    "review": "짱!!",
    "date": "11.11.28",
    "rating": "10",
    "author": "suke****",
    "review_id": "5876082",
    "movie_id": "41285"
  },
  {
    "review": "말이필요업음 최고",
    "date": "11.11.28",
    "rating": "10",
    "author": "xo_x****",
    "review_id": "5876079",
    "movie_id": "41285"
  },
  {
    "review": "아..벌써 05년 이었구나....-.-;;",
    "date": "11.11.28",
    "rating": "10",
    "author": "iqwa****",
    "review_id": "5876021",
    "movie_id": "41285"
  },
  {
    "review": "그냥최고ㅜㅜ 이제이런 시트콤은 안나올듯",
    "date": "11.11.28",
    "rating": "10",
    "author": "not_****",
    "review_id": "5876002",
    "movie_id": "41285"
  },
  {
    "review": "오감을 만족시키는 코미디였음...프란체스카에 비해 지금 시트콤들은 글쎄,,,,",
    "date": "11.11.28",
    "rating": "10",
    "author": "imgo****",
    "review_id": "5875889",
    "movie_id": "41285"
  },
  {
    "review": "이런 시트콤 또 안 나오겠죠? 정말 최고였어요. 웃다가, 울다가...",
    "date": "11.11.28",
    "rating": "10",
    "author": "elf9****",
    "review_id": "5875841",
    "movie_id": "41285"
  },
  {
    "review": "다시보고싶은 추억의 시트콤.",
    "date": "11.11.28",
    "rating": "10",
    "author": "odjs****",
    "review_id": "5875445",
    "movie_id": "41285"
  },
  {
    "review": "엘리자베스(정려원)만으로도 내겐 완벽했다",
    "date": "11.11.11",
    "rating": "10",
    "author": "sys1****",
    "review_id": "5841832",
    "movie_id": "41285"
  },
  {
    "review": "시즌 1, 2는 진짜 환상",
    "date": "11.07.20",
    "rating": "10",
    "author": "dong****",
    "review_id": "5557946",
    "movie_id": "41285"
  },
  {
    "review": "감동도 코믹도 모두 만점!",
    "date": "11.06.19",
    "rating": "10",
    "author": "pree****",
    "review_id": "5488951",
    "movie_id": "41285"
  },
  {
    "review": "가장 좋아하는 시트콤... 마지막에 같이 울어버렸다는... ㅜ.ㅜ",
    "date": "10.12.05",
    "rating": "10",
    "author": "juic****",
    "review_id": "5024044",
    "movie_id": "41285"
  },
  {
    "review": "지금 봐도 재밌다,,,최고다 ~~~~~~~~",
    "date": "10.11.01",
    "rating": "10",
    "author": "fnsk****",
    "review_id": "4932247",
    "movie_id": "41285"
  },
  {
    "review": "최고 최고 최고 최고 최고 최고 최고 최고",
    "date": "10.09.18",
    "rating": "10",
    "author": "zlat****",
    "review_id": "4845863",
    "movie_id": "41285"
  },
  {
    "review": "일주일중에 월요일 밤이 제일 기다려지고 궁금해지고 좋앗다 ^^",
    "date": "10.05.15",
    "rating": "10",
    "author": "smit****",
    "review_id": "4501461",
    "movie_id": "41285"
  },
  {
    "review": "아무리 명작 드라큘라 영화를 바쳐도 이 시트콤만큼도 못할것이다",
    "date": "10.05.02",
    "rating": "10",
    "author": "lkyl****",
    "review_id": "4471950",
    "movie_id": "41285"
  },
  {
    "review": "역시 안성택이 최고",
    "date": "10.03.30",
    "rating": "8",
    "author": "ccpk****",
    "review_id": "4397730",
    "movie_id": "41285"
  },
  {
    "review": "ⓒⓞⓞⓛ",
    "date": "10.03.20",
    "rating": "10",
    "author": "dhkq****",
    "review_id": "4369958",
    "movie_id": "41285"
  },
  {
    "review": "계속본다",
    "date": "09.01.13",
    "rating": "10",
    "author": "toma****",
    "review_id": "3216835",
    "movie_id": "41285"
  },
  {
    "review": "한번더해",
    "date": "08.12.27",
    "rating": "10",
    "author": "zsed****",
    "review_id": "3155819",
    "movie_id": "41285"
  },
  {
    "review": "나 이거 보고 나서 딴 시트콤 못봤다..최고의 블랙 코미디!",
    "date": "08.12.25",
    "rating": "10",
    "author": "pigs****",
    "review_id": "3148089",
    "movie_id": "41285"
  },
  {
    "review": "엠비씨넷에서는 재방을 해달라",
    "date": "08.06.08",
    "rating": "10",
    "author": "dbdp****",
    "review_id": "2688491",
    "movie_id": "41285"
  },
  {
    "review": "최고의 코미디 tv 시리즈!",
    "date": "07.09.08",
    "rating": "8",
    "author": "v292****",
    "review_id": "2008026",
    "movie_id": "41285"
  },
  {
    "review": "내생에서 제일 재밋엇던..",
    "date": "07.08.16",
    "rating": "10",
    "author": "hee4****",
    "review_id": "1946388",
    "movie_id": "41285"
  },
  {
    "review": "1시즌은 신선했고, 2시즌역시 좋았다. 그러나 3시즌은 -_-",
    "date": "07.08.10",
    "rating": "10",
    "author": "supe****",
    "review_id": "1914299",
    "movie_id": "41285"
  },
  {
    "review": "High Kick이 명성을 이어준 영화 ...",
    "date": "07.07.31",
    "rating": "10",
    "author": "dakr****",
    "review_id": "1833279",
    "movie_id": "41285"
  },
  {
    "review": "1기 정말 재밌게 봤던....",
    "date": "07.07.07",
    "rating": "10",
    "author": "look****",
    "review_id": "1753103",
    "movie_id": "41285"
  },
  {
    "review": "1까지가 딱 좋았는데",
    "date": "07.06.25",
    "rating": "10",
    "author": "ukhk****",
    "review_id": "1719544",
    "movie_id": "41285"
  },
  {
    "review": "내가 한국 시트콤을 이렇게 본적은 처음이다.",
    "date": "07.05.03",
    "rating": "10",
    "author": "qlcd****",
    "review_id": "1618447",
    "movie_id": "41285"
  },
  {
    "review": "회가 거듭될수록 초반의 신선함이 그리워졌다",
    "date": "07.04.26",
    "rating": "8",
    "author": "nala****",
    "review_id": "1607022",
    "movie_id": "41285"
  },
  {
    "review": "잘만든 코미디드라마 대작!",
    "date": "07.01.29",
    "rating": "10",
    "author": "hotv****",
    "review_id": "1422990",
    "movie_id": "41285"
  },
  {
    "review": "최고의 코미디!",
    "date": "07.01.14",
    "rating": "10",
    "author": "kssu****",
    "review_id": "1383482",
    "movie_id": "41285"
  },
  {
    "review": "이제 검은옷만 입으면 프란체스카래.. 이것도 이 드라마의 위력",
    "date": "06.10.04",
    "rating": "8",
    "author": "oioi****",
    "review_id": "1158834",
    "movie_id": "41285"
  },
  {
    "review": "김수미와심혜진 너무너무 재밌었는데~",
    "date": "06.08.24",
    "rating": "8",
    "author": "wheo****",
    "review_id": "1074487",
    "movie_id": "41285"
  },
  {
    "review": "캐릭터 개성 만땅.",
    "date": "06.07.01",
    "rating": "7",
    "author": "dark****",
    "review_id": "865980",
    "movie_id": "41285"
  },
  {
    "review": "시니컬한 재미..",
    "date": "06.07.01",
    "rating": "10",
    "author": "zeed****",
    "review_id": "864863",
    "movie_id": "41285"
  },
  {
    "review": "1부로 끝냈어야 했어",
    "date": "06.06.20",
    "rating": "1",
    "author": "dlst****",
    "review_id": "851279",
    "movie_id": "41285"
  },
  {
    "review": "갈수록 식상",
    "date": "06.06.17",
    "rating": "1",
    "author": "asde****",
    "review_id": "846962",
    "movie_id": "41285"
  },
  {
    "review": "쪼아",
    "date": "06.05.13",
    "rating": "10",
    "author": "khj3****",
    "review_id": "797935",
    "movie_id": "41285"
  },
  {
    "review": "시즌2까지100점시즌3때문에 -90점 = 10점",
    "date": "06.04.18",
    "rating": "10",
    "author": "spee****",
    "review_id": "766907",
    "movie_id": "41285"
  },
  {
    "review": "여태까지 본 시트콤 중 최고의 시트콤~!",
    "date": "06.04.16",
    "rating": "10",
    "author": "ungh****",
    "review_id": "763902",
    "movie_id": "41285"
  },
  {
    "review": "역시 원조인 1,2가 재밌었다",
    "date": "06.04.09",
    "rating": "10",
    "author": "chsh****",
    "review_id": "755205",
    "movie_id": "41285"
  },
  {
    "review": "2시즌으로 끝내야했어..  3시즌때문에 더 이미지 망가졌다",
    "date": "06.04.04",
    "rating": "8",
    "author": "navo****",
    "review_id": "748240",
    "movie_id": "41285"
  },
  {
    "review": "재미는잇엇다",
    "date": "06.03.01",
    "rating": "8",
    "author": "shyb****",
    "review_id": "698083",
    "movie_id": "41285"
  },
  {
    "review": "1.2.3 다 재밋다 2에서 에피소드22에서 식빵맨 탈 사고싶다",
    "date": "06.02.20",
    "rating": "10",
    "author": "sens****",
    "review_id": "681909",
    "movie_id": "41285"
  },
  {
    "review": "실망",
    "date": "06.01.19",
    "rating": "1",
    "author": "leel****",
    "review_id": "599073",
    "movie_id": "41285"
  },
  {
    "review": "우리나라엔 이런 드라마가 많이 나와야 됨..",
    "date": "06.01.18",
    "rating": "10",
    "author": "zpcm****",
    "review_id": "597964",
    "movie_id": "41285"
  },
  {
    "review": "아일 비 빼빼빼빼빽~ ㅋㅋ 안성댁 ㅋㅋ",
    "date": "06.01.14",
    "rating": "10",
    "author": "junn****",
    "review_id": "587130",
    "movie_id": "41285"
  },
  {
    "review": "정~말 재미따 ^*^☆",
    "date": "06.01.04",
    "rating": "10",
    "author": "dw01****",
    "review_id": "560462",
    "movie_id": "41285"
  },
  {
    "review": "안성댁,앙드레,두일이,켠,엘리가있던 시즌1,2가 그립다.",
    "date": "05.12.13",
    "rating": "10",
    "author": "zokk****",
    "review_id": "503221",
    "movie_id": "41285"
  },
  {
    "review": "1,2 시즌이 더 낫기는 해요...",
    "date": "05.10.24",
    "rating": "10",
    "author": "hwan****",
    "review_id": "453718",
    "movie_id": "41285"
  },
  {
    "review": "김수미 씨의 열연이 돋보이는 작품.",
    "date": "05.10.08",
    "rating": "10",
    "author": "supu****",
    "review_id": "436412",
    "movie_id": "41285"
  },
  {
    "review": "3시즌 이후 저질적 개그가 되기는 했음..",
    "date": "05.10.06",
    "rating": "9",
    "author": "ehdw****",
    "review_id": "434991",
    "movie_id": "41285"
  },
  {
    "review": "소피아, 인성이 ..귀여워요 ~",
    "date": "05.10.03",
    "rating": "10",
    "author": "mhro****",
    "review_id": "431848",
    "movie_id": "41285"
  },
  {
    "review": "무표정한 인성이가 귀엽다 ..",
    "date": "05.10.03",
    "rating": "10",
    "author": "gold****",
    "review_id": "431830",
    "movie_id": "41285"
  },
  {
    "review": "2% 가 부족한듯..ㅎ 그래도 재미있음",
    "date": "05.10.02",
    "rating": "8",
    "author": "ehow****",
    "review_id": "431091",
    "movie_id": "41285"
  },
  {
    "review": "조낸 쵝오",
    "date": "05.09.08",
    "rating": "10",
    "author": "alda****",
    "review_id": "397191",
    "movie_id": "41285"
  },
  {
    "review": "존경 어떻게 이렇게 재미있을수있는지 완전 짱 !!! 대박 !!!!!",
    "date": "05.09.04",
    "rating": "10",
    "author": "dbst****",
    "review_id": "393135",
    "movie_id": "41285"
  },
  {
    "review": "너무 재밌어서 도저히 보다가 채널을 돌릴수가 없어요 ㅋㅋㅋ",
    "date": "05.08.31",
    "rating": "10",
    "author": "coeh****",
    "review_id": "389386",
    "movie_id": "41285"
  },
  {
    "review": "프체 시즌 1,2 짱 안성댁 시츄에이션 지대 웃김",
    "date": "05.08.30",
    "rating": "10",
    "author": "sims****",
    "review_id": "388669",
    "movie_id": "41285"
  },
  {
    "review": "최고다. 진짜 배꼽빠져서 죽는줄 알았다 ㅋㅋㅋㅋ",
    "date": "05.08.30",
    "rating": "10",
    "author": "eun_****",
    "review_id": "388558",
    "movie_id": "41285"
  },
  {
    "review": "최고",
    "date": "05.08.28",
    "rating": "10",
    "author": "dhdu****",
    "review_id": "386742",
    "movie_id": "41285"
  },
  {
    "review": "진짜 재밌다",
    "date": "05.08.28",
    "rating": "10",
    "author": "yang****",
    "review_id": "386739",
    "movie_id": "41285"
  },
  {
    "review": "정말 재밌다",
    "date": "05.08.28",
    "rating": "10",
    "author": "yang****",
    "review_id": "386737",
    "movie_id": "41285"
  },
  {
    "review": "최고지!",
    "date": "05.08.25",
    "rating": "10",
    "author": "hone****",
    "review_id": "383284",
    "movie_id": "41285"
  },
  {
    "review": "이거 보고 재미를 못느끼면 대가리에 공기만 들어있는건가??",
    "date": "05.08.09",
    "rating": "10",
    "author": "whit****",
    "review_id": "359950",
    "movie_id": "41285"
  },
  {
    "review": "c최고의 걸작!",
    "date": "05.08.09",
    "rating": "10",
    "author": "inod****",
    "review_id": "359944",
    "movie_id": "41285"
  },
  {
    "review": "안프 쵝오!",
    "date": "05.08.09",
    "rating": "10",
    "author": "owna****",
    "review_id": "359707",
    "movie_id": "41285"
  },
  {
    "review": "영원한 삶은 행복하지 않다",
    "date": "05.08.09",
    "rating": "10",
    "author": "taya****",
    "review_id": "359622",
    "movie_id": "41285"
  },
  {
    "review": "진짜 짱이다~~~~~~~~~~~~~~~~~",
    "date": "05.08.09",
    "rating": "10",
    "author": "79ys****",
    "review_id": "359275",
    "movie_id": "41285"
  },
  {
    "review": "재방송까지 챙겨봐주는 센스!!",
    "date": "05.08.09",
    "rating": "10",
    "author": "baka****",
    "review_id": "359242",
    "movie_id": "41285"
  },
  {
    "review": "그렇게 재미있진 않았는데...",
    "date": "05.08.09",
    "rating": "5",
    "author": "wtqf****",
    "review_id": "359063",
    "movie_id": "41285"
  },
  {
    "review": "쓰레기 같은 .. ㅡㅡ;; 존나 오버떠는거 하나도 잼없다!!",
    "date": "05.08.09",
    "rating": "1",
    "author": "alsr****",
    "review_id": "358992",
    "movie_id": "41285"
  },
  {
    "review": "넘재미있다",
    "date": "05.08.08",
    "rating": "10",
    "author": "lily****",
    "review_id": "358045",
    "movie_id": "41285"
  },
  {
    "review": "정말 이렇게 재밌는 건 처음이다",
    "date": "05.08.07",
    "rating": "10",
    "author": "qkrg****",
    "review_id": "357243",
    "movie_id": "41285"
  },
  {
    "review": "대단한 시츄레이션...",
    "date": "05.08.05",
    "rating": "10",
    "author": "youo****",
    "review_id": "353766",
    "movie_id": "41285"
  },
  {
    "review": "보고나서 생각해보면 잼있지만 아프고 쓰리다. 해학+감동+배우",
    "date": "05.08.02",
    "rating": "10",
    "author": "blue****",
    "review_id": "348019",
    "movie_id": "41285"
  },
  {
    "review": "건드리기 힘든 주제, 그러나 부담없이 다가가는 그런 시트콤.",
    "date": "05.08.02",
    "rating": "10",
    "author": "kiy8****",
    "review_id": "347805",
    "movie_id": "41285"
  },
  {
    "review": "밑에분 진짜 무감각이네 -_- 정말로 재밌고 감동이 넘쳐남 ㅠ",
    "date": "05.08.02",
    "rating": "10",
    "author": "jong****",
    "review_id": "347623",
    "movie_id": "41285"
  },
  {
    "review": "이정도의 유머는 허영만 작 날아라 슈퍼보드에도 있다!!",
    "date": "05.07.27",
    "rating": "1",
    "author": "xyto****",
    "review_id": "336544",
    "movie_id": "41285"
  },
  {
    "review": "엘리쟈베스 ㅠㅠ 너무 조타",
    "date": "05.07.26",
    "rating": "10",
    "author": "mdks****",
    "review_id": "335636",
    "movie_id": "41285"
  },
  {
    "review": "컬트죠.. ^^",
    "date": "05.07.19",
    "rating": "9",
    "author": "will****",
    "review_id": "326969",
    "movie_id": "41285"
  },
  {
    "review": "너무너무 재미있네요..",
    "date": "05.06.19",
    "rating": "10",
    "author": "8519****",
    "review_id": "302370",
    "movie_id": "41285"
  },
  {
    "review": "한국 시트콤의 우상이자 새로운 희망!",
    "date": "05.06.11",
    "rating": "10",
    "author": "oks8****",
    "review_id": "297901",
    "movie_id": "41285"
  },
  {
    "review": "켠 ~ ♡",
    "date": "05.06.05",
    "rating": "9",
    "author": "duaw****",
    "review_id": "293906",
    "movie_id": "41285"
  },
  {
    "review": "안성댁 짱이야",
    "date": "05.05.31",
    "rating": "10",
    "author": "hdas****",
    "review_id": "290891",
    "movie_id": "41285"
  }
]