[
  {
    "review": "또보고싶네요!! ㅋㅋ",
    "date": "15.08.12",
    "rating": "10",
    "author": "kloz****",
    "review_id": "10221034",
    "movie_id": "41286"
  },
  {
    "review": "이건명작이다진짜로굿",
    "date": "14.01.01",
    "rating": "10",
    "author": "ksa7****",
    "review_id": "8331639",
    "movie_id": "41286"
  },
  {
    "review": "김상중씨의 연기 좋았습니다",
    "date": "06.08.14",
    "rating": "8",
    "author": "zeed****",
    "review_id": "1026982",
    "movie_id": "41286"
  }
]