[
  {
    "review": "머어엉미",
    "date": "09.01.22",
    "rating": "1",
    "author": "zkfn****",
    "review_id": "3239692",
    "movie_id": "41293"
  },
  {
    "review": "우희진씨요즘머하나여?",
    "date": "08.10.03",
    "rating": "10",
    "author": "dhqj****",
    "review_id": "2980686",
    "movie_id": "41293"
  },
  {
    "review": "조금 아쉬움이 남는 드라마",
    "date": "06.07.30",
    "rating": "8",
    "author": "zeed****",
    "review_id": "946262",
    "movie_id": "41293"
  }
]