[
  {
    "review": "입으로만 사랑이라 떠들어 대지 말고 이렇게 사랑 좀 해봐",
    "date": "13.07.19",
    "rating": "10",
    "author": "rise****",
    "review_id": "7763294",
    "movie_id": "41292"
  },
  {
    "review": "졸라 재밌어 OO~이게 사랑이지",
    "date": "13.07.19",
    "rating": "10",
    "author": "kyy6****",
    "review_id": "7763289",
    "movie_id": "41292"
  },
  {
    "review": "OO 졸라 재미있어~",
    "date": "13.07.19",
    "rating": "10",
    "author": "kji5****",
    "review_id": "7763267",
    "movie_id": "41292"
  },
  {
    "review": "난 완전 재밌게봤는데..",
    "date": "12.07.20",
    "rating": "10",
    "author": "feel****",
    "review_id": "6501360",
    "movie_id": "41292"
  },
  {
    "review": "돈들여가며 왜 만들었을까?",
    "date": "07.02.02",
    "rating": "1",
    "author": "ydub****",
    "review_id": "1435739",
    "movie_id": "41292"
  },
  {
    "review": "ㅡ.ㅡ 도대체가...",
    "date": "06.08.06",
    "rating": "1",
    "author": "bsc0****",
    "review_id": "977686",
    "movie_id": "41292"
  },
  {
    "review": "솔직히 이거 4점이 적절함 평균좀 깎아야겠어여",
    "date": "06.08.06",
    "rating": "1",
    "author": "srcg****",
    "review_id": "977681",
    "movie_id": "41292"
  },
  {
    "review": "강타 앞으로 좀만 더 노력바람",
    "date": "06.08.01",
    "rating": "8",
    "author": "zeed****",
    "review_id": "952208",
    "movie_id": "41292"
  },
  {
    "review": "열심히 하는 모습이 보이던 드라마",
    "date": "06.06.14",
    "rating": "10",
    "author": "jeey****",
    "review_id": "843997",
    "movie_id": "41292"
  },
  {
    "review": "최악에 더 가까웠지. 최악의 모습은 아니였기에 그나마 한숨만.",
    "date": "06.01.29",
    "rating": "5",
    "author": "yeni****",
    "review_id": "630432",
    "movie_id": "41292"
  },
  {
    "review": "강타오빠는 못하는게 없어!!",
    "date": "05.11.17",
    "rating": "10",
    "author": "rlwj****",
    "review_id": "476683",
    "movie_id": "41292"
  },
  {
    "review": "강타데뷔작치고는 괜찮은거아냐?",
    "date": "05.07.17",
    "rating": "9",
    "author": "jytj****",
    "review_id": "324445",
    "movie_id": "41292"
  },
  {
    "review": "미치도록 재밌어 여",
    "date": "05.06.08",
    "rating": "10",
    "author": "fnpr****",
    "review_id": "295762",
    "movie_id": "41292"
  },
  {
    "review": "ㅡㅡ그냥 볼만했다..",
    "date": "05.06.06",
    "rating": "5",
    "author": "vovk****",
    "review_id": "294519",
    "movie_id": "41292"
  }
]