[
  {
    "review": "지금 보면 엄청난 호화 출연진",
    "date": "15.08.13",
    "rating": "10",
    "author": "ksbb****",
    "review_id": "10225434",
    "movie_id": "41325"
  },
  {
    "review": "나 재수할때 유일하게 봤던 프로...스토리 ost 너무 너무 좋았던 기억이 나네요. 또 볼수 있으려나?",
    "date": "15.07.27",
    "rating": "10",
    "author": "acha****",
    "review_id": "10150325",
    "movie_id": "41325"
  },
  {
    "review": "음악도 좋았고 출연진도 좋아서 재미있었던",
    "date": "15.02.13",
    "rating": "7",
    "author": "adiv****",
    "review_id": "9693165",
    "movie_id": "41325"
  },
  {
    "review": "정말 소름돋는 드라마!!! 요세 아이돌 발연기에 막장드라마는 다 사라져야한다!!",
    "date": "14.10.07",
    "rating": "10",
    "author": "ske4****",
    "review_id": "9271514",
    "movie_id": "41325"
  },
  {
    "review": "아 정말 최고의 항공드라마. 국민학교때 보고 이제까지 그 이상의 항공드라마는 없었던거 같다. 다시보면 필름이라 화질이 좋지않은게 넘 아쉽긴 하지만ㅜㅜ 꼭 간직하고 싶은 추억의 명드라마~",
    "date": "14.03.05",
    "rating": "10",
    "author": "leim****",
    "review_id": "8557202",
    "movie_id": "41325"
  },
  {
    "review": "대한민국 항공드라마의 한 획이죠^^",
    "date": "13.02.17",
    "rating": "10",
    "author": "jino****",
    "review_id": "7277352",
    "movie_id": "41325"
  },
  {
    "review": "젊음의 느낌이 물씬 담긴 좋은 드라마 입니다",
    "date": "13.01.16",
    "rating": "10",
    "author": "sjch****",
    "review_id": "7120356",
    "movie_id": "41325"
  },
  {
    "review": "으아...나한테는 아직도 최고인 드라마 ㅠㅠ 어렵게 구해서 컴퓨터 포멧해도..꼭 지키는 드라마ㅜㅜ최고였어요 저한테는",
    "date": "12.08.12",
    "rating": "10",
    "author": "love****",
    "review_id": "6595539",
    "movie_id": "41325"
  },
  {
    "review": "이 드라마 이후 한동안 한국항공대 입시점수가 엄청 상승했다는~",
    "date": "12.08.11",
    "rating": "10",
    "author": "cric****",
    "review_id": "6592891",
    "movie_id": "41325"
  },
  {
    "review": "주제곡은 또렷이 생각난다. 너 떠난 텅빈 활주로에 쏟아지던~~",
    "date": "12.07.16",
    "rating": "7",
    "author": "almo****",
    "review_id": "6484513",
    "movie_id": "41325"
  },
  {
    "review": "이 드라마 보고 파일럿을 꿈 꾸고 에어쇼도 참 많이 다녔었는데..",
    "date": "12.02.20",
    "rating": "10",
    "author": "1718****",
    "review_id": "6089655",
    "movie_id": "41325"
  },
  {
    "review": "음정희씨.. 왜 안나오시지?",
    "date": "11.12.05",
    "rating": "9",
    "author": "tn99****",
    "review_id": "5890136",
    "movie_id": "41325"
  },
  {
    "review": "최고최고",
    "date": "11.11.29",
    "rating": "10",
    "author": "ivys****",
    "review_id": "5878130",
    "movie_id": "41325"
  },
  {
    "review": "저두 고등학교때 참 재밌게 보았던 드라마중 하나여~~",
    "date": "11.11.11",
    "rating": "9",
    "author": "bett****",
    "review_id": "5841801",
    "movie_id": "41325"
  },
  {
    "review": "유치원때본게 아직도 기억에남는다",
    "date": "11.10.18",
    "rating": "10",
    "author": "west****",
    "review_id": "5795704",
    "movie_id": "41325"
  },
  {
    "review": "어렸을때 완전 재밌게 본 드라마",
    "date": "11.09.20",
    "rating": "8",
    "author": "naeg****",
    "review_id": "5742850",
    "movie_id": "41325"
  },
  {
    "review": "나도 이 드라마 때문에 장래희망이 파일럿 이었는데 ㅎㅎ 참 좋아하던 드라마",
    "date": "10.06.10",
    "rating": "10",
    "author": "bysi****",
    "review_id": "4555630",
    "movie_id": "41325"
  },
  {
    "review": "그 당시 동네 초등학생들 장래희망이 뭐냐고 그러면 죄다 파일럿 이라고 했음.",
    "date": "08.01.11",
    "rating": "10",
    "author": "wank****",
    "review_id": "2316102",
    "movie_id": "41325"
  },
  {
    "review": "그 당시 화려한 CG효과 이정도 면 9점 이상도 괜찮다고 생각",
    "date": "06.11.22",
    "rating": "10",
    "author": "poet****",
    "review_id": "1245261",
    "movie_id": "41325"
  },
  {
    "review": "창공하고 비슷한 소재였지",
    "date": "05.12.27",
    "rating": "8",
    "author": "kws7****",
    "review_id": "532636",
    "movie_id": "41325"
  }
]