[
  {
    "review": "종합 평점은 6점 드립니다.",
    "date": "15.08.09",
    "rating": "6",
    "author": "terr****",
    "review_id": "10205500",
    "movie_id": "41334"
  },
  {
    "review": "도대체 이 영화한테 뭘 원한건데????",
    "date": "15.04.30",
    "rating": "9",
    "author": "ggan****",
    "review_id": "9879792",
    "movie_id": "41334"
  },
  {
    "review": "코끼리를 되찾기, 동물애호가, 자연보호주의자 명분으로 사람들을 마구 두들겨패는 영화.",
    "date": "14.12.18",
    "rating": "6",
    "author": "52no****",
    "review_id": "9486506",
    "movie_id": "41334"
  },
  {
    "review": "1편에 비해 좀  허접해졌지만,,  그래도 옹박!!!",
    "date": "14.09.14",
    "rating": "8",
    "author": "fghy****",
    "review_id": "9212233",
    "movie_id": "41334"
  },
  {
    "review": "1편은 신선하고 대단한 액션으로 연출,스토리의 허접함에 입을 다물었지만 이건 좀....그래도 그의 액션에겐 7점을 줄수밖에 없다.",
    "date": "14.08.02",
    "rating": "7",
    "author": "whia****",
    "review_id": "9010268",
    "movie_id": "41334"
  },
  {
    "review": "뼈꺽이는 소리가 들릴때마다 팝콘을  집어던지며 환호하게 될것이다.",
    "date": "14.05.04",
    "rating": "10",
    "author": "cult****",
    "review_id": "8702448",
    "movie_id": "41334"
  },
  {
    "review": "명불허전 토니자 ㅋㅋㅋ",
    "date": "14.05.02",
    "rating": "10",
    "author": "534k****",
    "review_id": "8693341",
    "movie_id": "41334"
  },
  {
    "review": "진심..다시 볼 정도로 액션 너무 좋았어요..2005년 에 맞지않는 시대를 앞서간 무술임..개인적으로 진짜 아끼는 영화 !!",
    "date": "14.04.18",
    "rating": "10",
    "author": "bumj****",
    "review_id": "8657618",
    "movie_id": "41334"
  },
  {
    "review": "이게 어떻게 평점 8점대의 영화지????",
    "date": "14.03.04",
    "rating": "10",
    "author": "sser****",
    "review_id": "8556050",
    "movie_id": "41334"
  },
  {
    "review": "스토리, 캐릭터, 진행, 편집 등은 절망적이지만, 계단에서의 롱테이크 액션과 같이 일단 시작하면 눈을 뗄 수가 없는 놀라운 액션 장면들로 가득하다.",
    "date": "14.02.26",
    "rating": "6",
    "author": "zxc1****",
    "review_id": "8537763",
    "movie_id": "41334"
  },
  {
    "review": "액션 자체는 몹시 뛰어나다.",
    "date": "14.01.17",
    "rating": "7",
    "author": "kxvt****",
    "review_id": "8392251",
    "movie_id": "41334"
  },
  {
    "review": "더 레전드보다 못하다;; 그렇다고 1편보다 재밌지도 않다;; 어설픈 스토리를 넣을 바에는 차라리 묻지마 액션으로 가는게 훨씬 좋았다.",
    "date": "13.11.22",
    "rating": "7",
    "author": "over****",
    "review_id": "8159897",
    "movie_id": "41334"
  },
  {
    "review": "토니쟈가 보여주는 무에타이의 혼과 강력함에 완전 빠져들었음.. 태국이 낳은 최고의 액션배우.. 박수를 보낸다..",
    "date": "13.07.26",
    "rating": "10",
    "author": "taro****",
    "review_id": "7788635",
    "movie_id": "41334"
  },
  {
    "review": "인간은 파괴적인 본능을 충족시켜주는게 정신건강에 좋다고한다. 가끔 본능이 끓어오를때 대리만족용으로 보면됨",
    "date": "13.07.08",
    "rating": "9",
    "author": "hji3****",
    "review_id": "7716393",
    "movie_id": "41334"
  },
  {
    "review": "액션을 보기 위해 감수하는 모든 것이 고역이다",
    "date": "13.06.30",
    "rating": "3",
    "author": "expr****",
    "review_id": "7693630",
    "movie_id": "41334"
  },
  {
    "review": "스토리가 액션의 반만큼만 했어도...",
    "date": "13.05.27",
    "rating": "5",
    "author": "rlag****",
    "review_id": "7557362",
    "movie_id": "41334"
  },
  {
    "review": "너무 좋와요",
    "date": "13.03.26",
    "rating": "10",
    "author": "soun****",
    "review_id": "7413477",
    "movie_id": "41334"
  },
  {
    "review": "진짜 차력사도 울고 갈 놀라운 리얼 쇼라고 해야겠다.",
    "date": "13.02.26",
    "rating": "6",
    "author": "kos4****",
    "review_id": "7303603",
    "movie_id": "41334"
  },
  {
    "review": "돌덩이에 떨어질때 너무 현실같다",
    "date": "13.02.05",
    "rating": "7",
    "author": "jwjw****",
    "review_id": "7226797",
    "movie_id": "41334"
  },
  {
    "review": "액션 수위가 너무 잔인해져서 1편보다 평점 낮게 줌ㅎㅎ",
    "date": "13.01.07",
    "rating": "7",
    "author": "dkwl****",
    "review_id": "7088724",
    "movie_id": "41334"
  },
  {
    "review": "자연을 사랑하는 옹박 열라뽕따이가 열받아 화끈한 액션을 시전하니...원령공주 능가하는 대작으로 탈바꿈한다. 한마디로 따봉",
    "date": "12.12.26",
    "rating": "10",
    "author": "bajj****",
    "review_id": "7050957",
    "movie_id": "41334"
  },
  {
    "review": "액션에 환장함",
    "date": "12.12.23",
    "rating": "10",
    "author": "wwww****",
    "review_id": "7034542",
    "movie_id": "41334"
  },
  {
    "review": "액션하나만큼은 지존",
    "date": "12.08.04",
    "rating": "9",
    "author": "sion****",
    "review_id": "6572088",
    "movie_id": "41334"
  },
  {
    "review": "원에서 넘 잼나게봐서 실망할거같았는데 넘잼있고 액션최고 토니쟈정말최고같다 정말 ㅋㅋ",
    "date": "12.05.19",
    "rating": "10",
    "author": "smi3****",
    "review_id": "6313329",
    "movie_id": "41334"
  },
  {
    "review": "오 굿굿굿 코끼리 죽은거보고 싸울때 감동받음 1보다 더재미잇음",
    "date": "12.05.19",
    "rating": "10",
    "author": "toil****",
    "review_id": "6312378",
    "movie_id": "41334"
  },
  {
    "review": "코끼리가 뭔데 사람을 그마이 죽이냐?? 그거빼곤 멋있다..",
    "date": "12.03.27",
    "rating": "7",
    "author": "hwan****",
    "review_id": "6173815",
    "movie_id": "41334"
  },
  {
    "review": "끝내주는 토나쟈의 액션!!굿~",
    "date": "12.03.22",
    "rating": "10",
    "author": "zmfp****",
    "review_id": "6159929",
    "movie_id": "41334"
  },
  {
    "review": "액션 빼고는...코끼리 밖에 생각안나요ㅜㅜ",
    "date": "12.02.13",
    "rating": "6",
    "author": "asdc****",
    "review_id": "6071597",
    "movie_id": "41334"
  },
  {
    "review": "다양하고,화려하고,화끈한 액션...게다가 리얼하기까지..",
    "date": "12.01.07",
    "rating": "9",
    "author": "jkr2****",
    "review_id": "5968524",
    "movie_id": "41334"
  },
  {
    "review": "최고의 액션영화. 최고의 액션배우 토니 자.",
    "date": "11.12.25",
    "rating": "10",
    "author": "anti****",
    "review_id": "5934646",
    "movie_id": "41334"
  },
  {
    "review": "대박쩐대",
    "date": "11.11.10",
    "rating": "10",
    "author": "dlrh****",
    "review_id": "5840666",
    "movie_id": "41334"
  },
  {
    "review": "옹박과 전혀상관없는 프로텍터..2편도나오는데 우리나라에선 옹박5로나올듯",
    "date": "11.11.03",
    "rating": "6",
    "author": "klk3****",
    "review_id": "5825109",
    "movie_id": "41334"
  },
  {
    "review": "토니자의파격적인액션이돋보였다",
    "date": "11.10.27",
    "rating": "9",
    "author": "kdhm****",
    "review_id": "5813418",
    "movie_id": "41334"
  },
  {
    "review": "멋지다 나선형 계단 액션도 최고",
    "date": "11.08.07",
    "rating": "10",
    "author": "best****",
    "review_id": "5618393",
    "movie_id": "41334"
  },
  {
    "review": "나선형 계단을 올라가는 액션은 환상적, but 후반 뼈부러지는 액션은 과하고 불필요해",
    "date": "11.05.18",
    "rating": "6",
    "author": "sioh****",
    "review_id": "5434118",
    "movie_id": "41334"
  },
  {
    "review": "호주를 질주하듯 토니자의액션은 정말 시원시원했다 최고다!!!",
    "date": "11.04.28",
    "rating": "10",
    "author": "gktj****",
    "review_id": "5395727",
    "movie_id": "41334"
  },
  {
    "review": "1편보다 멋진듯 하다. 특히 계단올라가면서 한컷에 잡은거 인상적임",
    "date": "11.04.02",
    "rating": "9",
    "author": "kaws****",
    "review_id": "5347971",
    "movie_id": "41334"
  },
  {
    "review": "옹박보다 못하지 않다 초반부 코끼리들과 찍은 영상들 정말 멋있다.",
    "date": "11.03.17",
    "rating": "10",
    "author": "pp0p****",
    "review_id": "5317707",
    "movie_id": "41334"
  },
  {
    "review": "어차피, 두들기고 날리는 거 볼려고 했잖아... ㅋ ^^",
    "date": "10.12.19",
    "rating": "7",
    "author": "pure****",
    "review_id": "5066559",
    "movie_id": "41334"
  },
  {
    "review": "액션 하나 만큼은 최고다 PURE 그 자체! 관절이 꺾이고 뼈가 부러지는 효과음도 최고!",
    "date": "10.11.13",
    "rating": "10",
    "author": "stur****",
    "review_id": "4955988",
    "movie_id": "41334"
  },
  {
    "review": "역시 멋진 순수 액션",
    "date": "10.09.27",
    "rating": "9",
    "author": "yser****",
    "review_id": "4872766",
    "movie_id": "41334"
  },
  {
    "review": "토니쟈는 인간이 아니다. <옹박1>과 이 영화에서만.",
    "date": "10.09.08",
    "rating": "8",
    "author": "2019****",
    "review_id": "4823090",
    "movie_id": "41334"
  },
  {
    "review": "부제는 \"잃어버린 코끼리를 찾아서\"로 했어야",
    "date": "10.09.01",
    "rating": "2",
    "author": "ccpk****",
    "review_id": "4810897",
    "movie_id": "41334"
  },
  {
    "review": "역션은 전작에 이어 꽤 하지만 스토리가 암담하다",
    "date": "10.09.01",
    "rating": "2",
    "author": "rame****",
    "review_id": "4810896",
    "movie_id": "41334"
  },
  {
    "review": "액션은 여전하지만 이미 한번 맛본거라 감흥은 별로",
    "date": "10.09.01",
    "rating": "2",
    "author": "kpcc****",
    "review_id": "4810893",
    "movie_id": "41334"
  },
  {
    "review": "토니쟈 스타일의 액션영화가 많이 나왔으면 좋겠다. 정말 최고 !",
    "date": "10.08.09",
    "rating": "10",
    "author": "etes****",
    "review_id": "4727137",
    "movie_id": "41334"
  },
  {
    "review": "액션은 니가 진짜 짱인데 성룡, 이연걸이 그리워 진다.",
    "date": "10.08.07",
    "rating": "7",
    "author": "rosn****",
    "review_id": "4716842",
    "movie_id": "41334"
  },
  {
    "review": "최고의 액션영화!!",
    "date": "10.08.05",
    "rating": "10",
    "author": "dndk****",
    "review_id": "4711680",
    "movie_id": "41334"
  },
  {
    "review": "중간에 한국인 나오네",
    "date": "10.07.16",
    "rating": "7",
    "author": "jeru****",
    "review_id": "4644681",
    "movie_id": "41334"
  },
  {
    "review": "역시 최고...토니 자",
    "date": "10.06.07",
    "rating": "9",
    "author": "marc****",
    "review_id": "4550770",
    "movie_id": "41334"
  },
  {
    "review": "Tony Jaa 그의 액션은 차원이 다르다.. 액션만으로도 대만족!!",
    "date": "10.02.03",
    "rating": "8",
    "author": "aset****",
    "review_id": "4242054",
    "movie_id": "41334"
  },
  {
    "review": "역시 캄은 개쌤ㅋㅋㅋㅋ",
    "date": "10.01.27",
    "rating": "9",
    "author": "cho1****",
    "review_id": "4212902",
    "movie_id": "41334"
  },
  {
    "review": "무에타이의후예보다 그나마도 낮다..^",
    "date": "09.12.27",
    "rating": "9",
    "author": "ck08****",
    "review_id": "4094559",
    "movie_id": "41334"
  },
  {
    "review": "태국청년의 코끼리 되찾기 대소동",
    "date": "09.12.19",
    "rating": "8",
    "author": "dudg****",
    "review_id": "4057574",
    "movie_id": "41334"
  },
  {
    "review": "액션만큼은 인정!",
    "date": "09.10.27",
    "rating": "8",
    "author": "rlad****",
    "review_id": "3918684",
    "movie_id": "41334"
  },
  {
    "review": "원인은 이상하지만 액션은 최고",
    "date": "09.10.04",
    "rating": "8",
    "author": "sscx****",
    "review_id": "3871821",
    "movie_id": "41334"
  },
  {
    "review": "제목을 왜 이걸로했냐..이것은 사실 2탄이 아님",
    "date": "09.09.30",
    "rating": "7",
    "author": "bkm1****",
    "review_id": "3861929",
    "movie_id": "41334"
  },
  {
    "review": "액션은 좋았지만 중간에 한국나오는장면하고 수입사들 제목 바꿔서 별로임..",
    "date": "09.09.27",
    "rating": "7",
    "author": "bkm1****",
    "review_id": "3853649",
    "movie_id": "41334"
  },
  {
    "review": "춤추는 호두까기인형의 현란한 골절쇼~ 내코끼리내놔! 우두두둑~ 내코끼리내놔!",
    "date": "09.09.15",
    "rating": "8",
    "author": "heod****",
    "review_id": "3832869",
    "movie_id": "41334"
  },
  {
    "review": "옹박1  젤낫고 그다음",
    "date": "09.09.09",
    "rating": "6",
    "author": "tjsd****",
    "review_id": "3820280",
    "movie_id": "41334"
  },
  {
    "review": "토니자는 역시 무적이다 액션좋고 코끼리 너무 불쌍하다 그래도 거인과싸우는건 명작",
    "date": "09.08.10",
    "rating": "9",
    "author": "rkdw****",
    "review_id": "3734011",
    "movie_id": "41334"
  },
  {
    "review": "정말멋있다ㅋㅋ 토니쟈짱임 액션대박 ㅋ",
    "date": "09.07.30",
    "rating": "10",
    "author": "sllk****",
    "review_id": "3684012",
    "movie_id": "41334"
  },
  {
    "review": "볼수록 시원시원한 영화",
    "date": "09.06.09",
    "rating": "9",
    "author": "kygo****",
    "review_id": "3554935",
    "movie_id": "41334"
  },
  {
    "review": "짜증을 유발하는 영화.",
    "date": "09.06.09",
    "rating": "6",
    "author": "dlwo****",
    "review_id": "3554804",
    "movie_id": "41334"
  },
  {
    "review": "액션은 화려하고, 액션은 화려하다.",
    "date": "09.06.05",
    "rating": "7",
    "author": "mem9****",
    "review_id": "3544939",
    "movie_id": "41334"
  },
  {
    "review": "스토리는 묻지말고 액션만 봐달라고",
    "date": "09.05.23",
    "rating": "5",
    "author": "dizi****",
    "review_id": "3517074",
    "movie_id": "41334"
  },
  {
    "review": "액션은 끝내즌다.",
    "date": "09.05.17",
    "rating": "10",
    "author": "csl0****",
    "review_id": "3503455",
    "movie_id": "41334"
  },
  {
    "review": "많이 아쉽지만 액션은 굿~!ㅋㅋ",
    "date": "09.05.17",
    "rating": "8",
    "author": "sung****",
    "review_id": "3502783",
    "movie_id": "41334"
  },
  {
    "review": "멋진 그대~",
    "date": "09.04.28",
    "rating": "10",
    "author": "pdj9****",
    "review_id": "3447176",
    "movie_id": "41334"
  },
  {
    "review": "액션신은 정말.. 스토리 부족함을 채워준 액션",
    "date": "09.04.06",
    "rating": "8",
    "author": "ldy6****",
    "review_id": "3408079",
    "movie_id": "41334"
  },
  {
    "review": "원래 제목에 낚이면 평점이 낮아지는데..이건 낮게 줄수가 없어!! 최고야!!",
    "date": "09.04.04",
    "rating": "10",
    "author": "outs****",
    "review_id": "3404009",
    "movie_id": "41334"
  },
  {
    "review": "아기 코끼리가 연기를 제일 잘하네요~~",
    "date": "09.03.28",
    "rating": "1",
    "author": "nagg****",
    "review_id": "3391462",
    "movie_id": "41334"
  },
  {
    "review": "굿",
    "date": "09.03.24",
    "rating": "10",
    "author": "yjew****",
    "review_id": "3385132",
    "movie_id": "41334"
  },
  {
    "review": "코끼리에서 뛰어내리는 모습이 너무 멋져. 스토리부족을 액션으로 보완했군.",
    "date": "09.03.21",
    "rating": "9",
    "author": "skss****",
    "review_id": "3378881",
    "movie_id": "41334"
  },
  {
    "review": "스토리는 흠이지만 토니자의 액션은 정말 최고!!! 초강추 액션 영화!!!",
    "date": "09.03.19",
    "rating": "8",
    "author": "jow9****",
    "review_id": "3375641",
    "movie_id": "41334"
  },
  {
    "review": "마자요 이런영화 스토리 좋아서 머함 ㅋㅋ 액션이 환상적!!",
    "date": "09.03.05",
    "rating": "10",
    "author": "thdw****",
    "review_id": "3347533",
    "movie_id": "41334"
  },
  {
    "review": "스토리전개가 억지스럽다고한놈들아 이런영화는 액션만보는거야 멍청한놈들 ㅋ",
    "date": "09.02.23",
    "rating": "10",
    "author": "sein****",
    "review_id": "3326472",
    "movie_id": "41334"
  },
  {
    "review": "C O O L ~ ★",
    "date": "09.02.04",
    "rating": "10",
    "author": "kore****",
    "review_id": "3277849",
    "movie_id": "41334"
  },
  {
    "review": "1보다 더 스릴 있어졌습니다.",
    "date": "09.02.03",
    "rating": "10",
    "author": "dong****",
    "review_id": "3274494",
    "movie_id": "41334"
  },
  {
    "review": "1편하고 뭔가 다른걸 원했는데 너무 똑같네요",
    "date": "09.01.30",
    "rating": "7",
    "author": "tltl****",
    "review_id": "3263067",
    "movie_id": "41334"
  },
  {
    "review": "그냥 1편하고 비슷하네요..",
    "date": "09.01.24",
    "rating": "7",
    "author": "jkh0****",
    "review_id": "3243491",
    "movie_id": "41334"
  },
  {
    "review": "볼만 합네다?내용은 별로지만 액션하나는 수준급!토니횽 쩌러!",
    "date": "09.01.09",
    "rating": "9",
    "author": "capg****",
    "review_id": "3204491",
    "movie_id": "41334"
  },
  {
    "review": "스토리는 별로라쳐도 액션은 무시할수없죠.",
    "date": "09.01.03",
    "rating": "10",
    "author": "lees****",
    "review_id": "3183681",
    "movie_id": "41334"
  },
  {
    "review": "액션이 신들렸더라.. 내용은 무시하고 액션만 보라!",
    "date": "08.12.29",
    "rating": "10",
    "author": "dnsq****",
    "review_id": "3162807",
    "movie_id": "41334"
  },
  {
    "review": "빡빡이 빼고 연기 잘하네 ㄷㄷ 코끼리 연기쩌러",
    "date": "08.11.17",
    "rating": "10",
    "author": "mous****",
    "review_id": "3055771",
    "movie_id": "41334"
  },
  {
    "review": "토니쟈 진짜 멋있다 영화도 잼고 짱!",
    "date": "08.10.22",
    "rating": "10",
    "author": "dpdl****",
    "review_id": "3013152",
    "movie_id": "41334"
  },
  {
    "review": "아쉽게도 소름끼치는 액션의 절정이지만 액션을 빼면 시체다",
    "date": "08.10.09",
    "rating": "4",
    "author": "si2p****",
    "review_id": "2990750",
    "movie_id": "41334"
  },
  {
    "review": "멋지더군....",
    "date": "08.10.04",
    "rating": "10",
    "author": "rkdf****",
    "review_id": "2982435",
    "movie_id": "41334"
  },
  {
    "review": "괜찮게 본 기억",
    "date": "08.09.30",
    "rating": "8",
    "author": "dy23****",
    "review_id": "2976650",
    "movie_id": "41334"
  },
  {
    "review": "확실한 임팩트가 있다. 무릎과 팔꿈치 찍기가 뇌리에 박힌다.",
    "date": "08.09.09",
    "rating": "8",
    "author": "jere****",
    "review_id": "2931483",
    "movie_id": "41334"
  },
  {
    "review": "꺾이고 부러지고 비트는 소리가 비명과 함께 어우러져 흥겨운 음악을 듣는 것 같았다.",
    "date": "08.09.01",
    "rating": "10",
    "author": "kwon****",
    "review_id": "2916859",
    "movie_id": "41334"
  },
  {
    "review": "정신 빼놓고 보기엔 최고! 액션영화가 이래야 액션영화지!",
    "date": "08.08.21",
    "rating": "10",
    "author": "hanh****",
    "review_id": "2892140",
    "movie_id": "41334"
  },
  {
    "review": "로그인하게 만들다니...",
    "date": "08.08.11",
    "rating": "10",
    "author": "ehgu****",
    "review_id": "2862970",
    "movie_id": "41334"
  },
  {
    "review": "전형적인 권선징악의 오락영화.",
    "date": "08.07.22",
    "rating": "7",
    "author": "skfk****",
    "review_id": "2793787",
    "movie_id": "41334"
  },
  {
    "review": "전편에서 이미 맛봐서 무에타이 액션 보는 감흥은 줄었다. 스토리는 더욱 처참해졌다",
    "date": "08.07.21",
    "rating": "4",
    "author": "ccpk****",
    "review_id": "2790513",
    "movie_id": "41334"
  },
  {
    "review": "코끼리를 위해 자신을 태우는 남자..이제 토니자의 세상이 왔다..감동",
    "date": "08.06.01",
    "rating": "10",
    "author": "caso****",
    "review_id": "2675327",
    "movie_id": "41334"
  },
  {
    "review": "코끼리 찾아 먼길 떠난 토니 쟈의 판타스틱 일당백 액션",
    "date": "08.05.24",
    "rating": "7",
    "author": "uds0****",
    "review_id": "2660700",
    "movie_id": "41334"
  },
  {
    "review": "옹박은 아닌데;;;;저정도 맞으면 죽는데;;;;",
    "date": "08.05.20",
    "rating": "7",
    "author": "nba1****",
    "review_id": "2653180",
    "movie_id": "41334"
  },
  {
    "review": "너무 잘봤습니다. ㅎㅎㅎㅎ",
    "date": "08.05.15",
    "rating": "10",
    "author": "gcv9****",
    "review_id": "2642525",
    "movie_id": "41334"
  },
  {
    "review": "재밋어어어 ㅠㅠㅠㅠㅠㅠㅠㅠㅠㅠㅠㅠㅠㅠㅠㅠㅠㅠㅠ 처음부터 끝까지 쩔어 재밋어!!",
    "date": "08.05.12",
    "rating": "10",
    "author": "dont****",
    "review_id": "2635395",
    "movie_id": "41334"
  }
]