[
  {
    "review": "내 인생 최악의 영화, 영화 마케팅의 성공작...  평점 0.5 가 없어서 아쉽다...",
    "date": "15.05.20",
    "rating": "1",
    "author": "neot****",
    "review_id": "9933683",
    "movie_id": "41340"
  },
  {
    "review": "이런 성인 코미디도 드물듯.",
    "date": "15.03.14",
    "rating": "4",
    "author": "ogr5****",
    "review_id": "9780814",
    "movie_id": "41340"
  },
  {
    "review": "진짜 볼 게 없어서 킬링타임용으로 극장에서 본 최악의 영화. 베드신 외에는 기억에 전혀 남는 것이 없는 듯",
    "date": "15.02.21",
    "rating": "1",
    "author": "jjaj****",
    "review_id": "9720876",
    "movie_id": "41340"
  },
  {
    "review": "나원;;; 공포택시 이후로 이렇게 공포스럽게 재미없는 영화 처음본다 ㄷㄷㄷ",
    "date": "15.02.07",
    "rating": "1",
    "author": "kkt1****",
    "review_id": "9674535",
    "movie_id": "41340"
  },
  {
    "review": "음...뭐지...?? 뭘까요..??",
    "date": "15.01.11",
    "rating": "3",
    "author": "do11****",
    "review_id": "9582536",
    "movie_id": "41340"
  },
  {
    "review": "너무이뻐요 매력적이예요?",
    "date": "14.12.06",
    "rating": "10",
    "author": "hjhn****",
    "review_id": "9450599",
    "movie_id": "41340"
  },
  {
    "review": "대중 영화라고 하기엔 관객의 기대를 완벽하게 배신하고, 예술 영화라고 하기엔 너무나 싸구려에 얄팍하다. 남는 건 짜증날 정도의 어이없음과 지루함뿐이다.",
    "date": "14.08.20",
    "rating": "2",
    "author": "zxc1****",
    "review_id": "9114697",
    "movie_id": "41340"
  },
  {
    "review": "어린 것들이 영화를 보니 평점이 이모양이지. 정말 웃기는 영화. ㅎㅎㅎ",
    "date": "14.06.27",
    "rating": "10",
    "author": "rham****",
    "review_id": "8861811",
    "movie_id": "41340"
  },
  {
    "review": "노출빼곤 볼게없는 영화.장르가 코미디인데 에로쪽이 더 많음.벗는 다고 수고했으니 5점.",
    "date": "14.05.02",
    "rating": "5",
    "author": "a109****",
    "review_id": "8691180",
    "movie_id": "41340"
  },
  {
    "review": "감독님 이름이 이하..",
    "date": "14.04.09",
    "rating": "1",
    "author": "jms5****",
    "review_id": "8637585",
    "movie_id": "41340"
  },
  {
    "review": "이거 예전에 극장에서 돈주고 봤느데...",
    "date": "14.02.01",
    "rating": "2",
    "author": "qkqh****",
    "review_id": "8457692",
    "movie_id": "41340"
  },
  {
    "review": "이 영화 레알 쓰레기. 진심 돈 아깝다. 여교수의 은밀한 매력 같은거 없다.",
    "date": "14.01.28",
    "rating": "1",
    "author": "focu****",
    "review_id": "8440932",
    "movie_id": "41340"
  },
  {
    "review": "이 영화본지 꽤 지났지만 아직도 분하다 내 인생 최악쓰레기 영화",
    "date": "14.01.16",
    "rating": "1",
    "author": "ekzk****",
    "review_id": "8388458",
    "movie_id": "41340"
  },
  {
    "review": "그냥 문소리의 미끈한 다리만 매력적인 영화",
    "date": "13.11.26",
    "rating": "5",
    "author": "lees****",
    "review_id": "8169252",
    "movie_id": "41340"
  },
  {
    "review": "딴 거 다 떠나서 일단 재미가 드럽게 없다",
    "date": "13.11.12",
    "rating": "2",
    "author": "mojo****",
    "review_id": "8134378",
    "movie_id": "41340"
  },
  {
    "review": "꽤 감각적인 플롯...",
    "date": "13.10.01",
    "rating": "6",
    "author": "olll****",
    "review_id": "8024916",
    "movie_id": "41340"
  },
  {
    "review": "오묘하고 쌩뚱맞은 코믹함이 스타일이구 컨셉인데 잼있는구석도 있다만 보다보면 지루하고 짜증나기도... 그냥 괜찮게 볼만했음. 1점준 애들은 극중 유교수같은 스타일애들일듯 ㅋ",
    "date": "13.08.05",
    "rating": "7",
    "author": "kis5****",
    "review_id": "7844982",
    "movie_id": "41340"
  },
  {
    "review": "같은거 없다",
    "date": "13.06.20",
    "rating": "1",
    "author": "sh15****",
    "review_id": "7658819",
    "movie_id": "41340"
  },
  {
    "review": "하아....",
    "date": "13.06.20",
    "rating": "1",
    "author": "shsh****",
    "review_id": "7658780",
    "movie_id": "41340"
  },
  {
    "review": "여교수의 은밀한 매력이 없었다",
    "date": "13.06.13",
    "rating": "1",
    "author": "iiii****",
    "review_id": "7634653",
    "movie_id": "41340"
  },
  {
    "review": "이딴 영화를 돈주고 보는 인간들이있다니",
    "date": "13.04.23",
    "rating": "1",
    "author": "ske4****",
    "review_id": "7477120",
    "movie_id": "41340"
  },
  {
    "review": "나이 먹어서 다시 보니 정말 재밌네요.  문소리 역시 최곱니다.",
    "date": "12.12.29",
    "rating": "8",
    "author": "jumy****",
    "review_id": "7058374",
    "movie_id": "41340"
  },
  {
    "review": "굿",
    "date": "12.10.17",
    "rating": "10",
    "author": "choi****",
    "review_id": "6807375",
    "movie_id": "41340"
  },
  {
    "review": "내 평생 영화 중간에 나가는 관객이 제일 많았던 영화..",
    "date": "12.08.27",
    "rating": "1",
    "author": "chch****",
    "review_id": "6648762",
    "movie_id": "41340"
  },
  {
    "review": "은밀한건 둘째치고 일단 매력이 없다",
    "date": "12.08.26",
    "rating": "1",
    "author": "danz****",
    "review_id": "6645735",
    "movie_id": "41340"
  },
  {
    "review": "재미있다. 바 닷가에 서있는 첫장면은 너무 쎅시하다.  다시봤다 문소리, 역시 대단하다.",
    "date": "12.08.17",
    "rating": "8",
    "author": "jjke****",
    "review_id": "6616348",
    "movie_id": "41340"
  },
  {
    "review": "무슨 내용인지 도무지 알 수 없다",
    "date": "12.06.27",
    "rating": "1",
    "author": "toto****",
    "review_id": "6419840",
    "movie_id": "41340"
  },
  {
    "review": "속내를 들켜 부끄러운 자들 이영화에 돌을 던지며 1점을 뿌려대는구나",
    "date": "12.06.17",
    "rating": "10",
    "author": "moon****",
    "review_id": "6399330",
    "movie_id": "41340"
  },
  {
    "review": "눈 버렸다.",
    "date": "12.06.15",
    "rating": "1",
    "author": "kimd****",
    "review_id": "6393099",
    "movie_id": "41340"
  },
  {
    "review": "ㅄ같다 ㄹㅇ",
    "date": "12.06.13",
    "rating": "1",
    "author": "naeg****",
    "review_id": "6388754",
    "movie_id": "41340"
  },
  {
    "review": "세상살기 쉬운법",
    "date": "12.06.01",
    "rating": "8",
    "author": "sega****",
    "review_id": "6354974",
    "movie_id": "41340"
  },
  {
    "review": "난영화괜찮앗는데 평점보고 깜짝놀람.. 더 잘만들수잇엇는데 아쉬움이 남는영화",
    "date": "12.05.02",
    "rating": "7",
    "author": "tlnt****",
    "review_id": "6264413",
    "movie_id": "41340"
  },
  {
    "review": "졸라 재밌게 봤다....상류층이든 중산층이든 하류층이든...하는 짓거리는 다 똑 같애!",
    "date": "12.04.27",
    "rating": "9",
    "author": "ckrk****",
    "review_id": "6250097",
    "movie_id": "41340"
  },
  {
    "review": "답이 없다..",
    "date": "12.03.21",
    "rating": "1",
    "author": "kimb****",
    "review_id": "6159263",
    "movie_id": "41340"
  },
  {
    "review": "그래도 설마설마 하면서 봤는데 이게 뭔가..참 무례하다.",
    "date": "12.03.09",
    "rating": "1",
    "author": "tend****",
    "review_id": "6132844",
    "movie_id": "41340"
  },
  {
    "review": "이영화의 의미는 없다..3점을 준점은 등장인물의 샷이다..기타도 다케시 모방?",
    "date": "12.02.27",
    "rating": "3",
    "author": "thra****",
    "review_id": "6107624",
    "movie_id": "41340"
  },
  {
    "review": "낚시도 이런 낚시가 없지만 왜 구지 영화선정을 이렇게 한건지 이해안가네ㅡㅡ;;",
    "date": "12.02.19",
    "rating": "1",
    "author": "kbd6****",
    "review_id": "6087193",
    "movie_id": "41340"
  },
  {
    "review": "다세포소녀가 왜 빠져있어? 그만큼 정 들었는데",
    "date": "12.02.15",
    "rating": "1",
    "author": "mey4****",
    "review_id": "6076391",
    "movie_id": "41340"
  },
  {
    "review": "이 영화 멉니까 이영화 나빠요~",
    "date": "12.02.04",
    "rating": "1",
    "author": "blue****",
    "review_id": "6052193",
    "movie_id": "41340"
  },
  {
    "review": "빗나간 총알, 그래도 위협적이다",
    "date": "12.01.22",
    "rating": "5",
    "author": "miga****",
    "review_id": "6010124",
    "movie_id": "41340"
  },
  {
    "review": "사이비목사 신도들은 많고 진실한 목사 설교는 듣기 싫어한다",
    "date": "11.12.27",
    "rating": "10",
    "author": "zapp****",
    "review_id": "5939415",
    "movie_id": "41340"
  },
  {
    "review": "음... 작정하다.",
    "date": "11.10.26",
    "rating": "1",
    "author": "pria****",
    "review_id": "5810679",
    "movie_id": "41340"
  },
  {
    "review": "혼자 감당하기 어려운 영화..너무 재밌어서 폭주할지 모르니까 말리는 사람 필요",
    "date": "11.07.26",
    "rating": "1",
    "author": "jung****",
    "review_id": "5570193",
    "movie_id": "41340"
  },
  {
    "review": "지진희를 좋아해서 봤지만, 대체 뭘 말하고 싶은거야..",
    "date": "11.07.03",
    "rating": "1",
    "author": "basi****",
    "review_id": "5520222",
    "movie_id": "41340"
  },
  {
    "review": "한국형 블랙코미디의 진수. 손발이 오그라드는 찌질함의 미학",
    "date": "11.06.03",
    "rating": "10",
    "author": "hard****",
    "review_id": "5461464",
    "movie_id": "41340"
  },
  {
    "review": "ㅋㅋ 쓰레기.ㅋㅋㅋㅋ",
    "date": "11.05.15",
    "rating": "1",
    "author": "hiph****",
    "review_id": "5430230",
    "movie_id": "41340"
  },
  {
    "review": "여교수의 은밀한 매력..은 없었다..",
    "date": "11.05.01",
    "rating": "1",
    "author": "tn99****",
    "review_id": "5401173",
    "movie_id": "41340"
  },
  {
    "review": "천박한 천민 자본주의를 생각해보자...우리의 허위의식/ 통일되면 동, 서로 갈라..",
    "date": "11.04.06",
    "rating": "10",
    "author": "coul****",
    "review_id": "5356890",
    "movie_id": "41340"
  },
  {
    "review": "내 인생 최약의 영화. 별 반 개도 아까움.",
    "date": "11.02.21",
    "rating": "1",
    "author": "seno****",
    "review_id": "5262095",
    "movie_id": "41340"
  },
  {
    "review": "쓰레긔",
    "date": "11.02.21",
    "rating": "1",
    "author": "pott****",
    "review_id": "5262079",
    "movie_id": "41340"
  },
  {
    "review": "감독이 관객에게 보여주려는 에로틱함은 없었다 캐릭터가 문소리하고 너무 안어울림",
    "date": "11.01.17",
    "rating": "4",
    "author": "foun****",
    "review_id": "5163786",
    "movie_id": "41340"
  },
  {
    "review": "도대체 뭐냐 이건?",
    "date": "11.01.10",
    "rating": "1",
    "author": "snip****",
    "review_id": "5148506",
    "movie_id": "41340"
  },
  {
    "review": "처음으로 극장서 영화보다 중간에 나왔다...휴.............",
    "date": "10.11.13",
    "rating": "2",
    "author": "csy2****",
    "review_id": "4957718",
    "movie_id": "41340"
  },
  {
    "review": "이거 개봉 당시 100일휴가 나와서 봤는데 먹고있었던 팝콘과 콜라를 집어던짐~!",
    "date": "10.10.12",
    "rating": "2",
    "author": "woos****",
    "review_id": "4899096",
    "movie_id": "41340"
  },
  {
    "review": "아쉽네요.대작이 될 수 있었는데..완성도가 조금 떨어지는 느낌입니다..뭔가 빠진느낌",
    "date": "10.10.08",
    "rating": "7",
    "author": "77ji****",
    "review_id": "4891012",
    "movie_id": "41340"
  },
  {
    "review": "나름 무게가 있는 영화다.",
    "date": "10.09.24",
    "rating": "5",
    "author": "marc****",
    "review_id": "4863773",
    "movie_id": "41340"
  },
  {
    "review": "이하가만든 수준이하의 영화",
    "date": "10.08.14",
    "rating": "1",
    "author": "rosu****",
    "review_id": "4745418",
    "movie_id": "41340"
  },
  {
    "review": "포스터부터 맘에 안든다. 지진희 좋아하는데.. 젠장",
    "date": "10.07.26",
    "rating": "2",
    "author": "ekdn****",
    "review_id": "4674830",
    "movie_id": "41340"
  },
  {
    "review": "에로용으로도 못 쓰는 영화",
    "date": "10.07.23",
    "rating": "1",
    "author": "qudr****",
    "review_id": "4664543",
    "movie_id": "41340"
  },
  {
    "review": "마지막 문소리의 시낭송 압권 나의 몸은 붉은 꽃 !!!",
    "date": "10.07.04",
    "rating": "10",
    "author": "bvin****",
    "review_id": "4611839",
    "movie_id": "41340"
  },
  {
    "review": "주제와 메시지가 뚜렷하고 문소리와 지진희의 호연또한 좋지만 전체적으로 재미없다;",
    "date": "10.06.30",
    "rating": "7",
    "author": "brig****",
    "review_id": "4600961",
    "movie_id": "41340"
  },
  {
    "review": "이렇게좋은소재로이렇게좋은배우로이거밖에못만드는게신기할정도.배우가불쌍.",
    "date": "10.06.24",
    "rating": "3",
    "author": "dear****",
    "review_id": "4588559",
    "movie_id": "41340"
  },
  {
    "review": "되게 특이한 블랙코미디ㅋㅋ 영화적 재미는 살짝 아쉽다..",
    "date": "10.06.20",
    "rating": "7",
    "author": "lee7****",
    "review_id": "4580238",
    "movie_id": "41340"
  },
  {
    "review": "흥행도 망하고, 평도 망하고, 그렇다고 문소리는 섹시하지도 못하고.. 개망작.",
    "date": "10.06.03",
    "rating": "1",
    "author": "redo****",
    "review_id": "4541326",
    "movie_id": "41340"
  },
  {
    "review": "제목 때매 낚여 본 사람들은 불쌍하다.",
    "date": "10.05.24",
    "rating": "9",
    "author": "rltm****",
    "review_id": "4521026",
    "movie_id": "41340"
  },
  {
    "review": "무언가 통렬히 꼬집어주는게 있는듯한 쌈마이 블랙코미디",
    "date": "10.04.21",
    "rating": "6",
    "author": "jk_g****",
    "review_id": "4446118",
    "movie_id": "41340"
  },
  {
    "review": "2점대 한 번 가보자^^",
    "date": "10.04.19",
    "rating": "1",
    "author": "swee****",
    "review_id": "4443584",
    "movie_id": "41340"
  },
  {
    "review": "아이참.",
    "date": "10.04.09",
    "rating": "1",
    "author": "cyo1****",
    "review_id": "4421847",
    "movie_id": "41340"
  },
  {
    "review": "이거 군대에서 봤는데, 끝나고 비됴빌려온 소대장이 부대원들한테 미안하다고 사과함",
    "date": "10.02.28",
    "rating": "1",
    "author": "kyle****",
    "review_id": "4324337",
    "movie_id": "41340"
  },
  {
    "review": "재미있었고 신선했음.... 지진희연기너무좋아>_< 단지,, 야하기만한 포스터가 에러!",
    "date": "10.02.25",
    "rating": "10",
    "author": "juck****",
    "review_id": "4316223",
    "movie_id": "41340"
  },
  {
    "review": "한복입고 나오는 선생, 예전 담임같다 OOO",
    "date": "10.02.19",
    "rating": "1",
    "author": "capc****",
    "review_id": "4300828",
    "movie_id": "41340"
  },
  {
    "review": "재미도 없지만 사람 기분나쁘게 하는 영화",
    "date": "10.02.19",
    "rating": "1",
    "author": "nomo****",
    "review_id": "4300825",
    "movie_id": "41340"
  },
  {
    "review": "토할 거 같은 저질영화 ㅉㅉ",
    "date": "10.01.31",
    "rating": "1",
    "author": "dark****",
    "review_id": "4229362",
    "movie_id": "41340"
  },
  {
    "review": "평점이 왜 이렇게 낮죠? 괜찮은 영화인 것 같은데 8점 정도가 맞을 것 같네요",
    "date": "10.01.15",
    "rating": "10",
    "author": "lovh****",
    "review_id": "4171983",
    "movie_id": "41340"
  },
  {
    "review": "어떻게이작품의평점이낮나 이건프랑스같으면9점짜리다",
    "date": "09.12.27",
    "rating": "10",
    "author": "siny****",
    "review_id": "4093143",
    "movie_id": "41340"
  },
  {
    "review": "문소리, 지진희는 왜 이영화를 찍었을까?",
    "date": "09.12.21",
    "rating": "1",
    "author": "kahl****",
    "review_id": "4068085",
    "movie_id": "41340"
  },
  {
    "review": "미스트처럼 이 영화도 관객을 걸러주는 체인듯... 정말 많은 생각을 하게해주는 영화",
    "date": "09.11.14",
    "rating": "10",
    "author": "bong****",
    "review_id": "3961002",
    "movie_id": "41340"
  },
  {
    "review": "1점도 과분하다.. 최악의 한국영화",
    "date": "09.11.07",
    "rating": "1",
    "author": "goms****",
    "review_id": "3942799",
    "movie_id": "41340"
  },
  {
    "review": "다리",
    "date": "09.10.28",
    "rating": "10",
    "author": "shel****",
    "review_id": "3921348",
    "movie_id": "41340"
  },
  {
    "review": "이하감독 주목할만하다. 괜객에 수준이 따라오지 못하는게 아쉬울뿐",
    "date": "09.10.20",
    "rating": "9",
    "author": "oioi****",
    "review_id": "3904727",
    "movie_id": "41340"
  },
  {
    "review": "0점은 없나? 완전 어이상실 망작1위추천",
    "date": "09.10.18",
    "rating": "1",
    "author": "jeon****",
    "review_id": "3899748",
    "movie_id": "41340"
  },
  {
    "review": "보는내내 지루했다 나와 맞지않은 영화라서 그런가보다..",
    "date": "09.10.07",
    "rating": "3",
    "author": "fifa****",
    "review_id": "3878616",
    "movie_id": "41340"
  },
  {
    "review": "솔직히 이 정도 평점은 아니다...",
    "date": "09.09.10",
    "rating": "10",
    "author": "hitr****",
    "review_id": "3822579",
    "movie_id": "41340"
  },
  {
    "review": "2점대로 가자... 매력 어딨니??",
    "date": "09.09.03",
    "rating": "1",
    "author": "z150****",
    "review_id": "3808808",
    "movie_id": "41340"
  },
  {
    "review": "나름대로 볼만하던데 ㅋㅋㅋ",
    "date": "09.08.25",
    "rating": "7",
    "author": "yimd****",
    "review_id": "3788125",
    "movie_id": "41340"
  },
  {
    "review": "탁월한 소재, 소통이 부재, 그래서 별 다섯 개 .",
    "date": "09.08.25",
    "rating": "10",
    "author": "s010****",
    "review_id": "3786741",
    "movie_id": "41340"
  },
  {
    "review": "전혀 은밀하지 않다",
    "date": "09.08.19",
    "rating": "1",
    "author": "pki3****",
    "review_id": "3768521",
    "movie_id": "41340"
  },
  {
    "review": "나름대로의 독특한 매력이 장점이지만, 덕분에 외면받기 쉽겠구나.",
    "date": "09.08.04",
    "rating": "6",
    "author": "6041****",
    "review_id": "3705511",
    "movie_id": "41340"
  },
  {
    "review": "영화가 끝남을 알았을때 나도모르게 아이 ㅅㅂ 진짜",
    "date": "09.08.03",
    "rating": "1",
    "author": "juen****",
    "review_id": "3703446",
    "movie_id": "41340"
  },
  {
    "review": "수준이하.. 그나마 다세포보다는 낫다 ㅡㅡ;",
    "date": "09.07.27",
    "rating": "2",
    "author": "oooo****",
    "review_id": "3675582",
    "movie_id": "41340"
  },
  {
    "review": "이 영화를 본것 자체가 실수다",
    "date": "09.07.21",
    "rating": "1",
    "author": "doub****",
    "review_id": "3654136",
    "movie_id": "41340"
  },
  {
    "review": "지루하나, 영화의 은밀한 매력은 있다. 그리고 \"문소리, 님의 Body 만점!",
    "date": "09.07.21",
    "rating": "5",
    "author": "moir****",
    "review_id": "3653193",
    "movie_id": "41340"
  },
  {
    "review": "이정도 평점받을 영화는 아님",
    "date": "09.07.19",
    "rating": "10",
    "author": "posm****",
    "review_id": "3648266",
    "movie_id": "41340"
  },
  {
    "review": "짜증을 유발하는 영화.",
    "date": "09.07.09",
    "rating": "1",
    "author": "dlwo****",
    "review_id": "3619060",
    "movie_id": "41340"
  },
  {
    "review": "은근 재미있고 은은한 매력이있는 요런풍의 영화가많았으면 좋겠다.",
    "date": "09.07.02",
    "rating": "10",
    "author": "kims****",
    "review_id": "3605890",
    "movie_id": "41340"
  },
  {
    "review": "캬악 퉤~~~",
    "date": "09.06.24",
    "rating": "1",
    "author": "bulj****",
    "review_id": "3586231",
    "movie_id": "41340"
  },
  {
    "review": "재미도 없고 감동도 없고",
    "date": "09.06.21",
    "rating": "1",
    "author": "jjh3****",
    "review_id": "3579135",
    "movie_id": "41340"
  },
  {
    "review": "이건진짜OOO기영화다 최악의영화 다세포보다도재미없어OO",
    "date": "09.06.20",
    "rating": "1",
    "author": "cktl****",
    "review_id": "3576444",
    "movie_id": "41340"
  },
  {
    "review": "내 인생 최악의 영화중 하나",
    "date": "09.06.13",
    "rating": "1",
    "author": "anob****",
    "review_id": "3562794",
    "movie_id": "41340"
  },
  {
    "review": "어쩌라는겨",
    "date": "09.06.01",
    "rating": "1",
    "author": "dt04****",
    "review_id": "3537420",
    "movie_id": "41340"
  }
]