[
  {
    "review": "드라마 혐오자인 울 아버지가 처음이자 마지막으로 눈빠지게 본 드라마이면 말다한거 아닌가  내가 못본게 아쉬울 뿐이다솔까 난 본적 없는데",
    "date": "15.06.26",
    "rating": "10",
    "author": "qngh****",
    "review_id": "10038962",
    "movie_id": "41355"
  },
  {
    "review": "아직도 내 기억속에 남아 있는걸 보면 정말 명작이었음",
    "date": "14.10.09",
    "rating": "10",
    "author": "kim6****",
    "review_id": "9277830",
    "movie_id": "41355"
  },
  {
    "review": "정말 재밌게 봤던 추억의 드라마.원빈은 언제봐도 멋지다.",
    "date": "13.01.07",
    "rating": "10",
    "author": "odjs****",
    "review_id": "7090243",
    "movie_id": "41355"
  },
  {
    "review": "개인적으로 너무 재밌게 본 드라마.. 송명태 짱! 밑에분 꼭지 영상 구하기 쉬워요 p2p에 50부작 다 나와있어요 잘 찾아보세요 구하기 어렵지않습니다",
    "date": "12.08.22",
    "rating": "10",
    "author": "ohj9****",
    "review_id": "6633702",
    "movie_id": "41355"
  },
  {
    "review": "구해서 다시 보고 싶어도 구할 길이 없는... 명작 드라마.",
    "date": "12.05.06",
    "rating": "10",
    "author": "eyan****",
    "review_id": "6276416",
    "movie_id": "41355"
  },
  {
    "review": "기억에 남는 수작..",
    "date": "11.11.22",
    "rating": "10",
    "author": "kido****",
    "review_id": "5865102",
    "movie_id": "41355"
  },
  {
    "review": "꼭지 김희정양이...단역이래..;;;;;에이~그건 아니지...",
    "date": "11.10.13",
    "rating": "8",
    "author": "sjko****",
    "review_id": "5785808",
    "movie_id": "41355"
  },
  {
    "review": "제목은 꼭지인데.. 꼭지는 별로 안나왔음.. ㅋㅋ",
    "date": "11.06.07",
    "rating": "9",
    "author": "tn99****",
    "review_id": "5469824",
    "movie_id": "41355"
  },
  {
    "review": "원빈의 폭풍연기력을 볼 수 있는 10여년 전의 수작!",
    "date": "11.01.03",
    "rating": "10",
    "author": "iann****",
    "review_id": "5119588",
    "movie_id": "41355"
  },
  {
    "review": "가족의 의미 산다는 것의 의미 따뜻한 된장찌개같은 드라마^^ 원빈최고! 윤여정최고!",
    "date": "10.12.08",
    "rating": "10",
    "author": "aldu****",
    "review_id": "5037979",
    "movie_id": "41355"
  },
  {
    "review": "원빈은 신인인데도 폭풍연기력을 보여줬다. 소소한 매력이 있던 가족드라마 였다.",
    "date": "10.12.04",
    "rating": "10",
    "author": "hjjy****",
    "review_id": "5020610",
    "movie_id": "41355"
  },
  {
    "review": "이 드라마로 원빈이란 배우를 알게되고 그 매력에 빠졌는데  다시한번 보고싶다",
    "date": "10.12.01",
    "rating": "10",
    "author": "blue****",
    "review_id": "5013325",
    "movie_id": "41355"
  },
  {
    "review": "이 드라마로 원빈을 제대로 보게 되었어요^^",
    "date": "10.08.25",
    "rating": "10",
    "author": "stel****",
    "review_id": "4790521",
    "movie_id": "41355"
  },
  {
    "review": "가족드라마의 진수, 개성 강한 캐릭터가 빛난다",
    "date": "10.07.30",
    "rating": "9",
    "author": "nanj****",
    "review_id": "4687196",
    "movie_id": "41355"
  },
  {
    "review": "꼭지돌았지 정말",
    "date": "09.06.24",
    "rating": "10",
    "author": "wlsd****",
    "review_id": "3586385",
    "movie_id": "41355"
  },
  {
    "review": "아줌마의 소변을 받아주고 싶다는 원빈의 대사가 대박이였죠!",
    "date": "07.11.06",
    "rating": "8",
    "author": "stra****",
    "review_id": "2136904",
    "movie_id": "41355"
  },
  {
    "review": "원빈의 연기는 이때가 최고였다 다른배우들도 좋았고  OST \"소망\" 도 굿이었음",
    "date": "07.04.02",
    "rating": "10",
    "author": "chom****",
    "review_id": "1569516",
    "movie_id": "41355"
  },
  {
    "review": "조연 캐스팅도 환상적",
    "date": "07.03.01",
    "rating": "7",
    "author": "ppp0****",
    "review_id": "1511720",
    "movie_id": "41355"
  },
  {
    "review": "원빈이 다시 멋있어져서 나를 기쁘게 했던 드라마;;",
    "date": "07.02.26",
    "rating": "8",
    "author": "jykn****",
    "review_id": "1503398",
    "movie_id": "41355"
  },
  {
    "review": "재밌는데..ㅋ",
    "date": "06.12.20",
    "rating": "10",
    "author": "bumg****",
    "review_id": "1308679",
    "movie_id": "41355"
  },
  {
    "review": "최고!! 내생에 최고의 드라마",
    "date": "06.11.22",
    "rating": "10",
    "author": "yoon****",
    "review_id": "1245562",
    "movie_id": "41355"
  },
  {
    "review": "이 드라마 좋다",
    "date": "06.08.02",
    "rating": "10",
    "author": "zeed****",
    "review_id": "957152",
    "movie_id": "41355"
  },
  {
    "review": "10점 안주는 녀석들은 OOO 라고 스스로 밝히는 녀석임~",
    "date": "06.02.24",
    "rating": "10",
    "author": "daer****",
    "review_id": "688991",
    "movie_id": "41355"
  },
  {
    "review": "원빈의 연기외엔 그다지 볼거없는 드라마",
    "date": "06.02.24",
    "rating": "4",
    "author": "kws7****",
    "review_id": "688128",
    "movie_id": "41355"
  },
  {
    "review": "퍼펙트한 드라마~* 완벽~!!",
    "date": "06.01.19",
    "rating": "10",
    "author": "blue****",
    "review_id": "600187",
    "movie_id": "41355"
  },
  {
    "review": "천재적인 연출.",
    "date": "05.12.22",
    "rating": "7",
    "author": "blue****",
    "review_id": "521517",
    "movie_id": "41355"
  },
  {
    "review": "이경희님 드라마 중 제일 좋아하는 작품",
    "date": "05.09.19",
    "rating": "8",
    "author": "rots****",
    "review_id": "411199",
    "movie_id": "41355"
  }
]