[
  {
    "review": "좋았어뇨",
    "date": "13.06.23",
    "rating": "10",
    "author": "enrj****",
    "review_id": "7672933",
    "movie_id": "41352"
  },
  {
    "review": "정말 좋아하는 드라마 . 대사 하나 하나가 주옥같다. 지금 알려진 배우들 과거 모습 보는 것도 재밌고, 나의 학창 시절, 그리고 모두의 학창 시절이 담겨있는 곳.",
    "date": "13.05.20",
    "rating": "10",
    "author": "ahty****",
    "review_id": "7544288",
    "movie_id": "41352"
  },
  {
    "review": "그냥 재밌다..ㅋㅋ어느날심장이말했다 편만 보고 말라고 했는데... 재밌어서 1편부터 다봄..배유미 완전 귀여워ㅋㅋㅋ 아는 사람들 많이 나옴ㅋㅋ김동욱 김래원 김민희 하지원 기태영 고호경 이요원 또 메이퀸 재희 등등등선생님들도 다 유명인사ㅋㅋㅋ",
    "date": "12.10.28",
    "rating": "10",
    "author": "astr****",
    "review_id": "6833489",
    "movie_id": "41352"
  },
  {
    "review": "왜왜 도대체왜 요즘은 이렇게 못만들지??ㅜㅜ어느날 심장이 말했다.고1교과서에나와서 알게되었는데..김흥수 그래서 나이 꾀있는줄 알았는데 이제30이네..ㅋㅋ",
    "date": "12.08.27",
    "rating": "10",
    "author": "k411****",
    "review_id": "6647021",
    "movie_id": "41352"
  },
  {
    "review": "일개 주인공친구 단역에서 연기력하나로 주연으로 올라선 하지원님 이때부터 남달랐음",
    "date": "12.05.21",
    "rating": "10",
    "author": "ysca****",
    "review_id": "6319841",
    "movie_id": "41352"
  },
  {
    "review": "정말 재밌었던 추억의 드라마다.다시 보고 싶다.",
    "date": "12.05.02",
    "rating": "10",
    "author": "odjs****",
    "review_id": "6265663",
    "movie_id": "41352"
  },
  {
    "review": "갑자기생각나넹 재미지당 또바야지",
    "date": "12.04.17",
    "rating": "10",
    "author": "ksm3****",
    "review_id": "6228466",
    "movie_id": "41352"
  },
  {
    "review": "역대 학교시리즈 중 최고!! 10년이 넘은 지금도 기억하고 있을 정도로.....",
    "date": "11.12.01",
    "rating": "10",
    "author": "hots****",
    "review_id": "5880216",
    "movie_id": "41352"
  },
  {
    "review": "명대사들이 많네요",
    "date": "11.11.21",
    "rating": "10",
    "author": "char****",
    "review_id": "5863081",
    "movie_id": "41352"
  },
  {
    "review": "요즘 다시 봐도 정말 재미있는 드라마.",
    "date": "11.10.25",
    "rating": "10",
    "author": "1311****",
    "review_id": "5808967",
    "movie_id": "41352"
  },
  {
    "review": "재미는 없었지만 김민희가 예쁘게 나와서",
    "date": "11.10.17",
    "rating": "5",
    "author": "ppt9****",
    "review_id": "5793761",
    "movie_id": "41352"
  },
  {
    "review": "학교 시리즈 중 최고. 다시 봐도 재밌음",
    "date": "11.04.10",
    "rating": "10",
    "author": "eunj****",
    "review_id": "5364782",
    "movie_id": "41352"
  },
  {
    "review": "요즘다시보고있어요.ㅎㅎ재밌어요.",
    "date": "11.03.05",
    "rating": "10",
    "author": "butb****",
    "review_id": "5293994",
    "movie_id": "41352"
  },
  {
    "review": "진짜재밌다..교훈도있고..근데 재희왜케 잘생겼음?설레네",
    "date": "11.02.28",
    "rating": "10",
    "author": "12kx****",
    "review_id": "5283563",
    "movie_id": "41352"
  },
  {
    "review": "고딩들이 참...생각이 깊고 다들 무슨 철학자인줄 알았음....말빨 개쩜",
    "date": "11.02.23",
    "rating": "10",
    "author": "kdwh****",
    "review_id": "5270409",
    "movie_id": "41352"
  },
  {
    "review": "어느날 심장이 말했다 ㅋㅋ학교에서보여줘서..",
    "date": "10.11.14",
    "rating": "10",
    "author": "wls0****",
    "review_id": "4960819",
    "movie_id": "41352"
  },
  {
    "review": "요즘 보고 있습니다.",
    "date": "10.11.11",
    "rating": "10",
    "author": "cris****",
    "review_id": "4952697",
    "movie_id": "41352"
  },
  {
    "review": "요즘 보고 있습니다.",
    "date": "10.11.11",
    "rating": "10",
    "author": "kk94****",
    "review_id": "4952696",
    "movie_id": "41352"
  },
  {
    "review": "굳ㅋㅋㅋ",
    "date": "10.10.31",
    "rating": "10",
    "author": "sul0****",
    "review_id": "4929671",
    "movie_id": "41352"
  },
  {
    "review": "많은 고민을 한 흔적이 보이는 작품.",
    "date": "10.09.04",
    "rating": "10",
    "author": "jerm****",
    "review_id": "4815438",
    "movie_id": "41352"
  },
  {
    "review": "심지호씨가생각난다는...ㅎ 정말 좋은드라마였는데...ㅋㅋ",
    "date": "10.07.05",
    "rating": "10",
    "author": "0914****",
    "review_id": "4614184",
    "movie_id": "41352"
  },
  {
    "review": "더이상 말이 필요 없습니다!",
    "date": "10.05.17",
    "rating": "10",
    "author": "trip****",
    "review_id": "4505012",
    "movie_id": "41352"
  },
  {
    "review": "정말 재미뜸.. ㅋ",
    "date": "10.04.25",
    "rating": "10",
    "author": "gkvn****",
    "review_id": "4454898",
    "movie_id": "41352"
  },
  {
    "review": "이렇게 재미있는 드라마는 경성스캔들 이후로 처음입니다!!",
    "date": "09.11.01",
    "rating": "10",
    "author": "wltj****",
    "review_id": "3931253",
    "movie_id": "41352"
  },
  {
    "review": "재밌었지.",
    "date": "09.10.16",
    "rating": "9",
    "author": "eorn****",
    "review_id": "3895711",
    "movie_id": "41352"
  },
  {
    "review": "평소학교 생활 실사판 중간에 빠져나간 배우들 쫌 아쉽다.",
    "date": "08.07.25",
    "rating": "10",
    "author": "skys****",
    "review_id": "2801704",
    "movie_id": "41352"
  },
  {
    "review": "정말 잼있었는데, 또 보고싶다.",
    "date": "08.07.23",
    "rating": "10",
    "author": "mylo****",
    "review_id": "2795394",
    "movie_id": "41352"
  },
  {
    "review": "학교 시리즈중. 유일하게 기억하고 다시본 드라마. 정말 최고!",
    "date": "08.05.14",
    "rating": "10",
    "author": "jtl9****",
    "review_id": "2640057",
    "movie_id": "41352"
  },
  {
    "review": "학교 시리즈 중 최고였다",
    "date": "08.05.01",
    "rating": "10",
    "author": "jina****",
    "review_id": "2607845",
    "movie_id": "41352"
  },
  {
    "review": "재밌었음",
    "date": "07.07.11",
    "rating": "10",
    "author": "44in****",
    "review_id": "1765058",
    "movie_id": "41352"
  },
  {
    "review": "재미있었다.그나저나 수애랑 정시아라니 의외인데?아주 잠깐 나왔던거잖아",
    "date": "07.03.20",
    "rating": "10",
    "author": "lsge****",
    "review_id": "1545117",
    "movie_id": "41352"
  },
  {
    "review": "개인적으로 시리즈중 2가 젤 재밌었다. 배우도 맘에들고.ㅎ",
    "date": "07.02.26",
    "rating": "10",
    "author": "jykn****",
    "review_id": "1503406",
    "movie_id": "41352"
  },
  {
    "review": "재미만 있구만, 무슨....",
    "date": "06.12.30",
    "rating": "10",
    "author": "minv****",
    "review_id": "1342620",
    "movie_id": "41352"
  },
  {
    "review": "문제는제시했으나해결책은??",
    "date": "06.09.10",
    "rating": "8",
    "author": "reki****",
    "review_id": "1116118",
    "movie_id": "41352"
  },
  {
    "review": "글쎄",
    "date": "06.09.05",
    "rating": "8",
    "author": "zeed****",
    "review_id": "1103765",
    "movie_id": "41352"
  },
  {
    "review": "갠적으로 학교2까지 볼만했는데, 스타 등용문",
    "date": "06.08.14",
    "rating": "10",
    "author": "bajj****",
    "review_id": "1031240",
    "movie_id": "41352"
  },
  {
    "review": "현실의 학교 문제를 제대로 고발한 시대 반영 드라마",
    "date": "06.04.21",
    "rating": "10",
    "author": "k363****",
    "review_id": "769324",
    "movie_id": "41352"
  },
  {
    "review": "꺼은연기력 ㄹ하곤",
    "date": "05.12.26",
    "rating": "1",
    "author": "kws7****",
    "review_id": "530397",
    "movie_id": "41352"
  }
]