[
  {
    "review": "~우리들의 선생님 호랑이 선생님 ~~  가사가 아직 생각난다.",
    "date": "15.07.12",
    "rating": "8",
    "author": "adiv****",
    "review_id": "10096776",
    "movie_id": "41356"
  },
  {
    "review": "호랑이선생님이야 말로 진정한 남녀 청춘스타의 요람이요 사관학교였다",
    "date": "13.05.15",
    "rating": "10",
    "author": "cjw2****",
    "review_id": "7528471",
    "movie_id": "41356"
  },
  {
    "review": "이 세상에서 젤 멋진 호랑이 선생님~",
    "date": "12.06.04",
    "rating": "9",
    "author": "tn99****",
    "review_id": "6364826",
    "movie_id": "41356"
  },
  {
    "review": "고향의 맛.",
    "date": "12.03.18",
    "rating": "6",
    "author": "pria****",
    "review_id": "6151929",
    "movie_id": "41356"
  },
  {
    "review": "추억...... 참 많은 시간이 너무도 빠르게 흘렀구나.....",
    "date": "11.09.22",
    "rating": "9",
    "author": "visu****",
    "review_id": "5745367",
    "movie_id": "41356"
  },
  {
    "review": "요즘 애들이 보면 이해 못할 듯 후후",
    "date": "10.11.18",
    "rating": "10",
    "author": "kyo1****",
    "review_id": "4969813",
    "movie_id": "41356"
  },
  {
    "review": "초등학교(당시엔 국민학교) 생활을 소재로 한 본격 어린이드라마로선 거의 독보적이다",
    "date": "10.07.08",
    "rating": "8",
    "author": "mygr****",
    "review_id": "4620548",
    "movie_id": "41356"
  },
  {
    "review": "우리시대에 걸맞는 참 교사상을 제시하겠다는데,오니츠카 발가락의 때만큼도 안된다.",
    "date": "10.06.21",
    "rating": "3",
    "author": "baks****",
    "review_id": "4581244",
    "movie_id": "41356"
  },
  {
    "review": "이연수양은 내 마음을 쿵쾅거리게 만들었었지.^^ 지금도 예쁘더만.",
    "date": "09.04.15",
    "rating": "6",
    "author": "acin****",
    "review_id": "3422159",
    "movie_id": "41356"
  },
  {
    "review": "오래돼서 기억나는 에피소드는 없지만 참 재미있었지",
    "date": "08.11.14",
    "rating": "9",
    "author": "seun****",
    "review_id": "3049268",
    "movie_id": "41356"
  },
  {
    "review": "왜 왜 지금은 이런 드라마가 없을까 나이가 들어서인가",
    "date": "07.08.21",
    "rating": "8",
    "author": "deff****",
    "review_id": "1966919",
    "movie_id": "41356"
  },
  {
    "review": "정말 어릴때 봤지만 당시의 열풍은 기억이 난다..",
    "date": "07.06.30",
    "rating": "10",
    "author": "skat****",
    "review_id": "1734126",
    "movie_id": "41356"
  },
  {
    "review": "최고였었다",
    "date": "07.04.26",
    "rating": "10",
    "author": "nala****",
    "review_id": "1606954",
    "movie_id": "41356"
  },
  {
    "review": "그때당시 인기 좋았지",
    "date": "06.08.03",
    "rating": "10",
    "author": "zeed****",
    "review_id": "959247",
    "movie_id": "41356"
  }
]