[
  {
    "review": "꽤 괜찮게 봤는데 평점이 낮네",
    "date": "14.12.21",
    "rating": "10",
    "author": "john****",
    "review_id": "9494939",
    "movie_id": "41360"
  },
  {
    "review": "원작 보다 더 재미없는 리메이크작 도데체 왜 만들었을까..??",
    "date": "14.07.05",
    "rating": "4",
    "author": "adiv****",
    "review_id": "8884349",
    "movie_id": "41360"
  },
  {
    "review": "약간 지루한면이 없지 않아 있음",
    "date": "14.03.17",
    "rating": "6",
    "author": "534k****",
    "review_id": "8583190",
    "movie_id": "41360"
  },
  {
    "review": "역시 영화는 평점 보기 전에 봐야되.... 재밌게 봤는데ㅎ",
    "date": "13.12.23",
    "rating": "10",
    "author": "luvg****",
    "review_id": "8277956",
    "movie_id": "41360"
  },
  {
    "review": "찾아 주니 데려 가는 거 보소",
    "date": "13.04.18",
    "rating": "3",
    "author": "expr****",
    "review_id": "7466889",
    "movie_id": "41360"
  },
  {
    "review": "슬프네....마지막 세시의 눈빛을 잊을수가 없다 .....ㅠ",
    "date": "12.12.18",
    "rating": "7",
    "author": "melo****",
    "review_id": "7015134",
    "movie_id": "41360"
  },
  {
    "review": "배우들의 명성과 연기에 비해 스토리가 아쉽다",
    "date": "12.09.12",
    "rating": "5",
    "author": "cont****",
    "review_id": "6690272",
    "movie_id": "41360"
  },
  {
    "review": "스토리자체는 짠하구 괜찮은데 뻔할뿐더러 지루하구 전혀 무섭지않은 공포영화.",
    "date": "12.07.14",
    "rating": "5",
    "author": "kis5****",
    "review_id": "6476664",
    "movie_id": "41360"
  },
  {
    "review": "답답함과 아쉬움이 남는 결말..",
    "date": "12.04.27",
    "rating": "8",
    "author": "rlac****",
    "review_id": "6248953",
    "movie_id": "41360"
  },
  {
    "review": "일본산보다는 다소 밋밋한 공포의 시간",
    "date": "12.02.06",
    "rating": "6",
    "author": "kos4****",
    "review_id": "6055270",
    "movie_id": "41360"
  },
  {
    "review": "무섭기 보단 슬펐음..꼬마애 왜케 이쁘고 귀여운지 ㅎㅎ",
    "date": "11.10.15",
    "rating": "9",
    "author": "qlxk****",
    "review_id": "5790331",
    "movie_id": "41360"
  },
  {
    "review": "엄마는캐스팅좋은데 죽은애가너무재미없다 스토리허무하기짝이없다",
    "date": "11.08.19",
    "rating": "7",
    "author": "kuch****",
    "review_id": "5670822",
    "movie_id": "41360"
  },
  {
    "review": "연기도 미모도 짱ㅎㅎ",
    "date": "10.10.23",
    "rating": "10",
    "author": "rnal****",
    "review_id": "4917588",
    "movie_id": "41360"
  },
  {
    "review": "호러는 아니구... 제니퍼 코넬리 보는맛에 볼만했다",
    "date": "10.07.11",
    "rating": "7",
    "author": "swar****",
    "review_id": "4629793",
    "movie_id": "41360"
  },
  {
    "review": "짜임새도 괜찮고 별 한 두개 받을 수준은 아닌 듯 싶다.",
    "date": "10.06.12",
    "rating": "7",
    "author": "sae1****",
    "review_id": "4561085",
    "movie_id": "41360"
  },
  {
    "review": "스산한 분위기는 있지만 재미는 없다",
    "date": "10.06.12",
    "rating": "6",
    "author": "dlqm****",
    "review_id": "4560532",
    "movie_id": "41360"
  },
  {
    "review": "동서양 공포정서가 다른데 훌륭한리메이크작입니다제니퍼코넬리 연기나전체적완성도굿",
    "date": "10.05.26",
    "rating": "10",
    "author": "nnst****",
    "review_id": "4524638",
    "movie_id": "41360"
  },
  {
    "review": "공포영화로선 볼품없다.",
    "date": "10.04.10",
    "rating": "6",
    "author": "dlxo****",
    "review_id": "4424982",
    "movie_id": "41360"
  },
  {
    "review": "진심............재미없다.........그냥지루해..",
    "date": "10.01.23",
    "rating": "1",
    "author": "alsr****",
    "review_id": "4200621",
    "movie_id": "41360"
  },
  {
    "review": "제니퍼 코넬리가 감독한테 약점잡혀서 억지로 찍은 영화인 줄 알았다. 엉망인 스토리",
    "date": "09.06.14",
    "rating": "1",
    "author": "elly****",
    "review_id": "3565613",
    "movie_id": "41360"
  },
  {
    "review": "1시간 지나도 귀신안나옴 반전없음 공포를 생각 했다면 100방 후회함",
    "date": "09.06.05",
    "rating": "1",
    "author": "cjst****",
    "review_id": "3544715",
    "movie_id": "41360"
  },
  {
    "review": "뻔뻔하게 감동을 구걸하지만 그래도 용서 할 수 없다.",
    "date": "09.01.29",
    "rating": "2",
    "author": "evil****",
    "review_id": "3259547",
    "movie_id": "41360"
  },
  {
    "review": "모정에 굶주렸다는 깊은 슬픔이 두사람을 공명시킨건가",
    "date": "08.10.12",
    "rating": "7",
    "author": "teo0****",
    "review_id": "2995542",
    "movie_id": "41360"
  },
  {
    "review": "검은물밑에서 리메이크작으로 제니퍼코넬리 주연은 아주 적절했다",
    "date": "08.04.25",
    "rating": "7",
    "author": "deff****",
    "review_id": "2597834",
    "movie_id": "41360"
  },
  {
    "review": "무서우라고 만든 영화는 아닌 듯....최소6점짜리 영화",
    "date": "08.01.27",
    "rating": "10",
    "author": "oppo****",
    "review_id": "2374908",
    "movie_id": "41360"
  },
  {
    "review": "버려라 버려....드라마도 아니여~ 공포물도 아니여~ 걍 갔다 버리센~ 즐!",
    "date": "07.12.29",
    "rating": "1",
    "author": "nsx5****",
    "review_id": "2277700",
    "movie_id": "41360"
  },
  {
    "review": "한마디로 무섭지도 않고 재미없다...오히려 결말에서 씁쓸한 마음뿐이다",
    "date": "07.08.11",
    "rating": "3",
    "author": "part****",
    "review_id": "1919642",
    "movie_id": "41360"
  },
  {
    "review": "깔끔하게 잘만든 리메이크 모성애 드라마~",
    "date": "07.07.01",
    "rating": "9",
    "author": "ranf****",
    "review_id": "1737154",
    "movie_id": "41360"
  },
  {
    "review": "처음부터 끝까지 지루하다. 공포영화치곤 무섭지 않았다.",
    "date": "07.06.16",
    "rating": "2",
    "author": "alsd****",
    "review_id": "1703823",
    "movie_id": "41360"
  },
  {
    "review": "호러가아니다. 마지막 세시 눈물연기 감동적..",
    "date": "07.06.10",
    "rating": "10",
    "author": "asdf****",
    "review_id": "1694806",
    "movie_id": "41360"
  },
  {
    "review": "원작도 별로였죠",
    "date": "07.02.20",
    "rating": "5",
    "author": "offw****",
    "review_id": "1487020",
    "movie_id": "41360"
  },
  {
    "review": "..",
    "date": "07.01.08",
    "rating": "9",
    "author": "asaz****",
    "review_id": "1366949",
    "movie_id": "41360"
  },
  {
    "review": "섬짓한 연출 굳!",
    "date": "06.10.16",
    "rating": "8",
    "author": "hori****",
    "review_id": "1184258",
    "movie_id": "41360"
  },
  {
    "review": "원작을 발로 꺼버렸다. 이런.",
    "date": "06.08.29",
    "rating": "5",
    "author": "wow4****",
    "review_id": "1088862",
    "movie_id": "41360"
  },
  {
    "review": "미치도록 슬픈..그래서 무서운..하나의 진혼곡을 듣는 기분..",
    "date": "06.08.29",
    "rating": "10",
    "author": "ange****",
    "review_id": "1087926",
    "movie_id": "41360"
  },
  {
    "review": "호러 영화보다 드라마쪽에 냄새가 진했다.",
    "date": "06.08.21",
    "rating": "6",
    "author": "flyi****",
    "review_id": "1063861",
    "movie_id": "41360"
  },
  {
    "review": "드라마로서는 꽤 괜찮았다고 생각..절대 호러는 아닌데요..",
    "date": "06.08.20",
    "rating": "8",
    "author": "suga****",
    "review_id": "1061313",
    "movie_id": "41360"
  },
  {
    "review": "그리 좋지는 않았다",
    "date": "06.08.17",
    "rating": "6",
    "author": "zeed****",
    "review_id": "1043909",
    "movie_id": "41360"
  },
  {
    "review": "리메이크작이 이리도 다를수가..(동서양의 차이인가?)",
    "date": "06.08.09",
    "rating": "7",
    "author": "lshp****",
    "review_id": "988110",
    "movie_id": "41360"
  },
  {
    "review": "감독도 배우들도 최고인데 영화는 왜 이럴까",
    "date": "06.08.01",
    "rating": "1",
    "author": "okjo****",
    "review_id": "954245",
    "movie_id": "41360"
  },
  {
    "review": "공포영화노노휴먼드라마맞네아역배우연기최고귀엽다 ㅋ",
    "date": "06.07.31",
    "rating": "4",
    "author": "yunh****",
    "review_id": "949822",
    "movie_id": "41360"
  },
  {
    "review": "휴지루해",
    "date": "06.07.28",
    "rating": "5",
    "author": "tera****",
    "review_id": "930400",
    "movie_id": "41360"
  },
  {
    "review": "배우의 연기가 좋았기에 일본판보다 이걸 더 추천합니다.",
    "date": "06.07.26",
    "rating": "6",
    "author": "dnlt****",
    "review_id": "923840",
    "movie_id": "41360"
  },
  {
    "review": "그럭저럭 학교에서 시간때우기용?",
    "date": "06.07.17",
    "rating": "7",
    "author": "nico****",
    "review_id": "899207",
    "movie_id": "41360"
  },
  {
    "review": "심리적으로 무섭지도 않고.. 지루하다.. 심히..",
    "date": "06.07.10",
    "rating": "5",
    "author": "gaci****",
    "review_id": "882820",
    "movie_id": "41360"
  },
  {
    "review": "밋밋함의 극치. 모르고 보면 휴먼드라마로 착각할 지경.",
    "date": "06.04.10",
    "rating": "6",
    "author": "jcr3****",
    "review_id": "756700",
    "movie_id": "41360"
  },
  {
    "review": "마지막 엘레베이터 씬이 없다면 공포가 아니지요.",
    "date": "06.02.25",
    "rating": "10",
    "author": "camp****",
    "review_id": "690624",
    "movie_id": "41360"
  },
  {
    "review": "재미없다 하셔서 안볼려구 햇는데 그냥 볼만합니다",
    "date": "06.02.08",
    "rating": "8",
    "author": "rulr****",
    "review_id": "655919",
    "movie_id": "41360"
  },
  {
    "review": "주인공의 과거얘기도 그렇고 원판보다 설득력은 더 있었던듯..",
    "date": "06.01.21",
    "rating": "8",
    "author": "ggma****",
    "review_id": "607894",
    "movie_id": "41360"
  },
  {
    "review": "잘만들었는데...일본호러 리메이크 고만좀 하지...",
    "date": "05.12.18",
    "rating": "5",
    "author": "pant****",
    "review_id": "512315",
    "movie_id": "41360"
  },
  {
    "review": "아역배우도 그렇고 전체적으로 괜찮았음...",
    "date": "05.12.10",
    "rating": "10",
    "author": "kosh****",
    "review_id": "499293",
    "movie_id": "41360"
  },
  {
    "review": "어머! 안 무서워",
    "date": "05.11.27",
    "rating": "3",
    "author": "just****",
    "review_id": "486430",
    "movie_id": "41360"
  },
  {
    "review": "별로 공포스럽지도 그렇다고 잼있지도 않고 평범..",
    "date": "05.11.25",
    "rating": "5",
    "author": "hye5****",
    "review_id": "484641",
    "movie_id": "41360"
  },
  {
    "review": "너무 안 무섭다...ㅡㅡ!장난하니??ㅋㅋ",
    "date": "05.11.22",
    "rating": "3",
    "author": "beat****",
    "review_id": "481665",
    "movie_id": "41360"
  },
  {
    "review": "난 재밋게 봤는데.. 원작보신분들은 생각이 다르긴 다르겠네요",
    "date": "05.11.21",
    "rating": "5",
    "author": "wiza****",
    "review_id": "481038",
    "movie_id": "41360"
  },
  {
    "review": "제니퍼 코넬리 때문이라도 봐라!",
    "date": "05.11.14",
    "rating": "10",
    "author": "ktoh****",
    "review_id": "474478",
    "movie_id": "41360"
  },
  {
    "review": "그나마 일본판보다 나은점은, 제니퍼 코넬리를 볼수있다는거",
    "date": "05.11.12",
    "rating": "3",
    "author": "gall****",
    "review_id": "471551",
    "movie_id": "41360"
  },
  {
    "review": "보고나서의 대략 난감. 대중 영화는 아닌듯.",
    "date": "05.11.07",
    "rating": "5",
    "author": "kami****",
    "review_id": "466935",
    "movie_id": "41360"
  },
  {
    "review": "고인 물처럼 느린 전개가 지루하고 재미가 없네요.",
    "date": "05.11.02",
    "rating": "2",
    "author": "wing****",
    "review_id": "461987",
    "movie_id": "41360"
  },
  {
    "review": "OOㄹ-_-3점도많은거다!일본인에서미국인으로바뀐거말고또있냐?",
    "date": "05.10.30",
    "rating": "3",
    "author": "bloo****",
    "review_id": "458861",
    "movie_id": "41360"
  },
  {
    "review": "그냥 잼있게 봤습니다..나오는 꼬마 넘 귀여워여,,볼만합니다..",
    "date": "05.10.28",
    "rating": "8",
    "author": "ccpp****",
    "review_id": "457490",
    "movie_id": "41360"
  },
  {
    "review": "전작에 너무 충실해서 공포까지 사라진 리메이크작",
    "date": "05.10.28",
    "rating": "5",
    "author": "dead****",
    "review_id": "456954",
    "movie_id": "41360"
  },
  {
    "review": "진혼곡을 듣는것 같은 기분...",
    "date": "05.10.28",
    "rating": "10",
    "author": "coco****",
    "review_id": "456810",
    "movie_id": "41360"
  },
  {
    "review": "본거..진짜후회.ㅠ.ㅠ 안무섭고,재미없고,지루하고,자막개판!",
    "date": "05.10.27",
    "rating": "1",
    "author": "lims****",
    "review_id": "456150",
    "movie_id": "41360"
  },
  {
    "review": "여배우들이 훨씬 더 이쁘다는 것빼면...",
    "date": "05.10.26",
    "rating": "5",
    "author": "kelv****",
    "review_id": "455326",
    "movie_id": "41360"
  },
  {
    "review": "정말 이런 영화를 봐야하는지..내용 흡사...스토리 긴장감없는",
    "date": "05.10.26",
    "rating": "1",
    "author": "hiki****",
    "review_id": "455167",
    "movie_id": "41360"
  },
  {
    "review": "아,정말뻔한영화,유치한영화",
    "date": "05.10.25",
    "rating": "1",
    "author": "like****",
    "review_id": "454771",
    "movie_id": "41360"
  },
  {
    "review": "제니퍼 코넬리 넘 아름다워",
    "date": "05.10.23",
    "rating": "7",
    "author": "vigi****",
    "review_id": "453238",
    "movie_id": "41360"
  },
  {
    "review": "잔잔한 공포영화.....ㅡㅡ;;",
    "date": "05.10.23",
    "rating": "5",
    "author": "choi****",
    "review_id": "451775",
    "movie_id": "41360"
  },
  {
    "review": "원작 물탱크 CG장면을 할리우드 특수효과로 기대했건만 안나오네",
    "date": "05.10.22",
    "rating": "8",
    "author": "anar****",
    "review_id": "451574",
    "movie_id": "41360"
  },
  {
    "review": "아무생각없이 재미없다고 생각하고 보면 졸라 재미있는영화",
    "date": "05.10.22",
    "rating": "10",
    "author": "uiiu****",
    "review_id": "450469",
    "movie_id": "41360"
  },
  {
    "review": "공포 를 좋아하신다면 ㄴㄴ",
    "date": "05.09.04",
    "rating": "2",
    "author": "dk91****",
    "review_id": "393581",
    "movie_id": "41360"
  },
  {
    "review": "검은 물밑에서랑 거의 똑같아요 그래도 재미있었어요",
    "date": "05.09.01",
    "rating": "10",
    "author": "cook****",
    "review_id": "390017",
    "movie_id": "41360"
  }
]