[
  {
    "review": "확실히 박수칠 만했다.",
    "date": "15.08.26",
    "rating": "6",
    "author": "tear****",
    "review_id": "10276838",
    "movie_id": "41363"
  },
  {
    "review": "누가 죽였냐가 중요한게 아니었다. 누가 죽었는가, 그리고 왜 죽었는가.. 그리고 신하균의 연기는 정말 미쳤다.",
    "date": "15.08.17",
    "rating": "9",
    "author": "jaym****",
    "review_id": "10247074",
    "movie_id": "41363"
  },
  {
    "review": "다시봐도 잼난다 그게 이영화다",
    "date": "15.07.29",
    "rating": "10",
    "author": "yang****",
    "review_id": "10157406",
    "movie_id": "41363"
  },
  {
    "review": "장진 감독 영화중에 가장 좋아하고 장진 감독의 영화를 기대하게 만든 영화. 신하균과 차승원, 김지수의 신들린 연기. 그들은 이미 그 배역에 녹아서 있었고. 스토리와, 줄거리 자체가  미스터리 드라마를 가장 혁신적으로 보여줬다.지금까지도다시보고싶은영화",
    "date": "15.07.26",
    "rating": "9",
    "author": "jsst****",
    "review_id": "10145870",
    "movie_id": "41363"
  },
  {
    "review": "장진 감독 특유의 유머가 완전히 통하지는 않지만, 범인을 찾는 과정은 기대 이상으로 흥미진진하고 많은 배우들의 좋은 연기는 이 과정을 잘 뒷받침 해준다.",
    "date": "15.07.25",
    "rating": "7",
    "author": "zxc1****",
    "review_id": "10143370",
    "movie_id": "41363"
  },
  {
    "review": "열라 허무한 반전이네. 유주얼서스펙트를 기대하다 엿먹은 기분!",
    "date": "15.07.04",
    "rating": "8",
    "author": "twel****",
    "review_id": "10069155",
    "movie_id": "41363"
  },
  {
    "review": "한번 보는걸론 부족한 영화. 몇몇 장면에서 지루하다고 느끼며 본 내자신이 부끄러워진다. 장진감독의 영화는 장진이란 사람이 그대로 녹아있는 느낌을 항상받는다.",
    "date": "15.07.02",
    "rating": "9",
    "author": "jvel****",
    "review_id": "10059628",
    "movie_id": "41363"
  },
  {
    "review": "이 시절 차승원이 톱을향해 승승장구하다가 이 영화에서 결국 내리막을 탔지, 더 잘 풀렸으면 국민배우 차승원을 볼 뻔",
    "date": "15.06.18",
    "rating": "7",
    "author": "moop****",
    "review_id": "10009811",
    "movie_id": "41363"
  },
  {
    "review": "흥미는 떨어졌고 이야기의 개연성이 떨어짐",
    "date": "15.06.15",
    "rating": "4",
    "author": "pukk****",
    "review_id": "10001964",
    "movie_id": "41363"
  },
  {
    "review": "[ 스토리 5, 비주얼 6, 연출 6, 연기 7 ]　초중반의 엄청난 몰입도는 후반부부터 떠나가고.. 결말은 산으로..",
    "date": "15.06.11",
    "rating": "6",
    "author": "eyeb****",
    "review_id": "9989795",
    "movie_id": "41363"
  },
  {
    "review": "제 친구 이름이 박수철이에요. 박수철 때문에 7점 드립니다.",
    "date": "15.05.12",
    "rating": "7",
    "author": "refl****",
    "review_id": "9912895",
    "movie_id": "41363"
  },
  {
    "review": "생각하게만드는영화임",
    "date": "15.04.12",
    "rating": "10",
    "author": "suey****",
    "review_id": "9841945",
    "movie_id": "41363"
  },
  {
    "review": "언제봐도 명작이다. 공들인 티가 남",
    "date": "15.04.12",
    "rating": "10",
    "author": "byeh****",
    "review_id": "9841926",
    "movie_id": "41363"
  },
  {
    "review": "장진 감독 인생의 역작.",
    "date": "15.03.26",
    "rating": "10",
    "author": "alic****",
    "review_id": "9807551",
    "movie_id": "41363"
  },
  {
    "review": "댓글들 읽어보고 본건데 솔직히 잘 모르겠다. 이게 그렇게 칭찬받아야할 영화인지.. 솔직히 그냥 그저그런 영화인데.. 코드가 안맞는지..",
    "date": "15.03.13",
    "rating": "6",
    "author": "anrs****",
    "review_id": "9776196",
    "movie_id": "41363"
  },
  {
    "review": "와 오랜만에 보니까 재미있네 이렇게 재밌는 영화였나..",
    "date": "15.03.04",
    "rating": "10",
    "author": "kimm****",
    "review_id": "9755279",
    "movie_id": "41363"
  },
  {
    "review": "마지막부분이 좀 억지스러운 면은 있지만 볼만합니다. 장진감독의 스타일도 엿볼 수 있었고 대사가 참 찰지네요. 재밌게봤습니다.",
    "date": "15.01.08",
    "rating": "8",
    "author": "blue****",
    "review_id": "9573526",
    "movie_id": "41363"
  },
  {
    "review": "이야기가 둥둥뜨는 산만한 풍자수사극",
    "date": "15.01.04",
    "rating": "5",
    "author": "rcan****",
    "review_id": "9562116",
    "movie_id": "41363"
  },
  {
    "review": "숨기고 싶은 진실 ..반드시 , 숨겨야 만 하는 진실영원히 묻혀질 진실 ....근데, 100% 진실 이 있긴 있는 것이야 ?",
    "date": "14.12.01",
    "rating": "10",
    "author": "thsw****",
    "review_id": "9438593",
    "movie_id": "41363"
  },
  {
    "review": "초반의 사건이 앞으로 어떻게 다루어질지 기대가 됐으나 감독만의 독특한 전개방식으로 인해 기대이하 였다.",
    "date": "14.11.30",
    "rating": "5",
    "author": "yong****",
    "review_id": "9436604",
    "movie_id": "41363"
  },
  {
    "review": "무당 나오는 거에서 이해가 안되지만 집중력 있는 영화 마지막 반전 때 여자 너무 이쁘다..",
    "date": "14.09.07",
    "rating": "8",
    "author": "abco****",
    "review_id": "9180520",
    "movie_id": "41363"
  },
  {
    "review": "말이 필요없음! 강력추천",
    "date": "14.08.18",
    "rating": "10",
    "author": "dj74****",
    "review_id": "9108223",
    "movie_id": "41363"
  },
  {
    "review": "이건 꼭봐야 되는 영화예요~개봉작때 영화관에서 봤는데아직까지도 최고의 영화중 하나로 꼽히네요..음..기승전결이 매우 확실한 영화이고 등장인물 모두 연기를 잘해요~",
    "date": "14.08.11",
    "rating": "10",
    "author": "jhye****",
    "review_id": "9066280",
    "movie_id": "41363"
  },
  {
    "review": "제일 과대평가 받는다고 느끼는 감독 두명 이준익 장진",
    "date": "14.07.28",
    "rating": "1",
    "author": "haju****",
    "review_id": "8975556",
    "movie_id": "41363"
  },
  {
    "review": "일단 모두 연기를 잘 하며 구성이 잘 되어있음",
    "date": "14.07.05",
    "rating": "10",
    "author": "lity****",
    "review_id": "8885889",
    "movie_id": "41363"
  },
  {
    "review": "거룩한계보 그리고 박수칠때떠나라 잊혀지지안을  두걸작",
    "date": "14.07.02",
    "rating": "10",
    "author": "qhrh****",
    "review_id": "8876261",
    "movie_id": "41363"
  },
  {
    "review": "10번 넘께 봤지만..볼때마다 배우들의 연기력에 소름돋는영화. 게다가 스토리 역시 (약간의 억지스런 결말은 있긴하지만) 범죄 +미스테리+ 코믹이 적절하게 예술적으로 아우러져 한국영화에도 이정도 퀄러티의 시나리오가 나올수있나 놀라게 만듬.",
    "date": "14.07.02",
    "rating": "10",
    "author": "taku****",
    "review_id": "8876118",
    "movie_id": "41363"
  },
  {
    "review": "반전 나타나기까지의 과정이 지루했음차승원씨 주연이라지만 주연같지 않았음",
    "date": "14.06.30",
    "rating": "5",
    "author": "tfv7****",
    "review_id": "8871046",
    "movie_id": "41363"
  },
  {
    "review": "이걸 이제야 봤다니, 아는 여자 이후 장진감독의 색다른 걸작 같아요. 보고나서 참 고민도 많이 해보고 생각도 해보게 된 영화.",
    "date": "14.06.25",
    "rating": "10",
    "author": "lwj_****",
    "review_id": "8852416",
    "movie_id": "41363"
  },
  {
    "review": "딱 장진 스타일의 고퀄리티 미스테리 블랙 코미디",
    "date": "14.06.08",
    "rating": "9",
    "author": "sipj****",
    "review_id": "8811710",
    "movie_id": "41363"
  },
  {
    "review": "아주  어린 시절에 보면서도 감탄했던. 마지막의 생각할 수 없는 반전이 소름끼침",
    "date": "14.04.26",
    "rating": "10",
    "author": "tokl****",
    "review_id": "8674912",
    "movie_id": "41363"
  },
  {
    "review": "개인적으로 진짜재밌게봤던영화~ 마지막에 약간 소르음",
    "date": "14.04.23",
    "rating": "9",
    "author": "ggon****",
    "review_id": "8667145",
    "movie_id": "41363"
  },
  {
    "review": "나름 볼만한 영화... 미스터리물 답게 충실하게 반전도 있고 볼만함",
    "date": "14.04.16",
    "rating": "7",
    "author": "adiv****",
    "review_id": "8654058",
    "movie_id": "41363"
  },
  {
    "review": "지지부진 해지는 후반부",
    "date": "14.04.05",
    "rating": "6",
    "author": "love****",
    "review_id": "8629859",
    "movie_id": "41363"
  },
  {
    "review": "재밌는뎁!!! 짱짱짱",
    "date": "14.03.31",
    "rating": "10",
    "author": "stw1****",
    "review_id": "8619835",
    "movie_id": "41363"
  },
  {
    "review": "다시보기 3번째면 뭐 더필요한가?",
    "date": "14.03.29",
    "rating": "9",
    "author": "slee****",
    "review_id": "8616277",
    "movie_id": "41363"
  },
  {
    "review": "나름 흥미진진했는데 빙의나 귀신은 좀 아닌 듯. 이런 영화 장르에는 좀 더 사실적이고 현실적인게 맞는 듯. 몇몇 배우의 연기가 오글거리게 만듦.",
    "date": "14.02.15",
    "rating": "6",
    "author": "jjaj****",
    "review_id": "8509148",
    "movie_id": "41363"
  },
  {
    "review": "장진만의 아기자기함을 이제서야 알겠다. 캐취하기 어려우니 더 빛나는게 있음.",
    "date": "14.01.17",
    "rating": "8",
    "author": "mhth****",
    "review_id": "8390449",
    "movie_id": "41363"
  },
  {
    "review": "무당 나올때부터 뭔가 이상했음",
    "date": "14.01.07",
    "rating": "7",
    "author": "qkqh****",
    "review_id": "8357175",
    "movie_id": "41363"
  },
  {
    "review": "잘만든영화 , 장진감독을 내게 눈여겨보게 한 ...",
    "date": "14.01.06",
    "rating": "9",
    "author": "rara****",
    "review_id": "8356846",
    "movie_id": "41363"
  },
  {
    "review": "이게 이 영화의 절정이구나, 생각했지만 무언가 찝찝했다. 뭔가 더 남아있을 거 같았는데, 그건 절정이 아니였다. 이어지는, 너무나도 소름끼치는 반전과 연출들에 인해 입을 다물 수 가 없었다. 그리고....장진감독은 천재적이고 배우들 연기는 놀랍다.",
    "date": "14.01.05",
    "rating": "10",
    "author": "soy2****",
    "review_id": "8352007",
    "movie_id": "41363"
  },
  {
    "review": "와..진짜 명작이에요 꼭 보세요 비밀이 밝혀지고 밝혀지고...",
    "date": "14.01.02",
    "rating": "9",
    "author": "rewi****",
    "review_id": "8336759",
    "movie_id": "41363"
  },
  {
    "review": "대박이다 진짜최고 !!!",
    "date": "13.12.28",
    "rating": "10",
    "author": "glgg****",
    "review_id": "8315047",
    "movie_id": "41363"
  },
  {
    "review": "귀신이 되어 다니 나타난 김지수.... 내이름도 김지수...",
    "date": "13.12.26",
    "rating": "7",
    "author": "milk****",
    "review_id": "8306985",
    "movie_id": "41363"
  },
  {
    "review": "이게 왜 코미디영화이지...? 난 되게 소름돋으면서 봤는데.. 마지막 반전도 그렇고 연출이 아직도 기억에 남는다.",
    "date": "13.12.09",
    "rating": "9",
    "author": "euno****",
    "review_id": "8200638",
    "movie_id": "41363"
  },
  {
    "review": "몇 안되는 지루해 죽을 영화..  장진에게도 이런 개졸작이 있다니...",
    "date": "13.11.27",
    "rating": "1",
    "author": "quin****",
    "review_id": "8171441",
    "movie_id": "41363"
  },
  {
    "review": "정말 스릴없는 범죄 스토리... 차승원과 신하균이 아깝...",
    "date": "13.11.25",
    "rating": "4",
    "author": "chak****",
    "review_id": "8166340",
    "movie_id": "41363"
  },
  {
    "review": "장진 감독의 웰메이드 스릴러. 연극적 구성을 영화로 잘 옮겨놓았다. 끝까지 긴장을 놓치기 힘든 극본과 반전은 놀라웠다.",
    "date": "13.11.12",
    "rating": "9",
    "author": "choc****",
    "review_id": "8133478",
    "movie_id": "41363"
  },
  {
    "review": "그냥 킬링타임용 영화일뿐!",
    "date": "13.11.01",
    "rating": "1",
    "author": "ske4****",
    "review_id": "8106719",
    "movie_id": "41363"
  },
  {
    "review": "출연배우들이 다들 신들린 연기를 보여준다. 시나리오도 좋고",
    "date": "13.10.20",
    "rating": "9",
    "author": "y52t****",
    "review_id": "8073578",
    "movie_id": "41363"
  },
  {
    "review": "용두사미. 큰 반전도, 스토리에서 오는 짜릿함도, 영화초반의 긴장감도 뒤죽박죽 섞인 캐릭터와 전개속에 묻혔다. \"박수칠때 떠나라\"라는 좋은 카피만 남겼을뿐.",
    "date": "13.10.10",
    "rating": "4",
    "author": "ccaa****",
    "review_id": "8051339",
    "movie_id": "41363"
  },
  {
    "review": "차승원 신하균...이 두배우만으로도 포스 대박이네요.. 포스터부터 간지가 좔좔흐릅니다.",
    "date": "13.10.10",
    "rating": "10",
    "author": "kwm9****",
    "review_id": "8049777",
    "movie_id": "41363"
  },
  {
    "review": "왜 장진이 감독으로썬 별로라고 하는지 증명한 영화 초반엔 좀 흥미스럽나했지만 모든것이 난잡하고 모든것이 질질끌고 모든것에 개연성이 떨어진다 마지막 결말도 너무 황당 한마디로 졸작이다 만약 평점에 낚여서 보실분들에겐 과감하게 안보는게 좋다고 추천합니다",
    "date": "13.09.19",
    "rating": "1",
    "author": "laks****",
    "review_id": "7997660",
    "movie_id": "41363"
  },
  {
    "review": "장난아니다. 무당이란 소재가 그렇게 와닿고 좋은 소재는 아니지만이 영화는 정말 엄청나게 잘 소화시킨거같다. 그리고 어째 보면 무당이란소재를 사용한것도 정말 신의 한수다. 현실에서의 TV프로그램도 그러니까.",
    "date": "13.09.10",
    "rating": "10",
    "author": "nano****",
    "review_id": "7964518",
    "movie_id": "41363"
  },
  {
    "review": "장진 감독의 영화엔 철학이 있다. 평점이 너무 낮은 것 같아서 올려줍니다.",
    "date": "13.09.10",
    "rating": "10",
    "author": "ilov****",
    "review_id": "7963443",
    "movie_id": "41363"
  },
  {
    "review": "네 뭐 그냥 볼만했씁니다",
    "date": "13.09.08",
    "rating": "8",
    "author": "pok_****",
    "review_id": "7959129",
    "movie_id": "41363"
  },
  {
    "review": "딱 이 시점에 나왔으면 대 히트 쳤을 영화!",
    "date": "13.09.06",
    "rating": "10",
    "author": "visu****",
    "review_id": "7951572",
    "movie_id": "41363"
  },
  {
    "review": "웃기긴웃김 ㅋ",
    "date": "13.08.24",
    "rating": "8",
    "author": "rkfm****",
    "review_id": "7917473",
    "movie_id": "41363"
  },
  {
    "review": "시대를 앞서갔나보다. 지금 나왔어야 마땅했을 영화. 스릴러의 탈을 쓴 씁쓸한 블랙코미디.",
    "date": "13.08.17",
    "rating": "9",
    "author": "clae****",
    "review_id": "7895517",
    "movie_id": "41363"
  },
  {
    "review": "흥미진진하게 보다가 무당 나오면서 '어라? 얘기가 어디로 가는거야?' 했습니다. 은근 무섭네요.",
    "date": "13.08.14",
    "rating": "9",
    "author": "5cc9****",
    "review_id": "7878308",
    "movie_id": "41363"
  },
  {
    "review": "그닥",
    "date": "13.07.21",
    "rating": "6",
    "author": "j_mi****",
    "review_id": "7769439",
    "movie_id": "41363"
  },
  {
    "review": "한 여성의 비극적이고 끔찍한 이야기 나름 흥미있게 봄",
    "date": "13.07.21",
    "rating": "9",
    "author": "elto****",
    "review_id": "7769416",
    "movie_id": "41363"
  },
  {
    "review": "뭐여 이게ㅡㅡ 코난보고 만들었나",
    "date": "13.07.18",
    "rating": "2",
    "author": "12wj****",
    "review_id": "7756357",
    "movie_id": "41363"
  },
  {
    "review": "동생의 말 OO야 의한 분석으로 칼을 들고 온 무용남녀 동생의 자살유도행각 호텔자주 들리는것을 안 호텔주  한마디로 바람피지마 사귀지마인데 나이많은 남자와 연관된 이야기",
    "date": "13.07.12",
    "rating": "8",
    "author": "hose****",
    "review_id": "7729453",
    "movie_id": "41363"
  },
  {
    "review": "복잡한 내용이많아이해하기어려웠으나 여운이많이남고 장진의특유코미디요소와연극요소가잘짜여진영화",
    "date": "13.07.01",
    "rating": "9",
    "author": "cofl****",
    "review_id": "7695626",
    "movie_id": "41363"
  },
  {
    "review": "이거 지금 다시보니 굉장히 잘만든 영화다. 장진의 상업적 영화적 최절정일수도...  장진의 야심이 관객과 너무일찍 만난듯..",
    "date": "13.05.28",
    "rating": "10",
    "author": "b741****",
    "review_id": "7559418",
    "movie_id": "41363"
  },
  {
    "review": "반전에반전...",
    "date": "13.05.24",
    "rating": "10",
    "author": "yuri****",
    "review_id": "7552452",
    "movie_id": "41363"
  },
  {
    "review": "영화 초반 차승원과 신하균의 팽팽한 신경전에 긴장감과 막판 진실이 밝혀지는 반전이 있는 블랙코미디.",
    "date": "13.05.23",
    "rating": "10",
    "author": "bsm9****",
    "review_id": "7549411",
    "movie_id": "41363"
  },
  {
    "review": "나름철학과위트가있는영화 장르는애매모호함.",
    "date": "13.05.19",
    "rating": "9",
    "author": "jh41****",
    "review_id": "7542961",
    "movie_id": "41363"
  },
  {
    "review": "막판에 힘이 딸리고 이게 뭔가 싶다",
    "date": "13.03.08",
    "rating": "6",
    "author": "garn****",
    "review_id": "7331886",
    "movie_id": "41363"
  },
  {
    "review": "재밌게 잘 봤어요",
    "date": "13.02.25",
    "rating": "10",
    "author": "kmr3****",
    "review_id": "7299807",
    "movie_id": "41363"
  },
  {
    "review": "잘나가다가 왜...",
    "date": "13.02.18",
    "rating": "8",
    "author": "heim****",
    "review_id": "7278670",
    "movie_id": "41363"
  },
  {
    "review": "역시 장진...",
    "date": "13.02.11",
    "rating": "10",
    "author": "rhos****",
    "review_id": "7253837",
    "movie_id": "41363"
  },
  {
    "review": "좋은 작품이네요. 단순하게 볼게 아니라 꽤 의미있는 내용이 담겨져 있는듯 싶네요.",
    "date": "13.02.05",
    "rating": "9",
    "author": "hrz6****",
    "review_id": "7227063",
    "movie_id": "41363"
  },
  {
    "review": "글쎄... 한번보고 이해하기가좀어려웠었어요. 후기글보고 금세이해.",
    "date": "13.02.02",
    "rating": "7",
    "author": "temp****",
    "review_id": "7210971",
    "movie_id": "41363"
  },
  {
    "review": "평점이왜이리낮지??",
    "date": "13.01.28",
    "rating": "10",
    "author": "mohy****",
    "review_id": "7190014",
    "movie_id": "41363"
  },
  {
    "review": "마지막에 완전 소름돋았다. 이제서야 이 영화를 보다니.. 최고다 정말",
    "date": "13.01.27",
    "rating": "10",
    "author": "viol****",
    "review_id": "7181285",
    "movie_id": "41363"
  },
  {
    "review": "지루하고 작위적이다...",
    "date": "13.01.21",
    "rating": "4",
    "author": "mixx****",
    "review_id": "7141229",
    "movie_id": "41363"
  },
  {
    "review": "좀늦게나마 봤는데 정말차승원은울나라배우중에 짱인듯ㅎㅎ해외에서도안꿀릴외모와연기라능...",
    "date": "13.01.21",
    "rating": "10",
    "author": "tmdd****",
    "review_id": "7139451",
    "movie_id": "41363"
  },
  {
    "review": "대박",
    "date": "13.01.15",
    "rating": "10",
    "author": "happ****",
    "review_id": "7119058",
    "movie_id": "41363"
  },
  {
    "review": "장진감독을 본격적으로 좋아하게 만들어준 영화... 장진사단이라 불리는 여러 배우분들 너무 좋다...",
    "date": "13.01.08",
    "rating": "9",
    "author": "cdwk****",
    "review_id": "7092094",
    "movie_id": "41363"
  },
  {
    "review": "한마디로 결말이 살린 영화.보는내내 지루함이 지배적이었다.",
    "date": "13.01.07",
    "rating": "6",
    "author": "tlaa****",
    "review_id": "7089698",
    "movie_id": "41363"
  },
  {
    "review": "장진의 또다른 쓰레기 영화. 장진 영화 중 볼만한 것은 '아는 여자' 뿐.",
    "date": "13.01.02",
    "rating": "1",
    "author": "yaso****",
    "review_id": "7074511",
    "movie_id": "41363"
  },
  {
    "review": "난 잘봤다고 말한다",
    "date": "12.12.30",
    "rating": "10",
    "author": "wayf****",
    "review_id": "7063767",
    "movie_id": "41363"
  },
  {
    "review": "하균신은 위대했다. 그래도 무당으로 풀어내는건 좀ㅋㅋ",
    "date": "12.12.14",
    "rating": "8",
    "author": "o2wo****",
    "review_id": "7001483",
    "movie_id": "41363"
  },
  {
    "review": "단순한 수사극, 반전이 있는 영화로만 치부하기엔 숨겨져 있는 고도의 상징성과 탁월한 풍자의 위력이 너무 크다. 장진 감독의 전매특허인 연극적 요소 속에 배어나오는 웃음과 배우들의 명연기는 말할 필요도 없고.",
    "date": "12.12.10",
    "rating": "9",
    "author": "cek2****",
    "review_id": "6992201",
    "movie_id": "41363"
  },
  {
    "review": "잼있는데용~~",
    "date": "12.11.23",
    "rating": "9",
    "author": "rlae****",
    "review_id": "6918395",
    "movie_id": "41363"
  },
  {
    "review": "다시 봐도 재밌는 영화. 명작이다.",
    "date": "12.11.20",
    "rating": "10",
    "author": "tprw****",
    "review_id": "6907898",
    "movie_id": "41363"
  },
  {
    "review": "그냥 좀 어려웠다. 뭔가 좀 복잡해서",
    "date": "12.11.19",
    "rating": "7",
    "author": "jeus****",
    "review_id": "6906818",
    "movie_id": "41363"
  },
  {
    "review": "Ebs에서 다시보니 재밋네요",
    "date": "12.11.19",
    "rating": "10",
    "author": "tnry****",
    "review_id": "6904503",
    "movie_id": "41363"
  },
  {
    "review": "오래 전에 보고 또 봐도 재미있다. 재탕은 왠만해선 하지 않는 편인데도. 나오는 연기자들 짱짱하다. 최고다, 라고 말하고 싶지만, 뭔가 너무 많은 설정 때문에 약간 어색한 느낌. 그래도 그만한 영화가 드무니, 10점 주겠다. 장진  영화 중에선 최고!",
    "date": "12.11.19",
    "rating": "10",
    "author": "innk****",
    "review_id": "6904501",
    "movie_id": "41363"
  },
  {
    "review": "잼는데?",
    "date": "12.11.19",
    "rating": "10",
    "author": "need****",
    "review_id": "6904471",
    "movie_id": "41363"
  },
  {
    "review": "아.... 좀 특이한 개그코드 ㅋㅋㅋㅋㅋㅋㅋ",
    "date": "12.10.16",
    "rating": "7",
    "author": "chou****",
    "review_id": "6806732",
    "movie_id": "41363"
  },
  {
    "review": "이게 내가 장진을 좋아하는 이유다.",
    "date": "12.10.09",
    "rating": "9",
    "author": "onpl****",
    "review_id": "6775593",
    "movie_id": "41363"
  },
  {
    "review": "열연만 돋보였던 영화.  80% 까지는 평범한 수사극, 나머지 20%는 뜬금없는 심령극",
    "date": "12.09.24",
    "rating": "4",
    "author": "blaz****",
    "review_id": "6730018",
    "movie_id": "41363"
  },
  {
    "review": "오글을 극복하다?",
    "date": "12.09.23",
    "rating": "4",
    "author": "pria****",
    "review_id": "6727412",
    "movie_id": "41363"
  },
  {
    "review": "[7점] 생각보다 뒷끝있는 반전에 흥미진진했다",
    "date": "12.09.23",
    "rating": "7",
    "author": "fann****",
    "review_id": "6727000",
    "movie_id": "41363"
  },
  {
    "review": "봐도봐도 명작 심각한 상황에서 극의 흐름을 끊지 않는 위트 전개 결말 너무 좋았다",
    "date": "12.09.13",
    "rating": "10",
    "author": "cou6****",
    "review_id": "6692279",
    "movie_id": "41363"
  },
  {
    "review": "장진감독 정말 위트라든가 감각이 있다고 생각합니다 재밌게본 영화중에 하나네요",
    "date": "12.09.08",
    "rating": "10",
    "author": "cive****",
    "review_id": "6679468",
    "movie_id": "41363"
  },
  {
    "review": "음...젤 좋아하는 아는여자와 바르게살자...이런영화 또 만들어주세요ㅠㅠ요번영화는 좀 무난하네용^^ 지루하지않은정도. 끝가지 봐도 이것저것 속시원히 풀리지않고 알쏭달쏭 찝찝해서리 ㅠ_ㅠ",
    "date": "12.09.03",
    "rating": "8",
    "author": "love****",
    "review_id": "6666864",
    "movie_id": "41363"
  }
]