[
  {
    "review": "좀비의 발연기 잘 봤습니다. 좀비계의 장수원",
    "date": "15.06.17",
    "rating": "1",
    "author": "davi****",
    "review_id": "10006222",
    "movie_id": "41361"
  },
  {
    "review": "죽음의 땅 그곳은 그런 곳이다.",
    "date": "15.04.06",
    "rating": "6",
    "author": "bbq2****",
    "review_id": "9832293",
    "movie_id": "41361"
  },
  {
    "review": "조지 로메로는 좀비영화의 창시자이신 분임. 그 이전에도 좀비란 개념이 부두교에 있긴 했지만 지금 현대 개념의 좀비란 존재는 이분의 창조물임. 즉, 현대의 모든 좀비영화는 이 분 영화에서 시작된 모방품이거나 변주곡임. 평점 테러 좀 하지 마라",
    "date": "15.02.19",
    "rating": "8",
    "author": "stem****",
    "review_id": "9714395",
    "movie_id": "41361"
  },
  {
    "review": "평점이 너무 낮다. 난 이런 분위기 좋은데... 걍 먹고 뜯기는 식의 좀비영화보다 이런 암울한 분위기 자체를 좋아하는 사람들은 재밌게 볼듯.  좀비영화를 돈들여서 이만큼 찍어주면  그저 감사지 . 근데 이건 단순히 좀비영화의 범주에만 넣긴 아까운듯",
    "date": "15.01.31",
    "rating": "8",
    "author": "papa****",
    "review_id": "9654055",
    "movie_id": "41361"
  },
  {
    "review": "ㅈㄴ 노잼ㅠㅠㅜㅜ참고 봤는데 시간 아깝",
    "date": "15.01.07",
    "rating": "1",
    "author": "mina****",
    "review_id": "9569539",
    "movie_id": "41361"
  },
  {
    "review": "그냥저냥 재밌게봄..",
    "date": "14.12.14",
    "rating": "9",
    "author": "dlek****",
    "review_id": "9474387",
    "movie_id": "41361"
  },
  {
    "review": "정말.. 시간낭비했다.",
    "date": "14.12.02",
    "rating": "1",
    "author": "ansr****",
    "review_id": "9439963",
    "movie_id": "41361"
  },
  {
    "review": "개인적으로 조지 로메로와 사이먼 베이커의 팬인데 이 영화는 도무지..",
    "date": "14.11.22",
    "rating": "1",
    "author": "aolm****",
    "review_id": "9409902",
    "movie_id": "41361"
  },
  {
    "review": "용병으로 나온 예쁜 누나 땜에 10점 ㅎㅎ 넘  귀엽당ㅎ",
    "date": "14.10.17",
    "rating": "10",
    "author": "virl****",
    "review_id": "9297895",
    "movie_id": "41361"
  },
  {
    "review": "새벽의 저주를 생각하고 보신다면 정말 많이 실망할겁니다",
    "date": "14.09.28",
    "rating": "2",
    "author": "tltl****",
    "review_id": "9247270",
    "movie_id": "41361"
  },
  {
    "review": "Kyn9님 이분은 좀비영화계의 거장새벽의 저주도 이분꺼 리메이크잼알고나 있으세여",
    "date": "14.08.10",
    "rating": "9",
    "author": "awe8****",
    "review_id": "9058899",
    "movie_id": "41361"
  },
  {
    "review": "좀비영화임에도 불구하고 지루하다 ㅡㅡ;",
    "date": "14.07.27",
    "rating": "5",
    "author": "fghy****",
    "review_id": "8965447",
    "movie_id": "41361"
  },
  {
    "review": "새벽의저주보다 못한 영화 새벽의저주가 훨씬낫다",
    "date": "14.07.19",
    "rating": "6",
    "author": "kyn9****",
    "review_id": "8932279",
    "movie_id": "41361"
  },
  {
    "review": "생각 보다 평점이 너무 낮은데???",
    "date": "14.07.19",
    "rating": "10",
    "author": "ske4****",
    "review_id": "8929680",
    "movie_id": "41361"
  },
  {
    "review": "세월호가 생각나는군요.. 자기네들끼리 다 도망가는군요.. 다행히 영화라 그렇게 비극적이진 않지만 인상적입니다..",
    "date": "14.07.19",
    "rating": "8",
    "author": "leej****",
    "review_id": "8929274",
    "movie_id": "41361"
  },
  {
    "review": "좀비가 고통을느낀다? 몸에 불붙은좀비가으악~~하는데 이게 뭔가싶다ㅡㅡ",
    "date": "14.07.19",
    "rating": "2",
    "author": "jay1****",
    "review_id": "8929108",
    "movie_id": "41361"
  },
  {
    "review": "걍 아무생각없이보면 괜찮은좀비물 너무삼류냄새가심하게 나지만...나름갠춘",
    "date": "14.07.19",
    "rating": "6",
    "author": "gfum****",
    "review_id": "8929040",
    "movie_id": "41361"
  },
  {
    "review": "꿀잼. 로메로 영화는 다 잼남",
    "date": "14.07.15",
    "rating": "10",
    "author": "hagl****",
    "review_id": "8917500",
    "movie_id": "41361"
  },
  {
    "review": "제대후 첫영화 10점 그게다임",
    "date": "13.12.29",
    "rating": "10",
    "author": "duga****",
    "review_id": "8321377",
    "movie_id": "41361"
  },
  {
    "review": "멘탈리스트의 사이먼 베이커 나오네",
    "date": "13.12.27",
    "rating": "8",
    "author": "534k****",
    "review_id": "8313149",
    "movie_id": "41361"
  },
  {
    "review": "좀비영화 속 학살이 필수인 시대는 지난듯하다 그치만 통쾌함만큼은 포기할 수 없지않나",
    "date": "13.12.12",
    "rating": "6",
    "author": "taeg****",
    "review_id": "8209463",
    "movie_id": "41361"
  },
  {
    "review": "좜비 영화치고는 그나마 좀 괜찮은 영화예유. 좜비가 느려서 약하긴 하지만유. 요즘처럼 좜비 영화가 전 세계적으로 유행 타서 아무렇게나 막 찍어대는 것보단 괜찮네유.",
    "date": "13.11.02",
    "rating": "5",
    "author": "real****",
    "review_id": "8108926",
    "movie_id": "41361"
  },
  {
    "review": "나름 볼만혀~~~~zzzz",
    "date": "13.10.28",
    "rating": "8",
    "author": "yoon****",
    "review_id": "8095725",
    "movie_id": "41361"
  },
  {
    "review": "너무 기대하고 봐서 그런가..",
    "date": "13.08.27",
    "rating": "7",
    "author": "moun****",
    "review_id": "7927175",
    "movie_id": "41361"
  },
  {
    "review": "달리는 좀비가 대세인 지금 옛스러운 멋이 있는 좀비 영화",
    "date": "13.07.05",
    "rating": "7",
    "author": "coco****",
    "review_id": "7707269",
    "movie_id": "41361"
  },
  {
    "review": "이 역시 좀비물의 한 종류",
    "date": "13.06.21",
    "rating": "4",
    "author": "blue****",
    "review_id": "7664551",
    "movie_id": "41361"
  },
  {
    "review": "좀비가 지능이 있고, 영원히 죽지않는다면 좀비가 되는것도 나쁘지 않을거 같은데? 이영화는 그래서 다소 긴장감이 빠진다. 죽으면 끝이라는 생각이 조금 덜 들거든..그래도 기존의 무사고, 무뇌아 좀비에서 탈피한점은 나쁘지않았다.",
    "date": "13.06.10",
    "rating": "8",
    "author": "bajj****",
    "review_id": "7622753",
    "movie_id": "41361"
  },
  {
    "review": "조지 로메로 감독의 4번째 좀비 영화... 개인적으로 좀비를 느릿느릿 엣헴~! 거리면서 사람들에게 달려드는 게 적절하다 생각하는 1인ㅋㅋㅋ",
    "date": "13.06.07",
    "rating": "10",
    "author": "civi****",
    "review_id": "7606064",
    "movie_id": "41361"
  },
  {
    "review": "좀비는 빨라야 재밌다, 좀비가 영리해진 대신에 느려져서 아쉽다",
    "date": "13.05.10",
    "rating": "6",
    "author": "yong****",
    "review_id": "7519231",
    "movie_id": "41361"
  },
  {
    "review": "긴장과 스릴로 좀비물을 좋아하시는 분이시라면 이 영화는 안보는게 좋습니다 쓰레기영화. 뿡뿡이가 방귀뀌는게 더 무섭겠다 ㅋㅋㅋ",
    "date": "13.04.26",
    "rating": "1",
    "author": "noog****",
    "review_id": "7483222",
    "movie_id": "41361"
  },
  {
    "review": "좀비영화중에 최악이다",
    "date": "13.03.27",
    "rating": "1",
    "author": "iiii****",
    "review_id": "7414559",
    "movie_id": "41361"
  },
  {
    "review": "별로 안 무섭다",
    "date": "13.02.22",
    "rating": "1",
    "author": "sh15****",
    "review_id": "7290530",
    "movie_id": "41361"
  },
  {
    "review": "평이 너무 높다 5.8정도 로하면 될듯",
    "date": "13.02.22",
    "rating": "1",
    "author": "shsh****",
    "review_id": "7290523",
    "movie_id": "41361"
  },
  {
    "review": "영화 자체가 엉성하고 긴장감따위는 하나도없으며... 연출은 개나줘버려!!ㅋㅋ",
    "date": "13.02.03",
    "rating": "1",
    "author": "tnst****",
    "review_id": "7216821",
    "movie_id": "41361"
  },
  {
    "review": "괜찮은 영화인데 6.05는 좀 짜다. 7점은 줘도될 영화.",
    "date": "13.01.02",
    "rating": "10",
    "author": "sadn****",
    "review_id": "7075602",
    "movie_id": "41361"
  },
  {
    "review": "내가 지금 뭘 보고 있는거지..",
    "date": "12.12.18",
    "rating": "2",
    "author": "liho****",
    "review_id": "7014805",
    "movie_id": "41361"
  },
  {
    "review": "평점을못보고다운받았다...ㅜㅠ",
    "date": "12.12.01",
    "rating": "2",
    "author": "flow****",
    "review_id": "6949565",
    "movie_id": "41361"
  },
  {
    "review": "새벽의 저주만큼은 아니지만 괜찮은 좀비영화",
    "date": "12.11.21",
    "rating": "10",
    "author": "haid****",
    "review_id": "6910275",
    "movie_id": "41361"
  },
  {
    "review": "넘잔인하다",
    "date": "12.11.16",
    "rating": "10",
    "author": "hsw7****",
    "review_id": "6894178",
    "movie_id": "41361"
  },
  {
    "review": "음볼만했다",
    "date": "12.11.02",
    "rating": "10",
    "author": "dlrh****",
    "review_id": "6845288",
    "movie_id": "41361"
  },
  {
    "review": "무서운데 재밋네요",
    "date": "12.10.03",
    "rating": "8",
    "author": "hans****",
    "review_id": "6760839",
    "movie_id": "41361"
  },
  {
    "review": "자극적인 장면을 넣는데만 애썼다... 지루하다",
    "date": "12.08.27",
    "rating": "3",
    "author": "yowh****",
    "review_id": "6648608",
    "movie_id": "41361"
  },
  {
    "review": "재밌는데,  다들 왜이러냐...",
    "date": "12.08.08",
    "rating": "10",
    "author": "song****",
    "review_id": "6583167",
    "movie_id": "41361"
  },
  {
    "review": "아날로그 정서로 볼수 있는 최고의 좀비영화",
    "date": "12.07.25",
    "rating": "10",
    "author": "nogu****",
    "review_id": "6531643",
    "movie_id": "41361"
  },
  {
    "review": "중간중간 잔재미는 있다만 다소 지루한감이있고 쌩뚱맞은 결말은 치명적임.",
    "date": "12.07.13",
    "rating": "5",
    "author": "kis5****",
    "review_id": "6475940",
    "movie_id": "41361"
  },
  {
    "review": "좀비들의 지능...뭔가 새롭게 다가온 영화",
    "date": "12.06.22",
    "rating": "7",
    "author": "gywn****",
    "review_id": "6408747",
    "movie_id": "41361"
  },
  {
    "review": "이 좀비물이 새벽의 저주보다 더 못하네",
    "date": "12.05.23",
    "rating": "1",
    "author": "mey4****",
    "review_id": "6325770",
    "movie_id": "41361"
  },
  {
    "review": "좋지도 나쁘지도 않았던 영화, 하지만 쓰레기는 아닌듯",
    "date": "12.03.24",
    "rating": "6",
    "author": "thes****",
    "review_id": "6165195",
    "movie_id": "41361"
  },
  {
    "review": "저급하고 추접스러운 좀비영화로 기억..토나옴",
    "date": "12.03.14",
    "rating": "4",
    "author": "seon****",
    "review_id": "6144388",
    "movie_id": "41361"
  },
  {
    "review": "나쁘지않았었다. 좀비영화만 만드는감독님인데 평점이1은 심한듯",
    "date": "12.02.28",
    "rating": "7",
    "author": "thdu****",
    "review_id": "6110808",
    "movie_id": "41361"
  },
  {
    "review": "난 옛날에 봤지만 재밌던데 평점 왜 이따구?ㅋ",
    "date": "12.02.26",
    "rating": "8",
    "author": "dcts****",
    "review_id": "6104917",
    "movie_id": "41361"
  },
  {
    "review": "좀비영화에 의미를 부여한다면 아이러니일수도 있지만 그렇기에 더욱 더 빛이 난 영화이다!",
    "date": "12.02.24",
    "rating": "10",
    "author": "mirg****",
    "review_id": "6100076",
    "movie_id": "41361"
  },
  {
    "review": "너무 재미없다 진짜 너무 재미없다",
    "date": "12.02.01",
    "rating": "1",
    "author": "mang****",
    "review_id": "6041724",
    "movie_id": "41361"
  },
  {
    "review": "별로임",
    "date": "11.10.14",
    "rating": "1",
    "author": "jiun****",
    "review_id": "5787919",
    "movie_id": "41361"
  },
  {
    "review": "존 레귀자모를 알린영화",
    "date": "11.10.01",
    "rating": "5",
    "author": "kth2****",
    "review_id": "5763779",
    "movie_id": "41361"
  },
  {
    "review": "이렇게 긴장감이 없는 좀비영화는 처음이네...",
    "date": "11.09.25",
    "rating": "6",
    "author": "mado****",
    "review_id": "5751986",
    "movie_id": "41361"
  },
  {
    "review": "이 영화에서 좀비는 단지 인간의 탐욕과 잔혹성을 보여주기 위한 수단에 불과",
    "date": "11.08.22",
    "rating": "5",
    "author": "vlfx****",
    "review_id": "5678541",
    "movie_id": "41361"
  },
  {
    "review": "장르 내에서는 고급수준, 사이먼이라는 배우덕도 봤고..",
    "date": "11.07.28",
    "rating": "7",
    "author": "tscm****",
    "review_id": "5576640",
    "movie_id": "41361"
  },
  {
    "review": "마지막에 극적인 해피엔딩이 매우 맘에 안들었지만 그래도 뭐... 조지 A 로메로니깐",
    "date": "11.07.27",
    "rating": "10",
    "author": "covo****",
    "review_id": "5574328",
    "movie_id": "41361"
  },
  {
    "review": "꽤 재밌던데 ㅋ",
    "date": "11.07.26",
    "rating": "10",
    "author": "hemi****",
    "review_id": "5571709",
    "movie_id": "41361"
  },
  {
    "review": "이거 꽤 ㄱㅊ",
    "date": "11.04.24",
    "rating": "10",
    "author": "trpg****",
    "review_id": "5389673",
    "movie_id": "41361"
  },
  {
    "review": "좀비도 생각이 있다규!!",
    "date": "11.03.30",
    "rating": "7",
    "author": "pree****",
    "review_id": "5343159",
    "movie_id": "41361"
  },
  {
    "review": "긴장감이라곤 찾아볼 수 없는. 내 인생 최악의 좀비 영화였다.",
    "date": "11.03.19",
    "rating": "1",
    "author": "hipo****",
    "review_id": "5321465",
    "movie_id": "41361"
  },
  {
    "review": "한결같이 매서운 야심.",
    "date": "11.03.15",
    "rating": "6",
    "author": "rygh****",
    "review_id": "5314615",
    "movie_id": "41361"
  },
  {
    "review": "역시 좀비세상에서는 장갑차가 최고라는것. 돈 아깝지 않고 한번쯤 봐도 괜찮을 영화.",
    "date": "11.03.06",
    "rating": "8",
    "author": "segy****",
    "review_id": "5296490",
    "movie_id": "41361"
  },
  {
    "review": "지능을얻는대신 뛰는걸 잊었어 ㅋㅋ",
    "date": "11.02.26",
    "rating": "10",
    "author": "wnse****",
    "review_id": "5276556",
    "movie_id": "41361"
  },
  {
    "review": "머얌...이거 짱나",
    "date": "11.02.20",
    "rating": "3",
    "author": "road****",
    "review_id": "5258844",
    "movie_id": "41361"
  },
  {
    "review": "좀비의 지능화와 인간들의 지능저화",
    "date": "11.01.28",
    "rating": "2",
    "author": "kos4****",
    "review_id": "5191933",
    "movie_id": "41361"
  },
  {
    "review": "딱히 기억에 안남는다",
    "date": "11.01.25",
    "rating": "4",
    "author": "blai****",
    "review_id": "5182676",
    "movie_id": "41361"
  },
  {
    "review": "무난한 좀비 영화의 표본",
    "date": "10.12.28",
    "rating": "7",
    "author": "qudr****",
    "review_id": "5096980",
    "movie_id": "41361"
  },
  {
    "review": "ㅋㅋㅋㅋ;징그럽긴징그러운데 재미는없고..그냥 내장은 엄청 나오는거가틈",
    "date": "10.12.16",
    "rating": "4",
    "author": "happ****",
    "review_id": "5058941",
    "movie_id": "41361"
  },
  {
    "review": "역시 조지 로메로.",
    "date": "10.11.29",
    "rating": "8",
    "author": "ango****",
    "review_id": "5003440",
    "movie_id": "41361"
  },
  {
    "review": "시간 때우기",
    "date": "10.10.15",
    "rating": "4",
    "author": "rjsw****",
    "review_id": "4903277",
    "movie_id": "41361"
  },
  {
    "review": "B급좀비영화에도수준이있다면그수준의딱경계선위에있는영화",
    "date": "10.10.07",
    "rating": "7",
    "author": "lees****",
    "review_id": "4889599",
    "movie_id": "41361"
  },
  {
    "review": "생각하는 좀비라 특이하긴한데,,좀비는 좀비다워야한다 ~~~~~~~",
    "date": "10.09.29",
    "rating": "5",
    "author": "fnsk****",
    "review_id": "4874783",
    "movie_id": "41361"
  },
  {
    "review": "쓰레기",
    "date": "10.08.20",
    "rating": "1",
    "author": "many****",
    "review_id": "4768579",
    "movie_id": "41361"
  },
  {
    "review": "이런거 진짜 처음쓰네요  이건뭐 긴장감이란 전혀없고 그냥 전부다 아우  보지마세요",
    "date": "10.08.12",
    "rating": "1",
    "author": "mdrl****",
    "review_id": "4739524",
    "movie_id": "41361"
  },
  {
    "review": "90년 전후해서 좀비영화 빼놓지 않고 다본듯한데, 2010년 현재 내가본 최악의좀비영화",
    "date": "10.08.07",
    "rating": "1",
    "author": "shal****",
    "review_id": "4716586",
    "movie_id": "41361"
  },
  {
    "review": "너무너무너무 재미없다;; 영화 전체적으로 뭐 하나 내세울 만한 게 없다",
    "date": "10.07.31",
    "rating": "3",
    "author": "mad_****",
    "review_id": "4691958",
    "movie_id": "41361"
  },
  {
    "review": "뭔가 허접해..",
    "date": "10.07.15",
    "rating": "5",
    "author": "dlaw****",
    "review_id": "4641292",
    "movie_id": "41361"
  },
  {
    "review": "역시 볼만하네",
    "date": "10.07.10",
    "rating": "10",
    "author": "ghdd****",
    "review_id": "4626209",
    "movie_id": "41361"
  },
  {
    "review": "좀비영화 마니아라면 그냥 볼만한 정도 솔직히 이거 까는 사람들은 안본거 아닌가?",
    "date": "10.07.03",
    "rating": "10",
    "author": "pis6****",
    "review_id": "4607144",
    "movie_id": "41361"
  },
  {
    "review": "언제나 매력적인 조지 로메로의 좀비영화",
    "date": "10.06.12",
    "rating": "10",
    "author": "ccpk****",
    "review_id": "4559889",
    "movie_id": "41361"
  },
  {
    "review": "좀비가 지배한 세상, 그 이후는? 그럴듯하다",
    "date": "10.06.12",
    "rating": "10",
    "author": "rame****",
    "review_id": "4559888",
    "movie_id": "41361"
  },
  {
    "review": "역시 거장, 좀비의 아버지 조지 로메로",
    "date": "10.06.12",
    "rating": "10",
    "author": "kpcc****",
    "review_id": "4559887",
    "movie_id": "41361"
  },
  {
    "review": "잔인한 면에선 높은 점수. 허나 끝난 뒤에 허무함...",
    "date": "10.06.02",
    "rating": "5",
    "author": "jtot****",
    "review_id": "4538559",
    "movie_id": "41361"
  },
  {
    "review": "잼있다!! 감동도 있다!!! 그러나 좀비물이라는 장르떄문에 평점이 낮게받아버리네..",
    "date": "10.06.01",
    "rating": "10",
    "author": "bibl****",
    "review_id": "4537696",
    "movie_id": "41361"
  },
  {
    "review": "고민하는 사람들.. 보지마라;; 진짜다.. 좀비완전 쓰.......",
    "date": "10.05.23",
    "rating": "1",
    "author": "ckm9****",
    "review_id": "4517466",
    "movie_id": "41361"
  },
  {
    "review": "진짜 아시아아르젠토 OO 예쁘다, 레알",
    "date": "10.05.14",
    "rating": "5",
    "author": "pksj****",
    "review_id": "4497299",
    "movie_id": "41361"
  },
  {
    "review": "아는 사람이 보면 재밌고, 모르는 사람이 보면 그저그렇고",
    "date": "10.04.09",
    "rating": "7",
    "author": "thir****",
    "review_id": "4421861",
    "movie_id": "41361"
  },
  {
    "review": "2343245-46950796867-867-0---ㅛ754",
    "date": "10.03.24",
    "rating": "10",
    "author": "jfk4****",
    "review_id": "4383493",
    "movie_id": "41361"
  },
  {
    "review": "새벽의저주보다 역시 못해...좀비가 총들고...바다 건너고 아주 난리났어..ㄱ-",
    "date": "10.03.19",
    "rating": "5",
    "author": "capg****",
    "review_id": "4368064",
    "movie_id": "41361"
  },
  {
    "review": "아 아아아아 재미없내 새벽의저주가 100000000000000000000000%더재밋다",
    "date": "10.02.28",
    "rating": "1",
    "author": "tkdg****",
    "review_id": "4323648",
    "movie_id": "41361"
  },
  {
    "review": "스릴있고 괜찮던데",
    "date": "10.02.23",
    "rating": "10",
    "author": "ok2j****",
    "review_id": "4312352",
    "movie_id": "41361"
  },
  {
    "review": "신선한 내용 볼만했다.봐도 괜찮을듯",
    "date": "10.02.02",
    "rating": "7",
    "author": "psk9****",
    "review_id": "4237503",
    "movie_id": "41361"
  },
  {
    "review": "새로워진 좀비.. 새로운 스토리.. 하지만 그게 끝..",
    "date": "10.01.30",
    "rating": "6",
    "author": "rlwh****",
    "review_id": "4223053",
    "movie_id": "41361"
  },
  {
    "review": "완전 나도 낚였음. 별로..좀비 영화 좋아하는 나로서는 더더욱 별로.",
    "date": "10.01.24",
    "rating": "6",
    "author": "room****",
    "review_id": "4204866",
    "movie_id": "41361"
  },
  {
    "review": "28일후랑 비슷하다",
    "date": "10.01.17",
    "rating": "1",
    "author": "teru****",
    "review_id": "4178652",
    "movie_id": "41361"
  },
  {
    "review": "코미디 영화 아닌가요?",
    "date": "10.01.16",
    "rating": "1",
    "author": "crow****",
    "review_id": "4175099",
    "movie_id": "41361"
  },
  {
    "review": "완전낚엿음~내가본좀비영화중에최악작품..이게무슨좀비영화임?좀비도나오지도않던대?",
    "date": "09.12.15",
    "rating": "1",
    "author": "shs1****",
    "review_id": "4045711",
    "movie_id": "41361"
  }
]