[
  {
    "review": "배우들의 연기와 비록 불륜이었지만 한명도행복할수 없었던 결말 참 좋았어요",
    "date": "14.07.30",
    "rating": "10",
    "author": "ggyf****",
    "review_id": "8984606",
    "movie_id": "41366"
  },
  {
    "review": "노희경, 배종옥, 방은진 , 이재룡  최고의 작품",
    "date": "14.07.11",
    "rating": "10",
    "author": "m2np****",
    "review_id": "8904667",
    "movie_id": "41366"
  },
  {
    "review": "정말 다시보구싶은데...",
    "date": "14.06.26",
    "rating": "10",
    "author": "jaeh****",
    "review_id": "8858923",
    "movie_id": "41366"
  },
  {
    "review": "표민수 감독의 연출스타일-푸른안개 고독 과 더불어 연타3년,,사랑드라마의 시작점",
    "date": "14.02.19",
    "rating": "8",
    "author": "cad0****",
    "review_id": "8520121",
    "movie_id": "41366"
  },
  {
    "review": "이런 드라마가 숨겨져 있었다니...내 생애 최고의 드라마가 될것 같습니다...옥희같은 여자라면 남은 삶을 같이 보내고 싶다는 생각이 들 정도로 사랑스럽고 애틋한 드라마입니다.",
    "date": "13.12.30",
    "rating": "10",
    "author": "secr****",
    "review_id": "8325580",
    "movie_id": "41366"
  },
  {
    "review": "가장 기억에 남는 드라마...",
    "date": "13.05.22",
    "rating": "10",
    "author": "hyew****",
    "review_id": "7548075",
    "movie_id": "41366"
  },
  {
    "review": "영혼을 울리는 드라마에요",
    "date": "13.05.01",
    "rating": "10",
    "author": "sy19****",
    "review_id": "7498795",
    "movie_id": "41366"
  },
  {
    "review": "정말 바보 같은 사랑. 드라마라고 느껴지지 않을 정도로 리얼했습니다...",
    "date": "13.03.15",
    "rating": "10",
    "author": "pila****",
    "review_id": "7350596",
    "movie_id": "41366"
  },
  {
    "review": "마지막 엔딩, 상우가 옥희에게 간 건 노희경 작가의 선물이라고 봅니다. 언젠가 돌아가겠지만, 그래도 사랑을 택한 상우, 하지만 옥희를 바라보는 상우의 슬픈 눈, 그리고 영숙의 나래이션, 최고의 명장면입니다.",
    "date": "13.02.28",
    "rating": "10",
    "author": "ddam****",
    "review_id": "7310169",
    "movie_id": "41366"
  },
  {
    "review": "노희경 작가를 좋아하게 된 계기가 이 드라마였어요. 우연히 이 드라말 봤는데, 너무 가슴이 아파서...계속 보게됐죠. 스타가 한명도 나오지 않았지만, 배우들의 절절한 여기와 대사가...마음에 오래 남습니다.",
    "date": "13.02.28",
    "rating": "10",
    "author": "line****",
    "review_id": "7309161",
    "movie_id": "41366"
  },
  {
    "review": "가슴저미는 사랑..연인의사랑은 자연이 계절따라 바뀌듯이 변하고 퇴색한다.사랑은 머물러있는게아니라서 나도 변하고,상대도 변한다.인간은 자연의 일부이기때문이다..",
    "date": "12.11.28",
    "rating": "10",
    "author": "play****",
    "review_id": "6934365",
    "movie_id": "41366"
  },
  {
    "review": "배종옥 참 좋은 배우이지요. 방은진도 참 잘하네요.",
    "date": "12.03.17",
    "rating": "10",
    "author": "alan****",
    "review_id": "6149233",
    "movie_id": "41366"
  },
  {
    "review": "정말 애절한 사랑",
    "date": "11.12.01",
    "rating": "10",
    "author": "csse****",
    "review_id": "5880997",
    "movie_id": "41366"
  },
  {
    "review": "어려운 상황에서 만난 인연에 가슴이 저리게 빠져서 봤던 기억이 새롭네요.",
    "date": "11.10.01",
    "rating": "10",
    "author": "mari****",
    "review_id": "5763413",
    "movie_id": "41366"
  },
  {
    "review": "마음이 많슬프고 우울해지더라구요.ㅠㅠ 많이 안타까웠어요.너무 늦게 만난 탓이겠죠.",
    "date": "11.07.01",
    "rating": "10",
    "author": "hear****",
    "review_id": "5511725",
    "movie_id": "41366"
  },
  {
    "review": "십대중반에 한번, 이십대중반에 한번, 총 두번을 봤다. 서른넘어 한번 더 보고싶다",
    "date": "10.06.26",
    "rating": "8",
    "author": "kkot****",
    "review_id": "4593209",
    "movie_id": "41366"
  },
  {
    "review": "모두모두가 너무 안타깝네요.. 진정한 사랑이란 이런걸까요",
    "date": "09.12.31",
    "rating": "10",
    "author": "cmy2****",
    "review_id": "4112512",
    "movie_id": "41366"
  },
  {
    "review": "보고 또 봐도 가슴이 먹먹한....최고의 드라마!!",
    "date": "09.01.07",
    "rating": "10",
    "author": "love****",
    "review_id": "3199946",
    "movie_id": "41366"
  }
]