[
  {
    "review": "깔끔하지 못한 끝마무리가 옥의 티다.",
    "date": "14.02.09",
    "rating": "9",
    "author": "kos4****",
    "review_id": "8490107",
    "movie_id": "41362"
  },
  {
    "review": "영상미,음악, 촬영기법, 연기 , 최고네요.. 피를 부르지 않는 통쾌한 복수. 최고네요.",
    "date": "13.04.22",
    "rating": "10",
    "author": "tats****",
    "review_id": "7475387",
    "movie_id": "41362"
  },
  {
    "review": "상수 스타일 따라하기",
    "date": "12.12.04",
    "rating": "3",
    "author": "expr****",
    "review_id": "6973405",
    "movie_id": "41362"
  },
  {
    "review": "독특한 영상설정이 보는 재미를 더한다",
    "date": "12.09.16",
    "rating": "8",
    "author": "nbin****",
    "review_id": "6702204",
    "movie_id": "41362"
  },
  {
    "review": "조은지출연안했음 단팥빵에 단팥이없을뻔한 영화.지루하지만 독특하다.",
    "date": "12.07.08",
    "rating": "7",
    "author": "a109****",
    "review_id": "6458167",
    "movie_id": "41362"
  },
  {
    "review": "스피디한 전개와 탄탄한 구성이 돋보이는군",
    "date": "12.06.30",
    "rating": "7",
    "author": "guev****",
    "review_id": "6430445",
    "movie_id": "41362"
  },
  {
    "review": "한거야 안한거야? 그 상황에서 안하기도 힘든데 ㅋㅋㅋ",
    "date": "11.12.06",
    "rating": "5",
    "author": "lina****",
    "review_id": "5890438",
    "movie_id": "41362"
  },
  {
    "review": "희안하게 잼나네 ㅋ",
    "date": "11.07.26",
    "rating": "9",
    "author": "nice****",
    "review_id": "5569919",
    "movie_id": "41362"
  },
  {
    "review": "특이하긴하다",
    "date": "11.06.14",
    "rating": "5",
    "author": "zida****",
    "review_id": "5480717",
    "movie_id": "41362"
  },
  {
    "review": "오 기대이상 ㅋ",
    "date": "11.02.14",
    "rating": "8",
    "author": "verm****",
    "review_id": "5243413",
    "movie_id": "41362"
  },
  {
    "review": "내용, 웃음, 감동, 교훈.. 어떤 것도 없다..",
    "date": "11.01.23",
    "rating": "2",
    "author": "tn99****",
    "review_id": "5177008",
    "movie_id": "41362"
  },
  {
    "review": "솔직히 재미는 별루.. 영화가 흐느적 흐느적 설렁설렁하다...",
    "date": "10.12.31",
    "rating": "5",
    "author": "kis5****",
    "review_id": "5107488",
    "movie_id": "41362"
  },
  {
    "review": "박광정을 잃은건 정말 크나큰 손실이다. 느릿느릿 쿡쿡 옆구리를 쑤신다. 오쟁이지다.",
    "date": "10.08.12",
    "rating": "7",
    "author": "cksn****",
    "review_id": "4737068",
    "movie_id": "41362"
  },
  {
    "review": "이영화 정말 괜찮은 영환데.센스있는영상과해학이만점!보기드문 수작",
    "date": "10.05.06",
    "rating": "10",
    "author": "shin****",
    "review_id": "4482092",
    "movie_id": "41362"
  },
  {
    "review": "평점 5점이하로 주는 녀석들은 해학이 뭔지 알아보고 와라",
    "date": "10.04.29",
    "rating": "9",
    "author": "qolv****",
    "review_id": "4463180",
    "movie_id": "41362"
  },
  {
    "review": "그냥 줄거리만 보고 흥미가 생겨서 본영화~ 그냥 조용히~ 물에 술탄듯~ 흘러간다",
    "date": "10.03.03",
    "rating": "7",
    "author": "tott****",
    "review_id": "4331223",
    "movie_id": "41362"
  },
  {
    "review": "평범한내용보다못하다.. 처음부분은봐줄만하나, 이어질수록지루함이밀어온다..",
    "date": "10.02.26",
    "rating": "1",
    "author": "21c8****",
    "review_id": "4319528",
    "movie_id": "41362"
  },
  {
    "review": "아악~ 주얼리정이 이런영화에 나오다니...",
    "date": "10.02.01",
    "rating": "7",
    "author": "hjse****",
    "review_id": "4233239",
    "movie_id": "41362"
  },
  {
    "review": "뭐 이런 개똥같은 포스터가; 한국영화 답지 않은 신선한 이미지가 돋보이는 좋은 영화",
    "date": "09.11.30",
    "rating": "9",
    "author": "0hwa****",
    "review_id": "4003628",
    "movie_id": "41362"
  },
  {
    "review": "지금이대로",
    "date": "09.11.20",
    "rating": "10",
    "author": "khke****",
    "review_id": "3977034",
    "movie_id": "41362"
  },
  {
    "review": "작품성 있게 보이기위한 어설픈 노력이 돋보임",
    "date": "09.11.07",
    "rating": "5",
    "author": "osij****",
    "review_id": "3943332",
    "movie_id": "41362"
  },
  {
    "review": "기대없이 봐서 그런지 나쁘지는 않다",
    "date": "09.10.10",
    "rating": "8",
    "author": "micr****",
    "review_id": "3883604",
    "movie_id": "41362"
  },
  {
    "review": "골때림~",
    "date": "09.09.05",
    "rating": "9",
    "author": "srut****",
    "review_id": "3813333",
    "movie_id": "41362"
  },
  {
    "review": "개성과 절제, 통쾌한 비웃음. 한국영화의 보석같은 존재.",
    "date": "09.08.29",
    "rating": "9",
    "author": "jkha****",
    "review_id": "3795884",
    "movie_id": "41362"
  },
  {
    "review": "어설픈 흉내내기. 은유와 상징은 세련되어야 제맛.",
    "date": "09.07.22",
    "rating": "5",
    "author": "sile****",
    "review_id": "3657047",
    "movie_id": "41362"
  },
  {
    "review": "무거운 소재를 가볍고 재미있게 묘사한 영화 ㅎㅎ 재밌슴돠",
    "date": "09.06.09",
    "rating": "8",
    "author": "west****",
    "review_id": "3553877",
    "movie_id": "41362"
  },
  {
    "review": "개성강한연극한편보는기분이랄까?완전상콤한영화~!완전좋아~이런영화~!",
    "date": "09.06.06",
    "rating": "10",
    "author": "tnst****",
    "review_id": "3546745",
    "movie_id": "41362"
  },
  {
    "review": "단순한 재미",
    "date": "09.01.24",
    "rating": "10",
    "author": "pkjj****",
    "review_id": "3243462",
    "movie_id": "41362"
  },
  {
    "review": "소소한 일상적인 잔재미와 같이 걷는 각 캐릭터의 흥겨움.",
    "date": "08.12.22",
    "rating": "7",
    "author": "izzo****",
    "review_id": "3139162",
    "movie_id": "41362"
  },
  {
    "review": "재미 의미 모두 있다",
    "date": "08.12.16",
    "rating": "8",
    "author": "nang****",
    "review_id": "3121640",
    "movie_id": "41362"
  },
  {
    "review": "별로... 일단 각본이 어색",
    "date": "08.12.02",
    "rating": "5",
    "author": "mojo****",
    "review_id": "3085641",
    "movie_id": "41362"
  },
  {
    "review": "앵글과 카메라워크가 훌륭한 개성을 보인다. 대사도 절제된 감칠맛을 준다",
    "date": "08.11.07",
    "rating": "8",
    "author": "kkoo****",
    "review_id": "3038632",
    "movie_id": "41362"
  },
  {
    "review": "똑같은 놈이 됐지만.. 통쾌하네.. 그러나 재미는..",
    "date": "08.09.12",
    "rating": "5",
    "author": "urkn****",
    "review_id": "2936747",
    "movie_id": "41362"
  },
  {
    "review": "나름 쏠쏠한 재미에 푹 빠져서 본 영화... 별기대없이 본 영화치곤 짱!!!! 재밌음 ...",
    "date": "08.08.29",
    "rating": "10",
    "author": "jj54****",
    "review_id": "2909816",
    "movie_id": "41362"
  },
  {
    "review": "연출 시나리오 배우 모두 내 스탈..넘 잼떠",
    "date": "08.07.29",
    "rating": "10",
    "author": "apav****",
    "review_id": "2815311",
    "movie_id": "41362"
  },
  {
    "review": "평점에 속았네... 어떻게 8점에 가까운 점수가 나왔지 끝까지 다 볼려다가 포기했다.",
    "date": "08.07.06",
    "rating": "1",
    "author": "adon****",
    "review_id": "2743215",
    "movie_id": "41362"
  },
  {
    "review": "저예산 영화지만, 정말 재밌게 보았습니다!",
    "date": "08.06.08",
    "rating": "10",
    "author": "migi****",
    "review_id": "2686878",
    "movie_id": "41362"
  },
  {
    "review": "저예산 영화의 힘!",
    "date": "08.05.17",
    "rating": "10",
    "author": "west****",
    "review_id": "2646090",
    "movie_id": "41362"
  },
  {
    "review": "마지막에 웃겨 죽었다. ㅋㅋㅋ 결국 모든 남자는 소심하다?",
    "date": "08.04.23",
    "rating": "10",
    "author": "bokb****",
    "review_id": "2595871",
    "movie_id": "41362"
  },
  {
    "review": "인상적인 캐릭터와 독특한 스토리. 그 끝에서 한걸음 더 나아간다",
    "date": "08.03.28",
    "rating": "9",
    "author": "taut****",
    "review_id": "2545734",
    "movie_id": "41362"
  },
  {
    "review": "남이 하면 불륜 내가 하면 로맨스",
    "date": "08.02.27",
    "rating": "7",
    "author": "hurr****",
    "review_id": "2489161",
    "movie_id": "41362"
  },
  {
    "review": "Best movie I've seen in years. Very Wes Andersen.",
    "date": "08.02.23",
    "rating": "10",
    "author": "arud****",
    "review_id": "2475830",
    "movie_id": "41362"
  },
  {
    "review": "나름 재밋던데,,, 택시타고 속초가면 얼마나 나오나?",
    "date": "08.02.22",
    "rating": "7",
    "author": "zmsg****",
    "review_id": "2472045",
    "movie_id": "41362"
  },
  {
    "review": "조용조용 이끌어나가는게 나쁘지않았는데 결말은 최악",
    "date": "08.02.22",
    "rating": "3",
    "author": "laps****",
    "review_id": "2471073",
    "movie_id": "41362"
  },
  {
    "review": "오오~ 이런 영화 재밌다 7-8점 정도 가뿐하다",
    "date": "08.02.13",
    "rating": "10",
    "author": "sunn****",
    "review_id": "2440263",
    "movie_id": "41362"
  },
  {
    "review": "이런거 좋아",
    "date": "08.01.27",
    "rating": "10",
    "author": "dlgh****",
    "review_id": "2376395",
    "movie_id": "41362"
  },
  {
    "review": "결국 지도 어쩔수 없는 놈이지...",
    "date": "08.01.17",
    "rating": "7",
    "author": "pth3****",
    "review_id": "2339457",
    "movie_id": "41362"
  },
  {
    "review": "내용은별로지만은돈쓴보람이있다고나할까?",
    "date": "08.01.11",
    "rating": "5",
    "author": "wjdt****",
    "review_id": "2317456",
    "movie_id": "41362"
  },
  {
    "review": "소심남의 소소한 심리를 섬세하게 담은 영화. \"누군 할 말이 없는 줄 아나?\"",
    "date": "07.12.23",
    "rating": "8",
    "author": "jadi****",
    "review_id": "2257876",
    "movie_id": "41362"
  },
  {
    "review": "재미는 없지만.. 끝까지 보게 만드는 능력은 있네..조은지는 좋았다..",
    "date": "07.12.22",
    "rating": "5",
    "author": "dizi****",
    "review_id": "2253136",
    "movie_id": "41362"
  },
  {
    "review": "김태식 감독을 환영",
    "date": "07.12.10",
    "rating": "8",
    "author": "fung****",
    "review_id": "2222378",
    "movie_id": "41362"
  },
  {
    "review": "사회상을 담을려고 노력한 드라마",
    "date": "07.12.05",
    "rating": "3",
    "author": "kbc1****",
    "review_id": "2208000",
    "movie_id": "41362"
  },
  {
    "review": "혼자서소주마시며보면좋을느리고가려운영화.. 조은지는좋았다.",
    "date": "07.12.04",
    "rating": "7",
    "author": "poet****",
    "review_id": "2206469",
    "movie_id": "41362"
  },
  {
    "review": "사회상을 반영했군 저런 넌넘들 많쟈나~택시기사랑 붙어먹는 걸ㄹ들",
    "date": "07.12.02",
    "rating": "9",
    "author": "wjd_****",
    "review_id": "2201316",
    "movie_id": "41362"
  },
  {
    "review": "또다른 홍상수의 출현인가...공감과 웃음의 포인트를 못찾겠다는거",
    "date": "07.11.28",
    "rating": "6",
    "author": "fon9****",
    "review_id": "2190266",
    "movie_id": "41362"
  },
  {
    "review": "작정하고 이런컨셉을 잡은 영화, 님께서 마지막에 느낀 생각 그게 답인듯",
    "date": "07.11.28",
    "rating": "9",
    "author": "yong****",
    "review_id": "2189851",
    "movie_id": "41362"
  },
  {
    "review": "독특하게 풀어나간것이 예외이다.",
    "date": "07.11.26",
    "rating": "6",
    "author": "park****",
    "review_id": "2184999",
    "movie_id": "41362"
  },
  {
    "review": "1점도 아깝다. 쓰레기 같은 영화",
    "date": "07.11.24",
    "rating": "1",
    "author": "aura****",
    "review_id": "2178442",
    "movie_id": "41362"
  },
  {
    "review": "불륜은없고 사랑만있다? 불륜이긴한데 사랑해서 그런거지.스토리 볼만하네.",
    "date": "07.11.22",
    "rating": "7",
    "author": "sjs1****",
    "review_id": "2173230",
    "movie_id": "41362"
  },
  {
    "review": "정말 뭐라설명할까..멋진여행을 한거같다..정보석연기 재발견이다 ^^",
    "date": "07.11.15",
    "rating": "9",
    "author": "ssan****",
    "review_id": "2154229",
    "movie_id": "41362"
  },
  {
    "review": "감독이 위트가 있다. 재치있는 연출. 배우들의 훌륭한 연기.",
    "date": "07.11.14",
    "rating": "10",
    "author": "craz****",
    "review_id": "2149831",
    "movie_id": "41362"
  },
  {
    "review": "저예산의 감각속에 코믹과 미적인 감각의 조화 재미있었다!!",
    "date": "07.11.08",
    "rating": "10",
    "author": "tt09****",
    "review_id": "2139233",
    "movie_id": "41362"
  },
  {
    "review": "지루하다...평점만 믿고 봤다가...피봤다.",
    "date": "07.11.07",
    "rating": "4",
    "author": "ggar****",
    "review_id": "2137715",
    "movie_id": "41362"
  },
  {
    "review": "너무 재밌게봤다. 최고최고.",
    "date": "07.10.31",
    "rating": "10",
    "author": "happ****",
    "review_id": "2124904",
    "movie_id": "41362"
  },
  {
    "review": "과연 사랑이란?",
    "date": "07.10.30",
    "rating": "7",
    "author": "ghos****",
    "review_id": "2123012",
    "movie_id": "41362"
  },
  {
    "review": "우아한 세계",
    "date": "07.10.24",
    "rating": "10",
    "author": "wert****",
    "review_id": "2109157",
    "movie_id": "41362"
  },
  {
    "review": "원작.. 없어? 연극 같은 원작이 있는 영화 같은데..",
    "date": "07.10.21",
    "rating": "7",
    "author": "wlsa****",
    "review_id": "2101973",
    "movie_id": "41362"
  },
  {
    "review": "머야,OO! 코메디와 드라마사이에서 뭐?",
    "date": "07.10.12",
    "rating": "1",
    "author": "ukos****",
    "review_id": "2084500",
    "movie_id": "41362"
  },
  {
    "review": "앞으로 일어날 일에 대한 궁금증. 터지느냐 참느냐!",
    "date": "07.10.08",
    "rating": "9",
    "author": "nlgr****",
    "review_id": "2077904",
    "movie_id": "41362"
  },
  {
    "review": "이거 은근슬~쩍 웃겨주네...",
    "date": "07.10.07",
    "rating": "7",
    "author": "hisf****",
    "review_id": "2076871",
    "movie_id": "41362"
  },
  {
    "review": "영화보다는 재미있는 드라마를 본 느낌...출연배우들 때문인듯",
    "date": "07.10.06",
    "rating": "3",
    "author": "kiki****",
    "review_id": "2074528",
    "movie_id": "41362"
  },
  {
    "review": "조용히 흥미진진하다.",
    "date": "07.10.03",
    "rating": "9",
    "author": "daer****",
    "review_id": "2068804",
    "movie_id": "41362"
  },
  {
    "review": "재밌는데",
    "date": "07.10.03",
    "rating": "10",
    "author": "0104****",
    "review_id": "2067690",
    "movie_id": "41362"
  },
  {
    "review": "졸려...",
    "date": "07.10.02",
    "rating": "5",
    "author": "jotg****",
    "review_id": "2066138",
    "movie_id": "41362"
  },
  {
    "review": "다들 평가 좋지만, 왜 그런지 모르겠다. 시간아깝다는..;;;",
    "date": "07.09.29",
    "rating": "5",
    "author": "shsh****",
    "review_id": "2060229",
    "movie_id": "41362"
  },
  {
    "review": "뭐야",
    "date": "07.09.27",
    "rating": "3",
    "author": "sung****",
    "review_id": "2055653",
    "movie_id": "41362"
  },
  {
    "review": "나도그냥10점주고싶다 괜찮다이영화",
    "date": "07.09.27",
    "rating": "10",
    "author": "bark****",
    "review_id": "2053422",
    "movie_id": "41362"
  },
  {
    "review": "그냥 10점 주고싶다",
    "date": "07.09.24",
    "rating": "10",
    "author": "kitk****",
    "review_id": "2043531",
    "movie_id": "41362"
  },
  {
    "review": "이야기, 배우가 가까이 있는 영화~",
    "date": "07.09.21",
    "rating": "8",
    "author": "kim6****",
    "review_id": "2035492",
    "movie_id": "41362"
  },
  {
    "review": "재밌드라....심리 묘사도 잘 되있고..",
    "date": "07.09.21",
    "rating": "10",
    "author": "paza****",
    "review_id": "2034404",
    "movie_id": "41362"
  },
  {
    "review": "졸라 잼난다  최고다. 그리고 조은지 몸매 좋네. 오굿",
    "date": "07.09.19",
    "rating": "10",
    "author": "kimy****",
    "review_id": "2030426",
    "movie_id": "41362"
  },
  {
    "review": "돋보이는 Cinematography, 코믹한 심리 묘사,하지만 조금 부족한 느낌",
    "date": "07.09.18",
    "rating": "7",
    "author": "gret****",
    "review_id": "2030167",
    "movie_id": "41362"
  },
  {
    "review": "어떻게 보면 통쾌한 복수극.그러나  그 순간 드러나는 찌질함.",
    "date": "07.09.15",
    "rating": "9",
    "author": "dela****",
    "review_id": "2022149",
    "movie_id": "41362"
  },
  {
    "review": "남자 둘다 똑같은 인간이네..",
    "date": "07.09.14",
    "rating": "1",
    "author": "true****",
    "review_id": "2020688",
    "movie_id": "41362"
  },
  {
    "review": "소심한 복수, 그러나 너무 통쾌",
    "date": "07.09.14",
    "rating": "10",
    "author": "leav****",
    "review_id": "2020583",
    "movie_id": "41362"
  },
  {
    "review": "좋아하는 사람들만 좋아할 만한 영화. 대중성은 그다지..",
    "date": "07.09.12",
    "rating": "6",
    "author": "dmod****",
    "review_id": "2015489",
    "movie_id": "41362"
  },
  {
    "review": "남자 둘다 똑같은 인간이네..",
    "date": "07.09.10",
    "rating": "7",
    "author": "wwfo****",
    "review_id": "2013716",
    "movie_id": "41362"
  },
  {
    "review": "기대이상, 묘한 매력을 가진 영화.",
    "date": "07.09.08",
    "rating": "7",
    "author": "sae1****",
    "review_id": "2007702",
    "movie_id": "41362"
  },
  {
    "review": "한국영화의 걸작!!",
    "date": "07.09.07",
    "rating": "10",
    "author": "pror****",
    "review_id": "2006958",
    "movie_id": "41362"
  },
  {
    "review": "지루할줄알았는데 신선하고 좋았다",
    "date": "07.09.07",
    "rating": "8",
    "author": "deep****",
    "review_id": "2006228",
    "movie_id": "41362"
  },
  {
    "review": "생각보다 지루하지 않고 괜찮은 영화였다.. 연기력도 좋음",
    "date": "07.09.04",
    "rating": "7",
    "author": "zion****",
    "review_id": "2000707",
    "movie_id": "41362"
  },
  {
    "review": "소심남 결국 닭 됐군 ㅋㅋ 신선함",
    "date": "07.09.04",
    "rating": "8",
    "author": "kill****",
    "review_id": "2000541",
    "movie_id": "41362"
  },
  {
    "review": "좋았습니다",
    "date": "07.09.03",
    "rating": "10",
    "author": "leem****",
    "review_id": "1998588",
    "movie_id": "41362"
  },
  {
    "review": "우리나라의 아름다운 풍경과 영상미는 또다른 볼거리",
    "date": "07.09.01",
    "rating": "8",
    "author": "inst****",
    "review_id": "1995100",
    "movie_id": "41362"
  },
  {
    "review": "이야기꾼 감독의 장단에 연기자가 명연을 펼친다. 보석이가 듣고싶던 말은?",
    "date": "07.08.29",
    "rating": "9",
    "author": "hose****",
    "review_id": "1988412",
    "movie_id": "41362"
  },
  {
    "review": "예상과 달리 지루하지 않았다.",
    "date": "07.08.29",
    "rating": "10",
    "author": "uril****",
    "review_id": "1987142",
    "movie_id": "41362"
  },
  {
    "review": "뭘 말하는 영화인지...난해하다 !..지루하기도 하다.",
    "date": "07.08.29",
    "rating": "4",
    "author": "redo****",
    "review_id": "1987005",
    "movie_id": "41362"
  },
  {
    "review": "수박과 닭에서 뭔가 의미를 찾으려했지만, 나에겐 역부족.",
    "date": "07.08.28",
    "rating": "8",
    "author": "wind****",
    "review_id": "1986697",
    "movie_id": "41362"
  },
  {
    "review": "남자는 보이지 않는 것을 두려워 한다. 그래서 사실을 밝히고 싶어한다.",
    "date": "07.08.26",
    "rating": "9",
    "author": "artk****",
    "review_id": "1979660",
    "movie_id": "41362"
  },
  {
    "review": "와우~넘 참신해요.굿굿~넘넘 좋았어요...",
    "date": "07.08.24",
    "rating": "10",
    "author": "wonh****",
    "review_id": "1975145",
    "movie_id": "41362"
  }
]