[
  {
    "review": "추운겨울에 전기가끊길만큼 힘든경제적 상황속에서도 가족을 위한 축복의 기도를 하며 서로의 믿음과 사랑을 지켜가는게 쉬울까? 그 모습에서 감동받았다..묵묵히 고된일을해도 기도하며 믿음으로 사는 주인공 부부의 모습처럼 그런 가정을 꾸리고 싶다.",
    "date": "15.07.22",
    "rating": "10",
    "author": "sy15****",
    "review_id": "10127646",
    "movie_id": "41375"
  },
  {
    "review": "감동적이네요잘봤습니다",
    "date": "15.05.07",
    "rating": "9",
    "author": "babo****",
    "review_id": "9902185",
    "movie_id": "41375"
  },
  {
    "review": "아버지의  위대함 ,그리고  불굴의 독기",
    "date": "15.04.28",
    "rating": "10",
    "author": "kag5****",
    "review_id": "9875778",
    "movie_id": "41375"
  },
  {
    "review": "지루해질뻔한이야기  연기로메우다",
    "date": "15.04.22",
    "rating": "9",
    "author": "xx41****",
    "review_id": "9856510",
    "movie_id": "41375"
  },
  {
    "review": "가족을 위한 신데렐라맨",
    "date": "15.04.06",
    "rating": "9",
    "author": "char****",
    "review_id": "9830390",
    "movie_id": "41375"
  },
  {
    "review": "이 영화를 밤에보는게 아닌데....내일 눈 퉁퉁부어....와..정말 벅차올라요",
    "date": "15.03.22",
    "rating": "10",
    "author": "cw04****",
    "review_id": "9798631",
    "movie_id": "41375"
  },
  {
    "review": "볼때마다 감동.. 러셀 크로우의 연기가 이 영화의 가치를 한층 더 높여줬다",
    "date": "15.02.07",
    "rating": "10",
    "author": "jeba****",
    "review_id": "9675076",
    "movie_id": "41375"
  },
  {
    "review": "최고의 권투영화다. 록키는 픽션이지만 이 건 실화다. 최고!!",
    "date": "15.01.30",
    "rating": "10",
    "author": "23be****",
    "review_id": "9652706",
    "movie_id": "41375"
  },
  {
    "review": "자신을 지켜보고 응원해주는 관중들, 그 중에서 가장 중요한 가족을 위해",
    "date": "15.01.30",
    "rating": "7",
    "author": "jhbu****",
    "review_id": "9651691",
    "movie_id": "41375"
  },
  {
    "review": "미국영화에서 가장 아름답고 경이로운 이야기.",
    "date": "15.01.10",
    "rating": "10",
    "author": "suhw****",
    "review_id": "9579177",
    "movie_id": "41375"
  },
  {
    "review": "0.1초도 지루하지 않았다.. 정말 최고의 영화 그리고 강강강강추추추 개강추영화 정말 꼭 봐야할 영화이다",
    "date": "15.01.05",
    "rating": "10",
    "author": "jang****",
    "review_id": "9563873",
    "movie_id": "41375"
  },
  {
    "review": "나도 모르게 브래독을 응원하면서 러닝타임 140분이 흘러갔다.",
    "date": "14.12.29",
    "rating": "9",
    "author": "broy****",
    "review_id": "9533552",
    "movie_id": "41375"
  },
  {
    "review": "혼자였더라면 쓰려졌거나 포기했을것이다",
    "date": "14.12.14",
    "rating": "10",
    "author": "tpfw****",
    "review_id": "9472393",
    "movie_id": "41375"
  },
  {
    "review": "내평점정말 최고의 영화이자 이루어 말할 수 없는 감동을 주는 영화입니다.",
    "date": "14.11.22",
    "rating": "10",
    "author": "ston****",
    "review_id": "9411298",
    "movie_id": "41375"
  },
  {
    "review": "미친영화다   소름돋는영화",
    "date": "14.11.14",
    "rating": "10",
    "author": "kais****",
    "review_id": "9384299",
    "movie_id": "41375"
  },
  {
    "review": "평론가 말들은 듣지말고 영화를 봐라...나에게 엄청난 감동을 즌 영화",
    "date": "14.11.13",
    "rating": "10",
    "author": "qkrw****",
    "review_id": "9377240",
    "movie_id": "41375"
  },
  {
    "review": "최고의 영화입니다 강추",
    "date": "14.11.05",
    "rating": "10",
    "author": "coco****",
    "review_id": "9342947",
    "movie_id": "41375"
  },
  {
    "review": "집념어린 복서... 아버지...;;;",
    "date": "14.11.05",
    "rating": "7",
    "author": "popy****",
    "review_id": "9342637",
    "movie_id": "41375"
  },
  {
    "review": "동화와 현실 그리고 스포츠의 접점, 기적이라는 카타르시스의 의미를 되새기다",
    "date": "14.11.02",
    "rating": "10",
    "author": "seun****",
    "review_id": "9337742",
    "movie_id": "41375"
  },
  {
    "review": "진짜감동적이었다ㅜㅜ",
    "date": "14.11.02",
    "rating": "10",
    "author": "tele****",
    "review_id": "9337183",
    "movie_id": "41375"
  },
  {
    "review": "아버지를 다시 생각하게 해준영화..",
    "date": "14.11.02",
    "rating": "10",
    "author": "cksc****",
    "review_id": "9336855",
    "movie_id": "41375"
  },
  {
    "review": "144분의 시간을 잘 활용했다. 어제 나의 독재자 봤는데 또 한번 가족애를 느낌.",
    "date": "14.11.02",
    "rating": "10",
    "author": "igel****",
    "review_id": "9336851",
    "movie_id": "41375"
  },
  {
    "review": "최고의영화 다른말 불필요",
    "date": "14.11.02",
    "rating": "10",
    "author": "syon****",
    "review_id": "9336843",
    "movie_id": "41375"
  },
  {
    "review": "이런영화는 잘 안 보는데 어쩌다 EBS채널에서 보게된영화.. 감동적이다. 브래독 멋지다 ... ㅠ",
    "date": "14.11.02",
    "rating": "10",
    "author": "fire****",
    "review_id": "9336832",
    "movie_id": "41375"
  },
  {
    "review": "진짜 괜찮은 영화 권투안좋아하는 여자들도볼수있음 감동과 여운이남는 영화",
    "date": "14.11.02",
    "rating": "10",
    "author": "tedk****",
    "review_id": "9336830",
    "movie_id": "41375"
  },
  {
    "review": "보는내내 웃고 울었다.",
    "date": "14.11.02",
    "rating": "10",
    "author": "shal****",
    "review_id": "9336827",
    "movie_id": "41375"
  },
  {
    "review": "말이 필요가 없습니다당시 초등학생이었던 제가 보고 펑펑 울었습니다.지금 다시 보니 가장이란 무게는... 말로 다 할 수 없죠추성훈씨 방송 보고 감동받으셨던분은이영화를 보시고 그 10배의 감동을 받으실것입니다.",
    "date": "14.11.02",
    "rating": "10",
    "author": "rola****",
    "review_id": "9336763",
    "movie_id": "41375"
  },
  {
    "review": "진솔한 삶의 향기가 나는 영화 좋은 영화는 세월이 지나도 좋다",
    "date": "14.11.02",
    "rating": "10",
    "author": "gmld****",
    "review_id": "9336706",
    "movie_id": "41375"
  },
  {
    "review": "빠져들게 하네.아내 잘만났네..ebs일요씨네마 감상중",
    "date": "14.11.02",
    "rating": "10",
    "author": "smmk****",
    "review_id": "9336550",
    "movie_id": "41375"
  },
  {
    "review": "평론가 평점과 차이가 많을수록  나는 훨씬 더 좋은 영화라는 걸 새삼 느끼고 있다...",
    "date": "14.10.08",
    "rating": "10",
    "author": "nimm****",
    "review_id": "9275631",
    "movie_id": "41375"
  },
  {
    "review": "신데렐라맨 이라고 불렸던 한 남자, 실화가 주는 감동이 있다",
    "date": "14.08.30",
    "rating": "7",
    "author": "nine****",
    "review_id": "9147647",
    "movie_id": "41375"
  },
  {
    "review": "20~30대 남자라면 봐야될 영화",
    "date": "14.08.30",
    "rating": "10",
    "author": "tnqj****",
    "review_id": "9147117",
    "movie_id": "41375"
  },
  {
    "review": "몇년지난작품인데 이제봤네요. 우리 아버지들의 모습을 링이라는 곳으로 표현해서 아주 잘 나타낸듯 하네요. 힘든 고난과 역경을 가족이라는 이름으로 버티면서 책임감있게 포기하지않으면 결국 다시 일어설수 있다는 것을 표현 잘 한듯하네요",
    "date": "14.08.23",
    "rating": "9",
    "author": "alsk****",
    "review_id": "9126794",
    "movie_id": "41375"
  },
  {
    "review": "수년이 지나고 우연히 다시 만난 신데렐라맨...  명작이라해야할까? 정말 아름다운 영화라 해야할까? ....",
    "date": "14.08.16",
    "rating": "10",
    "author": "mypl****",
    "review_id": "9093788",
    "movie_id": "41375"
  },
  {
    "review": "10점이 모자라..3번이나 본 영화..",
    "date": "14.08.15",
    "rating": "10",
    "author": "gogi****",
    "review_id": "9087219",
    "movie_id": "41375"
  },
  {
    "review": "ㅜㅜ 러셀 크로우 연기도 감동이고 영화도 감동이다ㅜㅜ♡",
    "date": "14.08.11",
    "rating": "10",
    "author": "lznu****",
    "review_id": "9068245",
    "movie_id": "41375"
  },
  {
    "review": "실화를 바탕으로 한 감동이란.",
    "date": "14.08.09",
    "rating": "9",
    "author": "keep****",
    "review_id": "9057810",
    "movie_id": "41375"
  },
  {
    "review": "오글거림과 감동 사이를 아슬아슬하게 넘나드는 때가 있지만, 링 위로 올라가야 하는 한 아버지의 모습은 권투 장면보다도 더 인상적으로 다가온다.",
    "date": "14.07.24",
    "rating": "7",
    "author": "zxc1****",
    "review_id": "8953461",
    "movie_id": "41375"
  },
  {
    "review": "모든 일 엔 절실함이 필요한 군.",
    "date": "14.07.15",
    "rating": "10",
    "author": "sjh3****",
    "review_id": "8919080",
    "movie_id": "41375"
  },
  {
    "review": "클라이막스까지 감동을 끌어올리는 감독의 연출은 정말 박수를 치고싶다. 그리고 러셀 클로우는 역시나 멋있구나.~ 사자상 러셀 크러우 멋있다.",
    "date": "14.07.06",
    "rating": "10",
    "author": "simo****",
    "review_id": "8888552",
    "movie_id": "41375"
  },
  {
    "review": "실화의 힘이 끝까지 볼수있게 해주지만, 재연 이상의 것은 없다, 이 재료로 이정도라면..아쉽다",
    "date": "14.06.10",
    "rating": "6",
    "author": "trac****",
    "review_id": "8818695",
    "movie_id": "41375"
  },
  {
    "review": "내가 본 최고의 복싱드라마.",
    "date": "14.05.31",
    "rating": "9",
    "author": "alpi****",
    "review_id": "8779388",
    "movie_id": "41375"
  },
  {
    "review": "지미가 구걸하러갔을때 너무 가슴아팠어요 괜히 평점이 좋은건 아녜요 꼭한번보세요 지루하지않습니다 보고나면 가족의소중함도 알게될거예요",
    "date": "14.05.29",
    "rating": "9",
    "author": "solm****",
    "review_id": "8773030",
    "movie_id": "41375"
  },
  {
    "review": "힘이 되는 영화네요~!!!!",
    "date": "14.05.22",
    "rating": "10",
    "author": "myth****",
    "review_id": "8754276",
    "movie_id": "41375"
  },
  {
    "review": "나 고딩때 이영화봣는데 정말짱ㅜㅜ 티비에서 이런거좀 방영해주지 ㅜ",
    "date": "14.05.13",
    "rating": "10",
    "author": "dy72****",
    "review_id": "8728629",
    "movie_id": "41375"
  },
  {
    "review": "록키의 잔영이 아니었다면 더 빛났을 텐데.",
    "date": "14.04.15",
    "rating": "7",
    "author": "tear****",
    "review_id": "8651092",
    "movie_id": "41375"
  },
  {
    "review": "감동 ㅜ 꼭 봐야하는 영호ㅏ러셀크로우  르네젤위거  연기 쩐다 ㅜ",
    "date": "14.04.13",
    "rating": "10",
    "author": "04jj****",
    "review_id": "8648669",
    "movie_id": "41375"
  },
  {
    "review": "이 영화를 이제 봤다는게 너무 후회가 된다...짐 브래독의 모든 도전들이 심금을 울리며 마지막 챔피언쉽 경기에서 죽음을 무릎쓰고 대전을 치뤄 인간승리를 이끈 그의 투지와 노력, 그리고 가족에 대한 사랑은 영화를 보는 내내 감동 그자체였다. 최고다.",
    "date": "14.04.05",
    "rating": "10",
    "author": "ryus****",
    "review_id": "8628987",
    "movie_id": "41375"
  },
  {
    "review": "정말 찡하고 감동적인 영화이다. 강추",
    "date": "14.03.29",
    "rating": "10",
    "author": "dbgh****",
    "review_id": "8615899",
    "movie_id": "41375"
  },
  {
    "review": "이영화를 봤다면 당신은 정말 행운아 임에 틀림이 없다 이렇게 감동적인 영화는 오랜만이다  개인적으로 군대를 갔다온후 보면 더 의미 있게 볼수있을것같다 부모님의 마음 가장 아버지로서의 책임감 경제대공황에 허덕이는 시민들의 희망의짐을 떠앉고 복싱을한다!",
    "date": "14.03.21",
    "rating": "10",
    "author": "rnjs****",
    "review_id": "8591390",
    "movie_id": "41375"
  },
  {
    "review": "나는 이게 권투영화인지 모르고봤다, 나이들수록 공감대가 생기는 영화내가 왜 이제야봤을까 힘든역경에도 굴하지않고 오직 자신을 개척해나가는 신데렐라 맨",
    "date": "14.03.08",
    "rating": "10",
    "author": "zzsc****",
    "review_id": "8563337",
    "movie_id": "41375"
  },
  {
    "review": "복싱 영화는 언제나 나를 울리는듯. 사나이의 삶은 항상 링위에서 이루어지지.",
    "date": "14.03.07",
    "rating": "10",
    "author": "rand****",
    "review_id": "8561462",
    "movie_id": "41375"
  },
  {
    "review": "단순한 복싱영화 아니겠나 하면 큰 착각이다.. 나도 그래서 보기를 미뤘었는데 배우들의  연기력과 연출력은 모든것을 압도한다..  가장으로서  아름다운 가정은 무엇인지  영화를 통해 배우고 큰 용기를 얻었다.. 브레독과 영화 만든이들에게 박수를 보낸다.",
    "date": "14.02.24",
    "rating": "10",
    "author": "i530****",
    "review_id": "8533498",
    "movie_id": "41375"
  },
  {
    "review": "대공황시기 미국사회의 참담한 모습과 세아이와 아내의 가장인 아빠의 모습 론하워드감독과 러셀크로우가 다시한번 좋은 작품을 만든것같네요.",
    "date": "14.01.25",
    "rating": "10",
    "author": "doai****",
    "review_id": "8425787",
    "movie_id": "41375"
  },
  {
    "review": "가장의 어깨에 짊어진 책임감을 가장 리얼하게 표현한 영화. 여담으로 잭 뎀프시, 이후 그리고 조 루이스 이전 복싱의 황금기를 너무나도 잘 표현했다. 저때가 진짜 복싱사의 춘추전국 시대였지.",
    "date": "14.01.25",
    "rating": "10",
    "author": "zndz****",
    "review_id": "8423565",
    "movie_id": "41375"
  },
  {
    "review": "IMF당시 힘든 국민들이 박세리, 박찬호의 승리를 우리의 승리라 생각하고 열광했든 대공황의 국민들도 브래독을 희망으로 생각했을 것이다.",
    "date": "14.01.08",
    "rating": "10",
    "author": "supe****",
    "review_id": "8360678",
    "movie_id": "41375"
  },
  {
    "review": "감동적인 가족영화. 권투는 이 주제를 살리는 소재일뿐. 물리적인 훈련으로 다져진 주먹보다 가난의 잔혹함을 이기려는 주먹이 더 강할수 있음을 보여줌. 연기력, 연출력 모두 최고.",
    "date": "14.01.03",
    "rating": "10",
    "author": "nhr2****",
    "review_id": "8345511",
    "movie_id": "41375"
  },
  {
    "review": "고난과 역경이 실린 가장의 주먹은 더더욱 무거웠으리라.",
    "date": "13.12.22",
    "rating": "7",
    "author": "jiyu****",
    "review_id": "8275240",
    "movie_id": "41375"
  },
  {
    "review": "권투영화인줄 알고 봤는데...  감동 듬뿍 받았음...  마지막 경기때 로키에서처럼 큰위기와 반전이 다소 부족한 듯...",
    "date": "13.12.19",
    "rating": "8",
    "author": "rotj****",
    "review_id": "8234429",
    "movie_id": "41375"
  },
  {
    "review": "어렸을때는 정말 지루했는데 지금에서 다시 보니 정말 관점이 달라지네요",
    "date": "13.12.09",
    "rating": "9",
    "author": "lkyl****",
    "review_id": "8200655",
    "movie_id": "41375"
  },
  {
    "review": "옛 직장에 가서 돈 구걸할 때",
    "date": "13.11.14",
    "rating": "10",
    "author": "esty****",
    "review_id": "8137736",
    "movie_id": "41375"
  },
  {
    "review": "모두의 희망이 된 신데렐라 맨. 삶의 이유를 찾다.",
    "date": "13.11.02",
    "rating": "9",
    "author": "samg****",
    "review_id": "8110223",
    "movie_id": "41375"
  },
  {
    "review": "잼있지 권투영화..ㅜㅜ",
    "date": "13.10.19",
    "rating": "10",
    "author": "nice****",
    "review_id": "8070178",
    "movie_id": "41375"
  },
  {
    "review": "한 가정을 책임지는 가장의 눈물겨운 투혼을 담은 누구에게나 추천해 줄만한 영화",
    "date": "13.10.16",
    "rating": "10",
    "author": "plto****",
    "review_id": "8062617",
    "movie_id": "41375"
  },
  {
    "review": "권투도 너무 스릴있고 재미났지만, 1929년 세계대공항의 미국이 어땠는지 보여주는것 같아서 좋았다. 존경 받는 사람이란 어떤 것인지 보여주는 영화다.",
    "date": "13.09.28",
    "rating": "10",
    "author": "emfj****",
    "review_id": "8019555",
    "movie_id": "41375"
  },
  {
    "review": "자칫 지루할수도 있는소재였지만... 눈을 뗄수 없었다. 영화의 클라이 막스가 아닌곳에서도 가슴에서 소름이 퍼져나갔다.   이걸 무어라 말할수 있을까... 잔잔하면서도 너무 진한 여운... 과장되지 않은 아름다움에 더욱 벅찬 전율이 흐른다.",
    "date": "13.09.27",
    "rating": "10",
    "author": "king****",
    "review_id": "8017665",
    "movie_id": "41375"
  },
  {
    "review": "윤여정씨가 무릎팍에서 나와 돈이필요할때 제일 연기를 잘한다는 말이 생각났다. 뷰티풀 마인드에이어 러셀크로우의 연기력에 감명받았다. 돈이없어 아이들 대려오느라 위원회가서 구걸하는장면은 최고의 명장면이 아닐까싶다. 밀리언 달러 베이비와는 다른느낌.",
    "date": "13.09.20",
    "rating": "10",
    "author": "ashp****",
    "review_id": "8000614",
    "movie_id": "41375"
  },
  {
    "review": "참 괜찮은 영화다.",
    "date": "13.09.20",
    "rating": "10",
    "author": "majo****",
    "review_id": "7998448",
    "movie_id": "41375"
  },
  {
    "review": "제임스j브래독 다시한번 세상에 우뚝 서다 !   연기.연출모두 최고예요.실제 경기를 보는 것 같네요.   ★★★★☆4.9",
    "date": "13.09.17",
    "rating": "10",
    "author": "mvmt****",
    "review_id": "7990618",
    "movie_id": "41375"
  },
  {
    "review": "멋진 실화",
    "date": "13.09.16",
    "rating": "10",
    "author": "mara****",
    "review_id": "7985271",
    "movie_id": "41375"
  },
  {
    "review": "젊은이라면  나이가 들며 언젠가 부딪힐  주어진 삶을 받아들일 것인가 아니면 세상의 변화를 가져올 것인가의 문제에서 신데랄라맨을 본다면 과감하게 도전하는 삶에 대한 욕구를 불태울 것이다.세상에 희망을 주는 신데렐라맨. 당신은 진정한 감동이었습니다.",
    "date": "13.09.09",
    "rating": "10",
    "author": "yous****",
    "review_id": "7960633",
    "movie_id": "41375"
  },
  {
    "review": "나이에 비례하는 인문학 같은 영화",
    "date": "13.09.04",
    "rating": "9",
    "author": "masa****",
    "review_id": "7947758",
    "movie_id": "41375"
  },
  {
    "review": "복싱영화중 갑중에 갑 재미와 감동 두가지를 한번에",
    "date": "13.08.18",
    "rating": "10",
    "author": "bona****",
    "review_id": "7899564",
    "movie_id": "41375"
  },
  {
    "review": "복싱 영화중에 최고가 아닐까 생각합니다. 정말 재미있고 감동적이예요",
    "date": "13.08.18",
    "rating": "10",
    "author": "take****",
    "review_id": "7899559",
    "movie_id": "41375"
  },
  {
    "review": "권투라는 스포츠를 벗어나 나에게 감동과 삶을 깨우쳐준 영화",
    "date": "13.08.12",
    "rating": "10",
    "author": "must****",
    "review_id": "7871072",
    "movie_id": "41375"
  },
  {
    "review": "가족영화라 보는 편이 좋을듯하다",
    "date": "13.08.01",
    "rating": "7",
    "author": "hoon****",
    "review_id": "7804350",
    "movie_id": "41375"
  },
  {
    "review": "보는내내 몰입할수밖에 없는 영화네요.그야말로 최고. 어떠한 역경이 찾아와도 절대 포기하지 말자는 큰 교훈을 남겨주었습니다.",
    "date": "13.07.29",
    "rating": "10",
    "author": "10py****",
    "review_id": "7796876",
    "movie_id": "41375"
  },
  {
    "review": "내인생최고에영화중하나!길이길이기억에가슴에남을것같습니다!이영화에나온모든분들,제작하신분들..정말감사드립니다!^^최고였습니다^^",
    "date": "13.07.20",
    "rating": "10",
    "author": "ehrr****",
    "review_id": "7765506",
    "movie_id": "41375"
  },
  {
    "review": "사랑의 힘,가정의 힘은 정말 위대하네요,티비보다는 영화,만화보다는 독서를^^아주 뜻깊은 영화라는 생각이 듭니다.감동감동감동감동감동감동감동",
    "date": "13.07.17",
    "rating": "10",
    "author": "dudg****",
    "review_id": "7751465",
    "movie_id": "41375"
  },
  {
    "review": "역시 한 가정의 가장이란 위대하넹..",
    "date": "13.07.17",
    "rating": "10",
    "author": "ask3****",
    "review_id": "7749536",
    "movie_id": "41375"
  },
  {
    "review": "따뜻한 희망을 보았다 르네볼려고봤는데 적은분량에도 사랑스럽다",
    "date": "13.07.06",
    "rating": "8",
    "author": "jjcv****",
    "review_id": "7709956",
    "movie_id": "41375"
  },
  {
    "review": "이제서라도 봐서 다행이다. 감동 감동 감동 감동 또 감동",
    "date": "13.06.30",
    "rating": "9",
    "author": "amor****",
    "review_id": "7691972",
    "movie_id": "41375"
  },
  {
    "review": "감동의 물결!!",
    "date": "13.06.29",
    "rating": "10",
    "author": "spor****",
    "review_id": "7688704",
    "movie_id": "41375"
  },
  {
    "review": "내가 여태 지금 까지 살면서 이 영화를 못봤던걸까 ... 지금에서라도 본것을 아주 다행이라 생각한다 ... 아 씨 .. 나도 울었네 ...ㅠㅠ",
    "date": "13.06.20",
    "rating": "10",
    "author": "smil****",
    "review_id": "7660009",
    "movie_id": "41375"
  },
  {
    "review": "최고",
    "date": "13.06.12",
    "rating": "10",
    "author": "tmdc****",
    "review_id": "7629325",
    "movie_id": "41375"
  },
  {
    "review": "연출과 연기가 훌륭한작품실제로 경기를보는듯한 기분이드네요",
    "date": "13.06.06",
    "rating": "10",
    "author": "ball****",
    "review_id": "7596703",
    "movie_id": "41375"
  },
  {
    "review": "개봉 당시 20대 초반이던때엔 지루하고 졸리던 영화.. 그러나 세월이 지나 30대가 되고나니 너무나 와닿고 가슴이 찡해지는..  아.. 뭐 어떻게 설명을 못하겠다.. 그냥 봐라..",
    "date": "13.05.30",
    "rating": "10",
    "author": "acdc****",
    "review_id": "7562300",
    "movie_id": "41375"
  },
  {
    "review": "영화에 대해서 깊은상식이 없는나지만..이영화는 정말 굿이다...실화라는게 더더욱 감동이다...",
    "date": "13.05.26",
    "rating": "10",
    "author": "redo****",
    "review_id": "7555226",
    "movie_id": "41375"
  },
  {
    "review": "결혼하고 싶다",
    "date": "13.05.22",
    "rating": "10",
    "author": "rgb4****",
    "review_id": "7548560",
    "movie_id": "41375"
  },
  {
    "review": "권투라면 관심도 없던 내가 마지막 챔피언 경기에서 그를 응원하게 됐다 다락방밑에서 숨어보던 아이들을 보며 엄마 미소짓고 마지막 르네의 함성을 함께 한듯하다감독 작가 배우 모두 만점!",
    "date": "13.05.22",
    "rating": "10",
    "author": "choo****",
    "review_id": "7546926",
    "movie_id": "41375"
  },
  {
    "review": "개개인 마다의 관점이 있겠지만, 무조건 추천함.",
    "date": "13.05.21",
    "rating": "10",
    "author": "sphi****",
    "review_id": "7545610",
    "movie_id": "41375"
  },
  {
    "review": "스토리도 훌륭하고 실제 경기를 보는 듯이 생생한 장면들이 눈을 떼지 못하게 하네요. 마지막 20분의 경기 장면은 정말 압권인듯 ㅠㅠ 보는 내내 울먹거렸습니다.",
    "date": "13.05.15",
    "rating": "10",
    "author": "hyin****",
    "review_id": "7529236",
    "movie_id": "41375"
  },
  {
    "review": "감동그자체입니다",
    "date": "13.05.12",
    "rating": "10",
    "author": "mek3****",
    "review_id": "7525008",
    "movie_id": "41375"
  },
  {
    "review": "내인생의 명작이엿다.",
    "date": "13.05.12",
    "rating": "10",
    "author": "spsh****",
    "review_id": "7523530",
    "movie_id": "41375"
  },
  {
    "review": "실화라니,,, 눈물이 안 흐를수가 없었다..",
    "date": "13.05.06",
    "rating": "10",
    "author": "sunh****",
    "review_id": "7511849",
    "movie_id": "41375"
  },
  {
    "review": "평점 알바아니고 진심 10점밖에못주는게 아쉽다 나 남잔데 보다 울엇다",
    "date": "13.05.02",
    "rating": "10",
    "author": "love****",
    "review_id": "7501430",
    "movie_id": "41375"
  },
  {
    "review": "아씨 울었다.",
    "date": "13.04.30",
    "rating": "9",
    "author": "smai****",
    "review_id": "7494798",
    "movie_id": "41375"
  },
  {
    "review": "완벽한 휴먼드라마",
    "date": "13.04.26",
    "rating": "10",
    "author": "kkvv****",
    "review_id": "7484867",
    "movie_id": "41375"
  },
  {
    "review": "감동과 눈물...",
    "date": "13.04.11",
    "rating": "10",
    "author": "iam_****",
    "review_id": "7449117",
    "movie_id": "41375"
  },
  {
    "review": "뻔하지 않고 흔한 전개의 할리우드식 영화가 아니여서 좋았다.감동과 소름을 가져다주었지만,여운까지는 ...",
    "date": "13.04.06",
    "rating": "8",
    "author": "chjy****",
    "review_id": "7439239",
    "movie_id": "41375"
  }
]