[
  {
    "review": "우리나라였다면 고부갈등극이지 말입니다.",
    "date": "15.08.21",
    "rating": "5",
    "author": "tear****",
    "review_id": "10257036",
    "movie_id": "41376"
  },
  {
    "review": "아들 사랑하는 저맘이 웬지 이해도될듯..그치만 어차피결혼하는거 쿨하게 받아들이자구요...",
    "date": "15.07.13",
    "rating": "6",
    "author": "seon****",
    "review_id": "10099888",
    "movie_id": "41376"
  },
  {
    "review": "항상 멋쟁이 역할만 고집하는 제니퍼 로페즈도 작품 선정을 잘못하는 경우도 있구나 싶었다. 이 영화는 과한 편집으로 스토리의 흐름을 끊어놓는다. 마치 자연스럽게 흘러가는게 아니라 '상황극하듯' 흘러간다는 것이다. 마라톤 경기에서 오토바이를 타다니.",
    "date": "15.05.04",
    "rating": "3",
    "author": "jms5****",
    "review_id": "9893280",
    "movie_id": "41376"
  },
  {
    "review": "마이클 바턴 출연작이라 개봉시 극장서 봄. '몬스터 인 로'라는 아주 절묘한 제목을 '퍼펙트 웨딩'이라는 밋밋한 제목으로 바꾼 것 부터 실망였고, 유명 번역가의 번역인데도 심각한 오류가 하나 있었던게 아쉽. 영화는 그냥 재밌게 볼 수 있을",
    "date": "15.04.14",
    "rating": "8",
    "author": "bada****",
    "review_id": "9845205",
    "movie_id": "41376"
  },
  {
    "review": "퍼펙트 로코. 전미 흥행 1 위 였다는 사실이 수긍이 감..",
    "date": "14.11.21",
    "rating": "9",
    "author": "fkfk****",
    "review_id": "9405907",
    "movie_id": "41376"
  },
  {
    "review": "지루하지는 않은 평작.고부간의 갈등과 재밌는 싸움이 너무 없어서 실망스럽니다.",
    "date": "14.07.08",
    "rating": "5",
    "author": "rose****",
    "review_id": "8895078",
    "movie_id": "41376"
  },
  {
    "review": "제인폰다 연기 잼있네요~ㅎㅎㅎ",
    "date": "14.04.13",
    "rating": "9",
    "author": "ecla****",
    "review_id": "8648763",
    "movie_id": "41376"
  },
  {
    "review": "재미는데요 평점이 왜 이렇죠???",
    "date": "14.04.04",
    "rating": "10",
    "author": "warp****",
    "review_id": "8626977",
    "movie_id": "41376"
  },
  {
    "review": "재밌던데..ㅋㅋㅋ 8년전에봄",
    "date": "14.01.22",
    "rating": "10",
    "author": "jh85****",
    "review_id": "8410941",
    "movie_id": "41376"
  },
  {
    "review": "간만에 영화보면서 실컷 웃었네ㅋㅋㅋ",
    "date": "13.12.23",
    "rating": "10",
    "author": "tlsa****",
    "review_id": "8279190",
    "movie_id": "41376"
  },
  {
    "review": "고부갈등을 어메리칸스타일로 꽤나 유쾌하고 경쾌하게 잘풀었다",
    "date": "13.08.26",
    "rating": "7",
    "author": "jjcv****",
    "review_id": "7925139",
    "movie_id": "41376"
  },
  {
    "review": "전 좋았어요~배경도 좋았구 남주여주 굿! 재밌었어요",
    "date": "13.08.26",
    "rating": "9",
    "author": "blue****",
    "review_id": "7923118",
    "movie_id": "41376"
  },
  {
    "review": "뻔한 전개와 억지 상황 연출때문에 유쾌하지 않았다. 제니퍼 로페즈의 찰리 연기 또한 자연스럽지 않았다.",
    "date": "13.08.14",
    "rating": "4",
    "author": "wlfa****",
    "review_id": "7877916",
    "movie_id": "41376"
  },
  {
    "review": "재밌기만 하던데...^^",
    "date": "13.06.07",
    "rating": "9",
    "author": "free****",
    "review_id": "7602284",
    "movie_id": "41376"
  },
  {
    "review": "많이 지루했다.",
    "date": "13.05.06",
    "rating": "4",
    "author": "01aj****",
    "review_id": "7511408",
    "movie_id": "41376"
  },
  {
    "review": "처음엔 당하기만해서 답답하고 지루하게 느낄수있지만 후에 맞대응으로 웃으면서 봤던 영화이다 마지막엔 훈훈한 결말까지!",
    "date": "13.03.02",
    "rating": "8",
    "author": "dnfk****",
    "review_id": "7316966",
    "movie_id": "41376"
  },
  {
    "review": "난 재밌었음 :D",
    "date": "12.12.22",
    "rating": "10",
    "author": "yj03****",
    "review_id": "7029888",
    "movie_id": "41376"
  },
  {
    "review": "뻔한 영화지만 평6점짜리 영화는 아니다 보는 내내 웃었다ㅋㅋ",
    "date": "12.12.09",
    "rating": "10",
    "author": "miny****",
    "review_id": "6986335",
    "movie_id": "41376"
  },
  {
    "review": "그 시어머니에 그 며느리! 해피앤딩!",
    "date": "12.07.31",
    "rating": "6",
    "author": "hnhh****",
    "review_id": "6558325",
    "movie_id": "41376"
  },
  {
    "review": "재밌다ㅋㅋ 연기 잘함",
    "date": "12.06.17",
    "rating": "8",
    "author": "tjdg****",
    "review_id": "6398852",
    "movie_id": "41376"
  },
  {
    "review": "웃기다는 거에는 충실함!",
    "date": "12.05.26",
    "rating": "10",
    "author": "chec****",
    "review_id": "6334829",
    "movie_id": "41376"
  },
  {
    "review": "사람 사는데는 다 똑같군... 가볍게 보세요.",
    "date": "12.05.23",
    "rating": "6",
    "author": "0107****",
    "review_id": "6325833",
    "movie_id": "41376"
  },
  {
    "review": "그래. 진부해. 오글거려. 하지만 웃었으면 된거아냐? 해피엔딩!",
    "date": "12.02.16",
    "rating": "6",
    "author": "afte****",
    "review_id": "6078492",
    "movie_id": "41376"
  },
  {
    "review": "재미있었음 !!!!!!!",
    "date": "12.02.09",
    "rating": "10",
    "author": "cee9****",
    "review_id": "6063706",
    "movie_id": "41376"
  },
  {
    "review": "제니퍼 로페즈 때문에 봤는데 만족합니다.",
    "date": "10.06.19",
    "rating": "10",
    "author": "sant****",
    "review_id": "4575361",
    "movie_id": "41376"
  },
  {
    "review": "<블러드 라인>의 코믹 버전.",
    "date": "10.02.17",
    "rating": "6",
    "author": "movi****",
    "review_id": "4291759",
    "movie_id": "41376"
  },
  {
    "review": "영화자체보다  제이로 스타일이 좋아서! 내용도 나쁘지는 않고.",
    "date": "10.02.13",
    "rating": "10",
    "author": "vivi****",
    "review_id": "4276366",
    "movie_id": "41376"
  },
  {
    "review": "가벼운 팝콘코메디",
    "date": "09.11.06",
    "rating": "4",
    "author": "pria****",
    "review_id": "3940137",
    "movie_id": "41376"
  },
  {
    "review": "난이런병맛영화가좋아",
    "date": "09.10.22",
    "rating": "10",
    "author": "elle****",
    "review_id": "3908109",
    "movie_id": "41376"
  },
  {
    "review": "너무 구리다.. 길게 쓰기도 싫다 주변사람 모두 짜증낸 영화",
    "date": "09.08.25",
    "rating": "1",
    "author": "gack****",
    "review_id": "3787250",
    "movie_id": "41376"
  },
  {
    "review": "제니퍼 로페즈는 역쉬 끝내준다ㅎ 볼만한 영화",
    "date": "09.03.13",
    "rating": "7",
    "author": "kohs****",
    "review_id": "3363700",
    "movie_id": "41376"
  },
  {
    "review": "재밌던데ㅋ",
    "date": "09.02.08",
    "rating": "10",
    "author": "bugh****",
    "review_id": "3286388",
    "movie_id": "41376"
  },
  {
    "review": "연기가 넘 억지에다 오바",
    "date": "09.02.02",
    "rating": "3",
    "author": "quil****",
    "review_id": "3271560",
    "movie_id": "41376"
  },
  {
    "review": "총 세 번 웃었다.",
    "date": "09.01.30",
    "rating": "4",
    "author": "skat****",
    "review_id": "3262337",
    "movie_id": "41376"
  },
  {
    "review": "시어머니와 며느리의 유치한 싸움.. 유치해서 볼만했다.",
    "date": "09.01.03",
    "rating": "7",
    "author": "wlsg****",
    "review_id": "3183641",
    "movie_id": "41376"
  },
  {
    "review": "재미있음 ㅋㅋ",
    "date": "08.12.20",
    "rating": "10",
    "author": "qtw9****",
    "review_id": "3133272",
    "movie_id": "41376"
  },
  {
    "review": "난 그저 그렇던데..",
    "date": "08.11.23",
    "rating": "6",
    "author": "ki__****",
    "review_id": "3066501",
    "movie_id": "41376"
  },
  {
    "review": "시어머니한테 당당할 수 있는 자신감!  우리는 상상할 수도 없는일 쳇",
    "date": "08.10.08",
    "rating": "7",
    "author": "gkdi****",
    "review_id": "2988690",
    "movie_id": "41376"
  },
  {
    "review": "고만고만한 킬링타임용 신데렐라풍 러브코메디",
    "date": "08.08.01",
    "rating": "6",
    "author": "dcap****",
    "review_id": "2822632",
    "movie_id": "41376"
  },
  {
    "review": "전개돼는 방식은 별론데 이런영화 좋아하는 사람이면 그럭저럭 볼만한듯 ㅋㅋㅋ",
    "date": "08.07.17",
    "rating": "8",
    "author": "fork****",
    "review_id": "2769621",
    "movie_id": "41376"
  },
  {
    "review": "역시 완벽한 결혼이란 건 이리도 힘든 거군",
    "date": "08.07.06",
    "rating": "5",
    "author": "uds0****",
    "review_id": "2743757",
    "movie_id": "41376"
  },
  {
    "review": "8점",
    "date": "08.06.02",
    "rating": "8",
    "author": "klov****",
    "review_id": "2676757",
    "movie_id": "41376"
  },
  {
    "review": "왠지 몰르게 잼있었음",
    "date": "08.05.17",
    "rating": "10",
    "author": "alfo****",
    "review_id": "2647573",
    "movie_id": "41376"
  },
  {
    "review": "뻔한내용급마무리 하지만.. 그냥 웃고즐길만한영화이다",
    "date": "08.02.21",
    "rating": "10",
    "author": "qwe1****",
    "review_id": "2467524",
    "movie_id": "41376"
  },
  {
    "review": "별로~",
    "date": "08.02.20",
    "rating": "4",
    "author": "minj****",
    "review_id": "2466554",
    "movie_id": "41376"
  },
  {
    "review": "정말 할게없어서 봣더니 너무좋앗다",
    "date": "08.02.09",
    "rating": "10",
    "author": "kyh_****",
    "review_id": "2426854",
    "movie_id": "41376"
  },
  {
    "review": "재밌는것도 아니고 재미없는것도 아니고 애매모호한 영화",
    "date": "08.02.01",
    "rating": "6",
    "author": "rlad****",
    "review_id": "2393582",
    "movie_id": "41376"
  },
  {
    "review": "훈훈하긴했는데.. 너무급하게 해피 엔딩으로 바꾸려고 애쓰는 모습이 보임ㅡㅡ..",
    "date": "08.01.29",
    "rating": "6",
    "author": "kse9****",
    "review_id": "2384973",
    "movie_id": "41376"
  },
  {
    "review": "가증스럽고 노골적인 시어머니 비올라의 대사들이 상당히 거슬린다...",
    "date": "08.01.22",
    "rating": "6",
    "author": "egyp****",
    "review_id": "2358082",
    "movie_id": "41376"
  },
  {
    "review": "별생각없이 재밌었는데ㅋㅋㅋ",
    "date": "07.12.20",
    "rating": "10",
    "author": "is_t****",
    "review_id": "2248752",
    "movie_id": "41376"
  },
  {
    "review": "남들이 안보는 것 골라 봤는데, 결혼문제에 관한 생각을 하게 만들었다.",
    "date": "07.11.18",
    "rating": "8",
    "author": "debi****",
    "review_id": "2160916",
    "movie_id": "41376"
  },
  {
    "review": "Jane Fonda rules..",
    "date": "07.11.16",
    "rating": "7",
    "author": "cath****",
    "review_id": "2155088",
    "movie_id": "41376"
  },
  {
    "review": "웃기다, 제니퍼 팬이라면 볼만할듯,",
    "date": "07.10.11",
    "rating": "7",
    "author": "gold****",
    "review_id": "2082372",
    "movie_id": "41376"
  },
  {
    "review": "재미 감동 둘다없지만 남자주인공의젠틀함과 J.Lo의명성에 8점정도...",
    "date": "07.10.01",
    "rating": "8",
    "author": "vipk****",
    "review_id": "2064335",
    "movie_id": "41376"
  },
  {
    "review": "역시 제니퍼 로페즈의 영화는 안 봤어야 했다",
    "date": "07.07.30",
    "rating": "5",
    "author": "k_yo****",
    "review_id": "1829001",
    "movie_id": "41376"
  },
  {
    "review": "아직도 왜봤나 싶다. 재미 없다는건 아니고",
    "date": "07.07.21",
    "rating": "6",
    "author": "7bx2****",
    "review_id": "1795512",
    "movie_id": "41376"
  },
  {
    "review": "그냥 평이한 영화. 예비 며느리와 예비 시어머니 사이의... 이야기.",
    "date": "07.05.30",
    "rating": "5",
    "author": "caca****",
    "review_id": "1672586",
    "movie_id": "41376"
  },
  {
    "review": "시어머니랑 싸대기 주고받기? 시어머니연기는 재미있음",
    "date": "07.05.18",
    "rating": "4",
    "author": "minu****",
    "review_id": "1643940",
    "movie_id": "41376"
  },
  {
    "review": "이 정도면 꽤 괜찮은 코미디영화 아닌가? 너무들 박하시네~ㅋ",
    "date": "07.05.07",
    "rating": "7",
    "author": "ppoe****",
    "review_id": "1625874",
    "movie_id": "41376"
  },
  {
    "review": "재밌어요ㅋㅋㅋㅋㅋ!!!!",
    "date": "07.05.03",
    "rating": "10",
    "author": "guel****",
    "review_id": "1618187",
    "movie_id": "41376"
  },
  {
    "review": "그냥그렇다'",
    "date": "07.04.18",
    "rating": "6",
    "author": "sa86****",
    "review_id": "1594774",
    "movie_id": "41376"
  },
  {
    "review": "C급 코미디 멜로에 그친, 도대체 제작진들 아이큐가 몇일까?",
    "date": "07.03.23",
    "rating": "5",
    "author": "godi****",
    "review_id": "1548586",
    "movie_id": "41376"
  },
  {
    "review": "도데체...가족끼리보는데....0점주고싶다....쓰레기같은영화",
    "date": "07.01.07",
    "rating": "1",
    "author": "bong****",
    "review_id": "1364679",
    "movie_id": "41376"
  },
  {
    "review": "지겨웠다....너무..",
    "date": "07.01.07",
    "rating": "5",
    "author": "cccc****",
    "review_id": "1363359",
    "movie_id": "41376"
  },
  {
    "review": "난 재밌게봤는데! 웃김ㅋㅋㅋ",
    "date": "06.12.29",
    "rating": "9",
    "author": "syej****",
    "review_id": "1338338",
    "movie_id": "41376"
  },
  {
    "review": "유치해",
    "date": "06.12.24",
    "rating": "4",
    "author": "boa_****",
    "review_id": "1321046",
    "movie_id": "41376"
  },
  {
    "review": "내가 본 영화 중에 최악의 영화",
    "date": "06.09.30",
    "rating": "1",
    "author": "eter****",
    "review_id": "1151327",
    "movie_id": "41376"
  },
  {
    "review": "제인폰다가 영화를 살리네",
    "date": "06.09.04",
    "rating": "7",
    "author": "zeed****",
    "review_id": "1101301",
    "movie_id": "41376"
  },
  {
    "review": "06/시어머니가더좋은데",
    "date": "06.09.03",
    "rating": "7",
    "author": "jkl9****",
    "review_id": "1099377",
    "movie_id": "41376"
  },
  {
    "review": "역시나 멋진 마이클",
    "date": "06.08.18",
    "rating": "7",
    "author": "chun****",
    "review_id": "1052680",
    "movie_id": "41376"
  },
  {
    "review": "봐도 기억에안남는영화.제니퍼 때문에 점수",
    "date": "06.08.15",
    "rating": "5",
    "author": "popp****",
    "review_id": "1034981",
    "movie_id": "41376"
  },
  {
    "review": "평점이 너무 낮아! -_-",
    "date": "06.08.07",
    "rating": "10",
    "author": "lhes****",
    "review_id": "980326",
    "movie_id": "41376"
  },
  {
    "review": "재미있었고, 무엇보다 찰리의 당돌한 짓들이 재미있게했었따",
    "date": "06.07.15",
    "rating": "10",
    "author": "znzm****",
    "review_id": "894128",
    "movie_id": "41376"
  },
  {
    "review": "제니퍼로페즈 너무이뻐 ㅋㅋ 난 재밌었는데 평점이 안좋네~~",
    "date": "06.07.02",
    "rating": "9",
    "author": "tanm****",
    "review_id": "867090",
    "movie_id": "41376"
  },
  {
    "review": "사랑의 힘이 얼마나 큰지,,서양문화도 배울수 있는것 같다^^",
    "date": "06.06.22",
    "rating": "7",
    "author": "park****",
    "review_id": "853435",
    "movie_id": "41376"
  },
  {
    "review": "그냥..ㅋㅋ 기대한만큼 재밌진 않네요",
    "date": "06.06.09",
    "rating": "7",
    "author": "5070****",
    "review_id": "837787",
    "movie_id": "41376"
  },
  {
    "review": "제인폰다몸매가 로페즈몸매보다 더좋은것같아 좀지루하긴해 ㅋ",
    "date": "06.06.03",
    "rating": "7",
    "author": "yrbo****",
    "review_id": "828673",
    "movie_id": "41376"
  },
  {
    "review": "특별할꺼 없는 그냥 로맨틱 코미디..",
    "date": "06.05.07",
    "rating": "6",
    "author": "bsb7****",
    "review_id": "790786",
    "movie_id": "41376"
  },
  {
    "review": "짜증났다..재미없음",
    "date": "06.05.06",
    "rating": "1",
    "author": "alsw****",
    "review_id": "788785",
    "movie_id": "41376"
  },
  {
    "review": "정말 괴물 같은 영화다..",
    "date": "06.05.01",
    "rating": "1",
    "author": "lhcg****",
    "review_id": "781746",
    "movie_id": "41376"
  },
  {
    "review": "저는 재밌었는데 마지막에 감동(?)정도..",
    "date": "06.04.23",
    "rating": "10",
    "author": "jjaw****",
    "review_id": "771753",
    "movie_id": "41376"
  },
  {
    "review": "바탄땜에 봤는데 역시 로페즈는 영화를 망친다...",
    "date": "06.04.17",
    "rating": "2",
    "author": "cert****",
    "review_id": "765366",
    "movie_id": "41376"
  },
  {
    "review": "절대비추",
    "date": "06.04.11",
    "rating": "1",
    "author": "iron****",
    "review_id": "757570",
    "movie_id": "41376"
  },
  {
    "review": "며느리와 시어머니의 팽팽한 대결",
    "date": "06.04.11",
    "rating": "6",
    "author": "coke****",
    "review_id": "757381",
    "movie_id": "41376"
  },
  {
    "review": "별루다 정말 시간아까줘",
    "date": "06.04.08",
    "rating": "1",
    "author": "ysh4****",
    "review_id": "752672",
    "movie_id": "41376"
  },
  {
    "review": "그저그런~하지만볼만한^^",
    "date": "06.03.31",
    "rating": "6",
    "author": "sloo****",
    "review_id": "742265",
    "movie_id": "41376"
  },
  {
    "review": "제인폰다 굿~!! 재밌었어요^^",
    "date": "06.03.30",
    "rating": "8",
    "author": "kitk****",
    "review_id": "741677",
    "movie_id": "41376"
  },
  {
    "review": "제인폰다의 매력과 코믹연기에 10점 만점!!",
    "date": "06.03.28",
    "rating": "10",
    "author": "laws****",
    "review_id": "739072",
    "movie_id": "41376"
  },
  {
    "review": "그냥... 그냥..",
    "date": "06.03.21",
    "rating": "7",
    "author": "colo****",
    "review_id": "726136",
    "movie_id": "41376"
  },
  {
    "review": "그냥그냥괜찮았다. 역시 제니퍼의 쿨함은 언제나 매력적~",
    "date": "06.03.15",
    "rating": "9",
    "author": "mice****",
    "review_id": "717182",
    "movie_id": "41376"
  },
  {
    "review": "여전히 아름다운 제니퍼로페즈~",
    "date": "06.03.13",
    "rating": "7",
    "author": "guro****",
    "review_id": "715375",
    "movie_id": "41376"
  },
  {
    "review": "잠시언급되는시어머니의 고충에초점을맞췄다면 수작이 됐을수도",
    "date": "06.03.08",
    "rating": "6",
    "author": "pkyu****",
    "review_id": "708787",
    "movie_id": "41376"
  },
  {
    "review": "약간의 재미 , 제니퍼는 역시이쁘다",
    "date": "06.02.28",
    "rating": "7",
    "author": "gus2****",
    "review_id": "695996",
    "movie_id": "41376"
  },
  {
    "review": "아주 웃기지도 아주 감동적이지도 않은 그저그런 영화...",
    "date": "06.02.22",
    "rating": "6",
    "author": "wjh8****",
    "review_id": "686030",
    "movie_id": "41376"
  },
  {
    "review": "맛없는 영화.",
    "date": "06.02.16",
    "rating": "5",
    "author": "shut****",
    "review_id": "674152",
    "movie_id": "41376"
  },
  {
    "review": "혹시나 하는 마음에 봤지만 역시나...",
    "date": "06.02.15",
    "rating": "4",
    "author": "iwuz****",
    "review_id": "671161",
    "movie_id": "41376"
  },
  {
    "review": "시어머니와 며느리 관계 아주 잘 표현했어요",
    "date": "06.02.11",
    "rating": "8",
    "author": "song****",
    "review_id": "661104",
    "movie_id": "41376"
  },
  {
    "review": "재밌거나 혹은 지루하거나 ㅎ",
    "date": "06.02.07",
    "rating": "7",
    "author": "sunn****",
    "review_id": "653038",
    "movie_id": "41376"
  },
  {
    "review": "끝에서 울뻔했음",
    "date": "06.02.06",
    "rating": "7",
    "author": "prin****",
    "review_id": "652535",
    "movie_id": "41376"
  },
  {
    "review": "기대많큼은 재미있지않았다",
    "date": "06.01.29",
    "rating": "6",
    "author": "simd****",
    "review_id": "630585",
    "movie_id": "41376"
  }
]