[
  {
    "review": "내가 왜 1점을 주는지 그것이 알고 싶다.",
    "date": "15.05.30",
    "rating": "1",
    "author": "teri****",
    "review_id": "9963748",
    "movie_id": "41384"
  },
  {
    "review": "어릴때 정말 재밌게 본 시리즈물 ㅋㅋㅋ",
    "date": "15.02.02",
    "rating": "9",
    "author": "holl****",
    "review_id": "9661884",
    "movie_id": "41384"
  },
  {
    "review": "비호감 몇몇이 나왔지만 전작들과 비교해도 괜찮었던 작품!",
    "date": "14.09.03",
    "rating": "10",
    "author": "ske4****",
    "review_id": "9157296",
    "movie_id": "41384"
  },
  {
    "review": "효주누나  사랑해요♡♡♡♡",
    "date": "14.05.11",
    "rating": "10",
    "author": "qkqk****",
    "review_id": "8722916",
    "movie_id": "41384"
  },
  {
    "review": "논스톱 시리즈중...뉴논  >>>> 논4 > 논5 > 논1 > 논3(최악..)  뉴논은 역대 논스톱 시리즈중. 넘사벽..이였슴....",
    "date": "14.03.24",
    "rating": "6",
    "author": "nevi****",
    "review_id": "8602556",
    "movie_id": "41384"
  },
  {
    "review": "스타 등용문이라는 명성에 걸맞지 않게 주연급이던 강경준의 몰락이 참 아쉽군, 워낙 임팩트가 쎄서 그랬나...그외 몇몇은 참 기회를 못살렸어...정형돈이 최고의 수혜자 같군",
    "date": "13.08.23",
    "rating": "8",
    "author": "bajj****",
    "review_id": "7914014",
    "movie_id": "41384"
  },
  {
    "review": "논5 유튜브에많이올라와있더라구요ㅜ진짜매회안웃긴편이없음ㅜㅜㅜㅜㅜ",
    "date": "13.05.12",
    "rating": "10",
    "author": "zyam****",
    "review_id": "7523603",
    "movie_id": "41384"
  },
  {
    "review": "와.. 이게 이제 OO이 되다니.. ㅠㅠ",
    "date": "13.03.22",
    "rating": "10",
    "author": "zozo****",
    "review_id": "7395288",
    "movie_id": "41384"
  },
  {
    "review": "논스톱시리즈 4.5가 정말 좋았다. 이승기,구혜선,이정 러브스토리가 좋다~",
    "date": "12.07.21",
    "rating": "10",
    "author": "shes****",
    "review_id": "6511330",
    "movie_id": "41384"
  },
  {
    "review": "논스톱5넘잼있었다 명연기최고최고^^*",
    "date": "12.06.19",
    "rating": "10",
    "author": "myna****",
    "review_id": "6402739",
    "movie_id": "41384"
  },
  {
    "review": "다시봐도재밌어요!",
    "date": "12.04.09",
    "rating": "10",
    "author": "minj****",
    "review_id": "6205287",
    "movie_id": "41384"
  },
  {
    "review": "여기부터 논스톱시리즈는 더이상나오질않았다.. 그리고 논스톱시리는 최고는 뉴논스톱",
    "date": "11.12.01",
    "rating": "6",
    "author": "21c8****",
    "review_id": "5880366",
    "movie_id": "41384"
  },
  {
    "review": "오랜만에 봐도 재미있는..ㅎ",
    "date": "10.12.31",
    "rating": "10",
    "author": "nana****",
    "review_id": "5109034",
    "movie_id": "41384"
  },
  {
    "review": "전작에 비해선 부족했던 작품",
    "date": "10.12.22",
    "rating": "6",
    "author": "qudr****",
    "review_id": "5074845",
    "movie_id": "41384"
  },
  {
    "review": "한효주 타블로 완전 굿!!!ㅋㅋㅋ",
    "date": "09.07.29",
    "rating": "10",
    "author": "shhg****",
    "review_id": "3680938",
    "movie_id": "41384"
  },
  {
    "review": "논스톱시리즈는 계속이어졌으면 좋겠다. 이제볼수없어 정말 아쉽다는 ~~~~",
    "date": "08.04.09",
    "rating": "10",
    "author": "drea****",
    "review_id": "2570675",
    "movie_id": "41384"
  },
  {
    "review": "가장기억에남는건..여름때 공포특집할때 꽤괜찮았던반전ㅋㅋ그외에도재밌었음!",
    "date": "08.02.12",
    "rating": "8",
    "author": "jmy1****",
    "review_id": "2437332",
    "movie_id": "41384"
  },
  {
    "review": "전작의 명성읃 뒷받침 하기에는 부족했던 시리즈. 솔직히 구혜선 얼굴 볼라고 봤음",
    "date": "08.01.14",
    "rating": "4",
    "author": "wank****",
    "review_id": "2331838",
    "movie_id": "41384"
  },
  {
    "review": "짱이다 재밌었다",
    "date": "07.10.28",
    "rating": "2",
    "author": "king****",
    "review_id": "2118239",
    "movie_id": "41384"
  },
  {
    "review": "논스톱의 마지막 시리즈..",
    "date": "07.10.22",
    "rating": "7",
    "author": "tmxl****",
    "review_id": "2106075",
    "movie_id": "41384"
  },
  {
    "review": "논스톱이여 영원하라~ㅠ",
    "date": "07.09.08",
    "rating": "10",
    "author": "sds9****",
    "review_id": "2009395",
    "movie_id": "41384"
  },
  {
    "review": "논5 계속 방송해라~~",
    "date": "07.08.05",
    "rating": "10",
    "author": "ijoa****",
    "review_id": "1885295",
    "movie_id": "41384"
  },
  {
    "review": "김지석 정말 조아 넘 멎져!!!",
    "date": "07.05.24",
    "rating": "10",
    "author": "miyi****",
    "review_id": "1654986",
    "movie_id": "41384"
  },
  {
    "review": "논스톱 짱 ㅠㅠ",
    "date": "06.11.22",
    "rating": "10",
    "author": "foeo****",
    "review_id": "1245190",
    "movie_id": "41384"
  },
  {
    "review": "좋았다",
    "date": "06.08.02",
    "rating": "10",
    "author": "zeed****",
    "review_id": "959085",
    "movie_id": "41384"
  },
  {
    "review": "논스톱에서 혜선님이 너무좋군요.....최고",
    "date": "06.07.29",
    "rating": "10",
    "author": "hell****",
    "review_id": "939917",
    "movie_id": "41384"
  },
  {
    "review": "내가 본 시트콤중 최고~!",
    "date": "06.07.25",
    "rating": "10",
    "author": "gugu****",
    "review_id": "920964",
    "movie_id": "41384"
  },
  {
    "review": "굿",
    "date": "06.06.04",
    "rating": "10",
    "author": "zkdl****",
    "review_id": "830804",
    "movie_id": "41384"
  },
  {
    "review": "역시나 기대를 저버리지않는 스타 등용문",
    "date": "06.05.26",
    "rating": "9",
    "author": "impr****",
    "review_id": "816830",
    "movie_id": "41384"
  },
  {
    "review": "재수하면서도 하루도 안빼고 봤어....",
    "date": "06.04.28",
    "rating": "10",
    "author": "siba****",
    "review_id": "778201",
    "movie_id": "41384"
  },
  {
    "review": "후반부보다 전반부가 더 재밌었지만 추억이 있기에 10점!",
    "date": "06.02.09",
    "rating": "10",
    "author": "0hye****",
    "review_id": "657660",
    "movie_id": "41384"
  },
  {
    "review": "6보다 5가 더 재미있었다....ㅋㅋㅋ",
    "date": "05.11.29",
    "rating": "9",
    "author": "lshd****",
    "review_id": "488247",
    "movie_id": "41384"
  },
  {
    "review": "청춘시트콤의 걸작..~",
    "date": "05.11.15",
    "rating": "8",
    "author": "wick****",
    "review_id": "475243",
    "movie_id": "41384"
  },
  {
    "review": "hh",
    "date": "05.10.08",
    "rating": "10",
    "author": "4748****",
    "review_id": "436811",
    "movie_id": "41384"
  },
  {
    "review": "경준오빠 맨발 대박 나세요!!",
    "date": "05.10.08",
    "rating": "10",
    "author": "jaja****",
    "review_id": "436666",
    "movie_id": "41384"
  },
  {
    "review": "경준님이 나오면 재미있구 안나오면 안봐",
    "date": "05.09.21",
    "rating": "10",
    "author": "minj****",
    "review_id": "416220",
    "movie_id": "41384"
  },
  {
    "review": "정말 재미있어요~~ 등장인물도  괜찮고요!!",
    "date": "05.09.01",
    "rating": "10",
    "author": "nb00****",
    "review_id": "390183",
    "movie_id": "41384"
  },
  {
    "review": "그만좀 울궈먹어라.. 한국시청자들 우롱하지말구",
    "date": "05.08.25",
    "rating": "3",
    "author": "dlwo****",
    "review_id": "383434",
    "movie_id": "41384"
  },
  {
    "review": "ㅋㅋ 넘 재미 있어요~~",
    "date": "05.08.20",
    "rating": "10",
    "author": "godq****",
    "review_id": "375509",
    "movie_id": "41384"
  },
  {
    "review": "캬캬 짱잼서",
    "date": "05.08.10",
    "rating": "10",
    "author": "tkar****",
    "review_id": "360454",
    "movie_id": "41384"
  },
  {
    "review": "논스톱2>논스톱4>논스톱5>논스톱1>논스톱3",
    "date": "05.07.22",
    "rating": "10",
    "author": "hong****",
    "review_id": "329787",
    "movie_id": "41384"
  },
  {
    "review": "이제그만~",
    "date": "05.07.17",
    "rating": "5",
    "author": "yoju****",
    "review_id": "324380",
    "movie_id": "41384"
  }
]