[
  {
    "review": "다들 정신병자 같아...  아무리 잘 봐줘도 괴물들인 것 같아",
    "date": "13.11.19",
    "rating": "4",
    "author": "ykdi****",
    "review_id": "8153793",
    "movie_id": "41394"
  },
  {
    "review": "살아가는 일에 기승전결이 없듯 영화도 정해진 절정을 향해 달리지는않지만, 두시간반동안 충분히 몰입할만할 인생의 사건들을 보여준다.(그녀의 시점으로 보면)  살아나가면서 삼켜야하는 고비들 (다른왕들의 시점으로보면) 그녀의방어기제가부른 아찔한사건들",
    "date": "13.09.04",
    "rating": "8",
    "author": "mida****",
    "review_id": "7946684",
    "movie_id": "41394"
  },
  {
    "review": "모순덩어리들을 헤집다.",
    "date": "12.06.27",
    "rating": "6",
    "author": "pria****",
    "review_id": "6419034",
    "movie_id": "41394"
  },
  {
    "review": "인상적인 관계와 쇼킹한 진실들. 오래 기억될것 같은 영화",
    "date": "10.10.04",
    "rating": "10",
    "author": "naeg****",
    "review_id": "4883801",
    "movie_id": "41394"
  },
  {
    "review": "상당히 많은 화두를 던지지만, 구성이 얽히지 않는다.. 여운이 깊다..",
    "date": "10.09.24",
    "rating": "10",
    "author": "imf0****",
    "review_id": "4863605",
    "movie_id": "41394"
  },
  {
    "review": "프랑스 예술 영화의 건재를 확인해주는 걸작!",
    "date": "09.04.26",
    "rating": "10",
    "author": "rem4****",
    "review_id": "3441673",
    "movie_id": "41394"
  },
  {
    "review": "너무 길고, 말이 많다. 에필로그를 보는 동안 피곤함은 절정에 이른다.",
    "date": "08.10.25",
    "rating": "4",
    "author": "caca****",
    "review_id": "3018804",
    "movie_id": "41394"
  },
  {
    "review": "인생, 그 설명할 수 없는 단어",
    "date": "07.11.05",
    "rating": "10",
    "author": "acro****",
    "review_id": "2134452",
    "movie_id": "41394"
  },
  {
    "review": "그닥 ㄱ-",
    "date": "07.08.25",
    "rating": "1",
    "author": "rlfv****",
    "review_id": "1978411",
    "movie_id": "41394"
  },
  {
    "review": "그냥 우연찮게 보았지만 한마디로 \"어헉!\"",
    "date": "07.08.23",
    "rating": "9",
    "author": "seok****",
    "review_id": "1971270",
    "movie_id": "41394"
  },
  {
    "review": "최고!!!!!!!!",
    "date": "07.03.31",
    "rating": "10",
    "author": "soar****",
    "review_id": "1564428",
    "movie_id": "41394"
  },
  {
    "review": "뭐라고 표현해야 할지 난감한 걸작..",
    "date": "07.03.20",
    "rating": "10",
    "author": "bars****",
    "review_id": "1545006",
    "movie_id": "41394"
  },
  {
    "review": "놀랍도록 아름다운 영화. 동시에 무력감을 주는 영화.",
    "date": "07.03.11",
    "rating": "10",
    "author": "poku****",
    "review_id": "1528816",
    "movie_id": "41394"
  },
  {
    "review": "지적이고 살아있는 언어에 매혹되고,충격적 장면에 방향을 잃다..멍하다",
    "date": "07.03.02",
    "rating": "10",
    "author": "nuag****",
    "review_id": "1512705",
    "movie_id": "41394"
  },
  {
    "review": "재밋어요",
    "date": "07.02.28",
    "rating": "10",
    "author": "ok13****",
    "review_id": "1509221",
    "movie_id": "41394"
  },
  {
    "review": "good",
    "date": "07.02.26",
    "rating": "10",
    "author": "golg****",
    "review_id": "1504203",
    "movie_id": "41394"
  }
]