[
  {
    "review": "꺄아아아아~~~~10글자",
    "date": "14.10.12",
    "rating": "10",
    "author": "kbj1****",
    "review_id": "9288453",
    "movie_id": "41398"
  },
  {
    "review": "굳",
    "date": "12.08.30",
    "rating": "10",
    "author": "konk****",
    "review_id": "6655312",
    "movie_id": "41398"
  },
  {
    "review": "ㅜㅠㅜㅠㅜㅠㅜㅠㅜㅠㅜCSI는 마이애미지 ㅜㅠㅠ",
    "date": "12.08.30",
    "rating": "10",
    "author": "dlgu****",
    "review_id": "6655310",
    "movie_id": "41398"
  },
  {
    "review": "CSI는 호간지가 갑 ㅠㅠㅠㅠ 끝나지마제발류ㅠㅠ",
    "date": "12.08.30",
    "rating": "10",
    "author": "lhhj****",
    "review_id": "6655308",
    "movie_id": "41398"
  },
  {
    "review": "정말 짱입니다 제가 젤루 사랑해요ㅎㅎ 호반장님 짱!!&hearts;",
    "date": "12.07.19",
    "rating": "10",
    "author": "sunf****",
    "review_id": "6497301",
    "movie_id": "41398"
  },
  {
    "review": "재미있기는한데 CSI반장이 강력반, SWAT까지 지휘하고,, 갈수록 현실성이떨어진다",
    "date": "12.06.20",
    "rating": "8",
    "author": "sald****",
    "review_id": "6404210",
    "movie_id": "41398"
  },
  {
    "review": "정말 짱이에요 제가 제일 좋아하는 드라마입니다",
    "date": "12.04.27",
    "rating": "10",
    "author": "hubo****",
    "review_id": "6250105",
    "movie_id": "41398"
  },
  {
    "review": "CSI시리즈중 이게 젤좋음 ㅋ 호간지",
    "date": "11.09.19",
    "rating": "10",
    "author": "blai****",
    "review_id": "5741399",
    "movie_id": "41398"
  },
  {
    "review": "한국드라마랑 달리 진짜 같아서 재밌어요~ㅎㅎ",
    "date": "11.05.08",
    "rating": "10",
    "author": "powe****",
    "review_id": "5415073",
    "movie_id": "41398"
  },
  {
    "review": "호간지 개쩜..ㅠㅠㅠㅠㅠ 호신ㅋㅋㅋㅋㅋㅋㅋ그리고 총알녀♡짱조음..ㅠㅠ",
    "date": "11.01.27",
    "rating": "10",
    "author": "iouj****",
    "review_id": "5188214",
    "movie_id": "41398"
  },
  {
    "review": "호간지 완전 작살.보다보면 아예 초죽음.이씨리즈전체를 통틀어서 최고의 카리스마다.",
    "date": "10.10.01",
    "rating": "8",
    "author": "baks****",
    "review_id": "4877889",
    "movie_id": "41398"
  },
  {
    "review": "호반장의 카리스마",
    "date": "10.08.27",
    "rating": "10",
    "author": "fre3****",
    "review_id": "4795343",
    "movie_id": "41398"
  },
  {
    "review": "캐릭터들이 마음에 안드네 호반장 빼고",
    "date": "10.07.21",
    "rating": "6",
    "author": "tico****",
    "review_id": "4656342",
    "movie_id": "41398"
  },
  {
    "review": "느므 재밌스요~ 호반장님 약간 허세ㅋㅋㅋㅋㅋㅋㅋ",
    "date": "10.07.01",
    "rating": "10",
    "author": "mihe****",
    "review_id": "4602713",
    "movie_id": "41398"
  },
  {
    "review": "호반장님 한패션하는 쎈쓰만점~시즌8에 나오는 근육남 경찰관 제시도 짱 멋찌삼!",
    "date": "10.03.21",
    "rating": "10",
    "author": "chic****",
    "review_id": "4370909",
    "movie_id": "41398"
  },
  {
    "review": "과학적인 듯 보이지만 실상은 억지스러운 끼워 맞추기식의 결론이 대부분 아닌가?",
    "date": "10.03.09",
    "rating": "5",
    "author": "toto****",
    "review_id": "4345368",
    "movie_id": "41398"
  },
  {
    "review": "공갈 수사물. 화면 색감은 탁월하다.",
    "date": "10.01.16",
    "rating": "4",
    "author": "pria****",
    "review_id": "4176764",
    "movie_id": "41398"
  },
  {
    "review": "아 그냥 최고다,.",
    "date": "09.10.15",
    "rating": "10",
    "author": "soju****",
    "review_id": "3893502",
    "movie_id": "41398"
  },
  {
    "review": "조나단 토고가 최고다 이것들아",
    "date": "09.06.01",
    "rating": "10",
    "author": "ydh0****",
    "review_id": "3538777",
    "movie_id": "41398"
  },
  {
    "review": "오리지널 CSI와 차별을 두려고 호반장을 내세웠고, 성공했다..",
    "date": "09.01.13",
    "rating": "8",
    "author": "mado****",
    "review_id": "3217716",
    "movie_id": "41398"
  },
  {
    "review": "과학드라마라기보다는 호반장 위주의 드라마? 그래도 이름값한다",
    "date": "08.11.04",
    "rating": "8",
    "author": "rlwn****",
    "review_id": "3034454",
    "movie_id": "41398"
  },
  {
    "review": "지금 시즌1 부터 다시 보고 있는데....짱이다!!",
    "date": "08.10.29",
    "rating": "10",
    "author": "sw24****",
    "review_id": "3025735",
    "movie_id": "41398"
  },
  {
    "review": "Perfect!",
    "date": "08.05.13",
    "rating": "10",
    "author": "navi****",
    "review_id": "2638191",
    "movie_id": "41398"
  },
  {
    "review": "마이애미가 예쁜여자들은 가장 많이 나옴.",
    "date": "08.04.22",
    "rating": "10",
    "author": "517g****",
    "review_id": "2594321",
    "movie_id": "41398"
  },
  {
    "review": "와~ 마이애미!!! 난 시즌6 13화까지 다봤음 !! 다음시즌 언제나오지?",
    "date": "08.01.28",
    "rating": "10",
    "author": "fork****",
    "review_id": "2381724",
    "movie_id": "41398"
  },
  {
    "review": "난 중독",
    "date": "08.01.28",
    "rating": "10",
    "author": "wldn****",
    "review_id": "2379105",
    "movie_id": "41398"
  },
  {
    "review": "개똥폼도 너무 지나친 호반장 때문에8점",
    "date": "07.11.22",
    "rating": "8",
    "author": "radi****",
    "review_id": "2173139",
    "movie_id": "41398"
  },
  {
    "review": "이거 안보면 잠 못자",
    "date": "07.09.06",
    "rating": "10",
    "author": "yyca****",
    "review_id": "2005180",
    "movie_id": "41398"
  },
  {
    "review": "역시 마이애미에서도 지역 특성상 해변가가 잘 나온다",
    "date": "07.08.20",
    "rating": "9",
    "author": "deff****",
    "review_id": "1963856",
    "movie_id": "41398"
  },
  {
    "review": "지존",
    "date": "07.08.14",
    "rating": "10",
    "author": "uh00****",
    "review_id": "1934871",
    "movie_id": "41398"
  },
  {
    "review": "호간지 최고!!!! 당신을 볼때마다 콩닥콩닥",
    "date": "07.08.04",
    "rating": "10",
    "author": "jsmr****",
    "review_id": "1871428",
    "movie_id": "41398"
  },
  {
    "review": "데이빗카루소땜시보았다..재미있다",
    "date": "07.08.01",
    "rating": "9",
    "author": "i971****",
    "review_id": "1836314",
    "movie_id": "41398"
  },
  {
    "review": "호반장님 완전좋음ㅠㅠ우어어ㅠㅠ",
    "date": "07.07.03",
    "rating": "10",
    "author": "rkdw****",
    "review_id": "1743810",
    "movie_id": "41398"
  },
  {
    "review": "그냥 드라마를 넘어서 철학에 근접하는가?",
    "date": "07.06.15",
    "rating": "10",
    "author": "dode****",
    "review_id": "1701335",
    "movie_id": "41398"
  },
  {
    "review": "꺄아, 라이언 울프, 갈수록 호감이에요 ♡",
    "date": "07.06.10",
    "rating": "10",
    "author": "kime****",
    "review_id": "1692986",
    "movie_id": "41398"
  },
  {
    "review": "이렇게 재미있는 미드는 내평생 첨이자 마지막",
    "date": "07.05.26",
    "rating": "10",
    "author": "outl****",
    "review_id": "1665052",
    "movie_id": "41398"
  },
  {
    "review": "카리스마인가 후까시인가 ㅋㅋ",
    "date": "07.03.17",
    "rating": "10",
    "author": "saha****",
    "review_id": "1538928",
    "movie_id": "41398"
  },
  {
    "review": "괜찮네",
    "date": "07.03.17",
    "rating": "10",
    "author": "syj3****",
    "review_id": "1538840",
    "movie_id": "41398"
  },
  {
    "review": "호반장님&켈리 땜에본당 ㅋㅋ",
    "date": "07.03.12",
    "rating": "10",
    "author": "kssp****",
    "review_id": "1531321",
    "movie_id": "41398"
  },
  {
    "review": "호반장의 간지땜에..약간 비호감이지만..그래도 좋다.",
    "date": "07.02.24",
    "rating": "9",
    "author": "pucc****",
    "review_id": "1498466",
    "movie_id": "41398"
  },
  {
    "review": "호라시오 반장의 후까시는 최고.. 조금 부담스러울때도 있지만..",
    "date": "07.02.22",
    "rating": "8",
    "author": "free****",
    "review_id": "1493578",
    "movie_id": "41398"
  },
  {
    "review": "그래, 마이애미까지도 괜찮다",
    "date": "07.02.06",
    "rating": "9",
    "author": "ion0****",
    "review_id": "1447742",
    "movie_id": "41398"
  },
  {
    "review": "정말 재미있어요. 하지만 조금은 잔인한...",
    "date": "07.01.26",
    "rating": "10",
    "author": "hann****",
    "review_id": "1415373",
    "movie_id": "41398"
  },
  {
    "review": "다본건 아니지만 괜찮은 내용들이 많다",
    "date": "07.01.15",
    "rating": "8",
    "author": "nala****",
    "review_id": "1386534",
    "movie_id": "41398"
  },
  {
    "review": "지할말 하고 사라지는 호반장 원츄다 ~ㅋㅋ",
    "date": "07.01.14",
    "rating": "10",
    "author": "hoot****",
    "review_id": "1385073",
    "movie_id": "41398"
  },
  {
    "review": "범죄 드라마가 이정돈 되야지",
    "date": "07.01.09",
    "rating": "8",
    "author": "ppp0****",
    "review_id": "1369584",
    "movie_id": "41398"
  },
  {
    "review": "역시 csi~ 역시 제리 브룩하이머~",
    "date": "07.01.01",
    "rating": "5",
    "author": "sanm****",
    "review_id": "1347302",
    "movie_id": "41398"
  },
  {
    "review": "최고 ㅋㅋㅋ",
    "date": "06.12.09",
    "rating": "10",
    "author": "rhkd****",
    "review_id": "1279123",
    "movie_id": "41398"
  },
  {
    "review": "호반장님 완전 좋아 ㅠ",
    "date": "06.10.25",
    "rating": "10",
    "author": "vlue****",
    "review_id": "1198791",
    "movie_id": "41398"
  },
  {
    "review": "호반장님 완전 사랑합니다 ㅋㅋㅋㅋ",
    "date": "06.10.17",
    "rating": "10",
    "author": "siro****",
    "review_id": "1186368",
    "movie_id": "41398"
  },
  {
    "review": "호라시오 멋있네 ㅋ 호레이쇼 케인? 호라시오? ㅋ",
    "date": "06.10.03",
    "rating": "10",
    "author": "jy69****",
    "review_id": "1156091",
    "movie_id": "41398"
  },
  {
    "review": "완전 최고!!",
    "date": "06.10.01",
    "rating": "10",
    "author": "soul****",
    "review_id": "1152394",
    "movie_id": "41398"
  },
  {
    "review": "마이아미ㅋㅋ난 라이언이 좋다>_신고",
    "date": "06.08.17",
    "rating": "10",
    "author": "yjp1****",
    "review_id": "1045101",
    "movie_id": "41398"
  },
  {
    "review": "케인반장의 간지......",
    "date": "06.08.14",
    "rating": "10",
    "author": "reki****",
    "review_id": "1028850",
    "movie_id": "41398"
  },
  {
    "review": "호라시오가 잴 좋은('마이애미' 아닌가요?;;",
    "date": "06.08.13",
    "rating": "10",
    "author": "gkgu****",
    "review_id": "1016580",
    "movie_id": "41398"
  },
  {
    "review": "호라시오의 고개를 삐딱하게 해놓고 쳐다보는 그 카리스마ㅋ",
    "date": "06.08.09",
    "rating": "10",
    "author": "jksg****",
    "review_id": "987806",
    "movie_id": "41398"
  },
  {
    "review": "굿 임다~!",
    "date": "06.08.01",
    "rating": "10",
    "author": "dydt****",
    "review_id": "954188",
    "movie_id": "41398"
  },
  {
    "review": "호반장 사랑해! 근데 왜 늘 대사 후 앵글밖으로 나가는걸까 ㅎ",
    "date": "06.07.28",
    "rating": "10",
    "author": "mood****",
    "review_id": "934060",
    "movie_id": "41398"
  },
  {
    "review": "그는 항상 마이애미에 있다.",
    "date": "06.07.10",
    "rating": "10",
    "author": "dano****",
    "review_id": "882803",
    "movie_id": "41398"
  },
  {
    "review": "주인공 떄문에 본다",
    "date": "06.05.23",
    "rating": "10",
    "author": "gjdh****",
    "review_id": "813227",
    "movie_id": "41398"
  },
  {
    "review": "너무 재미있음, 상상초월",
    "date": "06.04.01",
    "rating": "10",
    "author": "aena****",
    "review_id": "743717",
    "movie_id": "41398"
  },
  {
    "review": "피해자 장례식에 꼭 참석하는 호라시오 반장 와방~!",
    "date": "06.02.22",
    "rating": "10",
    "author": "n1ko****",
    "review_id": "685358",
    "movie_id": "41398"
  },
  {
    "review": "스피들 왜 죽었어ㅠ",
    "date": "06.02.15",
    "rating": "10",
    "author": "jose****",
    "review_id": "671761",
    "movie_id": "41398"
  },
  {
    "review": "셋 중 제일 낫다!!ㅋ",
    "date": "06.01.29",
    "rating": "10",
    "author": "ohka****",
    "review_id": "630198",
    "movie_id": "41398"
  },
  {
    "review": "셋 중 젤 못하므로 10점!!!",
    "date": "06.01.03",
    "rating": "10",
    "author": "wiza****",
    "review_id": "556104",
    "movie_id": "41398"
  },
  {
    "review": "3가지 시리즈중 가장 멋진 반장의 카리스마~!!",
    "date": "05.12.07",
    "rating": "10",
    "author": "jcr3****",
    "review_id": "496501",
    "movie_id": "41398"
  },
  {
    "review": "CSI세개중 제일 별로다.. 반장님말투 너무 느끼해",
    "date": "05.11.30",
    "rating": "3",
    "author": "lind****",
    "review_id": "489291",
    "movie_id": "41398"
  },
  {
    "review": "CSI중에서 최고의 스케일&영상미..반장의 카리스마에 빠져듭시다",
    "date": "05.11.10",
    "rating": "10",
    "author": "vind****",
    "review_id": "470088",
    "movie_id": "41398"
  },
  {
    "review": "호반장님 최고!!스케일도 크고 스토리나 등장인물들도 좋고",
    "date": "05.11.05",
    "rating": "10",
    "author": "alsd****",
    "review_id": "464193",
    "movie_id": "41398"
  },
  {
    "review": "호간지 목소리에 녹아든다",
    "date": "05.11.01",
    "rating": "10",
    "author": "desp****",
    "review_id": "461371",
    "movie_id": "41398"
  },
  {
    "review": "이걸 보고 호반장님이 좋아지지 않을 수 있을까?ㅠㅠ",
    "date": "05.10.31",
    "rating": "10",
    "author": "an7s****",
    "review_id": "460868",
    "movie_id": "41398"
  },
  {
    "review": "CSI는 진짜 최고다",
    "date": "05.09.10",
    "rating": "10",
    "author": "dari****",
    "review_id": "400082",
    "movie_id": "41398"
  },
  {
    "review": "호반장님의 엔딩씬 폼생폼사;;",
    "date": "05.08.25",
    "rating": "10",
    "author": "hunt****",
    "review_id": "383196",
    "movie_id": "41398"
  },
  {
    "review": "라스베가스는 이제 그만........",
    "date": "05.07.19",
    "rating": "10",
    "author": "zoun****",
    "review_id": "327373",
    "movie_id": "41398"
  },
  {
    "review": "반장님의 카리스마 good",
    "date": "05.07.07",
    "rating": "10",
    "author": "soom****",
    "review_id": "314798",
    "movie_id": "41398"
  },
  {
    "review": "후까시 반장때문에 라스베가스편보다 마이애미편이 재밌는...^^;",
    "date": "05.05.31",
    "rating": "10",
    "author": "u2u2****",
    "review_id": "290650",
    "movie_id": "41398"
  }
]