[
  {
    "review": "ㅇㅇㅇㅇ",
    "date": "13.02.20",
    "rating": "10",
    "author": "tjda****",
    "review_id": "7283430",
    "movie_id": "41405"
  },
  {
    "review": "언덕 위의 하얀집은 순결한 정신병원을 의미하나?",
    "date": "11.10.14",
    "rating": "1",
    "author": "pisg****",
    "review_id": "5787295",
    "movie_id": "41405"
  },
  {
    "review": "제목 정말 저렴하다. 번역가 누구뉘?",
    "date": "09.12.28",
    "rating": "2",
    "author": "icec****",
    "review_id": "4100443",
    "movie_id": "41405"
  },
  {
    "review": "볼만한 영화~",
    "date": "09.08.26",
    "rating": "10",
    "author": "lju9****",
    "review_id": "3789790",
    "movie_id": "41405"
  },
  {
    "review": "9점주기엔 1점이 부족하고 7점주기엔 아깝다.8점 영화",
    "date": "09.07.26",
    "rating": "8",
    "author": "sptl****",
    "review_id": "3670044",
    "movie_id": "41405"
  },
  {
    "review": "감성을 잦아들게 만드는 몽환적인 스토리.. But, 제목이 의미하는 바는 낮음..",
    "date": "09.07.01",
    "rating": "9",
    "author": "kyh8****",
    "review_id": "3603850",
    "movie_id": "41405"
  },
  {
    "review": "소재 선택은 좋았는데 연기도 꽝이고 전개 과정도 이상하고 볼거리도 없다",
    "date": "09.05.12",
    "rating": "2",
    "author": "deff****",
    "review_id": "3489723",
    "movie_id": "41405"
  },
  {
    "review": "마지막에 절정을 달리는 모습이 일품이죠.  계약서!!! ㅎㅎㅎ",
    "date": "08.09.05",
    "rating": "10",
    "author": "heeg****",
    "review_id": "2922710",
    "movie_id": "41405"
  },
  {
    "review": "남자배우가 멋있다. 너무~ 잘생겼어!ㅋㅋ",
    "date": "08.06.21",
    "rating": "5",
    "author": "8408****",
    "review_id": "2710260",
    "movie_id": "41405"
  },
  {
    "review": "쓰레기라 하시는분들은 야동을 기대하신분들이신듯 무난한영화",
    "date": "08.04.19",
    "rating": "8",
    "author": "dbzl****",
    "review_id": "2588791",
    "movie_id": "41405"
  },
  {
    "review": "무슨 영화가 이따위야, 10대의 화류계치고는 너무 넓다. 일본 진출이라니..ㅋㅋ",
    "date": "08.03.15",
    "rating": "5",
    "author": "ekdn****",
    "review_id": "2521050",
    "movie_id": "41405"
  },
  {
    "review": "분위기나 음악이 새벽시간에 보면 묘하게 만듬",
    "date": "07.12.28",
    "rating": "7",
    "author": "okco****",
    "review_id": "2274173",
    "movie_id": "41405"
  },
  {
    "review": "제목을 왜 이렇게 지었노;; 그냥저냥 미스터리물.. 나는 별로;;",
    "date": "07.09.07",
    "rating": "6",
    "author": "seni****",
    "review_id": "2005672",
    "movie_id": "41405"
  },
  {
    "review": "제목은 싸보이지만 영상이나 음악이 싸지가 않음..",
    "date": "07.09.05",
    "rating": "8",
    "author": "eyeb****",
    "review_id": "2002353",
    "movie_id": "41405"
  },
  {
    "review": "별로 기억에 남는게 없는 영화.",
    "date": "07.08.26",
    "rating": "5",
    "author": "quil****",
    "review_id": "1979667",
    "movie_id": "41405"
  },
  {
    "review": "장르가 에로가 아니라 미스터리이다 그러나 반전은 밋밋하다",
    "date": "07.06.08",
    "rating": "6",
    "author": "nala****",
    "review_id": "1689520",
    "movie_id": "41405"
  },
  {
    "review": "누가 제목이따위로... 아이돌섹스가뭐냐 진짜...음악꽤좋았음.",
    "date": "07.05.26",
    "rating": "7",
    "author": "rang****",
    "review_id": "1662461",
    "movie_id": "41405"
  },
  {
    "review": "제목만 보고 이 영화를 평가하지 말라!주인공 너무 이쁘고 몽환적 분위기 좋아~",
    "date": "07.03.18",
    "rating": "10",
    "author": "jeon****",
    "review_id": "1540678",
    "movie_id": "41405"
  },
  {
    "review": "지루한 영화",
    "date": "07.02.24",
    "rating": "3",
    "author": "psp2****",
    "review_id": "1498345",
    "movie_id": "41405"
  },
  {
    "review": "원제목은 성층권 소녀. 깔끔하고 영상도 음악도 괜찮다.",
    "date": "07.02.14",
    "rating": "10",
    "author": "nasi****",
    "review_id": "1470216",
    "movie_id": "41405"
  },
  {
    "review": "나름반전.... 분위기도 있다",
    "date": "07.02.10",
    "rating": "8",
    "author": "nwhg****",
    "review_id": "1458698",
    "movie_id": "41405"
  },
  {
    "review": "영화를 보고 낚인 기분이 들었다는 것은 처음이었지만 괜찮아",
    "date": "07.02.09",
    "rating": "8",
    "author": "yone****",
    "review_id": "1456059",
    "movie_id": "41405"
  },
  {
    "review": "OOOO들 이딴 영화 만들면 주ㄱ ㅓ!!!!!!!!!!!!!!!!",
    "date": "07.02.05",
    "rating": "1",
    "author": "ghkd****",
    "review_id": "1446452",
    "movie_id": "41405"
  },
  {
    "review": "무조건최하점!!",
    "date": "07.01.29",
    "rating": "1",
    "author": "pass****",
    "review_id": "1424076",
    "movie_id": "41405"
  },
  {
    "review": "축구볼려고 채널돌리다 이게하더라.. 결국 축구는 못봤다",
    "date": "07.01.15",
    "rating": "10",
    "author": "pold****",
    "review_id": "1386643",
    "movie_id": "41405"
  },
  {
    "review": "클로에빈켈 비스크돌같이 나옴.딴거없다.네이밍 완전 err",
    "date": "07.01.10",
    "rating": "5",
    "author": "naeg****",
    "review_id": "1371459",
    "movie_id": "41405"
  },
  {
    "review": "조금 지루한 영화",
    "date": "06.11.04",
    "rating": "8",
    "author": "kims****",
    "review_id": "1216267",
    "movie_id": "41405"
  },
  {
    "review": "반전은 그다지;; 촬영기법도 별로 걍 주연과 도쿄 풍경만 좋다.",
    "date": "06.10.21",
    "rating": "9",
    "author": "dksh****",
    "review_id": "1192144",
    "movie_id": "41405"
  },
  {
    "review": "제목보다 더욱더 멋있는 영화에요 ^_^",
    "date": "06.10.20",
    "rating": "9",
    "author": "jh70****",
    "review_id": "1189831",
    "movie_id": "41405"
  },
  {
    "review": "제목의 가벼움 아닌 영화의 매력이 자연스럽게 느껴지네요 ^^",
    "date": "06.10.18",
    "rating": "10",
    "author": "sdmh****",
    "review_id": "1187138",
    "movie_id": "41405"
  },
  {
    "review": "오우~ 보니까 끝내주네요,,,",
    "date": "06.10.13",
    "rating": "10",
    "author": "rnjs****",
    "review_id": "1178218",
    "movie_id": "41405"
  },
  {
    "review": "제목봐라...누구나 xx 생각하면서 보겠지 영화자체는 수준급",
    "date": "06.10.07",
    "rating": "10",
    "author": "leaf****",
    "review_id": "1166764",
    "movie_id": "41405"
  },
  {
    "review": "우연히 밤에 잠이 안와 채널돌리다가 봤는데..의외로 괜찮았다..",
    "date": "06.09.29",
    "rating": "8",
    "author": "gift****",
    "review_id": "1148332",
    "movie_id": "41405"
  },
  {
    "review": "재밋더만 ㅋㅋㅋ 남자 71% ㅉㅉㅉㅉㅉ",
    "date": "06.09.19",
    "rating": "6",
    "author": "miin****",
    "review_id": "1132407",
    "movie_id": "41405"
  },
  {
    "review": "여주인공 인형이다..인형;;",
    "date": "06.08.23",
    "rating": "9",
    "author": "dud_****",
    "review_id": "1069536",
    "movie_id": "41405"
  },
  {
    "review": "클로에 빈켈 모델 할 때 부터 좋아했는데 영화에선 인형같이^^",
    "date": "06.08.20",
    "rating": "10",
    "author": "jang****",
    "review_id": "1061579",
    "movie_id": "41405"
  },
  {
    "review": "의외로 괜찮은 영화..",
    "date": "06.08.20",
    "rating": "8",
    "author": "aika****",
    "review_id": "1059743",
    "movie_id": "41405"
  },
  {
    "review": "와 인형이다인형",
    "date": "06.08.20",
    "rating": "10",
    "author": "abg6****",
    "review_id": "1059666",
    "movie_id": "41405"
  },
  {
    "review": "보면서 절때 다른채널로 안돌렸다",
    "date": "06.08.16",
    "rating": "10",
    "author": "jsk2****",
    "review_id": "1040933",
    "movie_id": "41405"
  },
  {
    "review": "여주인공 조낸 예쁘다 생각했는데 보다보니 얼굴이 조낸 길다-┏",
    "date": "06.07.03",
    "rating": "6",
    "author": "fhzm****",
    "review_id": "868394",
    "movie_id": "41405"
  },
  {
    "review": "재밌다",
    "date": "06.07.03",
    "rating": "9",
    "author": "cjon****",
    "review_id": "868385",
    "movie_id": "41405"
  },
  {
    "review": "전부 안젤라가 그린 만화였다는것뿐. 어려울것 없음",
    "date": "06.05.30",
    "rating": "6",
    "author": "sdj4****",
    "review_id": "822830",
    "movie_id": "41405"
  },
  {
    "review": "안젤라넘이뻐요",
    "date": "06.05.15",
    "rating": "10",
    "author": "didw****",
    "review_id": "801303",
    "movie_id": "41405"
  },
  {
    "review": "도대체 끝이 의미하는건 뭡니까!! ... 궁금해 미치겠음.",
    "date": "06.05.15",
    "rating": "8",
    "author": "msj8****",
    "review_id": "800660",
    "movie_id": "41405"
  },
  {
    "review": "여자 주인공이 너무너무 이뻐서 재밌었어요 ㅋㅋ",
    "date": "06.05.09",
    "rating": "7",
    "author": "simp****",
    "review_id": "793472",
    "movie_id": "41405"
  },
  {
    "review": "바줄만한 반전..",
    "date": "06.04.19",
    "rating": "8",
    "author": "dodo****",
    "review_id": "767685",
    "movie_id": "41405"
  },
  {
    "review": "여배우때문에 어쩌다본건데 꽤괜찮음 반전도 괜찮고..",
    "date": "06.04.12",
    "rating": "7",
    "author": "dhfb****",
    "review_id": "758288",
    "movie_id": "41405"
  },
  {
    "review": ".. 보지마요~!!",
    "date": "06.03.26",
    "rating": "1",
    "author": "pani****",
    "review_id": "734768",
    "movie_id": "41405"
  },
  {
    "review": "여자 졸라 예쁘네",
    "date": "06.03.26",
    "rating": "10",
    "author": "visi****",
    "review_id": "734742",
    "movie_id": "41405"
  },
  {
    "review": "쓰레기 영화 더이상 할말없음..",
    "date": "06.03.13",
    "rating": "1",
    "author": "mmmc****",
    "review_id": "714967",
    "movie_id": "41405"
  },
  {
    "review": "여주인공 진짜 엘프 같네 ;;",
    "date": "06.03.11",
    "rating": "10",
    "author": "lsh0****",
    "review_id": "712500",
    "movie_id": "41405"
  },
  {
    "review": "여주인공 땜시 준다",
    "date": "06.03.11",
    "rating": "10",
    "author": "qkrd****",
    "review_id": "712498",
    "movie_id": "41405"
  },
  {
    "review": "방금봤는데 내용은 둘째치고 여주인공이 참 인형같군요^^",
    "date": "06.03.11",
    "rating": "10",
    "author": "zera****",
    "review_id": "711659",
    "movie_id": "41405"
  },
  {
    "review": "여주인공이 넘 이뿌당 ㅠㅠ 그래서 10점 다시보고싶은데;;",
    "date": "06.03.06",
    "rating": "10",
    "author": "wkde****",
    "review_id": "706959",
    "movie_id": "41405"
  },
  {
    "review": "파닥파닥 낚였건만. 뭐.여주인공도 예쁘고,나쁘진 않았수다.",
    "date": "06.03.05",
    "rating": "10",
    "author": "ephe****",
    "review_id": "705340",
    "movie_id": "41405"
  },
  {
    "review": "신비하다..그냥 영화가 이쁘다..",
    "date": "06.03.05",
    "rating": "10",
    "author": "new3****",
    "review_id": "705237",
    "movie_id": "41405"
  },
  {
    "review": "쿠란티노가말한기승전결을따지기보단그대로보는영화",
    "date": "06.03.05",
    "rating": "10",
    "author": "anyp****",
    "review_id": "704751",
    "movie_id": "41405"
  },
  {
    "review": "영화는 재밌는데 제목이 맘에안드네...",
    "date": "06.03.05",
    "rating": "8",
    "author": "hwc0****",
    "review_id": "704726",
    "movie_id": "41405"
  },
  {
    "review": "참 한국제목 엿같이 지었네. 영화는 굿! 성층권소녀?, 고급소녀?",
    "date": "06.02.15",
    "rating": "8",
    "author": "bast****",
    "review_id": "671491",
    "movie_id": "41405"
  },
  {
    "review": "보면 알겠지만 제목과는 좀 무관한.. 만화로 스토리를 진행하는",
    "date": "06.02.03",
    "rating": "7",
    "author": "yunj****",
    "review_id": "644800",
    "movie_id": "41405"
  },
  {
    "review": "일본 외국인노동자의 성공기.",
    "date": "06.02.02",
    "rating": "2",
    "author": "tops****",
    "review_id": "641384",
    "movie_id": "41405"
  },
  {
    "review": "진짜재목땜에 좋은영화 약간 미묘하면서 반전",
    "date": "06.01.30",
    "rating": "9",
    "author": "r340****",
    "review_id": "633129",
    "movie_id": "41405"
  },
  {
    "review": "반전이 있지만 충격적이진 않은..제목은 왜이래!!!",
    "date": "06.01.27",
    "rating": "10",
    "author": "coco****",
    "review_id": "626472",
    "movie_id": "41405"
  },
  {
    "review": "제목 잘못붙여져서 흥행실패 진짜 영화는 볼만한데ㅠ",
    "date": "06.01.25",
    "rating": "9",
    "author": "mari****",
    "review_id": "621210",
    "movie_id": "41405"
  },
  {
    "review": "제목과 무관,영상미와 편집이 대박.포르노를기대한다면 꺼지삼.",
    "date": "06.01.16",
    "rating": "10",
    "author": "imja****",
    "review_id": "592008",
    "movie_id": "41405"
  },
  {
    "review": "도대체 말하자는 게 뭐야?",
    "date": "06.01.09",
    "rating": "1",
    "author": "sue8****",
    "review_id": "574670",
    "movie_id": "41405"
  },
  {
    "review": "남자들은 거의 다 아는 일본의 밤문화. 여자들도 한번 보자.",
    "date": "05.12.10",
    "rating": "8",
    "author": "catl****",
    "review_id": "499437",
    "movie_id": "41405"
  },
  {
    "review": "보지마 재미 더럽게 없음 ㅠㅠ",
    "date": "05.11.28",
    "rating": "1",
    "author": "last****",
    "review_id": "487953",
    "movie_id": "41405"
  },
  {
    "review": "색다른 느낌이라 지루하지 않게 재밌게 봤어요",
    "date": "05.10.30",
    "rating": "10",
    "author": "telo****",
    "review_id": "458931",
    "movie_id": "41405"
  },
  {
    "review": "약간 몽환적인 연출이 맘에들고 주인공의 이미지와 어울리네요.",
    "date": "05.10.22",
    "rating": "9",
    "author": "simp****",
    "review_id": "450325",
    "movie_id": "41405"
  },
  {
    "review": "감독의 의도를 관객이 알 수 없는, 스트레스 엄청 받은..",
    "date": "05.10.14",
    "rating": "1",
    "author": "lhcd****",
    "review_id": "442188",
    "movie_id": "41405"
  },
  {
    "review": "진짜보지마삼 완전재미업써 제목이랑완전달라진짜지겨워ㅡ ㅡ",
    "date": "05.10.13",
    "rating": "1",
    "author": "puri****",
    "review_id": "441469",
    "movie_id": "41405"
  },
  {
    "review": "주인공은 이쁘고 제목만 야하고 영화는 따분할뿐...",
    "date": "05.10.06",
    "rating": "6",
    "author": "muci****",
    "review_id": "434547",
    "movie_id": "41405"
  },
  {
    "review": "말하고자 하는게 무엇인가. 소녀들의 일본 섹스 생활 적응기?",
    "date": "05.10.02",
    "rating": "1",
    "author": "dbsw****",
    "review_id": "430186",
    "movie_id": "41405"
  },
  {
    "review": "원 제목과   켁,,,, 우리나라 제목 왜이래?",
    "date": "05.10.01",
    "rating": "10",
    "author": "tjwn****",
    "review_id": "429481",
    "movie_id": "41405"
  },
  {
    "review": "주인공 이뻐서 10점 -_",
    "date": "05.09.23",
    "rating": "10",
    "author": "siba****",
    "review_id": "418576",
    "movie_id": "41405"
  },
  {
    "review": "제목이 원초적이나 내용은 아님....",
    "date": "05.09.22",
    "rating": "1",
    "author": "kata****",
    "review_id": "416898",
    "movie_id": "41405"
  },
  {
    "review": "그녀를 본것만으로 지구에 살고 있다는 것이 행복하다",
    "date": "05.09.19",
    "rating": "10",
    "author": "ushe****",
    "review_id": "412790",
    "movie_id": "41405"
  },
  {
    "review": "여러장르의 혼합...하지만 독특한거 외엔 그다지...",
    "date": "05.09.12",
    "rating": "6",
    "author": "glob****",
    "review_id": "402234",
    "movie_id": "41405"
  },
  {
    "review": "-_  제목이 영.. 영화랑 어울리지 않는..;; 배급사놈들.. -_",
    "date": "05.09.11",
    "rating": "7",
    "author": "fall****",
    "review_id": "401065",
    "movie_id": "41405"
  },
  {
    "review": "이거 제목이 완전 쓰레기가 되버렸네;;;;",
    "date": "05.09.06",
    "rating": "7",
    "author": "ices****",
    "review_id": "395226",
    "movie_id": "41405"
  },
  {
    "review": "예쁜영화다;",
    "date": "05.09.01",
    "rating": "10",
    "author": "hoi4****",
    "review_id": "390271",
    "movie_id": "41405"
  },
  {
    "review": "기대말구 보세염;",
    "date": "05.08.20",
    "rating": "5",
    "author": "cyco****",
    "review_id": "375321",
    "movie_id": "41405"
  },
  {
    "review": "괜찮네",
    "date": "05.08.11",
    "rating": "8",
    "author": "sept****",
    "review_id": "361468",
    "movie_id": "41405"
  },
  {
    "review": "아리송한 영화... 주인공여자 이쁘당~*^^*",
    "date": "05.08.10",
    "rating": "6",
    "author": "choi****",
    "review_id": "360019",
    "movie_id": "41405"
  },
  {
    "review": "그리 추상적이지 않은 모험심 강한 만화소녀 이야기",
    "date": "05.06.06",
    "rating": "6",
    "author": "omye****",
    "review_id": "294721",
    "movie_id": "41405"
  }
]