[
  {
    "review": "종이학이 제가 6살떄 나왔거든요....그떄 당시 어린나이라 다른건 생각이 안나도 이 드라마 만큼은 생각나더군요 ㅎㅎ",
    "date": "15.05.28",
    "rating": "10",
    "author": "crdr****",
    "review_id": "9957525",
    "movie_id": "41412"
  },
  {
    "review": "이때만 해도 명세빈 정말 괜찮았는데..",
    "date": "15.05.16",
    "rating": "7",
    "author": "adiv****",
    "review_id": "9923766",
    "movie_id": "41412"
  },
  {
    "review": "다른드라마는 다잊어도 이드라마만큼 10년이 지나도 20년이 지나도 잊을수없는 걸작드라마  앞으로 많이 기억나는 드라마참 기억속에 많이 남네여.",
    "date": "15.02.07",
    "rating": "10",
    "author": "max3****",
    "review_id": "9675437",
    "movie_id": "41412"
  },
  {
    "review": "이 좋은 드라마에다가 평점을 완전 쓰레기로 만들어놨군 종이학은 요세 쓰레기 드라마들하고 차원이 틀린 작품이다!!",
    "date": "14.12.16",
    "rating": "10",
    "author": "ske4****",
    "review_id": "9478171",
    "movie_id": "41412"
  },
  {
    "review": "아직도 생각나는 아련한 작품!!",
    "date": "14.01.20",
    "rating": "10",
    "author": "caca****",
    "review_id": "8401683",
    "movie_id": "41412"
  },
  {
    "review": "정말 재밌었던 추억의 레전드 드라마.다시 보고 싶다.",
    "date": "13.04.12",
    "rating": "10",
    "author": "odjs****",
    "review_id": "7453351",
    "movie_id": "41412"
  },
  {
    "review": "나의 레전드 드라마",
    "date": "12.08.28",
    "rating": "10",
    "author": "guzi****",
    "review_id": "6649603",
    "movie_id": "41412"
  },
  {
    "review": "차로 사람을 살해한 놈이 카레이서로서 연기를 하다니. 쌈마이 저질 막장 코메디 ㅋㅋ",
    "date": "12.03.24",
    "rating": "1",
    "author": "iwoj****",
    "review_id": "6164051",
    "movie_id": "41412"
  },
  {
    "review": "류시퍼가 출연한 드라마이니까 살인에 관련된 범죄 스릴러 물이 아닐까 싶네. 무서워",
    "date": "12.03.24",
    "rating": "1",
    "author": "odor****",
    "review_id": "6164049",
    "movie_id": "41412"
  },
  {
    "review": "95년 사람을 르망자동차로 깔아 뭉개서 죽인 유시원, 후에 류시원으로 개명.살인자.",
    "date": "12.03.24",
    "rating": "1",
    "author": "prel****",
    "review_id": "6164045",
    "movie_id": "41412"
  },
  {
    "review": "군대에서 재밌게 봣었던.. ㅋㅋ",
    "date": "11.12.14",
    "rating": "9",
    "author": "tn99****",
    "review_id": "5906124",
    "movie_id": "41412"
  },
  {
    "review": "소장가치가 높은 나의 두번째 사랑...",
    "date": "11.11.30",
    "rating": "10",
    "author": "kbut****",
    "review_id": "5878417",
    "movie_id": "41412"
  },
  {
    "review": "류시원이 이 드라마 이후로 카레이서에 빠져서 실제선수데뷔 ㅋㅋ",
    "date": "11.11.28",
    "rating": "9",
    "author": "mang****",
    "review_id": "5875623",
    "movie_id": "41412"
  },
  {
    "review": "요즘에는 이보다 더한 드라마는 없음. 역시 드라마는 이 드라마가 최고다.",
    "date": "11.11.03",
    "rating": "10",
    "author": "44mi****",
    "review_id": "5826462",
    "movie_id": "41412"
  },
  {
    "review": "아 초딩때 아빠랑 동생이랑 맨날천날 노래따라부르면서 봤는데 ㅋㅋㅋ",
    "date": "11.01.11",
    "rating": "10",
    "author": "happ****",
    "review_id": "5149658",
    "movie_id": "41412"
  },
  {
    "review": "90년대 말 순수한 젊은이의 시대의 정점을 찍었던 영화..",
    "date": "10.11.09",
    "rating": "7",
    "author": "full****",
    "review_id": "4947997",
    "movie_id": "41412"
  },
  {
    "review": "배우 송윤아를 처음으로 보고 좋아하게 됐다",
    "date": "10.02.25",
    "rating": "7",
    "author": "mygr****",
    "review_id": "4317119",
    "movie_id": "41412"
  },
  {
    "review": "생각난다, 생각나. 꽤나 흥미로웠던 기억이..",
    "date": "07.10.02",
    "rating": "8",
    "author": "skat****",
    "review_id": "2065208",
    "movie_id": "41412"
  },
  {
    "review": "내생애 최고의 드라마!!",
    "date": "07.08.28",
    "rating": "10",
    "author": "west****",
    "review_id": "1984868",
    "movie_id": "41412"
  },
  {
    "review": "이상인 목도리가 인상적이었는데ㅋㅋ요새 안나오시네..",
    "date": "07.06.20",
    "rating": "10",
    "author": "lsge****",
    "review_id": "1711603",
    "movie_id": "41412"
  },
  {
    "review": "감동................",
    "date": "06.12.01",
    "rating": "10",
    "author": "dhap****",
    "review_id": "1260873",
    "movie_id": "41412"
  },
  {
    "review": "볼만했다",
    "date": "06.10.27",
    "rating": "8",
    "author": "zeed****",
    "review_id": "1200867",
    "movie_id": "41412"
  },
  {
    "review": "왜 드라마에 평점을 매기고 있어 ㅋㅋ",
    "date": "06.09.25",
    "rating": "1",
    "author": "jubo****",
    "review_id": "1142503",
    "movie_id": "41412"
  },
  {
    "review": "이거 보고 싶어서 미친듯이 집에오던 초딩시절이 생각남...",
    "date": "06.08.27",
    "rating": "10",
    "author": "cwyh****",
    "review_id": "1084940",
    "movie_id": "41412"
  },
  {
    "review": "최고였다... 명세빈-류시원 커플",
    "date": "06.04.06",
    "rating": "10",
    "author": "blue****",
    "review_id": "750548",
    "movie_id": "41412"
  },
  {
    "review": "옛날에 인상 깊게 본 드라마 중 하나. 최고다.",
    "date": "06.03.13",
    "rating": "10",
    "author": "macl****",
    "review_id": "716049",
    "movie_id": "41412"
  },
  {
    "review": "류시, 명세 커플 순수와 함께 올인~~",
    "date": "06.02.21",
    "rating": "10",
    "author": "leeh****",
    "review_id": "684231",
    "movie_id": "41412"
  },
  {
    "review": "또 명세빈이냐?",
    "date": "05.12.28",
    "rating": "6",
    "author": "kws7****",
    "review_id": "534044",
    "movie_id": "41412"
  }
]