[
  {
    "review": "다시 보고픈데... 어떻게 다시 볼 방법 없나요?",
    "date": "15.07.23",
    "rating": "10",
    "author": "hwal****",
    "review_id": "10132664",
    "movie_id": "41427"
  },
  {
    "review": "서울의 사는 서민들의 생활과 애환등을 재미있게 만든 드라마",
    "date": "15.06.08",
    "rating": "8",
    "author": "adiv****",
    "review_id": "9985445",
    "movie_id": "41427"
  },
  {
    "review": "허어어어어~~이 한번 잘못 따라했다가 집에서 20년째 별명이 백관장을따서 뱃가이로 불림 ㅡㅡ",
    "date": "15.05.07",
    "rating": "10",
    "author": "kme6****",
    "review_id": "9902019",
    "movie_id": "41427"
  },
  {
    "review": "원래 제목은 \"파랑새는 없다\" 입니다. 정선경 자살할려고할때, 이상인이 업고 병원응급식가는 장면은 아직도 기억난다. 비오는날인거 같았는데.",
    "date": "15.01.06",
    "rating": "10",
    "author": "heli****",
    "review_id": "9567187",
    "movie_id": "41427"
  },
  {
    "review": "진짜 이런게 드마라지!!! 요세 드라마는 다 쓰레기다!!!",
    "date": "14.09.14",
    "rating": "10",
    "author": "ske4****",
    "review_id": "9215018",
    "movie_id": "41427"
  },
  {
    "review": "서울의 달과 함께 유일하게 잼있게본 드라마인데,,, 다시 리바이벌하던지 하면 좋겟다",
    "date": "14.08.09",
    "rating": "10",
    "author": "atti****",
    "review_id": "9053686",
    "movie_id": "41427"
  },
  {
    "review": "1997 년 imf로 모든 사람들이 다 살기 힘들때, 그래도 위안삼으며 봤던 드라마인데, 다시보고 싶어요.",
    "date": "14.07.20",
    "rating": "10",
    "author": "iamj****",
    "review_id": "8935767",
    "movie_id": "41427"
  },
  {
    "review": "또보고싶다 진짜루 ㅇㅇㅋㅋ",
    "date": "14.06.26",
    "rating": "10",
    "author": "gack****",
    "review_id": "8858542",
    "movie_id": "41427"
  },
  {
    "review": "캐릭터들이 하나하나 살아있는 드라마. 그중에 절봉이 원탑!! ㅋㅋ 현실은 무거운거 같으면서도 서민들의 얽히고 설킨 모습들이 리얼하다.최고의 드라마중 하나",
    "date": "14.06.24",
    "rating": "10",
    "author": "hiru****",
    "review_id": "8850745",
    "movie_id": "41427"
  },
  {
    "review": "마지막에 너무 보미를 억지로 순수한여자로 부각하면서 이야기가 지루해진감이 있지만 정말 레젼드 드라마.마지막에 먼가 담백하게 다른방식으로 희망을 보여줬으면 하는 단하나의 단점이 보이는 드라마.",
    "date": "13.11.22",
    "rating": "9",
    "author": "hasi****",
    "review_id": "8158983",
    "movie_id": "41427"
  },
  {
    "review": "요즘 드라마보다 훨씬 잼있고 등장인물도 좋고 연기도 너무 잘하네요 어릴때 생각나네요",
    "date": "13.08.23",
    "rating": "10",
    "author": "djsr****",
    "review_id": "7914543",
    "movie_id": "41427"
  },
  {
    "review": "하류층, 인간막장들이 다수 등장하지만, 그들이 사는것을 들여다보면 일반사람과 별반차이는 없더라, 좀 더 자극적이고, 막가파식 액션이 다수 존재는 하지만, 감정의 표출이 자유로운것이 죄는 아니니까. 나름 느낌있었어",
    "date": "13.08.21",
    "rating": "10",
    "author": "bajj****",
    "review_id": "7908398",
    "movie_id": "41427"
  },
  {
    "review": "리메이크해서 다시 또 하면 안되나요?맨 부잣집 얘기나 나오고..이런 밑바닥삶.인간미느껴지는 드라마가 배고픔...",
    "date": "13.05.26",
    "rating": "10",
    "author": "baby****",
    "review_id": "7556404",
    "movie_id": "41427"
  },
  {
    "review": "다시 봐도 너무나 재밌는 드라마 !!ㅎ  주연,조연 할것없이 요즘드라마랑 다르게 모두 깨알같은 재미를 주었던 드라마 ㅎㅎ",
    "date": "13.03.01",
    "rating": "10",
    "author": "nwss****",
    "review_id": "7312857",
    "movie_id": "41427"
  },
  {
    "review": "최근에 다시 봤는데 하루에 6-7편씩 봤슴",
    "date": "12.03.02",
    "rating": "10",
    "author": "shpa****",
    "review_id": "6118494",
    "movie_id": "41427"
  },
  {
    "review": "스토리가 점점 산으로 갔었지..",
    "date": "11.11.02",
    "rating": "8",
    "author": "tn99****",
    "review_id": "5824301",
    "movie_id": "41427"
  },
  {
    "review": "파랑새가 끝나면 다른 드라마에 나오겠다 싶어 기대했었는데 32년전 숭무관에서 알던.",
    "date": "11.10.20",
    "rating": "10",
    "author": "kcg0****",
    "review_id": "5799681",
    "movie_id": "41427"
  },
  {
    "review": "정말 잊을 수 없는 드라마. 병달 봉미 어디선가 진짜 부부로 살고 있을 것 같은...",
    "date": "11.02.23",
    "rating": "10",
    "author": "upit****",
    "review_id": "5268774",
    "movie_id": "41427"
  },
  {
    "review": "이런 드라마 또 나왔으면..",
    "date": "10.09.23",
    "rating": "10",
    "author": "ykyk****",
    "review_id": "4860780",
    "movie_id": "41427"
  },
  {
    "review": "진짜 최고의 드라마.백관장 백윤식과 병달이 그리고 절봉이 봉미..캐릭터가 살아있어",
    "date": "10.08.15",
    "rating": "10",
    "author": "dma9****",
    "review_id": "4748435",
    "movie_id": "41427"
  },
  {
    "review": "왠지 백관장은 지금도 어디선가 공중부양으로 사기치고 있을 거란 생각이 든다",
    "date": "10.02.27",
    "rating": "8",
    "author": "mygr****",
    "review_id": "4320840",
    "movie_id": "41427"
  },
  {
    "review": "병달이와 봉미, 어디선가 행복하게 살고 있겠지? 보고싶은 절봉이도...",
    "date": "09.05.15",
    "rating": "10",
    "author": "mode****",
    "review_id": "3495949",
    "movie_id": "41427"
  },
  {
    "review": "정말 재밌게 봤었다.",
    "date": "09.04.25",
    "rating": "8",
    "author": "eorn****",
    "review_id": "3441063",
    "movie_id": "41427"
  },
  {
    "review": "박용우는 언제나왔지? 이상인만 기억나는데~",
    "date": "07.12.10",
    "rating": "10",
    "author": "kwj0****",
    "review_id": "2221916",
    "movie_id": "41427"
  },
  {
    "review": "극중 댄서로 나온 김성희의 댄스는 정말 일품이었다...",
    "date": "07.10.09",
    "rating": "10",
    "author": "kwan****",
    "review_id": "2080414",
    "movie_id": "41427"
  },
  {
    "review": "독특했던 소재와 조연들의 감초연기, 맛깔스런 드라마.",
    "date": "07.09.07",
    "rating": "7",
    "author": "skat****",
    "review_id": "2006705",
    "movie_id": "41427"
  },
  {
    "review": "이건 이상인이 주인공아니야? 박용우는 나왔었나? 전혀 몰랐네~",
    "date": "07.05.15",
    "rating": "10",
    "author": "tige****",
    "review_id": "1639151",
    "movie_id": "41427"
  },
  {
    "review": "내가 제일 좋아했던 드라마였다",
    "date": "07.03.29",
    "rating": "10",
    "author": "ohju****",
    "review_id": "1561370",
    "movie_id": "41427"
  },
  {
    "review": "잊혀지지 않는 공중부양",
    "date": "06.11.10",
    "rating": "7",
    "author": "cat1****",
    "review_id": "1225646",
    "movie_id": "41427"
  },
  {
    "review": "이상인, 박용우, 백윤식 ㅋㅋ 정말 향수를 일으키는 드라마,,^^",
    "date": "06.02.21",
    "rating": "10",
    "author": "leeh****",
    "review_id": "684228",
    "movie_id": "41427"
  },
  {
    "review": "절봉이 백관장 정말 웃겼어",
    "date": "05.12.26",
    "rating": "10",
    "author": "kws7****",
    "review_id": "530319",
    "movie_id": "41427"
  },
  {
    "review": "어렸을때 재미있게 봤었지.. 지금도 보고싶은드라마..^^",
    "date": "05.11.15",
    "rating": "10",
    "author": "apol****",
    "review_id": "475309",
    "movie_id": "41427"
  }
]