[
  {
    "review": "당시 국민드라마 <모래시계>와 동시간대에 붙고도 살아남은, 막장계의 선배같은 작품, 주인공 차인표가 중간에 군입대하는 바람에 정보석-채시라 중심으로 스토리 급변. 엔딩에선 휴가나온 차인표가 까메오처럼 다시 출연하기도.",
    "date": "15.04.05",
    "rating": "7",
    "author": "hide****",
    "review_id": "9829808",
    "movie_id": "41431"
  },
  {
    "review": "결코평점9.83짜리는 절대 아니라고 생각하기에 과감히1점줌...평점조절위원회(웃음)",
    "date": "12.02.29",
    "rating": "1",
    "author": "baks****",
    "review_id": "6111658",
    "movie_id": "41431"
  },
  {
    "review": "완벽했던 연기..ㅎㅎ 채시라",
    "date": "11.12.04",
    "rating": "10",
    "author": "bob0****",
    "review_id": "5887788",
    "movie_id": "41431"
  },
  {
    "review": "채시라 정보석 짱!!!",
    "date": "11.04.02",
    "rating": "10",
    "author": "ekrx****",
    "review_id": "5348662",
    "movie_id": "41431"
  },
  {
    "review": "정말 재밌어요 `-' 채원과 이루어질 수 없는 두 형제 정말 흥미 진진했음",
    "date": "09.01.12",
    "rating": "10",
    "author": "flow****",
    "review_id": "3212789",
    "movie_id": "41431"
  },
  {
    "review": "당시 이 드라마로 최절정의 수퍼스타였던 채시라!",
    "date": "08.01.22",
    "rating": "10",
    "author": "gfph****",
    "review_id": "2359663",
    "movie_id": "41431"
  },
  {
    "review": "재밌게 봤던",
    "date": "06.10.31",
    "rating": "9",
    "author": "luvs****",
    "review_id": "1208769",
    "movie_id": "41431"
  },
  {
    "review": "채시라 춤이 인상적이었던",
    "date": "06.08.03",
    "rating": "10",
    "author": "zeed****",
    "review_id": "959296",
    "movie_id": "41431"
  }
]