[
  {
    "review": "내용도 좋았고 화려한 출연진에 ost는 히트치고 좋은 드라마였음",
    "date": "15.07.19",
    "rating": "9",
    "author": "adiv****",
    "review_id": "10118987",
    "movie_id": "41456"
  },
  {
    "review": "추억이 돋는 최고의 드라마!!!!",
    "date": "15.07.18",
    "rating": "10",
    "author": "roon****",
    "review_id": "10117351",
    "movie_id": "41456"
  },
  {
    "review": "나의 꿈많던 24살 시절...ㅎ",
    "date": "15.06.29",
    "rating": "10",
    "author": "dols****",
    "review_id": "10053005",
    "movie_id": "41456"
  },
  {
    "review": "내가 중학교때 본 영원한 No.1 꿈같은 드라마. OST도 꿈같이 달콤한..너무나 사랑한다. 내 중학교 시절과 오버랩되며 느껴지는 순수함과 로맨틱함 최고라는 말도 부족하다... 그냥 사랑한다..너무나..",
    "date": "15.04.07",
    "rating": "10",
    "author": "dent****",
    "review_id": "9832730",
    "movie_id": "41456"
  },
  {
    "review": "20년이 지나도 풋풋하고 싱그럽네요",
    "date": "15.03.02",
    "rating": "8",
    "author": "pihw****",
    "review_id": "9752755",
    "movie_id": "41456"
  },
  {
    "review": "당시 최고의 드라마. OST가 진짜 예술이었음. 우희진 진정한 리즈 시절",
    "date": "15.01.19",
    "rating": "10",
    "author": "jjaj****",
    "review_id": "9611853",
    "movie_id": "41456"
  },
  {
    "review": "요세는 이런 드라마 못만드는가? 요세 드라마들은 전부다 쓰레기임에 틀림없다!",
    "date": "14.10.23",
    "rating": "10",
    "author": "ske4****",
    "review_id": "9309506",
    "movie_id": "41456"
  },
  {
    "review": "느낌이야말고 오리지날 응사지 ㅋㅋ 진짜 순수하고 재미있는 청춘드라마입니다",
    "date": "14.04.27",
    "rating": "10",
    "author": "ps2v****",
    "review_id": "8676034",
    "movie_id": "41456"
  },
  {
    "review": "배우들이 워낙좋았고 전제척인 스타일이나 주제곡등 아주뛰어남. 드라마 자체는 그리 흥미진진하거나 재밌는 내용은 아니었음",
    "date": "14.03.27",
    "rating": "8",
    "author": "lwj0****",
    "review_id": "8610026",
    "movie_id": "41456"
  },
  {
    "review": "아..다시보고싶네요ㅜㅜ리메이크안되나요?제인생최고의드라마!그대와함께!",
    "date": "13.12.21",
    "rating": "10",
    "author": "gidr****",
    "review_id": "8267533",
    "movie_id": "41456"
  },
  {
    "review": "한창 사춘기 일때 두근두근 하며 봤던 드라마 우희진의 청순했던 긴생머리와 폴폴날리는 잔머리는 아직도 생생히 기억나는데 세월이 이만큼이나 흘렀네",
    "date": "13.11.29",
    "rating": "10",
    "author": "zhde****",
    "review_id": "8175986",
    "movie_id": "41456"
  },
  {
    "review": "아~쵝오!!! 아직도 생각나는...이 드라마...우리민종오빠!!!! 또 보고싶어여..",
    "date": "13.11.06",
    "rating": "10",
    "author": "ebab****",
    "review_id": "8118066",
    "movie_id": "41456"
  },
  {
    "review": "응답하라에 나오길 기대함!!!",
    "date": "13.11.03",
    "rating": "10",
    "author": "lett****",
    "review_id": "8111663",
    "movie_id": "41456"
  },
  {
    "review": "아.. 이 드라마 다시볼수있는 방법 없을까요?",
    "date": "13.11.02",
    "rating": "10",
    "author": "excu****",
    "review_id": "8108570",
    "movie_id": "41456"
  },
  {
    "review": "20년이 지났는데도 이 드라마는 생각이 난다. 명작...",
    "date": "13.08.20",
    "rating": "10",
    "author": "sunt****",
    "review_id": "7907603",
    "movie_id": "41456"
  },
  {
    "review": "그대와 함께, 너의 뒤에서 같은 OST도 죽였고, 정말 재미있었는데...가짜 아들이 누구냐! 하는 것도 관심사였고.. 이본이 이때 정말 매력 쩔었음.",
    "date": "13.03.21",
    "rating": "10",
    "author": "ldj0****",
    "review_id": "7381451",
    "movie_id": "41456"
  },
  {
    "review": "정말 감명깊고 여운이 많이 남는 최강의 청춘드라마.",
    "date": "13.03.05",
    "rating": "10",
    "author": "odjs****",
    "review_id": "7326357",
    "movie_id": "41456"
  },
  {
    "review": "내가 태어나기 전의 드라마네요 ㅋ 김민종씌 때문에 보고 갑니다",
    "date": "12.07.15",
    "rating": "10",
    "author": "ppyy****",
    "review_id": "6480509",
    "movie_id": "41456"
  },
  {
    "review": "제~~~~발! OST좀 음원에 풀어달라고오~~~~~",
    "date": "12.07.14",
    "rating": "10",
    "author": "love****",
    "review_id": "6478284",
    "movie_id": "41456"
  },
  {
    "review": "볼때마다 여운남는 최고의 청춘드라마! 현과 유리의 행복한 결말을 상상하며 지금도 난 설렌다.",
    "date": "12.05.20",
    "rating": "10",
    "author": "ka24****",
    "review_id": "6314959",
    "movie_id": "41456"
  },
  {
    "review": "좋네요. 기억에 남았던 드라마. 덕분에 우희진과 이정재 팬이 됐는데...",
    "date": "12.04.22",
    "rating": "10",
    "author": "pssd****",
    "review_id": "6238616",
    "movie_id": "41456"
  },
  {
    "review": "화려한 출연진 좀 봐라~!!",
    "date": "12.01.10",
    "rating": "10",
    "author": "tn99****",
    "review_id": "5976942",
    "movie_id": "41456"
  },
  {
    "review": "다운받아 본 드라마 12살때 돌아가듯 함..윤석호 연출에 조연출 표민수완전 대박",
    "date": "12.01.04",
    "rating": "10",
    "author": "bil0****",
    "review_id": "5959032",
    "movie_id": "41456"
  },
  {
    "review": "이정재는  그 당시가 오히려 연기를 더 잘한거 같다",
    "date": "11.10.14",
    "rating": "10",
    "author": "gost****",
    "review_id": "5787532",
    "movie_id": "41456"
  },
  {
    "review": "우리나라 최고의 청춘드라마.. 김민종의 색다른모습",
    "date": "11.10.14",
    "rating": "10",
    "author": "smar****",
    "review_id": "5787530",
    "movie_id": "41456"
  },
  {
    "review": "잼있당ㅠ리메이크안하려나? 긍데 우희진역을 맡을 인물이 없네,,다들 인조틱해서",
    "date": "11.05.16",
    "rating": "10",
    "author": "iady****",
    "review_id": "5431605",
    "movie_id": "41456"
  },
  {
    "review": "정말 정말 아련한 청춘의 설램을 담은 느낌있는 드라마. 94년의 우희진을 잊을수없다",
    "date": "11.03.01",
    "rating": "10",
    "author": "chp5****",
    "review_id": "5285050",
    "movie_id": "41456"
  },
  {
    "review": "연출자가 겨울연가, 가을동화의 윤석호 PD 였군요. 역시.",
    "date": "11.01.28",
    "rating": "10",
    "author": "iwoj****",
    "review_id": "5190372",
    "movie_id": "41456"
  },
  {
    "review": "근간에 통속적인 드라마 보다 월등히, 그러면서도 순수성을 잃지 않는 면이 좋다.",
    "date": "11.01.28",
    "rating": "10",
    "author": "odor****",
    "review_id": "5190364",
    "movie_id": "41456"
  },
  {
    "review": "우희진은 마치 올리비아 핫세의 모습을 연상케 하기에 충분했다.",
    "date": "11.01.28",
    "rating": "10",
    "author": "prel****",
    "review_id": "5190362",
    "movie_id": "41456"
  },
  {
    "review": "진짜 재밌었는데...",
    "date": "11.01.11",
    "rating": "10",
    "author": "blis****",
    "review_id": "5148851",
    "movie_id": "41456"
  },
  {
    "review": "평점에 거품이 꼈네?그래도 정말 잘만든 드라마.상당히 센스있으며.나름 감동적이다.",
    "date": "10.12.29",
    "rating": "1",
    "author": "baks****",
    "review_id": "5097406",
    "movie_id": "41456"
  },
  {
    "review": "지금봐도 많이 어색하지않는 세련미가 있는 드라마 ...수십번도 더 본드라마...최고..",
    "date": "10.12.20",
    "rating": "10",
    "author": "njun****",
    "review_id": "5067152",
    "movie_id": "41456"
  },
  {
    "review": "정말 리메이크 안되나?이정재...지금도 최고지만 저땐 현재 아이돌 저리 가라였어...",
    "date": "10.11.11",
    "rating": "10",
    "author": "limh****",
    "review_id": "4950251",
    "movie_id": "41456"
  },
  {
    "review": "대한민국 최고의 청춘드라마...이정재 최고의 연기....",
    "date": "10.09.14",
    "rating": "10",
    "author": "mn2o****",
    "review_id": "4835974",
    "movie_id": "41456"
  },
  {
    "review": "이때 우희진 참 좋아했는데... 이정재 캐릭터도 최고였다.",
    "date": "10.08.23",
    "rating": "10",
    "author": "s980****",
    "review_id": "4783722",
    "movie_id": "41456"
  },
  {
    "review": "리메이크 꼭 다시 했으면 하는 드라마... 엔딩도 참 마음에 들었음...^^",
    "date": "10.07.02",
    "rating": "10",
    "author": "giba****",
    "review_id": "4606928",
    "movie_id": "41456"
  },
  {
    "review": "정말 재밋게 봤다능",
    "date": "10.06.12",
    "rating": "10",
    "author": "yuna****",
    "review_id": "4561884",
    "movie_id": "41456"
  },
  {
    "review": "<질투>로 시작된 이른바 '감각드라마'의 맥을 잇는..역시 당대 청춘스타들 대거 출연~",
    "date": "10.05.20",
    "rating": "7",
    "author": "mygr****",
    "review_id": "4511300",
    "movie_id": "41456"
  },
  {
    "review": "최고의 청춘드라마 진짜 최고!!",
    "date": "10.01.11",
    "rating": "10",
    "author": "rain****",
    "review_id": "4161150",
    "movie_id": "41456"
  },
  {
    "review": "그때가 그립다...",
    "date": "08.05.30",
    "rating": "10",
    "author": "kitk****",
    "review_id": "2671378",
    "movie_id": "41456"
  },
  {
    "review": "유리 ... 순정만화 속 여주인공 같은 비교될 수 없는 청초함과 순수함은",
    "date": "08.03.23",
    "rating": "10",
    "author": "atim****",
    "review_id": "2536318",
    "movie_id": "41456"
  },
  {
    "review": "맑고 투명한 너의 그눈을...",
    "date": "07.10.09",
    "rating": "10",
    "author": "wh32****",
    "review_id": "2080031",
    "movie_id": "41456"
  },
  {
    "review": "우희진다시 프랑스로 떠날때 3형제의 표정들을 아직도 잋을수 없다",
    "date": "07.10.05",
    "rating": "10",
    "author": "kkkj****",
    "review_id": "2073284",
    "movie_id": "41456"
  },
  {
    "review": "감각적이고 상큼함이 돋보였던 청춘물..우희진씨 그립구나..",
    "date": "07.06.30",
    "rating": "9",
    "author": "skat****",
    "review_id": "1733939",
    "movie_id": "41456"
  },
  {
    "review": "케이블 처음 나왔을때 줄기차게 해줬던 드라마",
    "date": "07.05.11",
    "rating": "10",
    "author": "penn****",
    "review_id": "1632636",
    "movie_id": "41456"
  },
  {
    "review": "지금봐도 좋네요",
    "date": "07.01.27",
    "rating": "7",
    "author": "zeed****",
    "review_id": "1417734",
    "movie_id": "41456"
  },
  {
    "review": "내 한국드라마중 best3. 손지창,청춘,젊음,영상미,아름다운 음악",
    "date": "06.11.09",
    "rating": "10",
    "author": "habr****",
    "review_id": "1223762",
    "movie_id": "41456"
  },
  {
    "review": "3형제 이야기가 쏠쏠했지",
    "date": "06.08.14",
    "rating": "10",
    "author": "bajj****",
    "review_id": "1031306",
    "movie_id": "41456"
  },
  {
    "review": "주제가가 좋았어",
    "date": "05.12.26",
    "rating": "8",
    "author": "kws7****",
    "review_id": "529807",
    "movie_id": "41456"
  }
]