[
  {
    "review": "투사부일체까진 나름 재밋엇다",
    "date": "15.08.18",
    "rating": "10",
    "author": "xp11****",
    "review_id": "10248750",
    "movie_id": "41450"
  },
  {
    "review": "말도안된다 이 평점은 진짜",
    "date": "15.08.17",
    "rating": "10",
    "author": "hifa****",
    "review_id": "10244741",
    "movie_id": "41450"
  },
  {
    "review": "정말 재밌게 본 영화~ 입니다 ㅋㅋㅋ",
    "date": "15.08.17",
    "rating": "10",
    "author": "prob****",
    "review_id": "10243816",
    "movie_id": "41450"
  },
  {
    "review": "평점테러범들 나와라 좀 맞자 ..이거 완전 꿀잼인데 왜이래 이거",
    "date": "15.08.15",
    "rating": "10",
    "author": "yyjj****",
    "review_id": "10232945",
    "movie_id": "41450"
  },
  {
    "review": "간만에봤는데 재밌네 ㅋ",
    "date": "15.08.11",
    "rating": "10",
    "author": "ktw1****",
    "review_id": "10215230",
    "movie_id": "41450"
  },
  {
    "review": "헐 왜이리 낮냐 개잼게 봤는데 재방송하면 봤는데도 가끔 또 볼 때 있을 정돈디...",
    "date": "15.08.09",
    "rating": "10",
    "author": "impl****",
    "review_id": "10206160",
    "movie_id": "41450"
  },
  {
    "review": "왜이래 평점이낮냐? 진짜 정말재밌는데 몇번이고 다시봐도 재밌는데 알바써서 평점 내렸네 딱보니까",
    "date": "15.07.25",
    "rating": "10",
    "author": "go40****",
    "review_id": "10141474",
    "movie_id": "41450"
  },
  {
    "review": "어렸을때봤을때 재밌게본것같아요 마지막이 제일 기억에남네요 ㅎㅎ",
    "date": "15.07.22",
    "rating": "10",
    "author": "leb1****",
    "review_id": "10130977",
    "movie_id": "41450"
  },
  {
    "review": "난 재미있었다....",
    "date": "15.07.22",
    "rating": "10",
    "author": "park****",
    "review_id": "10130847",
    "movie_id": "41450"
  },
  {
    "review": "내 고딩때 나온 영화인데나름 교권하락과 학교 내의 각종문제 등 애들 어른 등의 현실 문제를 반영하면서 코믹요소는 엄청많은 잼있는 영화 같은데...",
    "date": "15.07.17",
    "rating": "9",
    "author": "fgmh****",
    "review_id": "10113091",
    "movie_id": "41450"
  },
  {
    "review": "종합 평점은 4점 드립니다.",
    "date": "15.07.15",
    "rating": "4",
    "author": "terr****",
    "review_id": "10105339",
    "movie_id": "41450"
  },
  {
    "review": "최소한 명작에다 만큼은 제발 평점 테러 같은 무뇌 짓 좀 하지 맙시다.",
    "date": "15.07.04",
    "rating": "10",
    "author": "koxd****",
    "review_id": "10069562",
    "movie_id": "41450"
  },
  {
    "review": "평점이 너무 낮네여  꽤 웃기고 마지막엔 나름 감동도 있음",
    "date": "15.07.01",
    "rating": "8",
    "author": "kdym****",
    "review_id": "10057979",
    "movie_id": "41450"
  },
  {
    "review": "이정도면잘만든거같은데",
    "date": "15.06.28",
    "rating": "10",
    "author": "anf4****",
    "review_id": "10046192",
    "movie_id": "41450"
  },
  {
    "review": "완전 굿이죠 이영화는 레전드입니다.",
    "date": "15.06.27",
    "rating": "10",
    "author": "jm_a****",
    "review_id": "10041020",
    "movie_id": "41450"
  },
  {
    "review": "[ 스토리 5, 비주얼 5, 연출 5, 연기 6 ]　초반 설정은 흥미로우나 이내 사라지고, 전편에 비해 코미디는 약해지고 자극적임.",
    "date": "15.06.24",
    "rating": "5",
    "author": "eyeb****",
    "review_id": "10026506",
    "movie_id": "41450"
  },
  {
    "review": "난진짜재밋던데ㅜㅜ왜이렇지",
    "date": "15.06.24",
    "rating": "10",
    "author": "poa8****",
    "review_id": "10025450",
    "movie_id": "41450"
  },
  {
    "review": "정말 별로임, 흥미는 있으나 막장임.주인공이 장례식장에 있는걸 어떻게 알고 찾아온거며두목이 오토바이 타고 도우러 혼자 오고 나서 부하들이 천천히 걸어오질 않나여기까진 좋아아니 학생들이 여길 왜 빗자루들고 싸우러 오냐고 여길왜 ㅋㅋㅋㅋ",
    "date": "15.06.22",
    "rating": "1",
    "author": "ssh1****",
    "review_id": "10020521",
    "movie_id": "41450"
  },
  {
    "review": "봐도봐도안질림ㅋㅋㅋ",
    "date": "15.06.21",
    "rating": "10",
    "author": "jo75****",
    "review_id": "10017557",
    "movie_id": "41450"
  },
  {
    "review": "결말 각본 짠 새끼 죽이고싶다",
    "date": "15.06.13",
    "rating": "1",
    "author": "jeau****",
    "review_id": "9996835",
    "movie_id": "41450"
  },
  {
    "review": "한효주갓.. 존나예쁘내",
    "date": "15.06.09",
    "rating": "10",
    "author": "wnst****",
    "review_id": "9986066",
    "movie_id": "41450"
  },
  {
    "review": "왤케 낮아?;;    이유가 뭐지 ㅋ",
    "date": "15.05.30",
    "rating": "10",
    "author": "cls9****",
    "review_id": "9962033",
    "movie_id": "41450"
  },
  {
    "review": "재밌게 본거같은데 평점 왜이럼? 평점 테러 당했나;;",
    "date": "15.05.17",
    "rating": "10",
    "author": "lchw****",
    "review_id": "9925272",
    "movie_id": "41450"
  },
  {
    "review": "완전재밌게봄 평점왜이래",
    "date": "15.05.09",
    "rating": "10",
    "author": "hama****",
    "review_id": "9907004",
    "movie_id": "41450"
  },
  {
    "review": "진짜잼는데.. 코미디 영화면서도 마지막장면이 정말 슬프고 감동적이고 멋잇네여 ㅋㅋㅋ  1.2 초등학생때본걸 아직도 다시보기하늠중 ㅎㅎ",
    "date": "15.05.09",
    "rating": "10",
    "author": "alsl****",
    "review_id": "9907001",
    "movie_id": "41450"
  },
  {
    "review": "정말 충남 깡패의 서울 상경 진짜 배우들 연기 짱이다 경북의 행동대장 쓰고 브레인은 충청도 아인데 겁나들 웃기지 어리버리함이 ㅋㅋ",
    "date": "15.04.03",
    "rating": "10",
    "author": "just****",
    "review_id": "9823709",
    "movie_id": "41450"
  },
  {
    "review": "평점이낮아서 좀올려줍니다 이렇게 재미없는영화아닌데",
    "date": "15.03.29",
    "rating": "10",
    "author": "bhn4****",
    "review_id": "9813193",
    "movie_id": "41450"
  },
  {
    "review": "인생영화다...♡ㅎ",
    "date": "15.03.28",
    "rating": "10",
    "author": "ghkq****",
    "review_id": "9810735",
    "movie_id": "41450"
  },
  {
    "review": "도대체 왜 평점이 저렇게 그지같은지 충분히 감동스럽고 코믹하고 재미없다 할 요소도없는데",
    "date": "15.03.26",
    "rating": "10",
    "author": "kas1****",
    "review_id": "9807844",
    "movie_id": "41450"
  },
  {
    "review": "평점 말도안되네 무슨5점이야ㅡㅡ",
    "date": "15.03.26",
    "rating": "10",
    "author": "ooop****",
    "review_id": "9807811",
    "movie_id": "41450"
  },
  {
    "review": "평점 보고 안보려고 했는데 막상보니까 꿀잼 평점 왜이럼?",
    "date": "15.03.22",
    "rating": "8",
    "author": "ssol****",
    "review_id": "9800759",
    "movie_id": "41450"
  },
  {
    "review": "굿 역시 재밋고 감동적이면서도 좋습니다",
    "date": "15.03.21",
    "rating": "10",
    "author": "wjdt****",
    "review_id": "9796128",
    "movie_id": "41450"
  },
  {
    "review": "평점복구해야겟다 적어도 7.5이상은 될거같은데",
    "date": "15.03.12",
    "rating": "10",
    "author": "deep****",
    "review_id": "9775004",
    "movie_id": "41450"
  },
  {
    "review": "재밌다 일단 그냥 봐라 이시리즈 자체가 다 웃김",
    "date": "15.03.07",
    "rating": "10",
    "author": "dian****",
    "review_id": "9763074",
    "movie_id": "41450"
  },
  {
    "review": "평점의 상태가?지금보면 유치뽕짝이지만 유치하면 어떠한가재밌으면 그만이지",
    "date": "15.03.04",
    "rating": "10",
    "author": "asd0****",
    "review_id": "9755392",
    "movie_id": "41450"
  },
  {
    "review": "재밌음퍼니퍼니퍼니퍼니퍼니퍼니",
    "date": "15.03.04",
    "rating": "10",
    "author": "gods****",
    "review_id": "9755347",
    "movie_id": "41450"
  },
  {
    "review": "평점왜이러냐 난디게재밌게봤는데 이시리즈다재밌음",
    "date": "15.03.01",
    "rating": "10",
    "author": "soo1****",
    "review_id": "9748658",
    "movie_id": "41450"
  },
  {
    "review": "꿀잼입니다 꼭 보세요 추천합니다",
    "date": "15.02.24",
    "rating": "10",
    "author": "rotc****",
    "review_id": "9734895",
    "movie_id": "41450"
  },
  {
    "review": "이건.최소 평점.8점이상이다...  조작인듯",
    "date": "15.02.22",
    "rating": "10",
    "author": "love****",
    "review_id": "9729112",
    "movie_id": "41450"
  },
  {
    "review": "재밋엇구만 9년이나됫다니",
    "date": "15.02.22",
    "rating": "10",
    "author": "wjdd****",
    "review_id": "9728964",
    "movie_id": "41450"
  },
  {
    "review": "평점너무낮은거같은데....?",
    "date": "15.02.22",
    "rating": "9",
    "author": "seyu****",
    "review_id": "9728335",
    "movie_id": "41450"
  },
  {
    "review": "전작은 그나마 학교비리의 현실을 파헤치던 신념은 있었는데...",
    "date": "15.02.22",
    "rating": "3",
    "author": "rcan****",
    "review_id": "9726145",
    "movie_id": "41450"
  },
  {
    "review": "그렇게 막 재밌진 않았는데 시간때우기로 적당한듯",
    "date": "15.02.20",
    "rating": "7",
    "author": "qwe0****",
    "review_id": "9717128",
    "movie_id": "41450"
  },
  {
    "review": "멈추지 않고 계속터지는 개그 평점매기는 놈들은 욕 많이 한다고 점수조금 주네 ㅁㅊ",
    "date": "15.02.11",
    "rating": "10",
    "author": "hats****",
    "review_id": "9686568",
    "movie_id": "41450"
  },
  {
    "review": "이거 이렇게 평점이 낮나요 저는 어릴때나 지금이나 재밌게 봤고 보는데 .. ㅋㅋㅋ많이 무겁지도 않고 현실을 잘깠는데.. 아쉽네요 평점이 ^^;",
    "date": "15.02.10",
    "rating": "10",
    "author": "thgu****",
    "review_id": "9684134",
    "movie_id": "41450"
  },
  {
    "review": "평점 믿지마라, 저 영화는 당시에도 내가 진짜 재미있게 본 영화였고, 그당시 역대 흥행 1위안에 들었던 영화였다, 평점 낮은순으로 보면 다 2014년도이고, 그 당시로는 굉장이 잘만들었던 영화니까 평점 막쓰지마",
    "date": "15.02.10",
    "rating": "10",
    "author": "qudt****",
    "review_id": "9683481",
    "movie_id": "41450"
  },
  {
    "review": "재밌었다.. 망할 놈의 글자수 제한",
    "date": "15.02.01",
    "rating": "10",
    "author": "use_****",
    "review_id": "9656329",
    "movie_id": "41450"
  },
  {
    "review": "너무나 평가절하된 평점, 당시에 박장대소하며 봤던 기억이 난다..",
    "date": "15.01.28",
    "rating": "9",
    "author": "motu****",
    "review_id": "9646606",
    "movie_id": "41450"
  },
  {
    "review": "평점이  왜이리 낮지...",
    "date": "15.01.26",
    "rating": "10",
    "author": "sqs8****",
    "review_id": "9639495",
    "movie_id": "41450"
  },
  {
    "review": "재미는만점이고 1탄보단 극적요소는 많이 부족",
    "date": "15.01.26",
    "rating": "10",
    "author": "jind****",
    "review_id": "9637795",
    "movie_id": "41450"
  },
  {
    "review": "원래 이런영화는 내용 하나하나 따져가며 보는영화가 아니다... 뭐 구성은 두사부일체랑 거의 비슷하지만 당시 어려서 그랬나? 하여튼 지금 케이블에서 봐도 재밌는장면 많은데... 특히 하하가 김상중괴롭히는거 개꿀잼 ㅋㅋㅋ 평점이 너무낮길래 10점줌",
    "date": "15.01.18",
    "rating": "10",
    "author": "kimt****",
    "review_id": "9607813",
    "movie_id": "41450"
  },
  {
    "review": "옛날에 재미있게봤었던영화",
    "date": "15.01.18",
    "rating": "10",
    "author": "s308****",
    "review_id": "9607469",
    "movie_id": "41450"
  },
  {
    "review": "걍 좋다 진심 개좋음 눈물남",
    "date": "15.01.16",
    "rating": "10",
    "author": "mood****",
    "review_id": "9602832",
    "movie_id": "41450"
  },
  {
    "review": "평점 왜이래 그땐 졸잼이였는데?",
    "date": "15.01.16",
    "rating": "10",
    "author": "syc2****",
    "review_id": "9602175",
    "movie_id": "41450"
  },
  {
    "review": "저 당시에 영화얼마나 잘만든건데ㅋㅋㅋㅋ뭘더바래 전문가납셧내..  진짜 보고 또 봐도 재밋다",
    "date": "15.01.16",
    "rating": "10",
    "author": "zxcd****",
    "review_id": "9600149",
    "movie_id": "41450"
  },
  {
    "review": "재밌게봤는데 평점이너무낮음",
    "date": "15.01.14",
    "rating": "10",
    "author": "hann****",
    "review_id": "9592691",
    "movie_id": "41450"
  },
  {
    "review": "평점 왜 이래?? 재밌던데??",
    "date": "15.01.01",
    "rating": "10",
    "author": "dudr****",
    "review_id": "9545777",
    "movie_id": "41450"
  },
  {
    "review": "눈물나게 웃었다 ㅋㅋㅋㅋ",
    "date": "14.12.27",
    "rating": "10",
    "author": "doem****",
    "review_id": "9524930",
    "movie_id": "41450"
  },
  {
    "review": "지금 케이블로 보고있는데 진짜 영화 어휴..",
    "date": "14.12.14",
    "rating": "1",
    "author": "woor****",
    "review_id": "9474820",
    "movie_id": "41450"
  },
  {
    "review": "되도 않는 썩은 개그 메들리에 극단적 전개의 무리수까지",
    "date": "14.12.09",
    "rating": "1",
    "author": "goms****",
    "review_id": "9460196",
    "movie_id": "41450"
  },
  {
    "review": "다시봐도 재밌는 영화 !!!",
    "date": "14.12.08",
    "rating": "10",
    "author": "qorw****",
    "review_id": "9457998",
    "movie_id": "41450"
  },
  {
    "review": "왜이래 평점낮아 진짜재밌는데",
    "date": "14.12.08",
    "rating": "10",
    "author": "fufa****",
    "review_id": "9457961",
    "movie_id": "41450"
  },
  {
    "review": "오랜만에봤는데 다시봐도 재미있고 완전웃김 ㅋㅋㅋㅋ",
    "date": "14.11.21",
    "rating": "10",
    "author": "gusw****",
    "review_id": "9405800",
    "movie_id": "41450"
  },
  {
    "review": "우러러볼수록 낮아만 지네.",
    "date": "14.11.11",
    "rating": "2",
    "author": "gray****",
    "review_id": "9372142",
    "movie_id": "41450"
  },
  {
    "review": "이거 재밌었는데...",
    "date": "14.10.21",
    "rating": "10",
    "author": "gks6****",
    "review_id": "9306720",
    "movie_id": "41450"
  },
  {
    "review": "대박~~꿀잼~~이지 ㅋㅋ",
    "date": "14.10.17",
    "rating": "10",
    "author": "mdh0****",
    "review_id": "9298360",
    "movie_id": "41450"
  },
  {
    "review": "장면들이 휙휙바뀌니깐 정신사납다",
    "date": "14.10.14",
    "rating": "5",
    "author": "usap****",
    "review_id": "9292250",
    "movie_id": "41450"
  },
  {
    "review": "이런비슷한영화 찾아보고싶어잔다",
    "date": "14.10.12",
    "rating": "10",
    "author": "rbdb****",
    "review_id": "9285805",
    "movie_id": "41450"
  },
  {
    "review": "???? 머냐 이거? 평점 조온나 낮네 ㅡㅡ 완전 잼있게 봣는데. 개인적으로 제일 납득 안되는 영화 평점이다.",
    "date": "14.09.29",
    "rating": "10",
    "author": "wjru****",
    "review_id": "9248329",
    "movie_id": "41450"
  },
  {
    "review": "재밋기만한데평점 이말도안되네",
    "date": "14.09.26",
    "rating": "10",
    "author": "heed****",
    "review_id": "9241790",
    "movie_id": "41450"
  },
  {
    "review": "평점이 개판이네.... 말도안된다 진짜 내가 극장에서 봤을때 사람들 재미있어하고 끝날때도 수근 거리면서 \" 재미있다 \" 했는데 이게 왜 5점 대인가 ...",
    "date": "14.09.16",
    "rating": "10",
    "author": "show****",
    "review_id": "9219849",
    "movie_id": "41450"
  },
  {
    "review": "1은 재밌었는데 이건 넘재미없었다",
    "date": "14.09.16",
    "rating": "1",
    "author": "wjaw****",
    "review_id": "9218384",
    "movie_id": "41450"
  },
  {
    "review": "7점에서 8점사이가 적당한데 1점들 작업했네..밸런스좀 맞추기위해 10점",
    "date": "14.09.12",
    "rating": "10",
    "author": "kuht****",
    "review_id": "9206579",
    "movie_id": "41450"
  },
  {
    "review": "평점 1 32퍼 평점 10 32퍼 평점 1 뭐냐 그렇게 호불호 갈릴 영화였나",
    "date": "14.09.11",
    "rating": "10",
    "author": "code****",
    "review_id": "9205136",
    "movie_id": "41450"
  },
  {
    "review": "9년전초딩때부터 진짜 재밋게봣는데 평점이 왜 이따구지...",
    "date": "14.09.04",
    "rating": "10",
    "author": "oppa****",
    "review_id": "9164039",
    "movie_id": "41450"
  },
  {
    "review": "아 ㅅㅂ,, 1편은  한국영화중 그나마 괜찮았는데,,  이거는 머냐?시트콤이랑 차이점이 머고???",
    "date": "14.09.03",
    "rating": "2",
    "author": "fghy****",
    "review_id": "9156807",
    "movie_id": "41450"
  },
  {
    "review": "10번넘게본듯 봐도봐도 재밌음 한번본영화는절대안보는데 이건 졸잼 질리지도않음지금tv에서하길래 네이버에쳤는데 평점왜이러지",
    "date": "14.09.03",
    "rating": "10",
    "author": "alal****",
    "review_id": "9156691",
    "movie_id": "41450"
  },
  {
    "review": "완전재미잇게봣는데 명량보다낳음",
    "date": "14.09.02",
    "rating": "10",
    "author": "unnn****",
    "review_id": "9156261",
    "movie_id": "41450"
  },
  {
    "review": "솔직히 5점대는 아니다.객관적으로 7점은된다고봄",
    "date": "14.09.01",
    "rating": "7",
    "author": "yaku****",
    "review_id": "9152993",
    "movie_id": "41450"
  },
  {
    "review": "난 이거 예전에 재미있게 봣는대 ....평점뭐냐?보지도않고 평점한거 아니냐?",
    "date": "14.08.31",
    "rating": "10",
    "author": "hijk****",
    "review_id": "9148857",
    "movie_id": "41450"
  },
  {
    "review": "엄청재밌었는데당시에. .",
    "date": "14.08.23",
    "rating": "10",
    "author": "suns****",
    "review_id": "9124722",
    "movie_id": "41450"
  },
  {
    "review": "몇 년만에 보는 영화!!다시봐도 재미있다",
    "date": "14.08.19",
    "rating": "10",
    "author": "khe5****",
    "review_id": "9109717",
    "movie_id": "41450"
  },
  {
    "review": "정말 재밌게 봣었었음 ㅎ",
    "date": "14.08.17",
    "rating": "10",
    "author": "tlad****",
    "review_id": "9099451",
    "movie_id": "41450"
  },
  {
    "review": "왜케 평점이 낮은거죠?",
    "date": "14.08.05",
    "rating": "8",
    "author": "kime****",
    "review_id": "9029566",
    "movie_id": "41450"
  },
  {
    "review": "재밌었던거같긴하다ㅎㅎㅎ1을 워낙 배껴서 똑같은거 보는 느낌이 들어서 그렇지ㅠ역시 속편영화중에서 원편영화따라갈 작품없는 듯ㅎ",
    "date": "14.08.01",
    "rating": "6",
    "author": "song****",
    "review_id": "9003168",
    "movie_id": "41450"
  },
  {
    "review": "난 재밌었는데.. 마지막에 감동도있고",
    "date": "14.07.29",
    "rating": "8",
    "author": "real****",
    "review_id": "8976974",
    "movie_id": "41450"
  },
  {
    "review": "포스 넘치던 김상중씨가 이렇게 망가지고 찌질한 연기를 했다는게 신선한 충격이었고 그만큼 너무 재밌었다",
    "date": "14.07.11",
    "rating": "10",
    "author": "limj****",
    "review_id": "8903659",
    "movie_id": "41450"
  },
  {
    "review": "감동이였다 재밌지만 한편의 감동도있었다",
    "date": "14.06.29",
    "rating": "10",
    "author": "ghdc****",
    "review_id": "8868679",
    "movie_id": "41450"
  },
  {
    "review": "적당히도 볼 수는 없다. 너무 욕이 많이 나와",
    "date": "14.06.13",
    "rating": "3",
    "author": "ngup****",
    "review_id": "8825112",
    "movie_id": "41450"
  },
  {
    "review": "오랫만에봐도  또재밋네",
    "date": "14.06.09",
    "rating": "10",
    "author": "dhwn****",
    "review_id": "8817258",
    "movie_id": "41450"
  },
  {
    "review": "당시엔 깨알 잼이었음 그리고 가장 의미있는 건한효주라는 배우의 발견",
    "date": "14.06.08",
    "rating": "8",
    "author": "scv0****",
    "review_id": "8814507",
    "movie_id": "41450"
  },
  {
    "review": "진짜잼있게봤는데왜평점이 5점대인지 이해가안가네;;;영화를볼줄모르는 초딩들이 평가한건가ㅋㅋㅋ",
    "date": "14.06.07",
    "rating": "10",
    "author": "love****",
    "review_id": "8808663",
    "movie_id": "41450"
  },
  {
    "review": "완전짱짱짱재미잇어요",
    "date": "14.06.02",
    "rating": "10",
    "author": "aass****",
    "review_id": "8788774",
    "movie_id": "41450"
  },
  {
    "review": "솔직히 재미없긴한데 6~7점 사이가 어울리는듯 너무 낮은거 같아서 10점 ㅋㅋ",
    "date": "14.05.31",
    "rating": "10",
    "author": "kalb****",
    "review_id": "8779279",
    "movie_id": "41450"
  },
  {
    "review": "마무리가 좀 그렇지만 5점대는 절대아니다!",
    "date": "14.04.09",
    "rating": "7",
    "author": "sang****",
    "review_id": "8638345",
    "movie_id": "41450"
  },
  {
    "review": "재밌기만 한대 .. 코믹이 재밌긴 하지 ㅎ",
    "date": "14.03.27",
    "rating": "10",
    "author": "sdib****",
    "review_id": "8611348",
    "movie_id": "41450"
  },
  {
    "review": "쓰레기 연기들의 향연과 그냥 전편의 흥행 믿고 만든 개졸작.",
    "date": "14.03.25",
    "rating": "1",
    "author": "jjaj****",
    "review_id": "8605183",
    "movie_id": "41450"
  },
  {
    "review": "내 생애 최악의 영화..",
    "date": "14.03.17",
    "rating": "1",
    "author": "viap****",
    "review_id": "8585041",
    "movie_id": "41450"
  },
  {
    "review": "지금보니까 이 영호 상당히 엉망이네",
    "date": "14.03.11",
    "rating": "5",
    "author": "qkqh****",
    "review_id": "8568985",
    "movie_id": "41450"
  },
  {
    "review": "비록단역이지만 한효주가 찍은영화라고해서 봤는데게 재밌음  이거보니까 알게된 사실투사부일체가 두사부일체시리즈중  두번째라는거두사부일체랑상사부일체 둘다 조만간에 봐야겠음",
    "date": "14.02.22",
    "rating": "10",
    "author": "qkqk****",
    "review_id": "8529722",
    "movie_id": "41450"
  }
]