[
  {
    "review": "간절한 것이 없던 아이. 시시껄렁한 동네 양아치. 그 불량함의 이면에 대한 이해/ 뉴스에 한줄로 처리될 이야기를 '개별자'로 들여다보는 다르덴의 마음씨 / 커피를 마시다 울먹이던 아이들, 그 눈물이 참회였을까, 절망과 두려움이었을까 @TB",
    "date": "15.05.15",
    "rating": "9",
    "author": "mida****",
    "review_id": "9918870",
    "movie_id": "41554"
  },
  {
    "review": "아이처럼 철 없고 위태위태한 그들, 하지만 모든 것을 감수하고 어른이 되는 그 순간은 눈물과 함께 찾아온다",
    "date": "15.02.18",
    "rating": "10",
    "author": "sanh****",
    "review_id": "9707753",
    "movie_id": "41554"
  },
  {
    "review": "사람은 누구나 삶을 살아가며 선택을 하게  된다. 무엇을 선택하던 간에 그 선택의 결과는 받아들여야한다. 그런데 영화 속 아직 child인 두 주인공에게 삶은 고달프고 힘들다.",
    "date": "15.01.27",
    "rating": "8",
    "author": "sall****",
    "review_id": "9643588",
    "movie_id": "41554"
  },
  {
    "review": "도저히 철들지 않을 것 같았던 어른아이의 최소한의 인간적 양심에서 실낱같은  희망을 보다.",
    "date": "15.01.27",
    "rating": "8",
    "author": "etp8****",
    "review_id": "9642295",
    "movie_id": "41554"
  },
  {
    "review": "다르덴 형제 영화 중 가장 엽기적 소재. 어떻게 아기를 팔 생각을 하나...",
    "date": "14.09.26",
    "rating": "6",
    "author": "ykdi****",
    "review_id": "9242778",
    "movie_id": "41554"
  },
  {
    "review": "하류인생의 뼈속 깊은 슬픔.",
    "date": "14.09.24",
    "rating": "10",
    "author": "mool****",
    "review_id": "9237875",
    "movie_id": "41554"
  },
  {
    "review": "끝이 보이지 않는 터널을 통과하는 듯.... 그래도 마지막 장면에서 희망을 봤다. 다르덴 형제 영화 너무 좋다.",
    "date": "14.06.29",
    "rating": "8",
    "author": "ddal****",
    "review_id": "8866312",
    "movie_id": "41554"
  },
  {
    "review": "아이와 같이 성장하는 부모",
    "date": "14.02.15",
    "rating": "9",
    "author": "tumb****",
    "review_id": "8509627",
    "movie_id": "41554"
  },
  {
    "review": "다르덴의 조금은 식상한 어른과 아이의 인과응보의 윤리학. 언제나 생각할 겨를이 없는 정신이 없이 바쁜 이 쓸쓸한 생.",
    "date": "13.12.29",
    "rating": "7",
    "author": "phil****",
    "review_id": "8319047",
    "movie_id": "41554"
  },
  {
    "review": "아이를 매개로 성장하는 어른아이들",
    "date": "13.12.22",
    "rating": "9",
    "author": "kth3****",
    "review_id": "8270915",
    "movie_id": "41554"
  },
  {
    "review": "끊임없이 사고 팔다가 사지말아야할것과 팔지 말아야할것에 손을 대고말았다. 다커서 어른이 되지 못한 이유는 무엇일까",
    "date": "13.08.29",
    "rating": "8",
    "author": "korn****",
    "review_id": "7932674",
    "movie_id": "41554"
  },
  {
    "review": "`미숙`이 `성숙`으로 넘어가는 즈음.",
    "date": "13.08.06",
    "rating": "9",
    "author": "it44****",
    "review_id": "7850021",
    "movie_id": "41554"
  },
  {
    "review": "보면 볼수록 빠져드는 다르덴 영화의 매력.  볼매필름?  프로메제의 소년... 결국 이렇게밖에 자랄  수 없는 건가?",
    "date": "13.05.30",
    "rating": "10",
    "author": "desc****",
    "review_id": "7562843",
    "movie_id": "41554"
  },
  {
    "review": "인간의 부조리를 드러낸 작품.",
    "date": "13.03.23",
    "rating": "9",
    "author": "dlwo****",
    "review_id": "7397583",
    "movie_id": "41554"
  },
  {
    "review": "잔잔하다",
    "date": "13.03.05",
    "rating": "8",
    "author": "tjsa****",
    "review_id": "7325559",
    "movie_id": "41554"
  },
  {
    "review": "이런 영화가 좋더라.",
    "date": "12.11.05",
    "rating": "9",
    "author": "01aj****",
    "review_id": "6859123",
    "movie_id": "41554"
  },
  {
    "review": "여자의 손은 남자의 구원",
    "date": "12.08.20",
    "rating": "10",
    "author": "towa****",
    "review_id": "6630557",
    "movie_id": "41554"
  },
  {
    "review": "재밌게 봤음",
    "date": "12.08.06",
    "rating": "9",
    "author": "chee****",
    "review_id": "6575840",
    "movie_id": "41554"
  },
  {
    "review": "돈에 대한 집착과 어리석음. 모든 걸 돈으로 환산하고 바꾸려는 상황에서 생긴 어처구니 없는 스토리. 그 여자는 무슨 생각으로 감옥에 있는 남자를 찾아간 것일까? 그를용서해보려고 시도하는 걸까?",
    "date": "12.07.27",
    "rating": "9",
    "author": "scnd****",
    "review_id": "6540009",
    "movie_id": "41554"
  },
  {
    "review": "딱 다르덴 형제에 걸맞는 영화",
    "date": "12.05.17",
    "rating": "8",
    "author": "figh****",
    "review_id": "6306423",
    "movie_id": "41554"
  },
  {
    "review": "소재는 마음에 드는데, 전작인 아들에 견주면 큰 울림은 없다",
    "date": "11.11.29",
    "rating": "7",
    "author": "yeo_****",
    "review_id": "5877464",
    "movie_id": "41554"
  },
  {
    "review": "마지막 구원에서 영화의 참 맛을 느낄 수 있었다.",
    "date": "11.07.12",
    "rating": "10",
    "author": "klei****",
    "review_id": "5536953",
    "movie_id": "41554"
  },
  {
    "review": "성장통의 고독함에 대한 영화. 다르덴 형제의 카메라에선 거장의 내공이 느껴진다",
    "date": "11.05.16",
    "rating": "8",
    "author": "kim9****",
    "review_id": "5431451",
    "movie_id": "41554"
  },
  {
    "review": "우린 어쩔 수 없다",
    "date": "11.05.04",
    "rating": "10",
    "author": "pizi****",
    "review_id": "5405639",
    "movie_id": "41554"
  },
  {
    "review": "난 왜 아무 느낌이 안들까? 그냥 멍",
    "date": "11.04.10",
    "rating": "6",
    "author": "hans****",
    "review_id": "5366317",
    "movie_id": "41554"
  },
  {
    "review": "솔직히 연민보단 분노가 치밀었다. 경험해봐야만 옳고그름이 구별되는건가?",
    "date": "11.03.17",
    "rating": "6",
    "author": "ejia****",
    "review_id": "5318012",
    "movie_id": "41554"
  },
  {
    "review": "누구에게나 추천해줄 수 있는 영화.",
    "date": "11.02.07",
    "rating": "10",
    "author": "msrw****",
    "review_id": "5224596",
    "movie_id": "41554"
  },
  {
    "review": "위로를 해준다. 가슴이 따뜻해졌다.",
    "date": "11.01.11",
    "rating": "10",
    "author": "fami****",
    "review_id": "5149204",
    "movie_id": "41554"
  },
  {
    "review": "좋은 연기와 주제.. 맘에든다..",
    "date": "10.10.21",
    "rating": "8",
    "author": "mymo****",
    "review_id": "4913717",
    "movie_id": "41554"
  },
  {
    "review": "다르덴아저씨들 완전좋아요",
    "date": "10.09.23",
    "rating": "10",
    "author": "joey****",
    "review_id": "4862230",
    "movie_id": "41554"
  },
  {
    "review": "책임이라는 것, 다르덴형제의 아프지만 따뜻한 시선.",
    "date": "10.05.27",
    "rating": "6",
    "author": "floa****",
    "review_id": "4527270",
    "movie_id": "41554"
  },
  {
    "review": "어른이 된다는 것...",
    "date": "10.05.23",
    "rating": "8",
    "author": "mcps****",
    "review_id": "4517853",
    "movie_id": "41554"
  },
  {
    "review": "진심으로 정말 많이 울었다",
    "date": "10.02.24",
    "rating": "8",
    "author": "hmhd****",
    "review_id": "4314659",
    "movie_id": "41554"
  },
  {
    "review": "다르덴 형제의 영화는 소리없이 시작해 소리없이 막을 내린다..",
    "date": "10.01.02",
    "rating": "10",
    "author": "rlfd****",
    "review_id": "4122309",
    "movie_id": "41554"
  },
  {
    "review": "영화가 끝나고 집시킹이, 영화에 음악이 없네?라고 했던 것만 생각나노 왜!",
    "date": "09.10.18",
    "rating": "7",
    "author": "1una****",
    "review_id": "3899842",
    "movie_id": "41554"
  },
  {
    "review": "영화다운 영화. 윤리적인 시선이 느껴진다.",
    "date": "09.10.16",
    "rating": "9",
    "author": "wldk****",
    "review_id": "3895924",
    "movie_id": "41554"
  },
  {
    "review": "걷고 또 걷는 다르덴 영화",
    "date": "09.10.12",
    "rating": "8",
    "author": "movi****",
    "review_id": "3887962",
    "movie_id": "41554"
  },
  {
    "review": "Normal.",
    "date": "09.08.31",
    "rating": "7",
    "author": "nost****",
    "review_id": "3800902",
    "movie_id": "41554"
  },
  {
    "review": "철없는 '차일드' 브뤼노의 어른 되기",
    "date": "09.08.27",
    "rating": "10",
    "author": "m2mk****",
    "review_id": "3791145",
    "movie_id": "41554"
  },
  {
    "review": "누가 자식마저 매매를 하는가?사회의 버림받은 하류인생의 뼈속깊은 슬픔",
    "date": "09.07.13",
    "rating": "9",
    "author": "ador****",
    "review_id": "3630120",
    "movie_id": "41554"
  },
  {
    "review": "파국으로 치닫아도 저지를수밖에 없는 현실",
    "date": "09.06.28",
    "rating": "10",
    "author": "gg10****",
    "review_id": "3597915",
    "movie_id": "41554"
  },
  {
    "review": "하루하루 참 힘드네",
    "date": "09.06.19",
    "rating": "6",
    "author": "bbq2****",
    "review_id": "3574627",
    "movie_id": "41554"
  },
  {
    "review": "애기아빠가 된 한남자의 성장이 사실적이면서도 약간의 감동이 있다",
    "date": "09.06.16",
    "rating": "8",
    "author": "0102****",
    "review_id": "3570563",
    "movie_id": "41554"
  },
  {
    "review": "브루노의 어깨에 손을 올려주고 싶다. 니 탓만은 아닐꺼라고.",
    "date": "09.05.28",
    "rating": "9",
    "author": "yaaa****",
    "review_id": "3526369",
    "movie_id": "41554"
  },
  {
    "review": "애들이 참 뽀송뽀송하다.",
    "date": "09.03.01",
    "rating": "9",
    "author": "5292****",
    "review_id": "3341753",
    "movie_id": "41554"
  },
  {
    "review": "여자말 잘 들었어야지..",
    "date": "09.02.25",
    "rating": "7",
    "author": "kkon****",
    "review_id": "3332161",
    "movie_id": "41554"
  },
  {
    "review": "전작들과 동일한 전략.. 여전히 감동적이지만 조금 매너리즘의 느낌도..",
    "date": "08.12.14",
    "rating": "8",
    "author": "moon****",
    "review_id": "3117441",
    "movie_id": "41554"
  },
  {
    "review": "여자는 남자의 미래다.",
    "date": "08.11.20",
    "rating": "8",
    "author": "cool****",
    "review_id": "3061549",
    "movie_id": "41554"
  },
  {
    "review": "너무 갑작스런 참회는 공감가기 힘들다..",
    "date": "08.10.22",
    "rating": "6",
    "author": "lse3****",
    "review_id": "3013327",
    "movie_id": "41554"
  },
  {
    "review": "둘이 그렇게 머리를 맞대면 뭐든 못헤쳐 나가겠니.",
    "date": "08.10.20",
    "rating": "8",
    "author": "fren****",
    "review_id": "3011092",
    "movie_id": "41554"
  },
  {
    "review": "쓰레기 같은 브루노의 행실이 쉽게 바뀌리라 생각치 않는다. 용서하고 싶지도 않다.",
    "date": "08.08.23",
    "rating": "8",
    "author": "kusa****",
    "review_id": "2896294",
    "movie_id": "41554"
  },
  {
    "review": "다큐멘터리를 보는 기분이었다.",
    "date": "08.08.07",
    "rating": "8",
    "author": "snow****",
    "review_id": "2847552",
    "movie_id": "41554"
  },
  {
    "review": "브루노의 눈물에서 할 말을 잃었다! 훌륭한 영화임에 틀림이 없었다",
    "date": "08.07.14",
    "rating": "9",
    "author": "napo****",
    "review_id": "2762978",
    "movie_id": "41554"
  },
  {
    "review": "하루살이",
    "date": "08.06.26",
    "rating": "7",
    "author": "flam****",
    "review_id": "2721087",
    "movie_id": "41554"
  },
  {
    "review": "참회의 눈물로 바라봐 주기엔 열없다.",
    "date": "08.05.23",
    "rating": "6",
    "author": "paci****",
    "review_id": "2657000",
    "movie_id": "41554"
  },
  {
    "review": "감동적이었다",
    "date": "08.05.03",
    "rating": "10",
    "author": "coal****",
    "review_id": "2612883",
    "movie_id": "41554"
  },
  {
    "review": "부모의 무관심 속에서 아픈경험을통해 성장하는 아이들...",
    "date": "08.03.12",
    "rating": "8",
    "author": "pokt****",
    "review_id": "2516452",
    "movie_id": "41554"
  },
  {
    "review": "심심하면서도 심오하다??고 생각됨.",
    "date": "08.03.07",
    "rating": "10",
    "author": "skyu****",
    "review_id": "2507502",
    "movie_id": "41554"
  },
  {
    "review": "눈물로 용서하기엔 너무 영화가 지루하다.",
    "date": "08.01.07",
    "rating": "6",
    "author": "godj****",
    "review_id": "2305607",
    "movie_id": "41554"
  },
  {
    "review": "지루해",
    "date": "07.12.01",
    "rating": "6",
    "author": "jins****",
    "review_id": "2196399",
    "movie_id": "41554"
  },
  {
    "review": "아이가 아이를 가짐으로서 책임에 눈을 뜨다",
    "date": "07.11.28",
    "rating": "10",
    "author": "dawn****",
    "review_id": "2190318",
    "movie_id": "41554"
  },
  {
    "review": "아프게, 더디게 깨달아갑니다.",
    "date": "07.10.10",
    "rating": "9",
    "author": "ckna****",
    "review_id": "2081421",
    "movie_id": "41554"
  },
  {
    "review": "지겨워서 보다만.. 티비프로그램 싱글맘의하루 밀착취재 이런거같아..",
    "date": "07.10.04",
    "rating": "1",
    "author": "lina****",
    "review_id": "2069844",
    "movie_id": "41554"
  },
  {
    "review": "충격 충격 완벽한 저예산 영화 . . 1500억짜리 영화보다 좋다 .",
    "date": "07.09.22",
    "rating": "10",
    "author": "farm****",
    "review_id": "2036798",
    "movie_id": "41554"
  },
  {
    "review": "이제 철 좀 들었냐?",
    "date": "07.09.11",
    "rating": "8",
    "author": "ccsy****",
    "review_id": "2014261",
    "movie_id": "41554"
  },
  {
    "review": "영화의 의미, 그것이 무엇인지 느낄 수 있다.",
    "date": "07.09.04",
    "rating": "10",
    "author": "kein****",
    "review_id": "2001048",
    "movie_id": "41554"
  },
  {
    "review": "숨막힐정도로 현실적이고 사실적이다. 해머로 머리를 얻어맞은느낌...",
    "date": "07.07.30",
    "rating": "10",
    "author": "bebe****",
    "review_id": "1826493",
    "movie_id": "41554"
  },
  {
    "review": "성장통. 그 이상",
    "date": "07.06.17",
    "rating": "9",
    "author": "yomi****",
    "review_id": "1705144",
    "movie_id": "41554"
  },
  {
    "review": "놀라운 직관력",
    "date": "07.05.30",
    "rating": "10",
    "author": "fung****",
    "review_id": "1673150",
    "movie_id": "41554"
  },
  {
    "review": "새로울것 없지만 계속되어야만 하는 영화",
    "date": "07.04.08",
    "rating": "10",
    "author": "dare****",
    "review_id": "1578488",
    "movie_id": "41554"
  },
  {
    "review": "현실적이지만 새로울 것도 없는 영화.",
    "date": "07.03.07",
    "rating": "7",
    "author": "pawr****",
    "review_id": "1523135",
    "movie_id": "41554"
  },
  {
    "review": "칸 영화제에서 좋아할만한 '스테레오타입 유럽영화'",
    "date": "07.03.02",
    "rating": "8",
    "author": "myli****",
    "review_id": "1513346",
    "movie_id": "41554"
  },
  {
    "review": "끝까지못봤지만.. 음악이없어서 좀 허전했다.",
    "date": "07.02.28",
    "rating": "9",
    "author": "ills****",
    "review_id": "1508067",
    "movie_id": "41554"
  },
  {
    "review": "유럽 영화 다운 유럽 영화!",
    "date": "07.02.18",
    "rating": "7",
    "author": "caca****",
    "review_id": "1482942",
    "movie_id": "41554"
  },
  {
    "review": "기껏해야 어설픈 좀도둑일 무개념 철부지의 개과천선",
    "date": "07.02.15",
    "rating": "8",
    "author": "homo****",
    "review_id": "1474172",
    "movie_id": "41554"
  },
  {
    "review": "마지막에눈물이나도모르게나왓다",
    "date": "07.01.30",
    "rating": "10",
    "author": "100g****",
    "review_id": "1425924",
    "movie_id": "41554"
  },
  {
    "review": "그들이 성숙해가는 과정을 잘 관찰해가는 영화,,,",
    "date": "07.01.01",
    "rating": "10",
    "author": "tls7****",
    "review_id": "1347916",
    "movie_id": "41554"
  },
  {
    "review": "삶이 그리 녹녹지 않음을 담담한 시선으로 전하는 영화",
    "date": "06.11.20",
    "rating": "8",
    "author": "lks3****",
    "review_id": "1243324",
    "movie_id": "41554"
  },
  {
    "review": "적어도 제니주노보단 훌륭해-_",
    "date": "06.11.12",
    "rating": "8",
    "author": "chap****",
    "review_id": "1228147",
    "movie_id": "41554"
  },
  {
    "review": "기대이하.. 결말 허무하다.. ㅡㅡ",
    "date": "06.11.11",
    "rating": "5",
    "author": "dalp****",
    "review_id": "1227218",
    "movie_id": "41554"
  },
  {
    "review": "다르덴 필모 전체에서 가장 쳐지는 작품",
    "date": "06.10.30",
    "rating": "7",
    "author": "ditt****",
    "review_id": "1206891",
    "movie_id": "41554"
  },
  {
    "review": "어둡고 질퍽한 곳을 가장 따스한 시선으로 감싸는 형제감독",
    "date": "06.10.16",
    "rating": "7",
    "author": "okjo****",
    "review_id": "1184967",
    "movie_id": "41554"
  },
  {
    "review": "현실성있는영화. 나 자신을 알라!",
    "date": "06.10.16",
    "rating": "10",
    "author": "tlar****",
    "review_id": "1184877",
    "movie_id": "41554"
  },
  {
    "review": "우울하지만 좋은 영화다. 제니주노와 비교하지마시길.",
    "date": "06.10.15",
    "rating": "10",
    "author": "west****",
    "review_id": "1182942",
    "movie_id": "41554"
  },
  {
    "review": "재미없다. 그러나 그들의 영화는 늘 사람들을 각성시킨다.",
    "date": "06.10.15",
    "rating": "7",
    "author": "hadl****",
    "review_id": "1181352",
    "movie_id": "41554"
  },
  {
    "review": "사회에대해 씁씁하게 만드는 기운빠지는 영화",
    "date": "06.09.29",
    "rating": "8",
    "author": "00ks****",
    "review_id": "1149004",
    "movie_id": "41554"
  },
  {
    "review": "기대에는 못 미친다.",
    "date": "06.09.16",
    "rating": "7",
    "author": "kuro****",
    "review_id": "1126128",
    "movie_id": "41554"
  },
  {
    "review": "브뤼노가 담에 무얼할 지 착착 보이더라.",
    "date": "06.09.09",
    "rating": "8",
    "author": "nano****",
    "review_id": "1112864",
    "movie_id": "41554"
  },
  {
    "review": "허무한 결말이었지만.. 왠지 다시 생각나게되는",
    "date": "06.08.25",
    "rating": "8",
    "author": "lsm4****",
    "review_id": "1076152",
    "movie_id": "41554"
  },
  {
    "review": "이게 다 기성세대들의 잘못이다..양심의 가책을 뼈저리 느껴라..",
    "date": "06.07.28",
    "rating": "9",
    "author": "8sta****",
    "review_id": "930096",
    "movie_id": "41554"
  },
  {
    "review": "다르덴이 뭐 별거냐. 다 개인적인 취향이 있는 것이다.",
    "date": "06.07.18",
    "rating": "6",
    "author": "oran****",
    "review_id": "902858",
    "movie_id": "41554"
  },
  {
    "review": "다른 게 아냐, 딱 그나이대 그처지에 내몰린 우리들 자화상이다",
    "date": "06.07.15",
    "rating": "8",
    "author": "donj****",
    "review_id": "892625",
    "movie_id": "41554"
  },
  {
    "review": "브뤼노의 울음은 한꺼번에 터진 성장통",
    "date": "06.07.07",
    "rating": "7",
    "author": "saki****",
    "review_id": "875507",
    "movie_id": "41554"
  },
  {
    "review": "그다지......",
    "date": "06.07.06",
    "rating": "6",
    "author": "sivk****",
    "review_id": "872598",
    "movie_id": "41554"
  },
  {
    "review": "다르덴 영화치곤 평범하다.로제타에 못미치는.",
    "date": "06.06.20",
    "rating": "7",
    "author": "tubt****",
    "review_id": "850704",
    "movie_id": "41554"
  },
  {
    "review": "철이 없다는것과 젊다는것...",
    "date": "06.05.15",
    "rating": "7",
    "author": "wook****",
    "review_id": "801205",
    "movie_id": "41554"
  },
  {
    "review": "아프게, 더디게 깨달아갑니다.....",
    "date": "06.04.26",
    "rating": "8",
    "author": "carm****",
    "review_id": "776506",
    "movie_id": "41554"
  },
  {
    "review": "좋은 영화다",
    "date": "06.04.24",
    "rating": "10",
    "author": "chun****",
    "review_id": "774461",
    "movie_id": "41554"
  },
  {
    "review": "브레송이 조아라하겠군...",
    "date": "06.04.21",
    "rating": "8",
    "author": "mlif****",
    "review_id": "769320",
    "movie_id": "41554"
  },
  {
    "review": "다시한번 생각하게끔해주네요 저 제레미 광팬됐어요",
    "date": "06.04.05",
    "rating": "10",
    "author": "ttmi****",
    "review_id": "749494",
    "movie_id": "41554"
  }
]