[
  {
    "review": "하이틴 로맨틱 코미디와 가족영화가 합쳐진 느낌. 뻔한 스토리지만 지루할틈 없이 봤다. 사랑스럼 영화 ㅎㅎ",
    "date": "13.07.16",
    "rating": "10",
    "author": "924_****",
    "review_id": "7748300",
    "movie_id": "41587"
  },
  {
    "review": "뭐하자는 거냐..",
    "date": "13.02.28",
    "rating": "1",
    "author": "o_om****",
    "review_id": "7311081",
    "movie_id": "41587"
  },
  {
    "review": "감동....ㅠ.ㅠ",
    "date": "12.11.30",
    "rating": "10",
    "author": "glee****",
    "review_id": "6947435",
    "movie_id": "41587"
  },
  {
    "review": "재밌어요 감동적임. 본지 좀 됐는데 한번 더 봐야지~~~~",
    "date": "12.04.10",
    "rating": "10",
    "author": "wlen****",
    "review_id": "6206304",
    "movie_id": "41587"
  },
  {
    "review": "재밌는데 사랑스러운 영화네요 힐러리더프도 예쁘고",
    "date": "11.09.07",
    "rating": "10",
    "author": "ruby****",
    "review_id": "5713762",
    "movie_id": "41587"
  },
  {
    "review": "해밀튼 가족의 유쾌한 엔딩. 힐러리와 바네사의 매력이 더욱 유쾌하게 해준다.",
    "date": "11.04.06",
    "rating": "8",
    "author": "wlfa****",
    "review_id": "5356649",
    "movie_id": "41587"
  },
  {
    "review": "지루한 TV 시트콤을 보는 수준. 힐러리 더프는 정말 영화 고르는 눈이 없다.",
    "date": "10.07.29",
    "rating": "3",
    "author": "stit****",
    "review_id": "4681569",
    "movie_id": "41587"
  },
  {
    "review": "영화감상의 암적 존재 밉상 더프. 나머지는 무난했지만 더프 땜에 0점.",
    "date": "10.05.31",
    "rating": "1",
    "author": "pria****",
    "review_id": "4534193",
    "movie_id": "41587"
  },
  {
    "review": "오로지 영어공부 하기에 안성맞춤 ^^",
    "date": "09.12.11",
    "rating": "10",
    "author": "qmam****",
    "review_id": "4034902",
    "movie_id": "41587"
  },
  {
    "review": "재미있었다.. 그런데 결말이 부족하다고 느낀건 착각인가?ㅋ",
    "date": "09.10.20",
    "rating": "8",
    "author": "wjh3****",
    "review_id": "3904965",
    "movie_id": "41587"
  },
  {
    "review": "엄마와 딸의 관계.. 감동있는따뜻한영화..^^",
    "date": "09.09.28",
    "rating": "10",
    "author": "psuj****",
    "review_id": "3857213",
    "movie_id": "41587"
  },
  {
    "review": "엄마에게 어울리는 완벽한 짝꿍 찾아주기",
    "date": "09.08.31",
    "rating": "6",
    "author": "uds0****",
    "review_id": "3803119",
    "movie_id": "41587"
  },
  {
    "review": "잔잔하며 상콤한- 가볍게 볼만한 영화 ^^생각보다 러브라인과코미디는짧지만맛있다",
    "date": "09.06.29",
    "rating": "8",
    "author": "wlsq****",
    "review_id": "3599805",
    "movie_id": "41587"
  },
  {
    "review": "힐러리더프의 볼만한 하이틴영화. 화이팅!!",
    "date": "09.06.10",
    "rating": "10",
    "author": "misa****",
    "review_id": "3556698",
    "movie_id": "41587"
  },
  {
    "review": "설레는 영화 한편,",
    "date": "09.05.04",
    "rating": "10",
    "author": "bimb****",
    "review_id": "3467404",
    "movie_id": "41587"
  },
  {
    "review": "잘봤습니다 볼만하네요",
    "date": "09.05.01",
    "rating": "10",
    "author": "magi****",
    "review_id": "3455003",
    "movie_id": "41587"
  },
  {
    "review": "뭔가 처음과 끝부분이 부족하다",
    "date": "09.04.14",
    "rating": "10",
    "author": "pop5****",
    "review_id": "3421683",
    "movie_id": "41587"
  },
  {
    "review": "색다른 내용의 하이틴",
    "date": "09.03.30",
    "rating": "8",
    "author": "gogo****",
    "review_id": "3395142",
    "movie_id": "41587"
  },
  {
    "review": "재미있는 인연 만들어 가기~",
    "date": "09.02.01",
    "rating": "8",
    "author": "lyk6****",
    "review_id": "3268801",
    "movie_id": "41587"
  },
  {
    "review": "이거야 원. 전형적인 틴 무비를 넘어선 변덕스런 틴 무비.",
    "date": "08.12.09",
    "rating": "2",
    "author": "skat****",
    "review_id": "3102358",
    "movie_id": "41587"
  },
  {
    "review": "재미있어요.. ㅎㅎ",
    "date": "08.11.30",
    "rating": "10",
    "author": "ki__****",
    "review_id": "3080754",
    "movie_id": "41587"
  },
  {
    "review": "이뿐엄마와 착한 큰딸과 너무나도 귀여운막내...재미있었다~뭔가 따듯하다..",
    "date": "08.08.15",
    "rating": "8",
    "author": "revo****",
    "review_id": "2872662",
    "movie_id": "41587"
  },
  {
    "review": "훈훈한데 유치한면도 있고  시간만을때 보면 좋을듯.",
    "date": "08.08.13",
    "rating": "8",
    "author": "swea****",
    "review_id": "2867614",
    "movie_id": "41587"
  },
  {
    "review": "잔잔하며 때론 유쾌하고 그리고 감동적이다.",
    "date": "08.08.13",
    "rating": "10",
    "author": "gksq****",
    "review_id": "2866965",
    "movie_id": "41587"
  },
  {
    "review": "훈훈하닷",
    "date": "08.08.06",
    "rating": "10",
    "author": "boar****",
    "review_id": "2842132",
    "movie_id": "41587"
  },
  {
    "review": "진짜재미없다 ㅡㅡㅋㅋㅋ별로다................................",
    "date": "08.07.19",
    "rating": "2",
    "author": "euni****",
    "review_id": "2779159",
    "movie_id": "41587"
  },
  {
    "review": "힐러리보다 엄마가 더 예쁘다. 나름 재밌게봤다.",
    "date": "08.05.08",
    "rating": "7",
    "author": "gkdi****",
    "review_id": "2624134",
    "movie_id": "41587"
  },
  {
    "review": "상콤발랄한힐러리 ㅋㅋ",
    "date": "08.02.26",
    "rating": "8",
    "author": "isoo****",
    "review_id": "2484931",
    "movie_id": "41587"
  },
  {
    "review": "너무 지루하고.. 진부하다 킬링타임용도 안된다;",
    "date": "08.02.16",
    "rating": "5",
    "author": "ilov****",
    "review_id": "2449732",
    "movie_id": "41587"
  },
  {
    "review": "세 모녀의 진실된 사랑찾기...",
    "date": "08.02.11",
    "rating": "6",
    "author": "typo****",
    "review_id": "2435797",
    "movie_id": "41587"
  },
  {
    "review": "남자들이 다 느끼하게 생겼다; 그리고 딸이 엄마한테 하는 짓도 어이 없음.",
    "date": "08.02.09",
    "rating": "7",
    "author": "2773****",
    "review_id": "2425042",
    "movie_id": "41587"
  },
  {
    "review": "상콤하게 뇌 정화하고 싶을때 보기에 딱 좋다",
    "date": "08.02.07",
    "rating": "10",
    "author": "vusv****",
    "review_id": "2419224",
    "movie_id": "41587"
  },
  {
    "review": "기분좋은 해피엔딩...^^",
    "date": "08.02.04",
    "rating": "8",
    "author": "ysrp****",
    "review_id": "2408144",
    "movie_id": "41587"
  },
  {
    "review": "힐러리더프 팬들에게만 강력추천.",
    "date": "08.02.04",
    "rating": "4",
    "author": "evil****",
    "review_id": "2407934",
    "movie_id": "41587"
  },
  {
    "review": "낭만적이지 않고 코믹적이지도 않고 재치있지도 않은 로맨틱코미디 영화.",
    "date": "08.02.02",
    "rating": "2",
    "author": "ttws****",
    "review_id": "2398949",
    "movie_id": "41587"
  },
  {
    "review": "재밌게 본 영화",
    "date": "08.01.19",
    "rating": "10",
    "author": "wjdr****",
    "review_id": "2346737",
    "movie_id": "41587"
  },
  {
    "review": "신데렐라 스토리에 비해 훨씬 재밌게 봤다",
    "date": "08.01.19",
    "rating": "9",
    "author": "ghos****",
    "review_id": "2346267",
    "movie_id": "41587"
  },
  {
    "review": "킬링타임정도?기대하나도안했더니 꽤 볼만했음~",
    "date": "08.01.18",
    "rating": "8",
    "author": "fpem****",
    "review_id": "2341784",
    "movie_id": "41587"
  },
  {
    "review": "보는데 한계가느껴짐",
    "date": "08.01.09",
    "rating": "4",
    "author": "ehfq****",
    "review_id": "2309773",
    "movie_id": "41587"
  },
  {
    "review": "귀여운 힐러리 보는 걸로 만족함...",
    "date": "08.01.04",
    "rating": "8",
    "author": "yell****",
    "review_id": "2297402",
    "movie_id": "41587"
  },
  {
    "review": "딸 둘 딸린 외로운 엄마의 행복한 로망이 많이 억지스러웠다.",
    "date": "07.12.27",
    "rating": "5",
    "author": "pjhl****",
    "review_id": "2271107",
    "movie_id": "41587"
  },
  {
    "review": "캬오~ 정말 재밌었습니다 ㅋㅋㅋㅋ 벤 펠드만도 멋있었음 캬캬",
    "date": "07.12.24",
    "rating": "10",
    "author": "qkrd****",
    "review_id": "2261383",
    "movie_id": "41587"
  },
  {
    "review": "재밋다",
    "date": "07.11.29",
    "rating": "10",
    "author": "nuro****",
    "review_id": "2192448",
    "movie_id": "41587"
  },
  {
    "review": "이런영화 재일좋아 ㅠㅠ  비추하는인간들..니네가 만들어보세여~",
    "date": "07.11.25",
    "rating": "10",
    "author": "jeak****",
    "review_id": "2183565",
    "movie_id": "41587"
  },
  {
    "review": "힐러리더프의 팬으로선 좋았지만, 그냥 영화로만 판단한다면 그저 그런정도?",
    "date": "07.11.24",
    "rating": "7",
    "author": "yong****",
    "review_id": "2177633",
    "movie_id": "41587"
  },
  {
    "review": "소재는 괜찮았는데, 스토리 구성이 별로였다. 그렇지만, 볼만했다.",
    "date": "07.11.23",
    "rating": "7",
    "author": "yeei****",
    "review_id": "2176407",
    "movie_id": "41587"
  },
  {
    "review": "역시 힐러리더프다... 역시 끝내준다!ㅋㅋ",
    "date": "07.11.20",
    "rating": "10",
    "author": "jms7****",
    "review_id": "2169444",
    "movie_id": "41587"
  },
  {
    "review": "힐러리더프 호감이야.. 나오는 영화는 대게 색다르고 신선하다",
    "date": "07.11.12",
    "rating": "10",
    "author": "radi****",
    "review_id": "2147828",
    "movie_id": "41587"
  },
  {
    "review": "힐러리 더프 >_신고",
    "date": "07.10.02",
    "rating": "10",
    "author": "temp****",
    "review_id": "2066015",
    "movie_id": "41587"
  },
  {
    "review": "이건 아니잖아.. 힐러리의 모든행동이 거슬리지만 엄마가 이뻐서5점",
    "date": "07.10.02",
    "rating": "5",
    "author": "kars****",
    "review_id": "2065992",
    "movie_id": "41587"
  },
  {
    "review": "힐러리더프 영화중에선 제일 재미 없었던ㅜ 하지만 힐러리더프때문에8점",
    "date": "07.09.30",
    "rating": "8",
    "author": "woon****",
    "review_id": "2061094",
    "movie_id": "41587"
  },
  {
    "review": "힐러리더프 넘 이뻐 ㅋㅋ 정말 재밌게봤음",
    "date": "07.09.30",
    "rating": "10",
    "author": "shin****",
    "review_id": "2061052",
    "movie_id": "41587"
  },
  {
    "review": "재밌게봤어요 ㅎㅎ 추석때",
    "date": "07.09.29",
    "rating": "9",
    "author": "3ros****",
    "review_id": "2059476",
    "movie_id": "41587"
  },
  {
    "review": "영화라기 보다는 연속극을 보고 있는 느낌이었다",
    "date": "07.09.27",
    "rating": "3",
    "author": "nala****",
    "review_id": "2054002",
    "movie_id": "41587"
  },
  {
    "review": "편안하게 즐길수있는 드라마..나름 재밌게 봤음..",
    "date": "07.09.26",
    "rating": "6",
    "author": "sutr****",
    "review_id": "2053058",
    "movie_id": "41587"
  },
  {
    "review": "정말 재밌게 봤음ㅠㅠ 감동도 있고~",
    "date": "07.09.24",
    "rating": "10",
    "author": "poro****",
    "review_id": "2043689",
    "movie_id": "41587"
  },
  {
    "review": "역싀 로맨틱코미디에는 힐러리더프가 제격인듯",
    "date": "07.09.11",
    "rating": "7",
    "author": "s2ll****",
    "review_id": "2015204",
    "movie_id": "41587"
  },
  {
    "review": "영화 괜찮는 편이고, 힐러리 때문에;;; 가산점으로..ㅡㅡ;",
    "date": "07.09.11",
    "rating": "10",
    "author": "ways****",
    "review_id": "2014141",
    "movie_id": "41587"
  },
  {
    "review": "힐러리만 보고왔다. ..- -^ ㅎ",
    "date": "07.08.26",
    "rating": "9",
    "author": "bsc2****",
    "review_id": "1981992",
    "movie_id": "41587"
  },
  {
    "review": "힐러리더프만 없으면 정말 이건아니다 하지만 힐러리는 정말이쁘다",
    "date": "07.08.20",
    "rating": "10",
    "author": "cmcb****",
    "review_id": "1962181",
    "movie_id": "41587"
  },
  {
    "review": "유쾌한 영화.추천.",
    "date": "07.08.14",
    "rating": "8",
    "author": "whan****",
    "review_id": "1938557",
    "movie_id": "41587"
  },
  {
    "review": "꽤",
    "date": "07.08.10",
    "rating": "7",
    "author": "shmr****",
    "review_id": "1912639",
    "movie_id": "41587"
  },
  {
    "review": "유쾌",
    "date": "07.06.07",
    "rating": "7",
    "author": "nass****",
    "review_id": "1688024",
    "movie_id": "41587"
  },
  {
    "review": "힐러리 더프류의 유캐환 로맨스 코미디 극",
    "date": "07.05.03",
    "rating": "8",
    "author": "rizo****",
    "review_id": "1617341",
    "movie_id": "41587"
  },
  {
    "review": "소재는 좋았는데.. 스토리전개가 정말 재미없다.. 감동도부족하고..",
    "date": "07.04.22",
    "rating": "6",
    "author": "silk****",
    "review_id": "1600680",
    "movie_id": "41587"
  },
  {
    "review": "재미있네",
    "date": "07.03.24",
    "rating": "10",
    "author": "tmdd****",
    "review_id": "1550856",
    "movie_id": "41587"
  },
  {
    "review": "힐러리더프와 기분좋은 로맨틱코미디: )",
    "date": "07.03.09",
    "rating": "9",
    "author": "wpdl****",
    "review_id": "1525055",
    "movie_id": "41587"
  },
  {
    "review": "딱8점짜리영화.. 뭔가 깊은사랑을 보여줬으면하는 아쉬움이",
    "date": "07.02.28",
    "rating": "8",
    "author": "tmfr****",
    "review_id": "1507446",
    "movie_id": "41587"
  },
  {
    "review": "결말에 상황이종료되는스토리",
    "date": "07.02.24",
    "rating": "8",
    "author": "sw50****",
    "review_id": "1497741",
    "movie_id": "41587"
  },
  {
    "review": "아름다운 영화였습니다 힐러리더프도 짱 ㅎㅎ",
    "date": "07.01.28",
    "rating": "10",
    "author": "joym****",
    "review_id": "1422159",
    "movie_id": "41587"
  },
  {
    "review": "너무 많은 기대를 가지고 보지말고! 영화그자체를 즐기자!",
    "date": "07.01.28",
    "rating": "10",
    "author": "khy2****",
    "review_id": "1421247",
    "movie_id": "41587"
  },
  {
    "review": "힐러리더프 싫어하는데 그래도 재밌어요 ㅎ",
    "date": "07.01.17",
    "rating": "8",
    "author": "ggga****",
    "review_id": "1391343",
    "movie_id": "41587"
  },
  {
    "review": "꽤 재밌다ㅋㅋㅋㅋ",
    "date": "06.12.29",
    "rating": "8",
    "author": "syej****",
    "review_id": "1338335",
    "movie_id": "41587"
  },
  {
    "review": "실망이다.......",
    "date": "06.10.17",
    "rating": "1",
    "author": "youn****",
    "review_id": "1186512",
    "movie_id": "41587"
  },
  {
    "review": "힐러리더프",
    "date": "06.10.05",
    "rating": "10",
    "author": "perf****",
    "review_id": "1163092",
    "movie_id": "41587"
  },
  {
    "review": "그냥 무난한 영화",
    "date": "06.10.03",
    "rating": "7",
    "author": "arom****",
    "review_id": "1156354",
    "movie_id": "41587"
  },
  {
    "review": "그냥 전형적인 미국영화지 뭐",
    "date": "06.09.29",
    "rating": "6",
    "author": "fuck****",
    "review_id": "1149079",
    "movie_id": "41587"
  },
  {
    "review": "로맨틱코미디의 장르적 한계가 있긴하지만 꽤 볼만해요~",
    "date": "06.09.23",
    "rating": "8",
    "author": "maze****",
    "review_id": "1137932",
    "movie_id": "41587"
  },
  {
    "review": "첨엔 재밌을까??했는데...너무 재밌게 봤어요^^ 강추!!!!!!",
    "date": "06.09.13",
    "rating": "10",
    "author": "ajsl****",
    "review_id": "1120338",
    "movie_id": "41587"
  },
  {
    "review": "귀여워~ >.신고",
    "date": "06.09.02",
    "rating": "8",
    "author": "sang****",
    "review_id": "1095973",
    "movie_id": "41587"
  },
  {
    "review": "감동도있고, 재미도 있고, 잘봤어요-",
    "date": "06.08.14",
    "rating": "10",
    "author": "bori****",
    "review_id": "1032047",
    "movie_id": "41587"
  },
  {
    "review": "힐러리 영화중에 좀 괜찮았던 영화",
    "date": "06.08.06",
    "rating": "8",
    "author": "lizz****",
    "review_id": "978737",
    "movie_id": "41587"
  },
  {
    "review": "힐러리더프는 가족영화만 찍는거같엥",
    "date": "06.07.28",
    "rating": "5",
    "author": "jang****",
    "review_id": "931414",
    "movie_id": "41587"
  },
  {
    "review": "힐러리더프~ 원츄..ㅠㅠ",
    "date": "06.07.25",
    "rating": "9",
    "author": "viol****",
    "review_id": "921977",
    "movie_id": "41587"
  },
  {
    "review": "퍼펙트 ..... ^^ 사랑스러운 영화라고 할까? ~",
    "date": "06.07.17",
    "rating": "8",
    "author": "wotn****",
    "review_id": "902068",
    "movie_id": "41587"
  },
  {
    "review": "정말 재미있던데",
    "date": "06.07.16",
    "rating": "9",
    "author": "iigo****",
    "review_id": "898198",
    "movie_id": "41587"
  },
  {
    "review": "말이 필요가 없다!!",
    "date": "06.07.06",
    "rating": "10",
    "author": "tmxk****",
    "review_id": "872900",
    "movie_id": "41587"
  },
  {
    "review": "힐러리더프때문에 봤다지만 대체 영화가 무슨 내용인지..",
    "date": "06.05.28",
    "rating": "7",
    "author": "an87****",
    "review_id": "819889",
    "movie_id": "41587"
  },
  {
    "review": "모녀지간의 사랑을 느낄수있는., 마음 따듯해지는 영화..",
    "date": "06.05.19",
    "rating": "10",
    "author": "cpfl****",
    "review_id": "807106",
    "movie_id": "41587"
  },
  {
    "review": "재밌다! 오랜만에 본 괜찮은 가족영화!",
    "date": "06.05.13",
    "rating": "10",
    "author": "zzii****",
    "review_id": "798395",
    "movie_id": "41587"
  },
  {
    "review": "그럭저럭 그럭저럭",
    "date": "06.04.23",
    "rating": "7",
    "author": "rees****",
    "review_id": "772303",
    "movie_id": "41587"
  },
  {
    "review": "시시케케묵은 가족영화",
    "date": "06.04.12",
    "rating": "2",
    "author": "kws7****",
    "review_id": "758988",
    "movie_id": "41587"
  },
  {
    "review": "이정도면 볼만함",
    "date": "06.04.11",
    "rating": "7",
    "author": "cyco****",
    "review_id": "757276",
    "movie_id": "41587"
  },
  {
    "review": "그럭저럭, 볼만함 :D",
    "date": "06.03.28",
    "rating": "7",
    "author": "luy_****",
    "review_id": "738664",
    "movie_id": "41587"
  },
  {
    "review": "발랄하고 재미있었음, 몰표가 아깝지 않은 영화.",
    "date": "06.03.21",
    "rating": "10",
    "author": "ange****",
    "review_id": "726511",
    "movie_id": "41587"
  },
  {
    "review": "괜찮음",
    "date": "06.03.14",
    "rating": "6",
    "author": "ican****",
    "review_id": "716841",
    "movie_id": "41587"
  },
  {
    "review": "왜 이런 어중간한 이야기가 자꾸 영화로 나오는 걸까?",
    "date": "06.03.14",
    "rating": "4",
    "author": "blue****",
    "review_id": "716322",
    "movie_id": "41587"
  },
  {
    "review": "재미있었음ㅎㅎㅎ힐러리짱!!!!!!",
    "date": "06.02.27",
    "rating": "8",
    "author": "wlsq****",
    "review_id": "695861",
    "movie_id": "41587"
  },
  {
    "review": "힐러리를 사랑하는 남자아이밖에 생각이 안나요..ㅋ",
    "date": "06.02.22",
    "rating": "10",
    "author": "huge****",
    "review_id": "685384",
    "movie_id": "41587"
  },
  {
    "review": "'누가 뭐래도' 완벽하다. 만감이 교차하는 영화...",
    "date": "06.02.18",
    "rating": "10",
    "author": "bapo****",
    "review_id": "678053",
    "movie_id": "41587"
  }
]