[
  {
    "review": "참 이때만 해도 린지 로한 참 좋았는데. 아무튼 영화 자체만 놓고 보면 좀 유치하고 뻔한 내용이지만 재미있음~ 차를 좋아하는 어린 아이들이 보면 좋아할 만한 영화~",
    "date": "15.08.20",
    "rating": "8",
    "author": "khj8****",
    "review_id": "10256111",
    "movie_id": "41592"
  },
  {
    "review": "허비에 대한 동심을 린제이 로한이 깼어염.",
    "date": "15.08.18",
    "rating": "5",
    "author": "tear****",
    "review_id": "10247251",
    "movie_id": "41592"
  },
  {
    "review": "주인공 김치녀 땜에 짜증났다",
    "date": "15.05.03",
    "rating": "1",
    "author": "fred****",
    "review_id": "9889825",
    "movie_id": "41592"
  },
  {
    "review": "아이들을 위한 영화인데, 재미있다! 유치하지만 코믹하고 감동도 있다!",
    "date": "15.04.09",
    "rating": "9",
    "author": "pree****",
    "review_id": "9837177",
    "movie_id": "41592"
  },
  {
    "review": "나는 희망한다. 나의 꿈을... 영화는 나에게 알게해줬다! 나의 마음속에 담겨져 있는 나의 마음을...",
    "date": "14.12.22",
    "rating": "10",
    "author": "1004****",
    "review_id": "9500795",
    "movie_id": "41592"
  },
  {
    "review": "유치하고..지루하고..답답하고..",
    "date": "14.11.11",
    "rating": "1",
    "author": "omly****",
    "review_id": "9371639",
    "movie_id": "41592"
  },
  {
    "review": "생각보다 평점이 너무 낮은거같은데 이건 귀요미 허비에 대한 모욕이다! 최소 8점대 중후반은 되어야한다!!",
    "date": "14.08.26",
    "rating": "10",
    "author": "ske4****",
    "review_id": "9134472",
    "movie_id": "41592"
  },
  {
    "review": "이때까지만해도 린제이는 정상인이었다.. 역시 여자는 남자를 잘 만나야해",
    "date": "14.08.06",
    "rating": "9",
    "author": "9dod****",
    "review_id": "9040712",
    "movie_id": "41592"
  },
  {
    "review": "초딩때 재밌게 본 영화^♥^ 근데 저 차 실제차로 사고 운전해보고 싶다 ㅋ",
    "date": "14.01.17",
    "rating": "8",
    "author": "dk10****",
    "review_id": "8390908",
    "movie_id": "41592"
  },
  {
    "review": "허비는 이용만 당하는 듯? ㅋ",
    "date": "14.01.09",
    "rating": "9",
    "author": "tn99****",
    "review_id": "8364498",
    "movie_id": "41592"
  },
  {
    "review": "그대 재밌게 봐서 10점이다",
    "date": "13.10.26",
    "rating": "10",
    "author": "aaaw****",
    "review_id": "8090229",
    "movie_id": "41592"
  },
  {
    "review": "유아용 영화에 나온 린제이 로한",
    "date": "13.07.25",
    "rating": "3",
    "author": "expr****",
    "review_id": "7784860",
    "movie_id": "41592"
  },
  {
    "review": "린제이로한 다시 돌아가시오넘흐사랑스럽다",
    "date": "13.04.27",
    "rating": "10",
    "author": "qkqh****",
    "review_id": "7488223",
    "movie_id": "41592"
  },
  {
    "review": "유치한 면이 있지만, 재밌다 신난다 ㅋ",
    "date": "13.01.20",
    "rating": "9",
    "author": "jhch****",
    "review_id": "7136344",
    "movie_id": "41592"
  },
  {
    "review": "훗~귀여운데~",
    "date": "12.07.22",
    "rating": "7",
    "author": "cont****",
    "review_id": "6517020",
    "movie_id": "41592"
  },
  {
    "review": "좋습니다.",
    "date": "12.03.18",
    "rating": "10",
    "author": "nimb****",
    "review_id": "6152609",
    "movie_id": "41592"
  },
  {
    "review": "이쁘니 린지에 귀요미 붕붕이 모자란 게 없음!",
    "date": "12.03.04",
    "rating": "10",
    "author": "0107****",
    "review_id": "6121780",
    "movie_id": "41592"
  },
  {
    "review": "재밌음",
    "date": "12.01.19",
    "rating": "10",
    "author": "frfr****",
    "review_id": "6000208",
    "movie_id": "41592"
  },
  {
    "review": "이젠 정신차리길바래 린지로한",
    "date": "12.01.19",
    "rating": "6",
    "author": "blai****",
    "review_id": "6000129",
    "movie_id": "41592"
  },
  {
    "review": "다들 평균치는 해냈다. 그치만 더 좋게 봐줄수는 없다.",
    "date": "11.11.15",
    "rating": "6",
    "author": "wlfa****",
    "review_id": "5851471",
    "movie_id": "41592"
  },
  {
    "review": "린제리 로한 사랑함.",
    "date": "11.09.15",
    "rating": "10",
    "author": "qwer****",
    "review_id": "5733261",
    "movie_id": "41592"
  },
  {
    "review": "ㅋㅋ재밋음 말도안되지만 특히 레이스할때 최고",
    "date": "11.08.28",
    "rating": "10",
    "author": "soul****",
    "review_id": "5694129",
    "movie_id": "41592"
  },
  {
    "review": "의외로 괜찮은영화!",
    "date": "11.05.25",
    "rating": "10",
    "author": "lcm2****",
    "review_id": "5448848",
    "movie_id": "41592"
  },
  {
    "review": "이런 장르는 디즈니를 따라올자가 없다.",
    "date": "11.05.08",
    "rating": "10",
    "author": "jchc****",
    "review_id": "5415372",
    "movie_id": "41592"
  },
  {
    "review": "뭔가 그닥스러움",
    "date": "11.03.15",
    "rating": "8",
    "author": "omh2****",
    "review_id": "5315308",
    "movie_id": "41592"
  },
  {
    "review": "유치할수 있는걸 재밌고 귀엽게 잘만든.. 린제이로한도 비틀도 넘 매력있게표현한..",
    "date": "11.02.13",
    "rating": "10",
    "author": "hr20****",
    "review_id": "5239986",
    "movie_id": "41592"
  },
  {
    "review": "너무재미있었어요!특히 트립?때릴때.. 어쨋든 이자동차 너무가지고싶어요!!",
    "date": "10.12.04",
    "rating": "10",
    "author": "bin9****",
    "review_id": "5023223",
    "movie_id": "41592"
  },
  {
    "review": "이런 류의영화중애는 그나만 괜찮앗던것같다",
    "date": "10.11.06",
    "rating": "8",
    "author": "psgi****",
    "review_id": "4942198",
    "movie_id": "41592"
  },
  {
    "review": "이래서 디즈니 월트 영화가 너무싫다.. 유치찬란..;; 뻔한내용 뻔한결말",
    "date": "10.09.26",
    "rating": "4",
    "author": "hjj5****",
    "review_id": "4869529",
    "movie_id": "41592"
  },
  {
    "review": "저도우연히 케이블에서 봤는데 허비 진짜귀여움 ㅠㅠ 근데케빈이 저스틴롱이었구나;;",
    "date": "10.08.21",
    "rating": "10",
    "author": "hyde****",
    "review_id": "4774264",
    "movie_id": "41592"
  },
  {
    "review": "케이블에서 봤는데 진짜 재밌네요 ㅋㅋ 저스틴 롱도 좋고....",
    "date": "10.05.20",
    "rating": "10",
    "author": "sant****",
    "review_id": "4510639",
    "movie_id": "41592"
  },
  {
    "review": "유쾌한 영화! 믿으면 안 될것도 된다!!",
    "date": "10.01.20",
    "rating": "10",
    "author": "jung****",
    "review_id": "4193377",
    "movie_id": "41592"
  },
  {
    "review": "의외로 재밌었다.ㅋㅋ",
    "date": "09.10.11",
    "rating": "10",
    "author": "sky_****",
    "review_id": "3886681",
    "movie_id": "41592"
  },
  {
    "review": "정~ 말 재밌어요!아 린제이로한도연기잘하고~허비도 재밌고ㅋ책도읽었었는데 짱이네염",
    "date": "09.08.21",
    "rating": "10",
    "author": "ji70****",
    "review_id": "3772261",
    "movie_id": "41592"
  },
  {
    "review": "허비 평점 안줬었네, 다들 알겠지만 린제이나오는건 다재밌음ㅋㅋ",
    "date": "09.07.14",
    "rating": "10",
    "author": "misa****",
    "review_id": "3631276",
    "movie_id": "41592"
  },
  {
    "review": "재미있어요.. 잘봤음..",
    "date": "09.05.30",
    "rating": "10",
    "author": "ki__****",
    "review_id": "3531587",
    "movie_id": "41592"
  },
  {
    "review": "재밋어요~어제티비에나오던데>_<!허비완전귀엽ㅋㅋ아무튼 꼭보시길!!ㅎ3ㅎ",
    "date": "09.05.05",
    "rating": "10",
    "author": "rlag****",
    "review_id": "3472678",
    "movie_id": "41592"
  },
  {
    "review": "ㅋㅋㅋㅋㅋㅋ 진짜 너무 웃기고 재밌어 ㅋ 린제리 로한 껀 다 재밌네 ㅋㅋ",
    "date": "09.04.20",
    "rating": "10",
    "author": "vlwn****",
    "review_id": "3432125",
    "movie_id": "41592"
  },
  {
    "review": "마음에 쏙 듭니다.",
    "date": "09.03.24",
    "rating": "10",
    "author": "0527****",
    "review_id": "3384381",
    "movie_id": "41592"
  },
  {
    "review": "작다고 함부로 보면 안되네요.",
    "date": "09.03.23",
    "rating": "10",
    "author": "dong****",
    "review_id": "3383295",
    "movie_id": "41592"
  },
  {
    "review": "중학생이하 아동용영화..",
    "date": "09.03.15",
    "rating": "1",
    "author": "jk60****",
    "review_id": "3367977",
    "movie_id": "41592"
  },
  {
    "review": "너무너무귀여운허비와 깜찍하고 예쁜 린제이! 스릴넘치는 레이스!",
    "date": "09.02.22",
    "rating": "10",
    "author": "silv****",
    "review_id": "3324155",
    "movie_id": "41592"
  },
  {
    "review": "에이 유치해",
    "date": "09.02.13",
    "rating": "5",
    "author": "hddr****",
    "review_id": "3300004",
    "movie_id": "41592"
  },
  {
    "review": "재밌는영화",
    "date": "09.02.06",
    "rating": "10",
    "author": "junh****",
    "review_id": "3283220",
    "movie_id": "41592"
  },
  {
    "review": "무난한 가족 영화인데 린제이 슴가가 자꾸 눈에 들어 온다는...",
    "date": "09.01.28",
    "rating": "7",
    "author": "han3****",
    "review_id": "3258515",
    "movie_id": "41592"
  },
  {
    "review": "신선한 감동을 준다",
    "date": "09.01.28",
    "rating": "10",
    "author": "mist****",
    "review_id": "3257539",
    "movie_id": "41592"
  },
  {
    "review": "무난한가족영화.",
    "date": "09.01.27",
    "rating": "7",
    "author": "1227****",
    "review_id": "3255895",
    "movie_id": "41592"
  },
  {
    "review": "무난하긴 했지만,높은 점수는 주기 힘들다.그냥 가끔 보면 좋은 오락영화",
    "date": "09.01.08",
    "rating": "7",
    "author": "slal****",
    "review_id": "3203616",
    "movie_id": "41592"
  },
  {
    "review": "음..잘모르겠다..",
    "date": "09.01.02",
    "rating": "8",
    "author": "ltg7****",
    "review_id": "3179317",
    "movie_id": "41592"
  },
  {
    "review": "이영화너무너무재미있어요.ㅎㅎ",
    "date": "08.12.15",
    "rating": "10",
    "author": "godu****",
    "review_id": "3119667",
    "movie_id": "41592"
  },
  {
    "review": "조금 눈물났지만 감동적이었는데 ㅋ",
    "date": "08.10.29",
    "rating": "10",
    "author": "bell****",
    "review_id": "3024885",
    "movie_id": "41592"
  },
  {
    "review": "내가 봤는데 짱임 (전 자동차를 좋아함)",
    "date": "08.10.25",
    "rating": "10",
    "author": "minh****",
    "review_id": "3018375",
    "movie_id": "41592"
  },
  {
    "review": "디즈니가 아직 몰락하지 않았다는 결정적인 증거.일종의 부활의 신호탄.",
    "date": "08.10.13",
    "rating": "7",
    "author": "baks****",
    "review_id": "2997937",
    "movie_id": "41592"
  },
  {
    "review": "여자 정말 맘에 안드네..",
    "date": "08.10.12",
    "rating": "8",
    "author": "kth5****",
    "review_id": "2996386",
    "movie_id": "41592"
  },
  {
    "review": "우연히 봤는데 꽤 괜찮았던 영화 스스로 움직이는 자동차 하비, 귀엽다ㅎㅎ",
    "date": "08.09.19",
    "rating": "9",
    "author": "deep****",
    "review_id": "2958268",
    "movie_id": "41592"
  },
  {
    "review": "너무 아쉽다.. 더 재밌는 영화가 될수 있었을 텐데",
    "date": "08.08.24",
    "rating": "8",
    "author": "sjb2****",
    "review_id": "2900078",
    "movie_id": "41592"
  },
  {
    "review": "짱짱",
    "date": "08.08.24",
    "rating": "10",
    "author": "o_om****",
    "review_id": "2899983",
    "movie_id": "41592"
  },
  {
    "review": "귀여움ㅋㅋ 중간쯤에 폐차장 가서 혼자 당하고있을때 불쌍했음ㅋㅋ 어쨋든 잼씀!",
    "date": "08.08.10",
    "rating": "10",
    "author": "m132****",
    "review_id": "2858768",
    "movie_id": "41592"
  },
  {
    "review": "재미있어요",
    "date": "08.08.05",
    "rating": "10",
    "author": "mind****",
    "review_id": "2837482",
    "movie_id": "41592"
  },
  {
    "review": "너무 잼있다",
    "date": "08.08.05",
    "rating": "10",
    "author": "mind****",
    "review_id": "2837472",
    "movie_id": "41592"
  },
  {
    "review": "린제이로한넘이쁘고매력적이다ㅠ허나높은점수는못주겠다;;",
    "date": "08.08.01",
    "rating": "2",
    "author": "ksi1****",
    "review_id": "2824887",
    "movie_id": "41592"
  },
  {
    "review": "나만 감동받아서 울었냐? 응? 그른 거냐?",
    "date": "08.08.01",
    "rating": "10",
    "author": "dead****",
    "review_id": "2824750",
    "movie_id": "41592"
  },
  {
    "review": "재미는 있지만 강한 매력은 없다",
    "date": "08.08.01",
    "rating": "6",
    "author": "nala****",
    "review_id": "2824504",
    "movie_id": "41592"
  },
  {
    "review": "나 이런거 좋아해 ㅋㅋㅋ 재밌음~~",
    "date": "08.07.29",
    "rating": "10",
    "author": "ries****",
    "review_id": "2813790",
    "movie_id": "41592"
  },
  {
    "review": "이정도 스토리에 린제이로한 이니깐 ^^ 별점 업~!",
    "date": "08.07.20",
    "rating": "8",
    "author": "sclo****",
    "review_id": "2785391",
    "movie_id": "41592"
  },
  {
    "review": "린제이 로한 보다 저스틴 롱 보다 더 뛰어난 매력을 선보이는 허비",
    "date": "08.07.19",
    "rating": "6",
    "author": "uds0****",
    "review_id": "2782217",
    "movie_id": "41592"
  },
  {
    "review": "너무 재밋어요 ~~ 전 이런영화넘 조아요 ㅎㅎ",
    "date": "08.07.12",
    "rating": "10",
    "author": "kiss****",
    "review_id": "2756718",
    "movie_id": "41592"
  },
  {
    "review": "감동과 재미가 같이 있는-",
    "date": "08.07.05",
    "rating": "10",
    "author": "iwis****",
    "review_id": "2741185",
    "movie_id": "41592"
  },
  {
    "review": "짱 넘 재미있었어요",
    "date": "08.06.30",
    "rating": "10",
    "author": "dnjs****",
    "review_id": "2731539",
    "movie_id": "41592"
  },
  {
    "review": "너무 어린이 영화로 만들어서 넘 아쉽다..",
    "date": "08.06.21",
    "rating": "3",
    "author": "mncl****",
    "review_id": "2710760",
    "movie_id": "41592"
  },
  {
    "review": "스토리는 너무 뻔하고,, 연출력은 좀 별루였지만,, 그냥 무난한 가족 영화",
    "date": "08.05.23",
    "rating": "8",
    "author": "love****",
    "review_id": "2658063",
    "movie_id": "41592"
  },
  {
    "review": "너무 재미있어음 ㅋㅋ 허비가 너무착하다 ㅇㅂㅇ",
    "date": "08.05.18",
    "rating": "10",
    "author": "abcw****",
    "review_id": "2649985",
    "movie_id": "41592"
  },
  {
    "review": "폰티악 gto 드리프트 하는장면보고 반했다..그리고 허비 너무귀여워!!&gtㅁ&lt",
    "date": "08.05.18",
    "rating": "10",
    "author": "rnjs****",
    "review_id": "2649337",
    "movie_id": "41592"
  },
  {
    "review": "무심코 케이블서 보다가 끝까지 보고 말았다 ㅡ.ㅡ;;",
    "date": "08.05.17",
    "rating": "8",
    "author": "baek****",
    "review_id": "2646361",
    "movie_id": "41592"
  },
  {
    "review": "영화를 잘 만들었네요^^보는동안 재미있었습니다^^",
    "date": "08.05.15",
    "rating": "9",
    "author": "qwe2****",
    "review_id": "2642726",
    "movie_id": "41592"
  },
  {
    "review": "ㅋㅋㅋ너무 웃겨!",
    "date": "08.05.11",
    "rating": "10",
    "author": "park****",
    "review_id": "2631380",
    "movie_id": "41592"
  },
  {
    "review": "딱히 뭐라 할 말이 없다 그래도 린제이 로한 땜에 ㄱㄱ",
    "date": "08.05.10",
    "rating": "8",
    "author": "shin****",
    "review_id": "2629257",
    "movie_id": "41592"
  },
  {
    "review": "허비너무귀여워 ㅋㅋㅋ 재밌어영 ㅋㅋ",
    "date": "08.05.10",
    "rating": "10",
    "author": "hyun****",
    "review_id": "2629142",
    "movie_id": "41592"
  },
  {
    "review": "다 필요없고 졸업후에 차를 사주는 미국의 문화가 부럽다... 쳇",
    "date": "08.05.10",
    "rating": "5",
    "author": "tekk****",
    "review_id": "2628562",
    "movie_id": "41592"
  },
  {
    "review": "린제이로한 빨간머리 정말 예뻐요~",
    "date": "08.05.05",
    "rating": "10",
    "author": "lsge****",
    "review_id": "2618719",
    "movie_id": "41592"
  },
  {
    "review": "정말 건전하고 재미있는 영화다.",
    "date": "08.05.05",
    "rating": "9",
    "author": "hdbw****",
    "review_id": "2618633",
    "movie_id": "41592"
  },
  {
    "review": "정말 재밌었습니다~ 굿굿 추천할만한 영화",
    "date": "08.05.05",
    "rating": "10",
    "author": "khj9****",
    "review_id": "2618557",
    "movie_id": "41592"
  },
  {
    "review": "내용은 뻔하지만, 일단 유쾌해서 좋다..!",
    "date": "08.04.19",
    "rating": "8",
    "author": "o0ri****",
    "review_id": "2588240",
    "movie_id": "41592"
  },
  {
    "review": "뻔하긴 하지만 꽤 볼만한 영화였습니다 ㅎㅎ",
    "date": "08.04.13",
    "rating": "8",
    "author": "love****",
    "review_id": "2578072",
    "movie_id": "41592"
  },
  {
    "review": "작은 고추가 맵다라....",
    "date": "08.04.02",
    "rating": "10",
    "author": "tri_****",
    "review_id": "2554272",
    "movie_id": "41592"
  },
  {
    "review": "허비 하는짓 보는 재미가 쏠쏠하던데~ 내용은 뻔하지만, 재미있고 유쾌하다",
    "date": "08.03.06",
    "rating": "8",
    "author": "laps****",
    "review_id": "2505393",
    "movie_id": "41592"
  },
  {
    "review": "가볍게 웃고 즐길만한 영화 10대에서 20대초반까지 추천할만한 영화다.",
    "date": "08.02.27",
    "rating": "7",
    "author": "totq****",
    "review_id": "2488417",
    "movie_id": "41592"
  },
  {
    "review": "너무나 진부한 틀을 가지고있는 어린이를위한 영화.",
    "date": "08.02.21",
    "rating": "3",
    "author": "read****",
    "review_id": "2467640",
    "movie_id": "41592"
  },
  {
    "review": "작은고추가 맵구나.",
    "date": "08.01.15",
    "rating": "8",
    "author": "flow****",
    "review_id": "2333631",
    "movie_id": "41592"
  },
  {
    "review": "재밌음 ㅋㅋㅋㅋ",
    "date": "08.01.10",
    "rating": "10",
    "author": "rjsd****",
    "review_id": "2314254",
    "movie_id": "41592"
  },
  {
    "review": "재밌다. 허비너무귀엽다.",
    "date": "07.12.31",
    "rating": "10",
    "author": "dusg****",
    "review_id": "2284000",
    "movie_id": "41592"
  },
  {
    "review": "잼있네요ㅎㅎ",
    "date": "07.12.22",
    "rating": "9",
    "author": "good****",
    "review_id": "2255375",
    "movie_id": "41592"
  },
  {
    "review": "상상력과 동심을 불러 일으킴과 동시에 카레이싱에서 보여주는 승리감과 상쾌함~!!",
    "date": "07.12.19",
    "rating": "10",
    "author": "didr****",
    "review_id": "2247074",
    "movie_id": "41592"
  },
  {
    "review": "신선 재밋다 ! 역시 로한나오는건 재밋다 !ㅋㅋㅋ",
    "date": "07.11.17",
    "rating": "10",
    "author": "jeak****",
    "review_id": "2159808",
    "movie_id": "41592"
  },
  {
    "review": "나름 신선하고 전혀 지루하지 않은 영화~ 로맨스는 없지만..",
    "date": "07.10.24",
    "rating": "9",
    "author": "sara****",
    "review_id": "2108018",
    "movie_id": "41592"
  },
  {
    "review": "제가외국영화를싫어하는데보고나니까재미있어서앞으로도외국영화를즐겨보려구요",
    "date": "07.10.06",
    "rating": "10",
    "author": "sjku****",
    "review_id": "2074931",
    "movie_id": "41592"
  },
  {
    "review": "유치할줄알았는데무지 재밌네ㅋㅋ허비 귀여워.그리고로한과롱의조합Good!",
    "date": "07.09.19",
    "rating": "10",
    "author": "woon****",
    "review_id": "2031908",
    "movie_id": "41592"
  },
  {
    "review": "유치한데 볼만하다 ㅋ",
    "date": "07.09.06",
    "rating": "7",
    "author": "yyca****",
    "review_id": "2004982",
    "movie_id": "41592"
  },
  {
    "review": "생각없이 보면 재밌던데ㅋㅋ",
    "date": "07.08.23",
    "rating": "10",
    "author": "dhfp****",
    "review_id": "1972223",
    "movie_id": "41592"
  },
  {
    "review": "린제이 영화 중 최악...",
    "date": "07.08.21",
    "rating": "6",
    "author": "free****",
    "review_id": "1967432",
    "movie_id": "41592"
  }
]