[
  {
    "review": "20년전 영화같은 스타일에 너무 종교적인 영화였다. 지루하고 포스터에서 기대한만큼 감동도 못 느꼈다.",
    "date": "15.07.12",
    "rating": "6",
    "author": "ayhh****",
    "review_id": "10099098",
    "movie_id": "41595"
  },
  {
    "review": "뻔한 이야기지만 감동적이군",
    "date": "15.06.02",
    "rating": "6",
    "author": "guev****",
    "review_id": "9969794",
    "movie_id": "41595"
  },
  {
    "review": "너무 감동적인 영화입니다",
    "date": "15.03.22",
    "rating": "10",
    "author": "sabi****",
    "review_id": "9800398",
    "movie_id": "41595"
  },
  {
    "review": "끝까지 아픈엄마를 위해 내몸을 던져 희생한다",
    "date": "13.07.27",
    "rating": "10",
    "author": "wkwk****",
    "review_id": "7790841",
    "movie_id": "41595"
  },
  {
    "review": "유머도 있고, 완전 감동적이었다~",
    "date": "13.07.07",
    "rating": "10",
    "author": "vita****",
    "review_id": "7714321",
    "movie_id": "41595"
  },
  {
    "review": "이 정도면 10점 ㅋ 남자주인공이 재밌음.",
    "date": "13.06.02",
    "rating": "10",
    "author": "23be****",
    "review_id": "7573128",
    "movie_id": "41595"
  },
  {
    "review": "뻔한결말(엄마가 깨어남,퇴학을안당함)과 뻔하지않은결말(1등은못함)과 약간의 감동. 문제아가 바뀌는 과정. 내용구성은 좋은듯 ㅋㅋ연기 굿",
    "date": "12.09.17",
    "rating": "9",
    "author": "alsl****",
    "review_id": "6708762",
    "movie_id": "41595"
  },
  {
    "review": "최고다",
    "date": "12.09.15",
    "rating": "10",
    "author": "ggur****",
    "review_id": "6701592",
    "movie_id": "41595"
  },
  {
    "review": "왜 그냥 1등 먹고 엄마 깨어났다고 하지?",
    "date": "12.08.28",
    "rating": "3",
    "author": "expr****",
    "review_id": "6650567",
    "movie_id": "41595"
  },
  {
    "review": "보다 절정에서 눈물이 터져나왔다 슬픈영화가 아닌데 그냥 터져나옴..",
    "date": "12.07.15",
    "rating": "10",
    "author": "kjj1****",
    "review_id": "6483122",
    "movie_id": "41595"
  },
  {
    "review": "짱!!! 너무 재밌다~~",
    "date": "12.07.06",
    "rating": "10",
    "author": "dlwn****",
    "review_id": "6450552",
    "movie_id": "41595"
  },
  {
    "review": "숨겨진 수작",
    "date": "12.06.01",
    "rating": "8",
    "author": "marc****",
    "review_id": "6355049",
    "movie_id": "41595"
  },
  {
    "review": "기독ㄱ교 영화? 희망을 주는 영화? 나름괜찮넹..",
    "date": "12.05.27",
    "rating": "8",
    "author": "tjsa****",
    "review_id": "6336830",
    "movie_id": "41595"
  },
  {
    "review": "이런 내용 너무 좋다..",
    "date": "12.03.24",
    "rating": "10",
    "author": "zmfh****",
    "review_id": "6165876",
    "movie_id": "41595"
  },
  {
    "review": "질풍노도의 음탕한(?) 소년의 순진한 달리기",
    "date": "12.01.20",
    "rating": "9",
    "author": "ccpp****",
    "review_id": "6003133",
    "movie_id": "41595"
  },
  {
    "review": "소년을 응원하지 않을 수가 없게 된다",
    "date": "12.01.20",
    "rating": "9",
    "author": "rame****",
    "review_id": "6003128",
    "movie_id": "41595"
  },
  {
    "review": "지루한 영화일 줄 알았는데, 유쾌했다",
    "date": "12.01.20",
    "rating": "9",
    "author": "kpcc****",
    "review_id": "6003126",
    "movie_id": "41595"
  },
  {
    "review": "기적은 이미 일어났다.",
    "date": "12.01.02",
    "rating": "10",
    "author": "duda****",
    "review_id": "5954884",
    "movie_id": "41595"
  },
  {
    "review": "기억이 가물가물하지만 깨끗한건 기억나는",
    "date": "11.11.20",
    "rating": "9",
    "author": "iii1****",
    "review_id": "5862242",
    "movie_id": "41595"
  },
  {
    "review": "뻔한 내러티브와 전개지만 좋은 소재에 아이의 순수함과 감동이 좋았다..",
    "date": "11.09.27",
    "rating": "7",
    "author": "wind****",
    "review_id": "5756141",
    "movie_id": "41595"
  },
  {
    "review": "잔잔한 감동 ...  ^ ^",
    "date": "11.08.25",
    "rating": "10",
    "author": "dkma****",
    "review_id": "5687052",
    "movie_id": "41595"
  },
  {
    "review": "뻔해도 재밋지 않은가?",
    "date": "11.08.13",
    "rating": "10",
    "author": "bvig****",
    "review_id": "5646769",
    "movie_id": "41595"
  },
  {
    "review": "글세 위트 감동 다 좋지만 너무 뻔하지 않은가...",
    "date": "11.07.18",
    "rating": "5",
    "author": "trac****",
    "review_id": "5553014",
    "movie_id": "41595"
  },
  {
    "review": "순수함이 그대로 감동으로 몰려온다",
    "date": "11.06.04",
    "rating": "9",
    "author": "reno****",
    "review_id": "5462868",
    "movie_id": "41595"
  },
  {
    "review": "주인공의 순진무구함, 재치있는 위트, 다소 식상하고 뻔한 전개지만 잔잔한 감동",
    "date": "11.05.30",
    "rating": "7",
    "author": "sioh****",
    "review_id": "5455731",
    "movie_id": "41595"
  },
  {
    "review": "마지막에 울뻔햇다힝",
    "date": "11.05.27",
    "rating": "10",
    "author": "insu****",
    "review_id": "5450490",
    "movie_id": "41595"
  },
  {
    "review": "뻔한스토리지만  잔잔한감동은 있다....실화라면 더 좋앗을텐데 하는 아쉬움..",
    "date": "11.02.24",
    "rating": "6",
    "author": "kimk****",
    "review_id": "5271172",
    "movie_id": "41595"
  },
  {
    "review": "할말없다. 진짜 감동.. 마라톤은 기쁨인것같다.",
    "date": "11.01.26",
    "rating": "10",
    "author": "cgv3****",
    "review_id": "5184669",
    "movie_id": "41595"
  },
  {
    "review": "무난히 아름답게 그려졌다",
    "date": "11.01.17",
    "rating": "7",
    "author": "kimg****",
    "review_id": "5164628",
    "movie_id": "41595"
  },
  {
    "review": "감동적이긴한데 너무 일반적인 스토리라 예상되는곳이 많앗음..",
    "date": "11.01.10",
    "rating": "7",
    "author": "dlsd****",
    "review_id": "5148205",
    "movie_id": "41595"
  },
  {
    "review": "감동이안온다",
    "date": "10.12.30",
    "rating": "5",
    "author": "idko****",
    "review_id": "5102772",
    "movie_id": "41595"
  },
  {
    "review": "웃음,눈물,감동 모두를 가진 영화",
    "date": "10.12.08",
    "rating": "8",
    "author": "kyle****",
    "review_id": "5036120",
    "movie_id": "41595"
  },
  {
    "review": "그냥봤다가눈물콧물다짰음 ㅜ 순수한믿음이 부러웠어요",
    "date": "10.11.12",
    "rating": "10",
    "author": "thgm****",
    "review_id": "4955204",
    "movie_id": "41595"
  },
  {
    "review": "사고뭉치이지만 어머니에 대한 뜨건운 사랑이 눌물겨워 감동적이었다.",
    "date": "10.04.30",
    "rating": "10",
    "author": "andr****",
    "review_id": "4467795",
    "movie_id": "41595"
  },
  {
    "review": "분명 엄청난 감동을 느꼈는데 오래가지 못 해 아쉽다.",
    "date": "10.04.28",
    "rating": "10",
    "author": "wlfa****",
    "review_id": "4463097",
    "movie_id": "41595"
  },
  {
    "review": "지극히 일반적인 스토리, 지극히 일반적인 대사에서 나오는 벅찬 감동",
    "date": "10.04.28",
    "rating": "8",
    "author": "trit****",
    "review_id": "4462989",
    "movie_id": "41595"
  },
  {
    "review": "천국의 아이들에 비견될 만한 훌륭한 영화~ 굳~",
    "date": "10.04.23",
    "rating": "10",
    "author": "il_d****",
    "review_id": "4449429",
    "movie_id": "41595"
  },
  {
    "review": "좋은영화입니다",
    "date": "10.03.21",
    "rating": "10",
    "author": "monp****",
    "review_id": "4371503",
    "movie_id": "41595"
  },
  {
    "review": "기적을 이루려면.... 신념,순결,기도",
    "date": "10.03.16",
    "rating": "10",
    "author": "bych****",
    "review_id": "4361204",
    "movie_id": "41595"
  },
  {
    "review": "잔잔한 감동의 마음 따스해지는 영화..",
    "date": "10.02.19",
    "rating": "8",
    "author": "aset****",
    "review_id": "4300753",
    "movie_id": "41595"
  },
  {
    "review": "음... 그냥..좋다...",
    "date": "10.01.11",
    "rating": "10",
    "author": "lkj_****",
    "review_id": "4160889",
    "movie_id": "41595"
  },
  {
    "review": "우리 모두에게 이러한 기적이 이루어지길 바란다",
    "date": "10.01.09",
    "rating": "10",
    "author": "ok99****",
    "review_id": "4151368",
    "movie_id": "41595"
  },
  {
    "review": "분명 감동은 있는데 그다지 여운은 없다~~",
    "date": "09.12.01",
    "rating": "7",
    "author": "mygr****",
    "review_id": "4006718",
    "movie_id": "41595"
  },
  {
    "review": "마라톤뛸때 왤케 눈물이 나지 ㅜㅜ 짠하네",
    "date": "09.10.30",
    "rating": "9",
    "author": "cart****",
    "review_id": "3924590",
    "movie_id": "41595"
  },
  {
    "review": "잔잔한 감동의 영화",
    "date": "09.10.30",
    "rating": "7",
    "author": "sd83****",
    "review_id": "3924078",
    "movie_id": "41595"
  },
  {
    "review": "보고 울었다.",
    "date": "09.10.25",
    "rating": "10",
    "author": "k2jn****",
    "review_id": "3915687",
    "movie_id": "41595"
  },
  {
    "review": "노력하는 삶을 살라. 최선의 삶을 살라",
    "date": "09.10.01",
    "rating": "10",
    "author": "zomm****",
    "review_id": "3863406",
    "movie_id": "41595"
  },
  {
    "review": "감동적",
    "date": "09.07.27",
    "rating": "9",
    "author": "koge****",
    "review_id": "3673521",
    "movie_id": "41595"
  },
  {
    "review": "전형적이면서도 전형적이지만은 않은 점이 좋다. 한 예로 친절한 간호사 제니퍼 틸리!",
    "date": "09.07.05",
    "rating": "6",
    "author": "hele****",
    "review_id": "3612406",
    "movie_id": "41595"
  },
  {
    "review": "어린나이에 너무나도 좋은 경험을 하게해준 영화다.",
    "date": "09.07.05",
    "rating": "10",
    "author": "youn****",
    "review_id": "3612303",
    "movie_id": "41595"
  },
  {
    "review": "진짜엄청좋은영화예요 ㅠㅠ",
    "date": "09.07.05",
    "rating": "10",
    "author": "love****",
    "review_id": "3612299",
    "movie_id": "41595"
  },
  {
    "review": "꼭봐야할 영화. 끊임없게 미소짓게하고 감동으로 마무리되는 영화",
    "date": "09.06.03",
    "rating": "10",
    "author": "fred****",
    "review_id": "3542009",
    "movie_id": "41595"
  },
  {
    "review": "감동이 덜한 인간승리 드라마...",
    "date": "09.05.12",
    "rating": "8",
    "author": "2001****",
    "review_id": "3490452",
    "movie_id": "41595"
  },
  {
    "review": "이런 영화 치고 너무 억지 스토리.. 달리는 노력이 적어보임..",
    "date": "09.02.14",
    "rating": "6",
    "author": "aqua****",
    "review_id": "3301109",
    "movie_id": "41595"
  },
  {
    "review": "감동 ㅠㅠ 기적을 믿게 만드는 영화?ㅋㅋ 암튼 영화 괜찮네요",
    "date": "09.02.05",
    "rating": "10",
    "author": "calm****",
    "review_id": "3278700",
    "movie_id": "41595"
  },
  {
    "review": "이영화주인공 캐변태 ㅋㅋ",
    "date": "09.02.04",
    "rating": "10",
    "author": "mylo****",
    "review_id": "3276825",
    "movie_id": "41595"
  },
  {
    "review": "노력하는 삶을 살라. 최선의 삶을 살라",
    "date": "09.02.03",
    "rating": "9",
    "author": "skdi****",
    "review_id": "3275484",
    "movie_id": "41595"
  },
  {
    "review": "나,,참 부끄럽게 살아온거 같다...열심히 살자..",
    "date": "09.02.03",
    "rating": "10",
    "author": "sky8****",
    "review_id": "3274851",
    "movie_id": "41595"
  },
  {
    "review": "흠, 현실은 시궁창? ; 농담이고, 괜춘한 영화",
    "date": "09.01.31",
    "rating": "7",
    "author": "mony****",
    "review_id": "3266411",
    "movie_id": "41595"
  },
  {
    "review": "가슴뭉쿨^^찡한영화네요",
    "date": "09.01.31",
    "rating": "10",
    "author": "2004****",
    "review_id": "3265101",
    "movie_id": "41595"
  },
  {
    "review": "마음을 정화를 시켜주는 영화....",
    "date": "08.12.31",
    "rating": "8",
    "author": "jjos****",
    "review_id": "3171351",
    "movie_id": "41595"
  },
  {
    "review": "내 가슴을 울리는 영화 였다.. OST도 좋았다 ^ ^ ;;",
    "date": "08.11.11",
    "rating": "10",
    "author": "lees****",
    "review_id": "3045440",
    "movie_id": "41595"
  },
  {
    "review": "뻔하지만 가슴 찡해지는 영화, 가족영화의 모범.",
    "date": "08.11.10",
    "rating": "7",
    "author": "trak****",
    "review_id": "3043574",
    "movie_id": "41595"
  },
  {
    "review": "다시보고싶은영화",
    "date": "08.10.16",
    "rating": "10",
    "author": "woo6****",
    "review_id": "3002819",
    "movie_id": "41595"
  },
  {
    "review": "지루하지 않고 재밌게 봤으나, 조금은 시대에 뒤떨어진 스토리.",
    "date": "08.10.10",
    "rating": "8",
    "author": "kilk****",
    "review_id": "2992143",
    "movie_id": "41595"
  },
  {
    "review": "14살 소년에게 배울 점이 참 많다/ 하면 된다는 뜻을 내 머리에 새뇌시켜놓아준.",
    "date": "08.09.06",
    "rating": "10",
    "author": "wlgu****",
    "review_id": "2926392",
    "movie_id": "41595"
  },
  {
    "review": "그저그런감동영화라 생각하지마라! 많은걸 느끼게 해주는 정말 최고의 영화다.",
    "date": "08.08.21",
    "rating": "10",
    "author": "iras****",
    "review_id": "2891868",
    "movie_id": "41595"
  },
  {
    "review": "감히 최고라 말할 수 있는 영화! 영화가 끝난후 아직까지 여운이 감돈다. 최고!!",
    "date": "08.08.16",
    "rating": "10",
    "author": "ebeb****",
    "review_id": "2875691",
    "movie_id": "41595"
  },
  {
    "review": "나이먹고 이런영화를 즐겁게 보지는 못하리라 생각했는데, 좋았다.",
    "date": "08.08.06",
    "rating": "9",
    "author": "kjnz****",
    "review_id": "2842690",
    "movie_id": "41595"
  },
  {
    "review": "유쾌하다. 그리고 크진 않지만 억지스럽지 않은 깔끔한 감동 굿!!!!",
    "date": "08.07.22",
    "rating": "8",
    "author": "kmin****",
    "review_id": "2792167",
    "movie_id": "41595"
  },
  {
    "review": "상큼한 영화",
    "date": "08.07.13",
    "rating": "10",
    "author": "sury****",
    "review_id": "2760264",
    "movie_id": "41595"
  },
  {
    "review": "\"네모든것을걸어보았느냐?\"란물음에\"아니오\"라고말할수밖에없는우리기에더감동",
    "date": "08.06.16",
    "rating": "10",
    "author": "volk****",
    "review_id": "2702762",
    "movie_id": "41595"
  },
  {
    "review": "주위에서 기적을 보기란 쉽지않다. 기적을 향해 달리는것은 더 쉽지않다.",
    "date": "08.06.15",
    "rating": "10",
    "author": "4uka****",
    "review_id": "2700890",
    "movie_id": "41595"
  },
  {
    "review": "기적을 현실로 만들려는 그녀석의 뜨거운 질주가 시작된다.",
    "date": "08.05.24",
    "rating": "9",
    "author": "eveh****",
    "review_id": "2659322",
    "movie_id": "41595"
  },
  {
    "review": "잘 만든 영화. 정말 감동적이지만 착한 영화의 정석대로 결말이 뻔하다..",
    "date": "08.05.03",
    "rating": "9",
    "author": "wlwk****",
    "review_id": "2614053",
    "movie_id": "41595"
  },
  {
    "review": "인간의 한계를 넘어서려고 하는 노력과 감동은 정말 최고였다!",
    "date": "08.04.10",
    "rating": "10",
    "author": "gpff****",
    "review_id": "2572784",
    "movie_id": "41595"
  },
  {
    "review": "종교적인것을 떠나서.......정말 최고다!!",
    "date": "08.03.20",
    "rating": "10",
    "author": "wony****",
    "review_id": "2531041",
    "movie_id": "41595"
  },
  {
    "review": "소재는 좋으나 이도저도 아닌 중도를 지킴.",
    "date": "08.03.20",
    "rating": "7",
    "author": "befo****",
    "review_id": "2530000",
    "movie_id": "41595"
  },
  {
    "review": "교회쟁이들한테 낚였다...헐~ 7점이면 충분",
    "date": "08.03.14",
    "rating": "1",
    "author": "naen****",
    "review_id": "2520489",
    "movie_id": "41595"
  },
  {
    "review": "한마음이 될수 있음은 모두 위대하다는 것을 느낄수 있었던 좋은 영화 였습니다.",
    "date": "08.03.02",
    "rating": "10",
    "author": "jhrh****",
    "review_id": "2497946",
    "movie_id": "41595"
  },
  {
    "review": "때론 강력한 신념이 엄청난 결과를 낳는다는걸 우린 이미 보았다..한일월드컵 4강..",
    "date": "08.02.09",
    "rating": "10",
    "author": "jaux****",
    "review_id": "2426123",
    "movie_id": "41595"
  },
  {
    "review": "하나님:  You can do it Ralph, you can make a miracle!  Run!",
    "date": "08.01.30",
    "rating": "10",
    "author": "hong****",
    "review_id": "2387027",
    "movie_id": "41595"
  },
  {
    "review": "돈내고 봐도 아깝진 않다, 하지만 눈가만 약간 촉촉, 흐르진 않는 영화.",
    "date": "08.01.27",
    "rating": "8",
    "author": "hong****",
    "review_id": "2377743",
    "movie_id": "41595"
  },
  {
    "review": "이렇게 감동적인 영화는 처음이다. 정말 마음에 와닷는다. 감동!!!",
    "date": "08.01.23",
    "rating": "10",
    "author": "700w****",
    "review_id": "2360964",
    "movie_id": "41595"
  },
  {
    "review": "감동적이다.",
    "date": "08.01.20",
    "rating": "8",
    "author": "spah****",
    "review_id": "2352342",
    "movie_id": "41595"
  },
  {
    "review": "웃음과 감동이 들어있던 영화. 정말 최고!!!!",
    "date": "08.01.18",
    "rating": "10",
    "author": "stor****",
    "review_id": "2344772",
    "movie_id": "41595"
  },
  {
    "review": "잔잔한 감동이 깊은 성장 드라마~",
    "date": "08.01.17",
    "rating": "7",
    "author": "silv****",
    "review_id": "2338462",
    "movie_id": "41595"
  },
  {
    "review": "정신건강에 좋은 영화...",
    "date": "08.01.13",
    "rating": "8",
    "author": "taeh****",
    "review_id": "2326006",
    "movie_id": "41595"
  },
  {
    "review": "이런 영화는 감동이 깔려있으니까~",
    "date": "08.01.12",
    "rating": "8",
    "author": "pmab****",
    "review_id": "2320995",
    "movie_id": "41595"
  },
  {
    "review": "최고!",
    "date": "07.12.24",
    "rating": "10",
    "author": "tomt****",
    "review_id": "2260253",
    "movie_id": "41595"
  },
  {
    "review": "뻔한 대도 눈물납니다.",
    "date": "07.12.14",
    "rating": "8",
    "author": "ssun****",
    "review_id": "2232176",
    "movie_id": "41595"
  },
  {
    "review": "최고다..",
    "date": "07.12.09",
    "rating": "10",
    "author": "robi****",
    "review_id": "2217510",
    "movie_id": "41595"
  },
  {
    "review": "감동적이야. ㅠㅠ 주인공 남자애 좋아..",
    "date": "07.12.07",
    "rating": "9",
    "author": "zeze****",
    "review_id": "2212022",
    "movie_id": "41595"
  },
  {
    "review": "기적이 일어나는 과정을 소년을 통해 보여주고 있다.",
    "date": "07.12.06",
    "rating": "10",
    "author": "mane****",
    "review_id": "2209816",
    "movie_id": "41595"
  },
  {
    "review": "엄마를 위해 노력하는 모습이 멋졌다 마지막에 기적이일어나서 더 좋았다",
    "date": "07.12.05",
    "rating": "8",
    "author": "minh****",
    "review_id": "2208231",
    "movie_id": "41595"
  },
  {
    "review": "사춘기 명랑소년의 기적을 향한 소박한 염원에 외치다 - 런. 워커!",
    "date": "07.11.30",
    "rating": "6",
    "author": "paci****",
    "review_id": "2194217",
    "movie_id": "41595"
  },
  {
    "review": "진부한스토리지만 괜찮았다",
    "date": "07.11.15",
    "rating": "9",
    "author": "sylo****",
    "review_id": "2152956",
    "movie_id": "41595"
  },
  {
    "review": "잔잔하다..",
    "date": "07.10.11",
    "rating": "7",
    "author": "mhm9****",
    "review_id": "2083740",
    "movie_id": "41595"
  },
  {
    "review": "네 전부를 걸어본적 있니? yes 혹은 no 기적이란 매일 일어나기도 한",
    "date": "07.09.28",
    "rating": "7",
    "author": "cals****",
    "review_id": "2056419",
    "movie_id": "41595"
  },
  {
    "review": "특별할 것 없는 카톨릭 소년의 성장기",
    "date": "07.09.26",
    "rating": "5",
    "author": "fred****",
    "review_id": "2052522",
    "movie_id": "41595"
  }
]