[
  {
    "review": "지면 총살 이기면 영웅.나같아도 축구인생걸고 목숨걸고 뛰겠다.",
    "date": "15.07.29",
    "rating": "5",
    "author": "syd1****",
    "review_id": "10157253",
    "movie_id": "41686"
  },
  {
    "review": "지금 북한축구 실력은 허접이지만 최초로 아시아를 세계에 알리는 국대가 한국대표팀이 아니고 북한대표팀이었네",
    "date": "15.05.31",
    "rating": "9",
    "author": "5454****",
    "review_id": "9965153",
    "movie_id": "41686"
  },
  {
    "review": "말로만 들었던 북한선수들의 플레이가 화려했다.이탈리아를 잡고 포르투칼을 겁주다니..하지만 수령님 어쩌고 하며 눈물짜는 장면은 배꼽잡고 웃었지만..의식이라는게 참 무섭다.",
    "date": "13.10.09",
    "rating": "8",
    "author": "2601****",
    "review_id": "8046874",
    "movie_id": "41686"
  },
  {
    "review": "주세페 20~30년대 활약한 선수아닌가 그딴 가정은 무슨북괴 8강 위엄",
    "date": "13.04.24",
    "rating": "1",
    "author": "stpl****",
    "review_id": "7477707",
    "movie_id": "41686"
  },
  {
    "review": "재미있다. 좀 웃기기도 하다. -0-;;;;",
    "date": "11.11.12",
    "rating": "8",
    "author": "ksyi****",
    "review_id": "5843534",
    "movie_id": "41686"
  },
  {
    "review": "남아공월드컵직전에보고 북한이또다시신화를쓰지않을까하고기대했건만........핰ㅋㅋ",
    "date": "10.10.05",
    "rating": "8",
    "author": "kimy****",
    "review_id": "4886393",
    "movie_id": "41686"
  },
  {
    "review": "좋은 다큐. 북한이 월드컵에 나가서 족적을 남겼다는 것을 처음 알았다.",
    "date": "10.06.26",
    "rating": "10",
    "author": "0104****",
    "review_id": "4591978",
    "movie_id": "41686"
  },
  {
    "review": "good",
    "date": "10.06.11",
    "rating": "7",
    "author": "can3****",
    "review_id": "4557823",
    "movie_id": "41686"
  },
  {
    "review": "이탈리아 그때 주세페 메아차만 있엇으면 ㅡㅡ 재미있내",
    "date": "09.08.10",
    "rating": "10",
    "author": "zhsm****",
    "review_id": "3732983",
    "movie_id": "41686"
  },
  {
    "review": "그런날이 또다시 오리라",
    "date": "09.02.01",
    "rating": "7",
    "author": "bbq2****",
    "review_id": "3270867",
    "movie_id": "41686"
  },
  {
    "review": "김일성 찬향부분이 참많이나온듯 싶다 over? 어째건 1966사건을 자세히알수있어좋았다",
    "date": "08.08.04",
    "rating": "7",
    "author": "jjos****",
    "review_id": "2833382",
    "movie_id": "41686"
  },
  {
    "review": "호평받을 만한 다큐 영화. 반면 주석님하며 울먹이는 컷 등은 정신적 이방인 모습이다",
    "date": "08.07.25",
    "rating": "10",
    "author": "kos4****",
    "review_id": "2801998",
    "movie_id": "41686"
  },
  {
    "review": "어떤면에선 북한이 남한보다 더 강하고 고결한 것 같다. 전반적으로 재밌기도하다.",
    "date": "08.05.27",
    "rating": "10",
    "author": "snot****",
    "review_id": "2666139",
    "movie_id": "41686"
  },
  {
    "review": "나름대로 볼 가치는 있다",
    "date": "08.03.01",
    "rating": "7",
    "author": "tico****",
    "review_id": "2496335",
    "movie_id": "41686"
  },
  {
    "review": "우리가 봐도, 외국인이 봐도, 북한 주민이 봐도 마음에 들 수작.",
    "date": "07.11.29",
    "rating": "9",
    "author": "rega****",
    "review_id": "2191665",
    "movie_id": "41686"
  },
  {
    "review": "진정한 축구팬, 축구인에 대해 다시 생각해보게 된다.",
    "date": "07.10.03",
    "rating": "9",
    "author": "cat1****",
    "review_id": "2067517",
    "movie_id": "41686"
  },
  {
    "review": "괜찮으나 본인은 '어떤나라'를 더 인상깊게 봄",
    "date": "07.09.16",
    "rating": "8",
    "author": "maru****",
    "review_id": "2024477",
    "movie_id": "41686"
  },
  {
    "review": "괜찮음",
    "date": "07.08.23",
    "rating": "9",
    "author": "tolb****",
    "review_id": "1972425",
    "movie_id": "41686"
  },
  {
    "review": "생각지도 못한,공감가지 못했던 부분들이 참 쉽게 전달되어 좋았다",
    "date": "07.08.22",
    "rating": "9",
    "author": "seok****",
    "review_id": "1968814",
    "movie_id": "41686"
  },
  {
    "review": "놀라운 다큐",
    "date": "07.08.12",
    "rating": "10",
    "author": "dlfk****",
    "review_id": "1926208",
    "movie_id": "41686"
  },
  {
    "review": "우리에게는 보이지 않았던 면을 영국인의 눈으로 보기",
    "date": "07.07.30",
    "rating": "10",
    "author": "mala****",
    "review_id": "1826162",
    "movie_id": "41686"
  },
  {
    "review": "김일성김정일이북한에선하느님이네.축구와관계없는로리타들홍보하는거야66월드컵",
    "date": "07.06.09",
    "rating": "5",
    "author": "zzzo****",
    "review_id": "1692061",
    "movie_id": "41686"
  },
  {
    "review": "잠시나마 모든 벽을 허물고 손잡는 느낌. 아, 영광의 그 날이여!",
    "date": "07.02.23",
    "rating": "6",
    "author": "hadl****",
    "review_id": "1496424",
    "movie_id": "41686"
  },
  {
    "review": "꼭 북한이 배경이 아니라도 작품이 재밌어요.",
    "date": "07.02.03",
    "rating": "9",
    "author": "slbm****",
    "review_id": "1439541",
    "movie_id": "41686"
  },
  {
    "review": "서방에서 본 북한의 위업 우리나라 4강이 생각난다",
    "date": "06.12.23",
    "rating": "5",
    "author": "okjo****",
    "review_id": "1316736",
    "movie_id": "41686"
  },
  {
    "review": "우리 2002월드컵 4강 진출과 왜 일케 공감되게 비슷한지...",
    "date": "06.12.21",
    "rating": "10",
    "author": "mins****",
    "review_id": "1311953",
    "movie_id": "41686"
  },
  {
    "review": "서방세계에서 북한을 바라보는 선입견같은건 없었다",
    "date": "06.12.20",
    "rating": "9",
    "author": "real****",
    "review_id": "1307769",
    "movie_id": "41686"
  },
  {
    "review": "남한에선 그들이 탄광에 끌려갔다는 소문이 돌았다.. 쪽팔려.",
    "date": "06.12.19",
    "rating": "9",
    "author": "o_ps****",
    "review_id": "1305264",
    "movie_id": "41686"
  },
  {
    "review": "이념을 빼고 보면 흥미로운 북한과 그들의 정신력",
    "date": "06.12.16",
    "rating": "9",
    "author": "raci****",
    "review_id": "1298178",
    "movie_id": "41686"
  },
  {
    "review": "북한을 볼 수 있었다는 것만으로 좋았다..",
    "date": "06.07.26",
    "rating": "8",
    "author": "vuud****",
    "review_id": "923611",
    "movie_id": "41686"
  },
  {
    "review": "북한에 대한 인식이 달라진다...",
    "date": "06.07.12",
    "rating": "10",
    "author": "nice****",
    "review_id": "885892",
    "movie_id": "41686"
  },
  {
    "review": "영화라기보단 다큐!!",
    "date": "06.04.23",
    "rating": "7",
    "author": "2502****",
    "review_id": "772118",
    "movie_id": "41686"
  },
  {
    "review": "우리의 4강진출만큼의 흥분을 느낌. 제발 독일에서 그래주길",
    "date": "06.03.26",
    "rating": "10",
    "author": "lshp****",
    "review_id": "736219",
    "movie_id": "41686"
  },
  {
    "review": "북한서이러한작품을촬영했다는노력은대단한것이다.",
    "date": "06.03.10",
    "rating": "7",
    "author": "izzo****",
    "review_id": "711162",
    "movie_id": "41686"
  },
  {
    "review": "전혀 지루하지 않았으며 때로는 눈물을 불렀던…",
    "date": "05.12.29",
    "rating": "10",
    "author": "vgkd****",
    "review_id": "538764",
    "movie_id": "41686"
  },
  {
    "review": "2002월드컵의 korea 이전엔 1966년의 korea가 있었다",
    "date": "05.12.23",
    "rating": "10",
    "author": "catl****",
    "review_id": "522616",
    "movie_id": "41686"
  },
  {
    "review": "담담하게 서술해낸 기적같은 스포츠사의 한 이변..",
    "date": "05.12.16",
    "rating": "9",
    "author": "choe****",
    "review_id": "508987",
    "movie_id": "41686"
  },
  {
    "review": "텅빈 상영관, 홀로 보다 슛에 박수치며 벌떡 일어난 나",
    "date": "05.10.04",
    "rating": "8",
    "author": "leni****",
    "review_id": "433574",
    "movie_id": "41686"
  },
  {
    "review": "역시 스포츠는 만국공통어이다. 언어와 국경, 이념을 초월한...",
    "date": "05.09.17",
    "rating": "9",
    "author": "warm****",
    "review_id": "409369",
    "movie_id": "41686"
  },
  {
    "review": "영화 같은 다큐, 내용을 떠나서 그 표현양식만으로도 대단",
    "date": "05.08.28",
    "rating": "10",
    "author": "che2****",
    "review_id": "386478",
    "movie_id": "41686"
  },
  {
    "review": "대단한 영화다. 추천 백번한다. 조국과인민을 사랑할 줄 안다",
    "date": "05.08.27",
    "rating": "10",
    "author": "pigm****",
    "review_id": "385059",
    "movie_id": "41686"
  },
  {
    "review": "전혀기억이안난다 ㅡㅡ",
    "date": "05.08.19",
    "rating": "2",
    "author": "gkse****",
    "review_id": "373734",
    "movie_id": "41686"
  },
  {
    "review": "2002년 월드컵 이탈리아전 \"again 1966\" 을 기억한다면 강추!",
    "date": "05.08.03",
    "rating": "10",
    "author": "aryu****",
    "review_id": "349600",
    "movie_id": "41686"
  },
  {
    "review": "잼없음",
    "date": "05.07.26",
    "rating": "1",
    "author": "good****",
    "review_id": "335700",
    "movie_id": "41686"
  }
]