[
  {
    "review": "매력적인 요소는 있지만 마냥 좋게 보기엔 인물의 등장과 퇴장 그리고 진행 등이 시종일관 밑도 끝도 없다",
    "date": "15.08.08",
    "rating": "2",
    "author": "wjsr****",
    "review_id": "10200470",
    "movie_id": "41838"
  },
  {
    "review": "여 주인공이 내스타일이다.",
    "date": "15.06.14",
    "rating": "10",
    "author": "kjw9****",
    "review_id": "10000910",
    "movie_id": "41838"
  },
  {
    "review": "나만 그런게 아니였네 저도 여주때문에 빡쳐서 평점 남겨요 영화는 제 스타일인데 여주가 정말 비호감이라서 계속 명령하지말고 좀 본인 스스스로 하세요 아우 민폐",
    "date": "14.11.23",
    "rating": "8",
    "author": "dmfk****",
    "review_id": "9415919",
    "movie_id": "41838"
  },
  {
    "review": "폐쇄적 공포감을 최대한 이끌어내는 탁월한 공간 활용법",
    "date": "14.10.13",
    "rating": "7",
    "author": "goms****",
    "review_id": "9289540",
    "movie_id": "41838"
  },
  {
    "review": "이거 그냥저냥 괜찮았던거같은데 평점ㅇ 너무짜네",
    "date": "14.05.25",
    "rating": "6",
    "author": "kkot****",
    "review_id": "8762102",
    "movie_id": "41838"
  },
  {
    "review": "꽤 괜찮은 영화였음 쫄깃쫄깃한 긴장감에 볼만했어요",
    "date": "14.03.27",
    "rating": "7",
    "author": "zard****",
    "review_id": "8610813",
    "movie_id": "41838"
  },
  {
    "review": "별 한개도 아깝다.. 속터지다 못해 내가 이걸 끝까지 봐야 하나 싶다.. 보다가 리뷰쓴다..",
    "date": "14.03.23",
    "rating": "1",
    "author": "ezzm****",
    "review_id": "8601947",
    "movie_id": "41838"
  },
  {
    "review": "스릴러를 좋아하는 나로서 이 영화 별로 기대 안했는데 그 이상이었다. 지하철이라는 밀폐된 공간과 한정적인 곳은 영화 배경의 신의 한수 였으며, 아무도 없는 소리를 질러도 도움을 받지 못하는 것은 긴장감을 유발하기에 충분했다. 다만 매끄럽지 못하였다.",
    "date": "14.01.23",
    "rating": "8",
    "author": "yong****",
    "review_id": "8415168",
    "movie_id": "41838"
  },
  {
    "review": "별하나도 아까운 영화 ㅡㅡ",
    "date": "13.12.12",
    "rating": "1",
    "author": "hiok****",
    "review_id": "8208897",
    "movie_id": "41838"
  },
  {
    "review": "B급영화 좋아하지만 추천은 못하겠다",
    "date": "13.11.07",
    "rating": "4",
    "author": "west****",
    "review_id": "8121171",
    "movie_id": "41838"
  },
  {
    "review": "이렇게 재미없어도 되나 싶을 정도로 드릅게 재미없네유.",
    "date": "13.11.01",
    "rating": "1",
    "author": "real****",
    "review_id": "8107114",
    "movie_id": "41838"
  },
  {
    "review": "한 줄로 설명가능 여주인공 호구 진짜 소리 지르는 것만 할 줄 암  , 이 년때문에 흑형이 죽었어",
    "date": "13.09.29",
    "rating": "1",
    "author": "kuk9****",
    "review_id": "8022288",
    "movie_id": "41838"
  },
  {
    "review": "어느영화에서나 마찬가지지만  여자들 민폐 짜증난다 과음만 꽥꽥질러서 적에게 위치알려주질않나 하는것도없이 남자들한테 이래라저래라 명령하질않나 결정적인순간마다 민폐 짜증난다  하지만 어느영화에서나 여자가 생존률이 높다는거 위험한일은 남자한테 시켜서그런갑다",
    "date": "13.09.14",
    "rating": "5",
    "author": "shar****",
    "review_id": "7977438",
    "movie_id": "41838"
  },
  {
    "review": "이렇게하면 좀 있어보이겠지? 하는 장면들만 모아놓은듯한 초등학생용 영화수준이다 1점도아까움",
    "date": "13.09.11",
    "rating": "1",
    "author": "oom_****",
    "review_id": "7966068",
    "movie_id": "41838"
  },
  {
    "review": "여주인공은 소리지르는것 말곤 재주가 없음. 각본이 최악임;; 살인마를 주먹으로 줘 패놓고선 남한테 끝장내라더니 자기가 죽을때까지 가만있는 흑인 조지..그옆에서 소리만 지르고 있는 여주인공...인간의 생존본능을 기만하는 영화",
    "date": "13.08.04",
    "rating": "1",
    "author": "jung****",
    "review_id": "7832511",
    "movie_id": "41838"
  },
  {
    "review": "2007년에 봤었는데.... 얼마나 쓰레기인지 아직도 생생히 기억난다....",
    "date": "13.07.04",
    "rating": "1",
    "author": "mido****",
    "review_id": "7702640",
    "movie_id": "41838"
  },
  {
    "review": "와 공포영화 진짜 많이 봤지만 최악 3위 안에 든다. 쓰레기라서 1점도 못주겠음. 기가막히다 못해 화가남. 개연성, 공포감, 반전 뭐하나 제대로 된 것이 없는 영화.",
    "date": "13.07.02",
    "rating": "1",
    "author": "muse****",
    "review_id": "7698459",
    "movie_id": "41838"
  },
  {
    "review": "여주 속터지는 영화 갑",
    "date": "13.06.08",
    "rating": "1",
    "author": "iwh2****",
    "review_id": "7609339",
    "movie_id": "41838"
  },
  {
    "review": "초반에는 흥미진진. 하지만 중반이후 급격히 다운되는 페이스.",
    "date": "13.05.12",
    "rating": "4",
    "author": "rkrb****",
    "review_id": "7524000",
    "movie_id": "41838"
  },
  {
    "review": "속이답답해 터질뻔했네",
    "date": "13.05.03",
    "rating": "1",
    "author": "khsz****",
    "review_id": "7503356",
    "movie_id": "41838"
  },
  {
    "review": "지하철이 끊어진지 한참 지난 암흑의 새벽 시간, 외부와 단절된 역사 밑 공간의 고립성, 중반까지 긴장감은 괜찮았으나 괴물의 존재가 드러난 순간부터 완전히 땅바닥에 떨어지는 긴장감, 빈약한 괴물에 대한 허탈함과 주인공의 답답한 대처가 짜증나는...",
    "date": "13.04.04",
    "rating": "2",
    "author": "sioh****",
    "review_id": "7435201",
    "movie_id": "41838"
  },
  {
    "review": "고통받기를 두려워하는 자는 두려움 때문에 고통을 받는다.",
    "date": "13.02.23",
    "rating": "8",
    "author": "kos4****",
    "review_id": "7292040",
    "movie_id": "41838"
  },
  {
    "review": "할로윈보다 더 ㅄ같은 영화는 처음이다",
    "date": "13.01.27",
    "rating": "1",
    "author": "haid****",
    "review_id": "7183808",
    "movie_id": "41838"
  },
  {
    "review": "제목을 \"노숙인의 탄생\" , \"여자1호 노숙인\" 이렇게 지으면 대박 평점 높았겠다.",
    "date": "13.01.22",
    "rating": "1",
    "author": "gasi****",
    "review_id": "7144264",
    "movie_id": "41838"
  },
  {
    "review": "여주가 너무 ㅂㅅ같아요;;;죽일기회가 몇번이나있었는데 개답답함",
    "date": "12.11.07",
    "rating": "5",
    "author": "shri****",
    "review_id": "6861541",
    "movie_id": "41838"
  },
  {
    "review": "내가 여자라서 그런지 무섭다..",
    "date": "12.10.21",
    "rating": "7",
    "author": "shwo****",
    "review_id": "6816898",
    "movie_id": "41838"
  },
  {
    "review": "적당히 긴장감 조성에 애를 썼지만 상황설정과 스토리전개는 B급이하",
    "date": "12.10.02",
    "rating": "5",
    "author": "bcm0****",
    "review_id": "6751799",
    "movie_id": "41838"
  },
  {
    "review": "생에 최악의 영화 5위안에 듬",
    "date": "12.09.14",
    "rating": "1",
    "author": "winc****",
    "review_id": "6694498",
    "movie_id": "41838"
  },
  {
    "review": "난 완전 무섭게 봤는데 ㅋ 완전 굳",
    "date": "12.08.07",
    "rating": "10",
    "author": "duta****",
    "review_id": "6578850",
    "movie_id": "41838"
  },
  {
    "review": "무슨 우주괴물도 아니고 ㅋㅋ 하나도 안무섭고 여주인공이 착해 ㅋ",
    "date": "12.07.11",
    "rating": "8",
    "author": "dfdv****",
    "review_id": "6469538",
    "movie_id": "41838"
  },
  {
    "review": "스킵해가면서 보시면 꽤 재밌어요",
    "date": "12.05.20",
    "rating": "2",
    "author": "sdy0****",
    "review_id": "6315856",
    "movie_id": "41838"
  },
  {
    "review": "진짜 시간이아까운영화ㅡ;ㅡ 보다가삭제하긴처음이다 여자주인공답답해ㅇㄴ론이ㅏ",
    "date": "12.04.13",
    "rating": "1",
    "author": "ppp3****",
    "review_id": "6217027",
    "movie_id": "41838"
  },
  {
    "review": "내용 이해가 안되구만",
    "date": "12.03.01",
    "rating": "1",
    "author": "mey4****",
    "review_id": "6114999",
    "movie_id": "41838"
  },
  {
    "review": "그때는 볼만했습니다",
    "date": "12.02.28",
    "rating": "7",
    "author": "fren****",
    "review_id": "6110458",
    "movie_id": "41838"
  },
  {
    "review": "여주인공이너무답답함동정으로살려줌남자죽게나둠뭐이래....그래도처음엔신선햇음",
    "date": "12.02.21",
    "rating": "3",
    "author": "gywl****",
    "review_id": "6092357",
    "movie_id": "41838"
  },
  {
    "review": "초중반부까지 괜찮은 스릴러이나 후반 갈수록 여주인공 죠낸 답답+주인공들 장기자랑연기",
    "date": "12.02.19",
    "rating": "5",
    "author": "virt****",
    "review_id": "6088237",
    "movie_id": "41838"
  },
  {
    "review": "한6점정도되야되는데,평점이낮아서10점드림ㅋㄷ여자라그런지 더 긴장감있게봤음 ㅠㅠ",
    "date": "12.01.22",
    "rating": "10",
    "author": "y0yu****",
    "review_id": "6010627",
    "movie_id": "41838"
  },
  {
    "review": "나름 괜찮음 ㅋㅋㅋ",
    "date": "11.12.27",
    "rating": "9",
    "author": "youw****",
    "review_id": "5939203",
    "movie_id": "41838"
  },
  {
    "review": "충분히 스릴있고 오락성있는 호러물. 호러물 안좋아하면 그냥 보지마라 1점쳐주지말고",
    "date": "11.12.19",
    "rating": "10",
    "author": "kjk9****",
    "review_id": "5916067",
    "movie_id": "41838"
  },
  {
    "review": "왜 나쁜평이 이렇게많나요  초반긴장감못지않게전체적으로 볼만했는데..잼있음",
    "date": "11.12.14",
    "rating": "10",
    "author": "chun****",
    "review_id": "5904715",
    "movie_id": "41838"
  },
  {
    "review": "진부했지만 소재는 한번쯤 생각해볼만한. 실제로도 늦저녁 지하철 분위기는 쩔죠~",
    "date": "11.10.28",
    "rating": "4",
    "author": "orra****",
    "review_id": "5813969",
    "movie_id": "41838"
  },
  {
    "review": "엽기, 잔혹, 발랄..긴장감의 연속  몰입력 있는 잔혹 스릴러",
    "date": "11.09.25",
    "rating": "6",
    "author": "hoon****",
    "review_id": "5750999",
    "movie_id": "41838"
  },
  {
    "review": "그렇게 답답할수 없는 영화, 왜 괴물한테 동정심을 가짐? 그렇게 당해놓고? 욕나와",
    "date": "11.08.18",
    "rating": "3",
    "author": "fire****",
    "review_id": "5666484",
    "movie_id": "41838"
  },
  {
    "review": "이영화 보니 이영화 집에서 본건데 이영화 쓰레기네",
    "date": "11.08.17",
    "rating": "1",
    "author": "cc96****",
    "review_id": "5662561",
    "movie_id": "41838"
  },
  {
    "review": "영화보지말고 잘걸 그랬다..아 개 존나 피곤하네",
    "date": "11.07.31",
    "rating": "1",
    "author": "leaf****",
    "review_id": "5585029",
    "movie_id": "41838"
  },
  {
    "review": "전세계사람들이 답답함에 경악했으리라",
    "date": "11.07.25",
    "rating": "3",
    "author": "cndx****",
    "review_id": "5567612",
    "movie_id": "41838"
  },
  {
    "review": "초반빼곤 걍다쓰레기 ..",
    "date": "11.07.13",
    "rating": "1",
    "author": "choi****",
    "review_id": "5540198",
    "movie_id": "41838"
  },
  {
    "review": "처음엔 오.. 이러면서 보다가 점점 응? 하면서 쭉쭉 넘겨서 봤다. 어쩌라고? 가 절로나오는 졸작.",
    "date": "11.06.23",
    "rating": "1",
    "author": "hyun****",
    "review_id": "5494851",
    "movie_id": "41838"
  },
  {
    "review": "오늘 회사가 한가해서 보고 퇴근하려는찰나에.. 이런걸......담배피고싶음..",
    "date": "11.06.15",
    "rating": "1",
    "author": "offs****",
    "review_id": "5482567",
    "movie_id": "41838"
  },
  {
    "review": "공포 영화보다 졸아보긴 오랜만이네 스토리도 모르겠고 진짜 최악",
    "date": "11.06.12",
    "rating": "1",
    "author": "dhwj****",
    "review_id": "5477606",
    "movie_id": "41838"
  },
  {
    "review": "괴물정체 알고부터 지하철 한복판에서 1대1로 떠도 이길수 있겠다는 자신감이 생겼다.",
    "date": "11.05.23",
    "rating": "2",
    "author": "ijt8****",
    "review_id": "5446381",
    "movie_id": "41838"
  },
  {
    "review": "영화도 못만들었지만 이건 탄생하지 말았어야할 그자체로 쓰레기임..",
    "date": "11.05.23",
    "rating": "1",
    "author": "kis5****",
    "review_id": "5445466",
    "movie_id": "41838"
  },
  {
    "review": "죽일꺼면 확실히 죽이던지.. 한마디로 여주인공이 ㅄ인 영화",
    "date": "11.05.22",
    "rating": "1",
    "author": "suna****",
    "review_id": "5444035",
    "movie_id": "41838"
  },
  {
    "review": "배우들 전부 개발 연기에다가 어설픈 오크 1마리 등장ㅋㅋ..정말 초딩용 공포 영화다",
    "date": "11.05.19",
    "rating": "1",
    "author": "sama****",
    "review_id": "5436648",
    "movie_id": "41838"
  },
  {
    "review": "내눈엔 살려고 발버둥치는게아니라 죽을려고 발버둥치는걸러 보이지?",
    "date": "11.05.08",
    "rating": "1",
    "author": "kjj0****",
    "review_id": "5415843",
    "movie_id": "41838"
  },
  {
    "review": "평점이 왜이래.. 영화를 돌려서 봤나다들.. 알수없는 네이버평점. 봐도 후회없는 영화",
    "date": "11.04.25",
    "rating": "8",
    "author": "nege****",
    "review_id": "5391334",
    "movie_id": "41838"
  },
  {
    "review": "생애 제일 답답했던영화..처음으로 주인공이 죽길바랬다 안좋은평매기는것도 처음이네",
    "date": "11.04.24",
    "rating": "1",
    "author": "dudg****",
    "review_id": "5390196",
    "movie_id": "41838"
  },
  {
    "review": "답답하긴하다 ㅋㅋ뒤로갈수록 별로",
    "date": "11.04.13",
    "rating": "5",
    "author": "jung****",
    "review_id": "5371143",
    "movie_id": "41838"
  },
  {
    "review": "여주인공 그냥쳐되져버리지 ㅡㅡ",
    "date": "11.04.11",
    "rating": "1",
    "author": "jing****",
    "review_id": "5366940",
    "movie_id": "41838"
  },
  {
    "review": "진짜 0.5점도아깝다.디비디로도보지마세요 돈아까움.. 티비같은데서해주면보세요",
    "date": "11.04.08",
    "rating": "1",
    "author": "cwjc****",
    "review_id": "5360742",
    "movie_id": "41838"
  },
  {
    "review": "죽이면 안전100%인데 왜자꾸 도망을가 근데 디센트에나오는넘들 친구네ㅋㅋ",
    "date": "11.04.08",
    "rating": "5",
    "author": "hsmg****",
    "review_id": "5360734",
    "movie_id": "41838"
  },
  {
    "review": "좁만한 외계인할매한테 다뒤지냐 ㅋ 내가잇엇으면 한대도 안맞고 걍팬다",
    "date": "11.03.28",
    "rating": "1",
    "author": "kkdh****",
    "review_id": "5339102",
    "movie_id": "41838"
  },
  {
    "review": "절대반지는 어디 있지?",
    "date": "11.03.24",
    "rating": "1",
    "author": "fore****",
    "review_id": "5332709",
    "movie_id": "41838"
  },
  {
    "review": "답답해서 여주인공 내가 죽여버리고 싶었다...연출, 스토리, 연기력 모두 최악.",
    "date": "11.03.04",
    "rating": "1",
    "author": "mayo****",
    "review_id": "5293750",
    "movie_id": "41838"
  },
  {
    "review": "진짜 ㅅㅂ 살다살다 이땅 쓰레기영화는 첨보네ㅡㅡ",
    "date": "11.02.22",
    "rating": "1",
    "author": "qkrd****",
    "review_id": "5266033",
    "movie_id": "41838"
  },
  {
    "review": "그냥 최악임",
    "date": "11.02.13",
    "rating": "1",
    "author": "wits****",
    "review_id": "5239944",
    "movie_id": "41838"
  },
  {
    "review": "시나리오는 나쁘지 않은데..",
    "date": "11.02.12",
    "rating": "3",
    "author": "rush****",
    "review_id": "5237406",
    "movie_id": "41838"
  },
  {
    "review": "여배우의 발연기",
    "date": "11.01.24",
    "rating": "1",
    "author": "tmqr****",
    "review_id": "5181446",
    "movie_id": "41838"
  },
  {
    "review": "공포쪽은 6이상이면 괜찮긴한데. 이 영화는 최대5점밖에 못주겠네요.",
    "date": "10.11.23",
    "rating": "5",
    "author": "lmed****",
    "review_id": "4981857",
    "movie_id": "41838"
  },
  {
    "review": "약간 갑갑한거 빼곤 볼만했는데",
    "date": "10.08.27",
    "rating": "9",
    "author": "pop5****",
    "review_id": "4794929",
    "movie_id": "41838"
  },
  {
    "review": "완벽한 졸작 주위에서본다면 말린다. 다죽어가는놈 죽여달라고해도못죽이는 망할졸작",
    "date": "10.08.11",
    "rating": "1",
    "author": "kzoo****",
    "review_id": "4733984",
    "movie_id": "41838"
  },
  {
    "review": "응? 평점이왤케낮지? 스릴쩔엇고 존1나재밋게봣는데..",
    "date": "10.07.15",
    "rating": "10",
    "author": "hong****",
    "review_id": "4640698",
    "movie_id": "41838"
  },
  {
    "review": "낙태하는 여자는 죽어도 싸다고? 근데 죄없는 남자들은 왜죽였냐?ㅋㅋ",
    "date": "10.07.01",
    "rating": "1",
    "author": "gotd****",
    "review_id": "4602783",
    "movie_id": "41838"
  },
  {
    "review": "아이고 상OO들 다죽어가는 시체 한마리한테 쩔쩔매냐, 가다멈춘 운전사는 또 뭐여?",
    "date": "10.07.01",
    "rating": "1",
    "author": "dg_d****",
    "review_id": "4602781",
    "movie_id": "41838"
  },
  {
    "review": "막차를 놓치지 말것. 그나저나 엔딩곡 하나는 좋네여",
    "date": "10.06.06",
    "rating": "5",
    "author": "rlad****",
    "review_id": "4549597",
    "movie_id": "41838"
  },
  {
    "review": "재미없고, 지루하고, 잔인하기만하고.. 지루함의 극치 ㅡㅡ",
    "date": "10.06.03",
    "rating": "1",
    "author": "afte****",
    "review_id": "4542151",
    "movie_id": "41838"
  },
  {
    "review": "이명박 왜 나와?",
    "date": "10.04.14",
    "rating": "3",
    "author": "nom1****",
    "review_id": "4431852",
    "movie_id": "41838"
  },
  {
    "review": "여주인공이 본 시리즈에서는 예뻤는데 여기선 완전 엉망. 금발이 저렇게 안어울리다니",
    "date": "10.04.14",
    "rating": "2",
    "author": "gnzm****",
    "review_id": "4431826",
    "movie_id": "41838"
  },
  {
    "review": "완성도는 떨어지는듯하나 나름 재밌게즐겼네요",
    "date": "10.03.28",
    "rating": "10",
    "author": "w7k1****",
    "review_id": "4393847",
    "movie_id": "41838"
  },
  {
    "review": "골룸 어이없다",
    "date": "10.03.15",
    "rating": "1",
    "author": "blai****",
    "review_id": "4359227",
    "movie_id": "41838"
  },
  {
    "review": "쥐인간 \"이명박\" 이 나오는 호러영화 입니다.",
    "date": "10.02.24",
    "rating": "10",
    "author": "west****",
    "review_id": "4315057",
    "movie_id": "41838"
  },
  {
    "review": "친구때문에 눈감고 본영화. 골룸은 언제 이런영화 찍었대.",
    "date": "10.02.23",
    "rating": "10",
    "author": "qhrd****",
    "review_id": "4312903",
    "movie_id": "41838"
  },
  {
    "review": "지극히 뻔하고 역겨운 스토리와 지루한 내용의 졸작.",
    "date": "09.10.02",
    "rating": "2",
    "author": "mk28****",
    "review_id": "3867183",
    "movie_id": "41838"
  },
  {
    "review": "여자 졸라 못생겻어 썅",
    "date": "09.09.08",
    "rating": "1",
    "author": "yeup****",
    "review_id": "3819394",
    "movie_id": "41838"
  },
  {
    "review": "실로폰치는 인형이 나오는 모습을 그린작품~~~~~~",
    "date": "09.09.05",
    "rating": "3",
    "author": "fnsk****",
    "review_id": "3811873",
    "movie_id": "41838"
  },
  {
    "review": "재미없다...감독도 만들었으면서 보다가 졸았을 영화...",
    "date": "09.08.23",
    "rating": "4",
    "author": "jbc1****",
    "review_id": "3782136",
    "movie_id": "41838"
  },
  {
    "review": "미드나잇트레인 등 아류작들도 있지만, 그런데로 괜찮은 영화...",
    "date": "09.06.06",
    "rating": "6",
    "author": "gach****",
    "review_id": "3548716",
    "movie_id": "41838"
  },
  {
    "review": "재밌는데 =_=...난",
    "date": "09.05.18",
    "rating": "10",
    "author": "wnwk****",
    "review_id": "3505305",
    "movie_id": "41838"
  },
  {
    "review": "B급무비.좀비물을 볼줄 모르는 허접들은 이 영화를 논하지말거라.이블데드라도 보고와",
    "date": "09.05.17",
    "rating": "10",
    "author": "o0o1****",
    "review_id": "3501334",
    "movie_id": "41838"
  },
  {
    "review": "아젠장낚였다.. 아주그냥월척!! - -",
    "date": "09.05.01",
    "rating": "1",
    "author": "ysun****",
    "review_id": "3456068",
    "movie_id": "41838"
  },
  {
    "review": "'괴물' 낙태는 무시무시하다 죽어, '여자' 난 안했으니 너나 죽어라.",
    "date": "09.05.01",
    "rating": "6",
    "author": "dam_****",
    "review_id": "3453040",
    "movie_id": "41838"
  },
  {
    "review": "언제나 마지막은 안타까운 처리의 전형적 B급영화",
    "date": "09.04.21",
    "rating": "5",
    "author": "jwjw****",
    "review_id": "3433641",
    "movie_id": "41838"
  },
  {
    "review": "폐쇄된 공간에서 괴물의 습격, 이 플롯에서부터 거죽을 입혀나가는 방식은 이제 그만.",
    "date": "09.02.28",
    "rating": "2",
    "author": "acin****",
    "review_id": "3338541",
    "movie_id": "41838"
  },
  {
    "review": "B급 영화 치곤 괜찮다",
    "date": "09.02.25",
    "rating": "7",
    "author": "alsy****",
    "review_id": "3331058",
    "movie_id": "41838"
  },
  {
    "review": "최악",
    "date": "09.01.31",
    "rating": "1",
    "author": "hiph****",
    "review_id": "3266255",
    "movie_id": "41838"
  },
  {
    "review": "역겹다가 드러난 존재를 알고선 너무 시시하고 졸립다.",
    "date": "09.01.30",
    "rating": "4",
    "author": "ghdl****",
    "review_id": "3263607",
    "movie_id": "41838"
  },
  {
    "review": "그냥지하철이라는소재말고는,볼거없음, 골룸같은 시끼, 내라도혼자죽일수있겄다 ,",
    "date": "09.01.30",
    "rating": "5",
    "author": "dydy****",
    "review_id": "3263529",
    "movie_id": "41838"
  },
  {
    "review": "지하에 떨어진 공주님. 상황을 통제한다 생각하지만 애꿎은 서민들만 죽어나가고 결국",
    "date": "09.01.19",
    "rating": "7",
    "author": "teo0****",
    "review_id": "3233121",
    "movie_id": "41838"
  },
  {
    "review": "돌연변이 말고 일반사람이었다면....",
    "date": "09.01.17",
    "rating": "7",
    "author": "aqzz****",
    "review_id": "3228244",
    "movie_id": "41838"
  },
  {
    "review": "함부로 낙태하는 자들은 당연히 죽어도 싸지.",
    "date": "09.01.16",
    "rating": "10",
    "author": "wjdg****",
    "review_id": "3224415",
    "movie_id": "41838"
  }
]