[
  {
    "review": "훌륭하게 만든 영화다 라는 사실은 부인할 수 없지만 왠지 진부하다 라는 느낌을 지우기가 어렵네요.",
    "date": "15.08.25",
    "rating": "10",
    "author": "yjh8****",
    "review_id": "10272804",
    "movie_id": "41839"
  },
  {
    "review": "팅커 테일러 솔저 스파이와 함께 첩보물의 거장...",
    "date": "15.08.12",
    "rating": "10",
    "author": "goto****",
    "review_id": "10219580",
    "movie_id": "41839"
  },
  {
    "review": "개인과 국가의 삶을 동시에 보여주는 영화",
    "date": "15.07.14",
    "rating": "9",
    "author": "ytre****",
    "review_id": "10102807",
    "movie_id": "41839"
  },
  {
    "review": "중후한 연출과 절제된 연기는 상당히 좋으나 뼈대가 되는 스토리가 좀 허술하다",
    "date": "15.04.02",
    "rating": "7",
    "author": "raqu****",
    "review_id": "9822375",
    "movie_id": "41839"
  },
  {
    "review": "지루하다. 재미없다.졸립다.",
    "date": "15.03.28",
    "rating": "1",
    "author": "duri****",
    "review_id": "9813040",
    "movie_id": "41839"
  },
  {
    "review": "실존 인물의 이야기를 픽션한 만큼 단 한순간도 놓쳐선 안될정도로 모든 장면마다 의미가 잇고 전개방식또한 디테일하다. 하지만 같은소재를 다룬 영화 '더 컴퍼니'와 확연히 비교가 될만큼 흡입력이 부족한 평은 피할수 없을거 같다",
    "date": "15.01.08",
    "rating": "7",
    "author": "kimb****",
    "review_id": "9574380",
    "movie_id": "41839"
  },
  {
    "review": "스콜세지 따르려다 가랑이 찢어진 격.",
    "date": "14.12.02",
    "rating": "5",
    "author": "tear****",
    "review_id": "9440162",
    "movie_id": "41839"
  },
  {
    "review": "생각보다 볼만했다. 이런 영화가 좋더라. 평점이 낮길래 지루할줄 알았더니 전혀 아니고 의외로 흥미진진하게 계속 끌고나가더라.",
    "date": "14.11.11",
    "rating": "8",
    "author": "maey****",
    "review_id": "9371088",
    "movie_id": "41839"
  },
  {
    "review": "잊을만 하면 한 번씩 다시 보는 영화.",
    "date": "14.08.27",
    "rating": "10",
    "author": "neop****",
    "review_id": "9138130",
    "movie_id": "41839"
  },
  {
    "review": "참 어려운 영화같다는 생각",
    "date": "14.08.21",
    "rating": "6",
    "author": "xbff****",
    "review_id": "9117695",
    "movie_id": "41839"
  },
  {
    "review": "세련되고 현실성 있는 첩보물.  로버트 드니로의 연출력에 감탄을 금하기 어렵다.",
    "date": "14.07.23",
    "rating": "9",
    "author": "yaso****",
    "review_id": "8947236",
    "movie_id": "41839"
  },
  {
    "review": "평점 꼬라지봐라 킬링타임용 한쿡영화만 쳐보니까 영화보는 눈들이 없지 ㅉㅉㅉ",
    "date": "14.06.04",
    "rating": "10",
    "author": "ske4****",
    "review_id": "8792828",
    "movie_id": "41839"
  },
  {
    "review": "난 이런 영화가 너무너무 좋드라~",
    "date": "14.04.30",
    "rating": "7",
    "author": "worn****",
    "review_id": "8684666",
    "movie_id": "41839"
  },
  {
    "review": "안젤리나졸리가 나올때까지 못기다렸다...",
    "date": "14.04.08",
    "rating": "5",
    "author": "ks82****",
    "review_id": "8635664",
    "movie_id": "41839"
  },
  {
    "review": "소재가 주는 재미나 의미를 얻기엔 영화가 확실히 길다. 그래서 영화를 다 보기도 전에 포기할 수 있다. 그 점만 신경 쓴다면, CIA를 둘러싼 정치적 음모나 개인과 국가 간의 관계에 대해서 생각해 볼 것들을 얻을 수 있다.",
    "date": "14.03.17",
    "rating": "6",
    "author": "zxc1****",
    "review_id": "8584776",
    "movie_id": "41839"
  },
  {
    "review": "하염없이 길더라. 내용은 긴장감없이 지나가서 기억나지 않을듯",
    "date": "14.03.12",
    "rating": "8",
    "author": "pass****",
    "review_id": "8570371",
    "movie_id": "41839"
  },
  {
    "review": "극악의 지루함이 돋보인다. 왜 안젤리나 졸리와 맷데이먼이 이영화를 찍었을까?",
    "date": "14.02.09",
    "rating": "1",
    "author": "jord****",
    "review_id": "8493156",
    "movie_id": "41839"
  },
  {
    "review": "가족드라마냐...에효",
    "date": "13.09.29",
    "rating": "5",
    "author": "dbzh****",
    "review_id": "8022952",
    "movie_id": "41839"
  },
  {
    "review": "맷 데이먼의 절재된 연기가 완벽하다.실존 인물을 바탕으로 만들었기에 현실감을 더 해주기도 한다.영화의 러닝타임이 매우 길지만 그 만큼 빠져들게 한다.굿 셰퍼드 특유의 분위기와 음악은 너무나도 매력적.",
    "date": "13.09.28",
    "rating": "10",
    "author": "keep****",
    "review_id": "8020373",
    "movie_id": "41839"
  },
  {
    "review": "약간 복잡하고 지루한 면도 있지만 괜찮은 영화이다. 그냥 단순 재미로 영화보는 사람들은 아마 이 영화를 끝까지 보기 힘들 것이다.",
    "date": "13.08.29",
    "rating": "8",
    "author": "kenn****",
    "review_id": "7932096",
    "movie_id": "41839"
  },
  {
    "review": "넘 지루...정보원이니뭐니내겐어려움...아으~~~",
    "date": "13.08.18",
    "rating": "6",
    "author": "seon****",
    "review_id": "7897373",
    "movie_id": "41839"
  },
  {
    "review": "상황 전개가 너무 지루하다.",
    "date": "13.03.18",
    "rating": "1",
    "author": "debu****",
    "review_id": "7360526",
    "movie_id": "41839"
  },
  {
    "review": "배우들의 절제된  연기가 돋보인다",
    "date": "13.02.02",
    "rating": "8",
    "author": "nbin****",
    "review_id": "7212605",
    "movie_id": "41839"
  },
  {
    "review": "이렇게 헤어나기힘든 끈적임이 강한 영화를 좋아해요. 지루할 틈이 있을까요?  톤다운된 영상과 미묘한 복선들이 매력적입니다. 수작이에요",
    "date": "13.01.28",
    "rating": "10",
    "author": "head****",
    "review_id": "7190058",
    "movie_id": "41839"
  },
  {
    "review": "코폴라에 비견될 만큼 예술적 감각으로 충만한 드 니로의 헐리우드 버전 '팅커, 테일러, 솔저, 스파이'. 정적이면서도 긴장감이 넘치고 치밀하기까지 하다. 드 니로는 거장으로 불려야 마땅하다.",
    "date": "12.12.17",
    "rating": "9",
    "author": "kor1****",
    "review_id": "7011895",
    "movie_id": "41839"
  },
  {
    "review": "이런 영화에 딱 알맞는 스타일대로 만들어졌다. 맷 데이먼의 연기도 훌륭하다.",
    "date": "12.11.24",
    "rating": "9",
    "author": "gksq****",
    "review_id": "6922371",
    "movie_id": "41839"
  },
  {
    "review": "느린 전개는 주인공의 감정과 회색 시대의 분위기를 관객에게 전달하기에 효과적이었다고 생각한다. 꼭 때리고 부셔야만 재미를 느끼는 사람들이 있지..",
    "date": "12.11.17",
    "rating": "10",
    "author": "k911****",
    "review_id": "6896426",
    "movie_id": "41839"
  },
  {
    "review": "지루합니다. 느릿한 템포로 영화 2개는 본 듯한... 1/3 잘라내고 알찬 구성으로 편집했으면 좋았을걸... 각본도 연출도 별로.. 배우들만 많이 출연시켜  소비했네요.",
    "date": "12.10.23",
    "rating": "2",
    "author": "muse****",
    "review_id": "6821945",
    "movie_id": "41839"
  },
  {
    "review": "2시간 47분.. 굳이?",
    "date": "12.10.13",
    "rating": "5",
    "author": "tn99****",
    "review_id": "6797141",
    "movie_id": "41839"
  },
  {
    "review": "스파이는 적의 친구. 별 재미는 없고 러닝타임 김.",
    "date": "12.10.06",
    "rating": "7",
    "author": "rule****",
    "review_id": "6768245",
    "movie_id": "41839"
  },
  {
    "review": "말 잘듣는 도사견으로 한평생 살았으나 남은건...",
    "date": "12.09.22",
    "rating": "8",
    "author": "rose****",
    "review_id": "6723642",
    "movie_id": "41839"
  },
  {
    "review": "각본은 훌륭하나 그저 무겁기만해서 지루함을 떨쳐버릴수가 없다.",
    "date": "12.09.20",
    "rating": "5",
    "author": "feel****",
    "review_id": "6715817",
    "movie_id": "41839"
  },
  {
    "review": "감독으로서의 로버트 드 니로는 별 재능이 없는 듯하다",
    "date": "12.09.19",
    "rating": "6",
    "author": "cont****",
    "review_id": "6714241",
    "movie_id": "41839"
  },
  {
    "review": "담담하게 그려지는 cia의 역사, 여유가 없다면 다소 지루할 수도...",
    "date": "12.09.16",
    "rating": "8",
    "author": "plan****",
    "review_id": "6703690",
    "movie_id": "41839"
  },
  {
    "review": "기품은 넘치나 불친절하다.",
    "date": "12.09.07",
    "rating": "7",
    "author": "rd72****",
    "review_id": "6677232",
    "movie_id": "41839"
  },
  {
    "review": "로버트드니로가감독이라서그런지 중간 중간 대부와 굿펠러스가 겹쳐진다. 대부2의 주무대인 쿠바와 굿펠러스에서의 조페시는 두 영화를 겹쳐지게 만든다. 진정 남자인 로버트드니로가 만든 남자 영화이다.",
    "date": "12.08.23",
    "rating": "9",
    "author": "sads****",
    "review_id": "6638123",
    "movie_id": "41839"
  },
  {
    "review": "시,공간의 설명이 너무 불친절함. 이걸 은유라고 해야하나? 재미를 반감시킴.",
    "date": "12.06.02",
    "rating": "7",
    "author": "sonm****",
    "review_id": "6358546",
    "movie_id": "41839"
  },
  {
    "review": "복선과 은유로 노래하는 대사들.. 생각없이 보면 안되는 영화.",
    "date": "12.05.17",
    "rating": "10",
    "author": "funn****",
    "review_id": "6306284",
    "movie_id": "41839"
  },
  {
    "review": "나 정말 재밌게봤어요. 개인의 감정들 반전들 다 좋고 드니로의 연출력도 알게됨",
    "date": "12.05.09",
    "rating": "10",
    "author": "9fin****",
    "review_id": "6284787",
    "movie_id": "41839"
  },
  {
    "review": "생각이 많아지는 영화... 행복한 사람은 아무도 없고 다불행해보인다",
    "date": "12.03.25",
    "rating": "8",
    "author": "nana****",
    "review_id": "6167551",
    "movie_id": "41839"
  },
  {
    "review": "맷데이먼의 연기력은 최고였다. 국가와 개인, 행복이란 무엇일까를 생각하게 한 영화",
    "date": "12.03.15",
    "rating": "8",
    "author": "simo****",
    "review_id": "6144775",
    "movie_id": "41839"
  },
  {
    "review": "[4점] 제 스타일은 아니네요 보다 지루해서 그만봤어요",
    "date": "12.02.26",
    "rating": "4",
    "author": "fann****",
    "review_id": "6105445",
    "movie_id": "41839"
  },
  {
    "review": "반전에 반전이 거듭되는 수없는 이중 스파이, 냉전시대의 첨예한 대립과 한 가정",
    "date": "12.02.17",
    "rating": "9",
    "author": "rick****",
    "review_id": "6082444",
    "movie_id": "41839"
  },
  {
    "review": "개인에게 국가는 무엇인가.. 스파이에게 삶이란 무엇인가.. 훌륭히 표현한 작품",
    "date": "12.02.05",
    "rating": "7",
    "author": "cika****",
    "review_id": "6052884",
    "movie_id": "41839"
  },
  {
    "review": "좋은 시나리오를 산만하고 길게 구성한 아쉬운 편집과 연출, 분위기와 메시지는 좋아",
    "date": "12.01.30",
    "rating": "7",
    "author": "sioh****",
    "review_id": "6034547",
    "movie_id": "41839"
  },
  {
    "review": "대부의 오마주를 보았다 두번보면 더 높은 평점을 줄 것 같다",
    "date": "12.01.21",
    "rating": "6",
    "author": "hjj5****",
    "review_id": "6006963",
    "movie_id": "41839"
  },
  {
    "review": "참...보는 내내 힘드네...뭔 내용인지..두번은 보기싫다...",
    "date": "11.12.21",
    "rating": "6",
    "author": "love****",
    "review_id": "5919428",
    "movie_id": "41839"
  },
  {
    "review": "이영화 어려워",
    "date": "11.12.07",
    "rating": "8",
    "author": "hosu****",
    "review_id": "5892201",
    "movie_id": "41839"
  },
  {
    "review": "나 개인적인 생각인데 ..... 이거 영화보다는 소설책을 보면 재밌을것 같음.",
    "date": "11.12.06",
    "rating": "6",
    "author": "jinw****",
    "review_id": "5890507",
    "movie_id": "41839"
  },
  {
    "review": "멍청한 액션첩보물 아님... 완전 걸작... 정치, 역사에 대한 사전지식없이는 재미없을 수 있음.",
    "date": "11.11.21",
    "rating": "10",
    "author": "magn****",
    "review_id": "5863948",
    "movie_id": "41839"
  },
  {
    "review": "쉽지않다.. 몇번더봐야되것다... 내면연기 참 일품인듯..",
    "date": "11.11.14",
    "rating": "8",
    "author": "aper****",
    "review_id": "5850342",
    "movie_id": "41839"
  },
  {
    "review": "A perfect film about the most important fact in American history.",
    "date": "11.11.11",
    "rating": "10",
    "author": "kant****",
    "review_id": "5843456",
    "movie_id": "41839"
  },
  {
    "review": "감독이 담 영화땐 iq100 이하도 볼수있는 영화를 쫌...",
    "date": "11.11.03",
    "rating": "5",
    "author": "volc****",
    "review_id": "5826897",
    "movie_id": "41839"
  },
  {
    "review": "시종일관 집중하게하는 스토리,연기자...최곱니다!!",
    "date": "11.11.02",
    "rating": "9",
    "author": "sky8****",
    "review_id": "5824144",
    "movie_id": "41839"
  },
  {
    "review": "드니로 연출에 1점더준다...복잡 다양한 내용인것 같아도 알고보면 간단한내용..",
    "date": "11.10.28",
    "rating": "8",
    "author": "kara****",
    "review_id": "5814789",
    "movie_id": "41839"
  },
  {
    "review": "충분히 재밌다",
    "date": "11.10.28",
    "rating": "10",
    "author": "hong****",
    "review_id": "5814470",
    "movie_id": "41839"
  },
  {
    "review": "CIA 실체를 까발린 영화 평점 7점?? 네이버리안아. 수준 좀 키우던지 디워나 봐라.",
    "date": "11.10.23",
    "rating": "10",
    "author": "japa****",
    "review_id": "5804830",
    "movie_id": "41839"
  },
  {
    "review": "영화를 보고 영화해석을 보고 영화를 다시 본다면 이 영화의 진정한 가치를 알게될듯",
    "date": "11.10.23",
    "rating": "10",
    "author": "dyry****",
    "review_id": "5804628",
    "movie_id": "41839"
  },
  {
    "review": "차분하고 긴장감있지만 어느순간순간 지루함이 섞여잇음,작품은 수작",
    "date": "11.10.03",
    "rating": "7",
    "author": "qkra****",
    "review_id": "5768962",
    "movie_id": "41839"
  },
  {
    "review": "멧데이먼에게 빠지게한 영화",
    "date": "11.09.14",
    "rating": "9",
    "author": "dlqu****",
    "review_id": "5730822",
    "movie_id": "41839"
  },
  {
    "review": "드니로는 그냥 배우나 하시는게 좋을듯.. 지독하게 재미없구려..",
    "date": "11.09.13",
    "rating": "1",
    "author": "kis5****",
    "review_id": "5728973",
    "movie_id": "41839"
  },
  {
    "review": "대의를 위해 점점 자신을 희생시켜하는 슬픈 어린양의 고뇌.. 좀 지루한 듯..",
    "date": "11.08.06",
    "rating": "6",
    "author": "chgh****",
    "review_id": "5610288",
    "movie_id": "41839"
  },
  {
    "review": "Good",
    "date": "11.06.20",
    "rating": "10",
    "author": "fafa****",
    "review_id": "5490019",
    "movie_id": "41839"
  },
  {
    "review": "차근히 감상하면 씹을수록 맛이 나는 영화입니다",
    "date": "11.06.17",
    "rating": "8",
    "author": "solh****",
    "review_id": "5484882",
    "movie_id": "41839"
  },
  {
    "review": "괜찮지만 한편으론 뭔가 찜찜하다",
    "date": "11.06.10",
    "rating": "7",
    "author": "figh****",
    "review_id": "5474536",
    "movie_id": "41839"
  },
  {
    "review": "볼 수록 두터움이 느껴지는 명작중의 명작",
    "date": "11.06.03",
    "rating": "10",
    "author": "inno****",
    "review_id": "5461539",
    "movie_id": "41839"
  },
  {
    "review": "CIA의 전신과 정보요원의 비애, 가족 그리고 인간",
    "date": "11.04.24",
    "rating": "10",
    "author": "lws3****",
    "review_id": "5389198",
    "movie_id": "41839"
  },
  {
    "review": "쓸데 없이 길다.",
    "date": "11.03.30",
    "rating": "6",
    "author": "marc****",
    "review_id": "5343199",
    "movie_id": "41839"
  },
  {
    "review": "배역이 맥데이먼의 연기력을 다 보지주지 못했다",
    "date": "11.03.05",
    "rating": "6",
    "author": "milk****",
    "review_id": "5294399",
    "movie_id": "41839"
  },
  {
    "review": "2번째봤다.작품성은있는것같다.근데,너무잔잔하다.너무단조롭다.너무조용하다..아쉽다",
    "date": "11.02.17",
    "rating": "7",
    "author": "zang****",
    "review_id": "5251424",
    "movie_id": "41839"
  },
  {
    "review": "대립의 지속을 위해 연명하는  체제와 이념.",
    "date": "11.02.04",
    "rating": "7",
    "author": "ratm****",
    "review_id": "5213370",
    "movie_id": "41839"
  },
  {
    "review": "느리고 무겁게 젖어드는 삶의 응어리들.",
    "date": "11.01.26",
    "rating": "7",
    "author": "rygh****",
    "review_id": "5185148",
    "movie_id": "41839"
  },
  {
    "review": "한 번에 이해하기 쉽지않은 영화....그러나 단서들이 떠오를 때마다 다시 찾게 되는..",
    "date": "11.01.23",
    "rating": "7",
    "author": "slad****",
    "review_id": "5177506",
    "movie_id": "41839"
  },
  {
    "review": "에드워드처럼 진짜 조용하고 지루한영화 ㅋ",
    "date": "10.09.25",
    "rating": "7",
    "author": "kore****",
    "review_id": "4867621",
    "movie_id": "41839"
  },
  {
    "review": "한번 보고 나서 리뷰를 읽고 다시 봤을때야 이해가 되지만 그래도 보는내내 숨죽였다",
    "date": "10.09.05",
    "rating": "10",
    "author": "hiro****",
    "review_id": "4817371",
    "movie_id": "41839"
  },
  {
    "review": "긴장과 놀라운 디테일, 말줄임표같은 매력이 있는 영화. 단, 액션첩보영화는 아님.",
    "date": "10.08.28",
    "rating": "9",
    "author": "imsw****",
    "review_id": "4797594",
    "movie_id": "41839"
  },
  {
    "review": "다시 보니 정말 슬픈 영화",
    "date": "10.08.20",
    "rating": "10",
    "author": "chul****",
    "review_id": "4767998",
    "movie_id": "41839"
  },
  {
    "review": "길고 복잡해.. 다시 한번 더 봐야겠다",
    "date": "10.08.09",
    "rating": "8",
    "author": "come****",
    "review_id": "4729113",
    "movie_id": "41839"
  },
  {
    "review": "대부의냄새가 난다했더니 코폴라가 껴있었군!.! CIA는 건립부터 문제있는 집단이었네.",
    "date": "10.06.14",
    "rating": "8",
    "author": "balb****",
    "review_id": "4563922",
    "movie_id": "41839"
  },
  {
    "review": "우아한 화면, 개성있는 연기, 끈적한 구성 다 좋은데 한곳에 머물줄 모르는 시선은 좀",
    "date": "10.06.11",
    "rating": "8",
    "author": "mogu****",
    "review_id": "4557904",
    "movie_id": "41839"
  },
  {
    "review": "미국 역사를 이해하고 본다면 재미있는 영화! 하지만 너무 길다",
    "date": "10.05.19",
    "rating": "9",
    "author": "jjaj****",
    "review_id": "4508915",
    "movie_id": "41839"
  },
  {
    "review": "감독이 역량이 부족한듯...",
    "date": "10.04.10",
    "rating": "6",
    "author": "yana****",
    "review_id": "4424692",
    "movie_id": "41839"
  },
  {
    "review": "비행기에서 아들 애인 떨어뜨려 죽이는 장면, 압권!!",
    "date": "10.03.28",
    "rating": "10",
    "author": "gobu****",
    "review_id": "4392447",
    "movie_id": "41839"
  },
  {
    "review": "표정 반응없고,  말수 적음에서 시작되는 카리스마.",
    "date": "10.03.20",
    "rating": "9",
    "author": "neya****",
    "review_id": "4369878",
    "movie_id": "41839"
  },
  {
    "review": "대작.. 상받을만하네..",
    "date": "10.03.09",
    "rating": "10",
    "author": "back****",
    "review_id": "4345252",
    "movie_id": "41839"
  },
  {
    "review": "CIA의 흥미로운 탄생비화",
    "date": "10.02.19",
    "rating": "10",
    "author": "what****",
    "review_id": "4300589",
    "movie_id": "41839"
  },
  {
    "review": "멍때리고 봤는데 졸라 재밌다.",
    "date": "10.01.05",
    "rating": "8",
    "author": "nang****",
    "review_id": "4138912",
    "movie_id": "41839"
  },
  {
    "review": "드니로도 클린트이스트우드의 절차를 밝을 것이다 명배우에서 명감독으로..",
    "date": "10.01.05",
    "rating": "8",
    "author": "si2p****",
    "review_id": "4138770",
    "movie_id": "41839"
  },
  {
    "review": "그 시대의 상황을 알고 보면 더욱 재밌는 영화~",
    "date": "10.01.05",
    "rating": "9",
    "author": "from****",
    "review_id": "4138447",
    "movie_id": "41839"
  },
  {
    "review": "굳굳",
    "date": "09.12.25",
    "rating": "10",
    "author": "7448****",
    "review_id": "4079815",
    "movie_id": "41839"
  },
  {
    "review": "굿~",
    "date": "09.07.10",
    "rating": "10",
    "author": "lark****",
    "review_id": "3621368",
    "movie_id": "41839"
  },
  {
    "review": "첩보물치곤 지루했다..",
    "date": "09.05.02",
    "rating": "7",
    "author": "bkm1****",
    "review_id": "3457900",
    "movie_id": "41839"
  },
  {
    "review": "요즘 계속 이런게 땡긴다.. 비밀속의.. 조용히.. 묵직한..",
    "date": "09.04.30",
    "rating": "10",
    "author": "bbq2****",
    "review_id": "3450310",
    "movie_id": "41839"
  },
  {
    "review": "정말 재밌게 봤네요... 자칫 지루하기 쉬운영화를 시간대를 이리저리 섞어서...",
    "date": "09.03.10",
    "rating": "10",
    "author": "dr_g****",
    "review_id": "3358443",
    "movie_id": "41839"
  },
  {
    "review": "역시 상많이탄 영화는 재미있는게 별로 없다",
    "date": "09.02.14",
    "rating": "6",
    "author": "jero****",
    "review_id": "3301686",
    "movie_id": "41839"
  },
  {
    "review": "자신이 만들어 놓은 덫에 결국 모든것을 잃게 되는구나...",
    "date": "09.01.15",
    "rating": "6",
    "author": "ssoz****",
    "review_id": "3222273",
    "movie_id": "41839"
  },
  {
    "review": "트랜드와 상관없이 세월을 두고도 무척 의미있는 작품이다..",
    "date": "09.01.07",
    "rating": "10",
    "author": "life****",
    "review_id": "3200267",
    "movie_id": "41839"
  },
  {
    "review": "연기하는 드니로는 최고지만 연출자로서의 그는.....",
    "date": "09.01.04",
    "rating": "4",
    "author": "nwit****",
    "review_id": "3185592",
    "movie_id": "41839"
  },
  {
    "review": "아놔..잘 가다가 왜 중반부부터 가족멜로로 가버리냐고..ㅡㅡ;",
    "date": "08.12.27",
    "rating": "6",
    "author": "fenc****",
    "review_id": "3156379",
    "movie_id": "41839"
  },
  {
    "review": "스파이..멋있는줄로만 알았지 정말 할짓이 못된다는걸 알았다..",
    "date": "08.12.17",
    "rating": "8",
    "author": "area****",
    "review_id": "3124566",
    "movie_id": "41839"
  }
]