[
  {
    "review": "이 당시 이미 주윤발 넘버원 이었었는데 당시 국도극장에서 봤던 기억이~~주윤발은 그야말로 까메오 수준의 출연이라 사기당한 느낌이었으나 재미있었던걸로 기억이 나네~~",
    "date": "14.07.16",
    "rating": "6",
    "author": "dgon****",
    "review_id": "8920324",
    "movie_id": "42115"
  },
  {
    "review": "이당시 주윤발 무명 그외 배우들이 유명 개봉당시 표지엔 윤발은 나오지도 않음.",
    "date": "11.08.04",
    "rating": "10",
    "author": "dldu****",
    "review_id": "5597824",
    "movie_id": "42115"
  },
  {
    "review": "누가 주윤발 아니랄까봐 ;",
    "date": "09.04.05",
    "rating": "9",
    "author": "tmda****",
    "review_id": "3406510",
    "movie_id": "42115"
  },
  {
    "review": "역시 좋군요",
    "date": "09.04.05",
    "rating": "10",
    "author": "chlt****",
    "review_id": "3406508",
    "movie_id": "42115"
  },
  {
    "review": "주윤발 단역인데, 주연처럼 팔아 먹은 사기영화..",
    "date": "07.10.30",
    "rating": "1",
    "author": "ko11****",
    "review_id": "2122193",
    "movie_id": "42115"
  }
]