[
  {
    "review": "분위기만 업. 배우와 장소와 이야기의 매력이나 필요성에 의문.",
    "date": "14.07.06",
    "rating": "7",
    "author": "tear****",
    "review_id": "8889963",
    "movie_id": "42118"
  },
  {
    "review": "역시 배종옥과 박진희는 뭘해도 멋진 여자다.",
    "date": "12.10.03",
    "rating": "10",
    "author": "odjs****",
    "review_id": "6756033",
    "movie_id": "42118"
  },
  {
    "review": "광고 포스터만 좋았다.스토리는 지루함.배우보는 재미밖에없음.",
    "date": "12.07.26",
    "rating": "6",
    "author": "a109****",
    "review_id": "6537131",
    "movie_id": "42118"
  },
  {
    "review": "박희순 정말 불쌍하게 나옴 헉 헉 내 생각해 본 적 있어?",
    "date": "12.06.14",
    "rating": "10",
    "author": "tris****",
    "review_id": "6390745",
    "movie_id": "42118"
  },
  {
    "review": "진짜 재미 없는 영화 공통점....스포츠영화,군대영화,자막 나오는 영화",
    "date": "12.03.17",
    "rating": "1",
    "author": "ch27****",
    "review_id": "6150881",
    "movie_id": "42118"
  },
  {
    "review": "그냥 저냥.. 이해가는 부분도 있고...",
    "date": "11.11.27",
    "rating": "6",
    "author": "ygap****",
    "review_id": "5873323",
    "movie_id": "42118"
  },
  {
    "review": "내가본수많은 멜로 영화중 최악중하나 주제도없고 감동도없고..",
    "date": "11.06.27",
    "rating": "1",
    "author": "join****",
    "review_id": "5503603",
    "movie_id": "42118"
  },
  {
    "review": "좋았다.",
    "date": "10.09.23",
    "rating": "8",
    "author": "kya6****",
    "review_id": "4859705",
    "movie_id": "42118"
  },
  {
    "review": "이해할 수 없는 감정의 어두운 이야기",
    "date": "10.08.25",
    "rating": "4",
    "author": "stin****",
    "review_id": "4790810",
    "movie_id": "42118"
  },
  {
    "review": "박희순, 배종옥의 연기가 어색해~ 과거에서 벗어나지 못한 사람들의 어정쩡한 이야기",
    "date": "10.07.08",
    "rating": "6",
    "author": "hs00****",
    "review_id": "4622963",
    "movie_id": "42118"
  },
  {
    "review": "유학생 출신이나 교포들은 충분히 몰입해서 볼 걸작.",
    "date": "10.02.13",
    "rating": "10",
    "author": "enig****",
    "review_id": "4278604",
    "movie_id": "42118"
  },
  {
    "review": "감정이 과잉된 배우들의 연기가 자아내는 소격 효과. 하지만 여운이 길다..",
    "date": "10.01.18",
    "rating": "8",
    "author": "rite****",
    "review_id": "4183221",
    "movie_id": "42118"
  },
  {
    "review": "쉽게만나고헤어지는메마름속에사는세상에서 미묘한사랑의감정을느낄수있어좋았던영화",
    "date": "09.11.21",
    "rating": "10",
    "author": "blue****",
    "review_id": "3979199",
    "movie_id": "42118"
  },
  {
    "review": "강박관념에 시달리는 영화.",
    "date": "09.11.03",
    "rating": "6",
    "author": "dlwo****",
    "review_id": "3934632",
    "movie_id": "42118"
  },
  {
    "review": "사람들 각각의 슬픔과 외로움을 이리 잘 표현한 영화가 또 있으련지..",
    "date": "09.10.08",
    "rating": "10",
    "author": "harm****",
    "review_id": "3879835",
    "movie_id": "42118"
  },
  {
    "review": "노출",
    "date": "09.09.20",
    "rating": "10",
    "author": "ad15****",
    "review_id": "3839920",
    "movie_id": "42118"
  },
  {
    "review": "레알 있어보이려고 발악하는 영화 그냥 감독 역량이 부족한거같음.",
    "date": "09.09.20",
    "rating": "3",
    "author": "dong****",
    "review_id": "3839798",
    "movie_id": "42118"
  },
  {
    "review": "자유롭게 살고 싶어서 왔는데 그게 더 나를 가둬버린 것 같아",
    "date": "09.05.21",
    "rating": "8",
    "author": "fon9****",
    "review_id": "3510224",
    "movie_id": "42118"
  },
  {
    "review": "너무도 난해한 이야기~~~",
    "date": "09.05.16",
    "rating": "6",
    "author": "ypal****",
    "review_id": "3500320",
    "movie_id": "42118"
  },
  {
    "review": "대책 없이 센티멘탈하고 대책 없이 심각하다.",
    "date": "09.03.17",
    "rating": "3",
    "author": "skat****",
    "review_id": "3371725",
    "movie_id": "42118"
  },
  {
    "review": "화려한 출연진에 못미치는 뻔한 이야기.",
    "date": "09.03.01",
    "rating": "3",
    "author": "evil****",
    "review_id": "3342634",
    "movie_id": "42118"
  },
  {
    "review": "표현하려는 의도가 뭔지 이해하기가 힘들었습니다.. 배우분들의 연기는 좋았어요.",
    "date": "08.12.27",
    "rating": "6",
    "author": "hrhl****",
    "review_id": "3158207",
    "movie_id": "42118"
  },
  {
    "review": "뼛속까지 외로운 그녀들... 우연히 찾은 보석같은영화...",
    "date": "08.12.25",
    "rating": "8",
    "author": "bebe****",
    "review_id": "3148466",
    "movie_id": "42118"
  },
  {
    "review": "옛추억이나 외롭다면은 한번쯤 조용하게 감상하는것도 괜찮은영화 멋지게 감상하이송",
    "date": "08.12.25",
    "rating": "8",
    "author": "aaa6****",
    "review_id": "3147510",
    "movie_id": "42118"
  },
  {
    "review": "사랑이란게 정말 어렵다는것을 알은 영화~~",
    "date": "08.12.12",
    "rating": "7",
    "author": "skys****",
    "review_id": "3108841",
    "movie_id": "42118"
  },
  {
    "review": "손을데면 묻어 나올 것 같은 쓸쓸함.. 그 감각적인 표현에 찬사를 배종옥 그이름역시.",
    "date": "08.11.02",
    "rating": "10",
    "author": "thrh****",
    "review_id": "3031448",
    "movie_id": "42118"
  },
  {
    "review": "보는내내 계속되는 옛사랑에 대한 추억들.",
    "date": "08.10.01",
    "rating": "10",
    "author": "forz****",
    "review_id": "2976801",
    "movie_id": "42118"
  },
  {
    "review": "충분히 매력적인 영화다. 근데 영화에 전반적으로 흐르는 재즈음악은 너무 거슬린다.",
    "date": "08.09.15",
    "rating": "8",
    "author": "et04****",
    "review_id": "2947202",
    "movie_id": "42118"
  },
  {
    "review": "내가 가장 좋아하는 영화 중 하나..  외로움을 잘 표현한 영화다.",
    "date": "08.07.10",
    "rating": "10",
    "author": "senn****",
    "review_id": "2751370",
    "movie_id": "42118"
  },
  {
    "review": "연출력이 돋보인다는 느낌을 받았다. 배종옥.... 박진희....",
    "date": "07.10.21",
    "rating": "10",
    "author": "obba****",
    "review_id": "2103202",
    "movie_id": "42118"
  },
  {
    "review": "이윤기 감독이 좋다. 그리고 배종옥의 쓸쓸한 연기도 일품",
    "date": "07.08.14",
    "rating": "10",
    "author": "phil****",
    "review_id": "1936689",
    "movie_id": "42118"
  },
  {
    "review": "담백하게 아픔을 표현하는 영화.",
    "date": "07.06.02",
    "rating": "8",
    "author": "west****",
    "review_id": "1677963",
    "movie_id": "42118"
  },
  {
    "review": "김지수가 넘 반가웠어, '여자정혜'같은 영화 참좋거든",
    "date": "07.05.07",
    "rating": "8",
    "author": "kitk****",
    "review_id": "1626058",
    "movie_id": "42118"
  },
  {
    "review": "솔직히 생각보다 별루,,",
    "date": "07.05.07",
    "rating": "3",
    "author": "dsar****",
    "review_id": "1625556",
    "movie_id": "42118"
  },
  {
    "review": "괜찮았다. 나이 어린 사람이 보기엔 지루했을지도...",
    "date": "07.04.08",
    "rating": "7",
    "author": "nalj****",
    "review_id": "1577940",
    "movie_id": "42118"
  },
  {
    "review": "너무 짠가.",
    "date": "07.04.03",
    "rating": "2",
    "author": "anoc****",
    "review_id": "1570177",
    "movie_id": "42118"
  },
  {
    "review": "나에겐 의미없는 영화일뿐..",
    "date": "07.03.28",
    "rating": "2",
    "author": "2601****",
    "review_id": "1559185",
    "movie_id": "42118"
  },
  {
    "review": "은은하게 스며들어 사랑에 대해 생각하게 하는 영화.",
    "date": "07.02.14",
    "rating": "10",
    "author": "10tl****",
    "review_id": "1469043",
    "movie_id": "42118"
  },
  {
    "review": "느린템포인데도 지루하지가 않다! 배우들의 롱샷이 특히좋았다",
    "date": "07.02.05",
    "rating": "10",
    "author": "ktkt****",
    "review_id": "1446789",
    "movie_id": "42118"
  },
  {
    "review": "주인공들의 마음을 읽었기때문에..지루함이란 느낄수 없었다.",
    "date": "07.01.31",
    "rating": "10",
    "author": "cjdg****",
    "review_id": "1429821",
    "movie_id": "42118"
  },
  {
    "review": "이 쓸쓸하고 가슴 먹먹한 느낌을 누가 표현할까",
    "date": "07.01.24",
    "rating": "8",
    "author": "elle****",
    "review_id": "1409519",
    "movie_id": "42118"
  },
  {
    "review": "사랑하며 살아간다 할지라도, 언제나 외로운 인생.",
    "date": "07.01.21",
    "rating": "10",
    "author": "tomc****",
    "review_id": "1403883",
    "movie_id": "42118"
  },
  {
    "review": "첨 볼때는 지루했다. 두번 볼때 알았다.",
    "date": "06.12.25",
    "rating": "9",
    "author": "khms****",
    "review_id": "1324443",
    "movie_id": "42118"
  },
  {
    "review": "사랑이라는 이름을 빌려 다른걸 그려내셨군요. 좋습니다.",
    "date": "06.12.05",
    "rating": "8",
    "author": "doup****",
    "review_id": "1268278",
    "movie_id": "42118"
  },
  {
    "review": "상처안에만 갇혀있는 우울한 사람들...근데 김지수씬 왜나오죠??",
    "date": "06.11.04",
    "rating": "4",
    "author": "imha****",
    "review_id": "1216295",
    "movie_id": "42118"
  },
  {
    "review": "공간의 틀린점외엔 어디서나 사람은 사랑을 갈구하고 있다",
    "date": "06.11.04",
    "rating": "8",
    "author": "soo0****",
    "review_id": "1214711",
    "movie_id": "42118"
  },
  {
    "review": "지루했지만 박진희 때문에 버텼다",
    "date": "06.10.18",
    "rating": "4",
    "author": "comp****",
    "review_id": "1187202",
    "movie_id": "42118"
  },
  {
    "review": "이건 좀 아니다. 감독이 너무 우울증 아닌지...",
    "date": "06.10.18",
    "rating": "4",
    "author": "tolb****",
    "review_id": "1186546",
    "movie_id": "42118"
  },
  {
    "review": "아름답다. 이 쓸쓸한 인생이.",
    "date": "06.10.14",
    "rating": "10",
    "author": "wnar****",
    "review_id": "1179615",
    "movie_id": "42118"
  },
  {
    "review": "되게 지루하고 재미없게 본 영화",
    "date": "06.10.11",
    "rating": "1",
    "author": "kjt2****",
    "review_id": "1175867",
    "movie_id": "42118"
  },
  {
    "review": "메세지는 잔잔히 가슴에 박히지만 영화적 임팩트는 다소 부족한.",
    "date": "06.10.08",
    "rating": "6",
    "author": "tang****",
    "review_id": "1169697",
    "movie_id": "42118"
  },
  {
    "review": "그렇게 계속 살아갈 것임을.",
    "date": "06.10.08",
    "rating": "10",
    "author": "gree****",
    "review_id": "1169643",
    "movie_id": "42118"
  },
  {
    "review": "솔직히 대략.. 쩝이다.",
    "date": "06.10.03",
    "rating": "1",
    "author": "lgh0****",
    "review_id": "1156182",
    "movie_id": "42118"
  },
  {
    "review": "가까이 다가서기도 홀로서기도 모두 버거운 쓸쓸한 삶",
    "date": "06.09.27",
    "rating": "8",
    "author": "rubb****",
    "review_id": "1145877",
    "movie_id": "42118"
  },
  {
    "review": "LA로 이동해도 변하지 않는 삶의 비루함.",
    "date": "06.09.19",
    "rating": "6",
    "author": "rap4****",
    "review_id": "1133129",
    "movie_id": "42118"
  },
  {
    "review": "좋군요. 여자의 감성을 읽는 감독님의 시선. 섬세하네요.",
    "date": "06.09.11",
    "rating": "7",
    "author": "coib****",
    "review_id": "1116986",
    "movie_id": "42118"
  },
  {
    "review": "소멸된 사랑의 흥분뒤의 황량함..",
    "date": "06.09.05",
    "rating": "7",
    "author": "recr****",
    "review_id": "1104112",
    "movie_id": "42118"
  },
  {
    "review": "사랑에 대한 무미건조한 스토리. 박진희 때문에 8점 준다",
    "date": "06.08.18",
    "rating": "8",
    "author": "kkds****",
    "review_id": "1049120",
    "movie_id": "42118"
  },
  {
    "review": "내겐 이해하기도힘든 러브토크..",
    "date": "06.08.17",
    "rating": "4",
    "author": "ssl5****",
    "review_id": "1048495",
    "movie_id": "42118"
  },
  {
    "review": "분위기는 있지만 내게 와닿진 않는 토크",
    "date": "06.07.24",
    "rating": "6",
    "author": "erhe****",
    "review_id": "918188",
    "movie_id": "42118"
  },
  {
    "review": "딸에게 보내는 어머니의 글, 그 마지막 사연, 좋다.",
    "date": "06.07.22",
    "rating": "10",
    "author": "nano****",
    "review_id": "914915",
    "movie_id": "42118"
  },
  {
    "review": "처음엔 홍상수 아류란 느낌, 그리고 두번째 자기색깔을 찾음",
    "date": "06.07.20",
    "rating": "9",
    "author": "sikk****",
    "review_id": "910465",
    "movie_id": "42118"
  },
  {
    "review": "역시 이윤기다~!",
    "date": "06.07.16",
    "rating": "8",
    "author": "seoy****",
    "review_id": "898140",
    "movie_id": "42118"
  },
  {
    "review": "사랑이란 표현하는것...먼저 마음을 열자.. 사랑한다면....",
    "date": "06.07.09",
    "rating": "6",
    "author": "choi****",
    "review_id": "879173",
    "movie_id": "42118"
  },
  {
    "review": "과장된 심각함과 언어유희, 이런 '척'하는 영화, 지친다 지쳐.",
    "date": "06.06.29",
    "rating": "1",
    "author": "ktgg****",
    "review_id": "862626",
    "movie_id": "42118"
  },
  {
    "review": "한국 액션조폭코믹 영화보다 훨씬 낫다",
    "date": "06.06.26",
    "rating": "8",
    "author": "bito****",
    "review_id": "858304",
    "movie_id": "42118"
  },
  {
    "review": "음악은 좋다..",
    "date": "06.06.24",
    "rating": "6",
    "author": "bron****",
    "review_id": "855417",
    "movie_id": "42118"
  },
  {
    "review": "무엇을 말하려는지 계속 생각만 하게 만들었던영화...",
    "date": "06.06.22",
    "rating": "7",
    "author": "zzam****",
    "review_id": "853591",
    "movie_id": "42118"
  },
  {
    "review": "영화보는내내 '한국 여자, 정혜'가 그립더니 마지막에..",
    "date": "06.06.18",
    "rating": "6",
    "author": "nasd****",
    "review_id": "849279",
    "movie_id": "42118"
  },
  {
    "review": "간간히 나오는 영어가 해석안됨...-.,-;",
    "date": "06.06.15",
    "rating": "6",
    "author": "spri****",
    "review_id": "845130",
    "movie_id": "42118"
  },
  {
    "review": "플러그는 있으나 콘센트를 찾지 못하고 있다",
    "date": "06.06.13",
    "rating": "6",
    "author": "merc****",
    "review_id": "842922",
    "movie_id": "42118"
  },
  {
    "review": "OOO",
    "date": "06.06.06",
    "rating": "1",
    "author": "merd****",
    "review_id": "833372",
    "movie_id": "42118"
  },
  {
    "review": "그럭저럭 볼만했음..공허함이란~~",
    "date": "06.06.04",
    "rating": "7",
    "author": "tkae****",
    "review_id": "831063",
    "movie_id": "42118"
  },
  {
    "review": "홍상수식생활의발견이아니라, 생각(사색?)의발견의묘미.",
    "date": "06.06.02",
    "rating": "7",
    "author": "izzo****",
    "review_id": "827281",
    "movie_id": "42118"
  },
  {
    "review": "보자고 했던 친구가 미안해 하더라. 그럴 필요는 없었는데.",
    "date": "06.06.01",
    "rating": "6",
    "author": "damu****",
    "review_id": "826658",
    "movie_id": "42118"
  },
  {
    "review": "아, 정말 재미없어요. 비추",
    "date": "06.05.31",
    "rating": "1",
    "author": "rain****",
    "review_id": "825550",
    "movie_id": "42118"
  },
  {
    "review": "시종 일관 무겁냐....",
    "date": "06.05.31",
    "rating": "6",
    "author": "shom****",
    "review_id": "824664",
    "movie_id": "42118"
  },
  {
    "review": "보라! 고독을 아는 사람은!",
    "date": "06.05.29",
    "rating": "10",
    "author": "yags****",
    "review_id": "822408",
    "movie_id": "42118"
  },
  {
    "review": "잼나네요",
    "date": "06.04.04",
    "rating": "10",
    "author": "xyz1****",
    "review_id": "748163",
    "movie_id": "42118"
  },
  {
    "review": "사랑에 대한 진지한 성찰이 돋보이는 페미니즘,,",
    "date": "06.02.22",
    "rating": "10",
    "author": "leeh****",
    "review_id": "685042",
    "movie_id": "42118"
  },
  {
    "review": "배종옥의 연기 하나만으로도 이 영화에 5점.",
    "date": "06.02.06",
    "rating": "6",
    "author": "dezn****",
    "review_id": "650570",
    "movie_id": "42118"
  },
  {
    "review": "웃기네요,1점주니까 삭제하네요,빵점짜리영화",
    "date": "06.01.20",
    "rating": "1",
    "author": "best****",
    "review_id": "604630",
    "movie_id": "42118"
  },
  {
    "review": "지나친 작가주의적 작품",
    "date": "06.01.19",
    "rating": "6",
    "author": "ghks****",
    "review_id": "598536",
    "movie_id": "42118"
  },
  {
    "review": "그저그랬음",
    "date": "06.01.18",
    "rating": "5",
    "author": "pgh1****",
    "review_id": "597541",
    "movie_id": "42118"
  },
  {
    "review": "10점 기준이 무엇인지 궁금해서..",
    "date": "06.01.18",
    "rating": "1",
    "author": "stm7****",
    "review_id": "597363",
    "movie_id": "42118"
  },
  {
    "review": "굿",
    "date": "06.01.18",
    "rating": "1",
    "author": "bcda****",
    "review_id": "596948",
    "movie_id": "42118"
  },
  {
    "review": "관람전 평점이 관람후보다높다,진짜 알바란 존재하구나",
    "date": "06.01.18",
    "rating": "2",
    "author": "phk0****",
    "review_id": "596831",
    "movie_id": "42118"
  },
  {
    "review": "어렵지만, 삶이란 사랑이란 그런 것이 아니더냐",
    "date": "06.01.02",
    "rating": "8",
    "author": "ahts****",
    "review_id": "554484",
    "movie_id": "42118"
  },
  {
    "review": "사랑을 해보지 않았다면 공감갈수 없는 내용과 지루함.",
    "date": "05.12.29",
    "rating": "7",
    "author": "asir****",
    "review_id": "536673",
    "movie_id": "42118"
  },
  {
    "review": "고급스런음악에낮은속도로달리는이영화너무좋다.",
    "date": "05.12.17",
    "rating": "10",
    "author": "rkdt****",
    "review_id": "509759",
    "movie_id": "42118"
  },
  {
    "review": "상업영화들의 홍수속에 묻혀버린 아까운 작품..",
    "date": "05.12.17",
    "rating": "9",
    "author": "sexy****",
    "review_id": "509292",
    "movie_id": "42118"
  },
  {
    "review": "배종옥의 연기와 재즈 선율 만으로도 꽉 찼던 영화.",
    "date": "05.11.23",
    "rating": "9",
    "author": "sere****",
    "review_id": "482336",
    "movie_id": "42118"
  },
  {
    "review": "생각을 하게 했던 영화였지만 조금은 지루했던 ..",
    "date": "05.11.20",
    "rating": "8",
    "author": "ecee****",
    "review_id": "480223",
    "movie_id": "42118"
  },
  {
    "review": "모든화면이다살아있고,이윤기이름만으로도봐야할영화..",
    "date": "05.11.20",
    "rating": "9",
    "author": "x00m****",
    "review_id": "479719",
    "movie_id": "42118"
  },
  {
    "review": "요즘 우울한 내가 우울병 걸릴뻔한 영화",
    "date": "05.11.19",
    "rating": "1",
    "author": "y2k7****",
    "review_id": "478867",
    "movie_id": "42118"
  },
  {
    "review": "보는 사람의 마음을 최대한 암울하고 이기적이게 만들어준 영화",
    "date": "05.11.17",
    "rating": "1",
    "author": "wndu****",
    "review_id": "476851",
    "movie_id": "42118"
  },
  {
    "review": "주된 내용이 없다. 너무 지루했다. 내가 특이한건가 ;",
    "date": "05.11.17",
    "rating": "3",
    "author": "babo****",
    "review_id": "476316",
    "movie_id": "42118"
  },
  {
    "review": "쓸쓸한 영화. 참 잘 만들었다.",
    "date": "05.11.16",
    "rating": "9",
    "author": "free****",
    "review_id": "476119",
    "movie_id": "42118"
  },
  {
    "review": "혼자 쓸슬히 밤거리를 걷다.. 그냥 스쳐갈 뿐이다..",
    "date": "05.11.16",
    "rating": "9",
    "author": "vero****",
    "review_id": "475961",
    "movie_id": "42118"
  },
  {
    "review": "막막. 하지만, 그것도 사랑.",
    "date": "05.11.16",
    "rating": "9",
    "author": "feve****",
    "review_id": "475516",
    "movie_id": "42118"
  }
]