[
  {
    "review": "에바그린밖에 눈에 안들어오는 신기한 영화. 다니엘 본드시리즈중에서 제일 스토리텔링이 뛰어난듯.",
    "date": "15.08.26",
    "rating": "8",
    "author": "wide****",
    "review_id": "10276109",
    "movie_id": "42117"
  },
  {
    "review": "엥? 개꿀잼인데 8점? 어이가 없노",
    "date": "15.08.23",
    "rating": "10",
    "author": "gnlf****",
    "review_id": "10267663",
    "movie_id": "42117"
  },
  {
    "review": "해외에선 역대 007 시리즈 중에 최고라고 평가 받는게 카지노로얄 인데 평점이 왜이래",
    "date": "15.08.15",
    "rating": "10",
    "author": "keys****",
    "review_id": "10232937",
    "movie_id": "42117"
  },
  {
    "review": "남성미 넘치는 새로운 옴므파탈의 시작",
    "date": "15.08.02",
    "rating": "10",
    "author": "zafo****",
    "review_id": "10175876",
    "movie_id": "42117"
  },
  {
    "review": "10자10자10자10자10자",
    "date": "15.07.27",
    "rating": "10",
    "author": "dies****",
    "review_id": "10150785",
    "movie_id": "42117"
  },
  {
    "review": "야성미 넘치는 다니엘 크레이그의 제임스 본드는 최고였고 내러티브도 굉장히 좋았다. 후반부에는 힘이 좀 빠지긴 했지만 초중반부 몰입도는 시리즈 역대 최고의 수준이다.",
    "date": "15.07.26",
    "rating": "8",
    "author": "inos****",
    "review_id": "10148274",
    "movie_id": "42117"
  },
  {
    "review": "분노와힘의 007 얼마나 아름다운가.",
    "date": "15.07.22",
    "rating": "9",
    "author": "timb****",
    "review_id": "10128217",
    "movie_id": "42117"
  },
  {
    "review": "다니엘 크레이그의 첫 출격. 나쁘지 않았다.",
    "date": "15.07.18",
    "rating": "10",
    "author": "lsh5****",
    "review_id": "10115326",
    "movie_id": "42117"
  },
  {
    "review": "2015.07.16",
    "date": "15.07.17",
    "rating": "6",
    "author": "sepa****",
    "review_id": "10112034",
    "movie_id": "42117"
  },
  {
    "review": "지난 시리즈들의 격식과 품위에서 벗어난 현란한 액션과 편집",
    "date": "15.07.15",
    "rating": "7",
    "author": "syoc****",
    "review_id": "10106288",
    "movie_id": "42117"
  },
  {
    "review": "행복은 잠시일 수 밖에 없는 것인가...순수한 제임스 세상을 알아가기 시작하다",
    "date": "15.07.09",
    "rating": "9",
    "author": "mins****",
    "review_id": "10085458",
    "movie_id": "42117"
  },
  {
    "review": "관객의 미심쩍은 눈빛을 기대감의 눈빛으로 돌리는데 성공했다",
    "date": "15.06.30",
    "rating": "7",
    "author": "bdcs****",
    "review_id": "10056451",
    "movie_id": "42117"
  },
  {
    "review": "내 인생 최고의 영화였다...",
    "date": "15.06.27",
    "rating": "10",
    "author": "ssam****",
    "review_id": "10043800",
    "movie_id": "42117"
  },
  {
    "review": "애스턴 마틴. 영국. 개간지",
    "date": "15.06.23",
    "rating": "10",
    "author": "penw****",
    "review_id": "10023199",
    "movie_id": "42117"
  },
  {
    "review": "처음 시작할 때 액션&추격신 쩔더라. 거기에 에바 그린 예뻐;",
    "date": "15.06.22",
    "rating": "8",
    "author": "phea****",
    "review_id": "10022494",
    "movie_id": "42117"
  },
  {
    "review": "영화가 끝나고 이게 180분이 넘는 영화였다는 걸 알고 경악.. 체감상 한 1시간 20분 정도 한 줄..",
    "date": "15.06.20",
    "rating": "10",
    "author": "newr****",
    "review_id": "10016049",
    "movie_id": "42117"
  },
  {
    "review": "007시리즈의 완벽한 재탄생",
    "date": "15.05.28",
    "rating": "10",
    "author": "zndz****",
    "review_id": "9956795",
    "movie_id": "42117"
  },
  {
    "review": "아련한듯. .긴장감을부여하며 새로운느낌의 007",
    "date": "15.05.26",
    "rating": "10",
    "author": "thfr****",
    "review_id": "9951349",
    "movie_id": "42117"
  },
  {
    "review": "다니엘 크레이그와 에바 그린 둘의 조합으로만 10점은 충분하다고 생각",
    "date": "15.05.26",
    "rating": "10",
    "author": "eomb****",
    "review_id": "9951074",
    "movie_id": "42117"
  },
  {
    "review": "본드 시리즈의 의 새 시대를 여는 창조적 작품 천상의 배우들과 유연한 전개, 그에 걸맞는 액션들이 007이라는 시리즈의 새로운 부활탄을 쏘아올렸다.",
    "date": "15.05.13",
    "rating": "10",
    "author": "loop****",
    "review_id": "9914964",
    "movie_id": "42117"
  },
  {
    "review": "카지노로얄,퀀텀오브솔라스,스카이폴 레전드급 영화",
    "date": "15.05.09",
    "rating": "10",
    "author": "xnau****",
    "review_id": "9906823",
    "movie_id": "42117"
  },
  {
    "review": "다니엘 크레이그식 야수파 제임스 본드!",
    "date": "15.04.18",
    "rating": "8",
    "author": "pont****",
    "review_id": "9850557",
    "movie_id": "42117"
  },
  {
    "review": "점수 테러 당했나보네. 오로사뢰가알",
    "date": "15.04.12",
    "rating": "10",
    "author": "qhdy****",
    "review_id": "9841515",
    "movie_id": "42117"
  },
  {
    "review": "새 시작의 좋은 예시를 보여준 것 같아서",
    "date": "15.04.06",
    "rating": "10",
    "author": "jbhj****",
    "review_id": "9831243",
    "movie_id": "42117"
  },
  {
    "review": "시리즈 역대 최고작품. 에바그린은 지금도 안타깝다.",
    "date": "15.04.03",
    "rating": "10",
    "author": "opti****",
    "review_id": "9824076",
    "movie_id": "42117"
  },
  {
    "review": "방울이 쫄깃해지는 영화",
    "date": "15.04.01",
    "rating": "10",
    "author": "dol8****",
    "review_id": "9820557",
    "movie_id": "42117"
  },
  {
    "review": "<007 스카이폴> 보다 훨씬 재밌다. 베스퍼는 진짜 진국인 여자였고 본드 ㅜㅜㅜ 졸라 상남자다",
    "date": "15.03.31",
    "rating": "10",
    "author": "dkdl****",
    "review_id": "9817966",
    "movie_id": "42117"
  },
  {
    "review": "6탄에이어 여주가또...007불쌍ㅜㅜ",
    "date": "15.03.30",
    "rating": "10",
    "author": "dnjs****",
    "review_id": "9816315",
    "movie_id": "42117"
  },
  {
    "review": "적절한 음향과 스토리.",
    "date": "15.03.29",
    "rating": "9",
    "author": "wnst****",
    "review_id": "9815533",
    "movie_id": "42117"
  },
  {
    "review": "이영화가 재미가 없다는 여자들~ 정신좀 차려라~ 꽃미남이 나와야 영화냐? 상남자도 남자다",
    "date": "15.03.24",
    "rating": "10",
    "author": "z4de****",
    "review_id": "9802923",
    "movie_id": "42117"
  },
  {
    "review": "초반에 약간 지루한감이있었지만, 리얼액션의 새로운 본드를 보여준 다니엘크레이그의 케스팅은 정말 신의한수였던거같다. 액션씬은 눈을뗄수없었고, 적당히 속도감있는 전개도 좋았다. 또 에바그린도 예뻤고, 다니엘크레이그는 멋짐그자체였다 ㅎ",
    "date": "15.03.21",
    "rating": "9",
    "author": "kimt****",
    "review_id": "9796257",
    "movie_id": "42117"
  },
  {
    "review": "007 시리즈 중 최고를 가린다한다면 난 차라리 퀀텀이나 스카이폴을 제치고 이 영화에 손들어주고싶다. 명작까지는 아니더라도 전개가 깔끔하고 명확해서 좋다.",
    "date": "15.03.12",
    "rating": "8",
    "author": "pkon****",
    "review_id": "9775012",
    "movie_id": "42117"
  },
  {
    "review": "비현실성을 던져버리고 야성적이고 현실적인 본드로 돌아오다.",
    "date": "15.03.09",
    "rating": "10",
    "author": "dnwn****",
    "review_id": "9767666",
    "movie_id": "42117"
  },
  {
    "review": "첩보 액션의 전설이다. 맨몸 추격전은 볼 때마다 경이로울 정도.",
    "date": "15.02.27",
    "rating": "10",
    "author": "ajtw****",
    "review_id": "9744888",
    "movie_id": "42117"
  },
  {
    "review": "언제나 멋있어보이기만했던 본드가 아닌 한 인간으로서의 본드를 보여준 점이 마음에 든다. 다니엘크레이그의 본드를 보면 그를 본드로 뽑은것은 가히 최고의 캐스팅이라  극찬할만 하다.",
    "date": "15.02.21",
    "rating": "10",
    "author": "juu0****",
    "review_id": "9723927",
    "movie_id": "42117"
  },
  {
    "review": "이것은 사랑에 관한 이야기다.",
    "date": "15.02.11",
    "rating": "7",
    "author": "tenz****",
    "review_id": "9686995",
    "movie_id": "42117"
  },
  {
    "review": "007이 본 시리즈 아류라는 새1끼 생각이 있냐? 007시리즈 역사가 반백년인데 좀 알고 시1부려라 ;; 물론 본 시리즈 나도 좋아함",
    "date": "15.02.06",
    "rating": "10",
    "author": "ddab****",
    "review_id": "9673632",
    "movie_id": "42117"
  },
  {
    "review": "어느씬 하나 버릴 것 없는 영화",
    "date": "15.02.02",
    "rating": "10",
    "author": "gin_****",
    "review_id": "9661667",
    "movie_id": "42117"
  },
  {
    "review": "기존 007과는 다른 매력을 선보인 작품보는동안 나도 본드의 감정을 같이 느꼈다",
    "date": "15.01.27",
    "rating": "10",
    "author": "fprt****",
    "review_id": "9643184",
    "movie_id": "42117"
  },
  {
    "review": "내가  본 모든 007 중 최고. 캐스팅도 최고 대사도 최고 OST도 최고. 인간적인 본드의 모습이 다니엘 크레이그와 너무 잘 어울린다.. 방금봤는데 또 보고싶다!!",
    "date": "15.01.07",
    "rating": "10",
    "author": "live****",
    "review_id": "9569438",
    "movie_id": "42117"
  },
  {
    "review": "재밌는데 왤케 평점이 낮을까?ㅡㅡ",
    "date": "15.01.04",
    "rating": "10",
    "author": "cang****",
    "review_id": "9559625",
    "movie_id": "42117"
  },
  {
    "review": "'My name is Bond, James Bond.'의 새로운 귀환",
    "date": "14.12.24",
    "rating": "8",
    "author": "kwon****",
    "review_id": "9509138",
    "movie_id": "42117"
  },
  {
    "review": "색다른 007의 성장통",
    "date": "14.12.23",
    "rating": "9",
    "author": "rors****",
    "review_id": "9503285",
    "movie_id": "42117"
  },
  {
    "review": "액션은 떨어졌지만 스토리는 좋았어요",
    "date": "14.12.20",
    "rating": "8",
    "author": "ani_****",
    "review_id": "9493094",
    "movie_id": "42117"
  },
  {
    "review": "진짜재미있는데이야쯘다",
    "date": "14.12.14",
    "rating": "9",
    "author": "xx41****",
    "review_id": "9471895",
    "movie_id": "42117"
  },
  {
    "review": "인간적인 마초남으로 변신시킨 건 매력적이지만.",
    "date": "14.12.07",
    "rating": "5",
    "author": "tear****",
    "review_id": "9454141",
    "movie_id": "42117"
  },
  {
    "review": "007무시했는데잼나네영상미가ㅈ되고보는내내눈이즐거웠다다니엘크레이그는남자가봐도간지철철",
    "date": "14.12.01",
    "rating": "8",
    "author": "2ele****",
    "review_id": "9438796",
    "movie_id": "42117"
  },
  {
    "review": "최고의 슈트빨 두 중년만으로...",
    "date": "14.11.23",
    "rating": "8",
    "author": "park****",
    "review_id": "9414190",
    "movie_id": "42117"
  },
  {
    "review": "시대를 못 읽고 숨통이 끊어져가던 시리즈를, 시대가 원하는 모습으로 화려하고 세련되게 살려내다. 많은 사람들이 새로운 본드의 귀환을 기다리고 있었을 것이다.",
    "date": "14.11.12",
    "rating": "9",
    "author": "cksn****",
    "review_id": "9374009",
    "movie_id": "42117"
  },
  {
    "review": "총과 주먹이 아닌 노름으로 상대를 엿먹이다니. 영리하고 강력한 본드와 뇌쇄적인 베스퍼가 매력적이었고, 흐름은 자연스러웠다.",
    "date": "14.10.07",
    "rating": "8",
    "author": "ggma****",
    "review_id": "9272021",
    "movie_id": "42117"
  },
  {
    "review": "클래식이 존중받는 이유. 007리턴.",
    "date": "14.09.25",
    "rating": "7",
    "author": "qwea****",
    "review_id": "9240504",
    "movie_id": "42117"
  },
  {
    "review": "이 영화로 007시리즈에 입덕함!",
    "date": "14.09.24",
    "rating": "10",
    "author": "ilik****",
    "review_id": "9238239",
    "movie_id": "42117"
  },
  {
    "review": "5점짜리는 진짜 아니다 멍청한평론가들 뇌회전을 못하나",
    "date": "14.09.14",
    "rating": "10",
    "author": "warh****",
    "review_id": "9215606",
    "movie_id": "42117"
  },
  {
    "review": "이 작품이 일당백의 날으는 폐인요원영화으 시조격. 요즘 첩보영화 리얼해가 좋아. 다 이 영화덕이지.",
    "date": "14.09.13",
    "rating": "10",
    "author": "clar****",
    "review_id": "9212150",
    "movie_id": "42117"
  },
  {
    "review": "내용 좋네  잘만들었다 굳!",
    "date": "14.09.10",
    "rating": "9",
    "author": "choi****",
    "review_id": "9201449",
    "movie_id": "42117"
  },
  {
    "review": "매력있는 남자란 무엇인가",
    "date": "14.08.30",
    "rating": "10",
    "author": "vivv****",
    "review_id": "9147538",
    "movie_id": "42117"
  },
  {
    "review": "평점 왤케 낮은지 모르겠다. 전작 본드들보다 훨씬 멋있는데..",
    "date": "14.08.30",
    "rating": "9",
    "author": "nint****",
    "review_id": "9146066",
    "movie_id": "42117"
  },
  {
    "review": "\"Bond , James Bond\" 언제 들어도 간지나는 이 명대사...자기 이름 소개만으로 이렇게 간지 포스 좔~좔~풍기는 캐릭터가 영화 사상 또 있었던가...이런 제임스 본드를 기다렸다!",
    "date": "14.08.29",
    "rating": "10",
    "author": "nasu****",
    "review_id": "9143765",
    "movie_id": "42117"
  },
  {
    "review": "좋다 매력적이다 다음 작품이 기대된다",
    "date": "14.08.12",
    "rating": "9",
    "author": "sw97****",
    "review_id": "9073613",
    "movie_id": "42117"
  },
  {
    "review": "1억15백만 달러면 담배 몇 갑을 살 수 있을까?",
    "date": "14.07.15",
    "rating": "1",
    "author": "hang****",
    "review_id": "8918563",
    "movie_id": "42117"
  },
  {
    "review": "고문장면 보는데 내 눈이 찡그려진다",
    "date": "14.07.12",
    "rating": "10",
    "author": "bumm****",
    "review_id": "8907573",
    "movie_id": "42117"
  },
  {
    "review": "성공적인 리부트 새로운 제임스 본드",
    "date": "14.07.01",
    "rating": "10",
    "author": "gbwl****",
    "review_id": "8874196",
    "movie_id": "42117"
  },
  {
    "review": "최고 ~ 최고 최고 최고 최고 최고",
    "date": "14.07.01",
    "rating": "10",
    "author": "wlsx****",
    "review_id": "8872816",
    "movie_id": "42117"
  },
  {
    "review": "8년전이라도 신선하고 깔끔",
    "date": "14.06.30",
    "rating": "9",
    "author": "snzi****",
    "review_id": "8870868",
    "movie_id": "42117"
  },
  {
    "review": "더욱 남자다워지고 더욱 터프해져서 돌아온 다니엘 크레이그의 007시리즈. 임무와 사랑하는 여자사이에서 쉴새없이 벌어지는 액션과 로맨스로 러닝타임을 알차게 채웠다. 다니엘 크레이그는 단언컨대 가장 완벽한 제임스 본드다.",
    "date": "14.06.21",
    "rating": "9",
    "author": "ajsi****",
    "review_id": "8844614",
    "movie_id": "42117"
  },
  {
    "review": "평점 8이상은 되야지 네이버 웃기는 평점",
    "date": "14.06.18",
    "rating": "9",
    "author": "yanu****",
    "review_id": "8838738",
    "movie_id": "42117"
  },
  {
    "review": "르쉬프가 죽었는데도 왜 안끝나고 질질 끄나 했더니만 ㅎㄷㄷ",
    "date": "14.06.15",
    "rating": "10",
    "author": "lch5****",
    "review_id": "8831112",
    "movie_id": "42117"
  },
  {
    "review": "007은 처음인데 이래서 액션액션하는가보다 ㅋㅋ",
    "date": "14.06.15",
    "rating": "10",
    "author": "siri****",
    "review_id": "8831082",
    "movie_id": "42117"
  },
  {
    "review": "과한면도 있지만 즐기기엔 충분하다, 이정도면 그럭저럭 본드의 성공적 귀환...",
    "date": "14.06.14",
    "rating": "6",
    "author": "trac****",
    "review_id": "8828617",
    "movie_id": "42117"
  },
  {
    "review": "007시리즈 중에서 제일 재밌었다.",
    "date": "14.06.08",
    "rating": "8",
    "author": "fghy****",
    "review_id": "8811698",
    "movie_id": "42117"
  },
  {
    "review": "액션도 괜찮았지만 남주와 여주의 로멘스가 아름다웠다다, 선남선녀.",
    "date": "14.05.31",
    "rating": "9",
    "author": "hsd5****",
    "review_id": "8780921",
    "movie_id": "42117"
  },
  {
    "review": "ㅠㅠ 에바그린! 죽지말지 ㅠㅠ",
    "date": "14.05.31",
    "rating": "7",
    "author": "tkeo****",
    "review_id": "8780873",
    "movie_id": "42117"
  },
  {
    "review": "감탄사 연발하기에 부족함이 없다.",
    "date": "14.05.27",
    "rating": "8",
    "author": "joyc****",
    "review_id": "8770366",
    "movie_id": "42117"
  },
  {
    "review": "더이상 느끼하고 여유로운 제임스본드는 인기가 떨어질뿐이다. 과격한액션과 로맨스는 최고였다.",
    "date": "14.05.24",
    "rating": "10",
    "author": "chlg****",
    "review_id": "8759788",
    "movie_id": "42117"
  },
  {
    "review": "현실적인 본드, 지금까지나온 시리즈중 가장 재미있게봄.",
    "date": "14.05.20",
    "rating": "10",
    "author": "jhjs****",
    "review_id": "8749078",
    "movie_id": "42117"
  },
  {
    "review": "역시 기대를 져버리지 않는 제임스 본드.",
    "date": "14.05.18",
    "rating": "9",
    "author": "rand****",
    "review_id": "8742673",
    "movie_id": "42117"
  },
  {
    "review": "악당들이 불쌍하게 느껴질만큼 화끈잔인해진 제임스본드의 액션",
    "date": "14.05.07",
    "rating": "8",
    "author": "sora****",
    "review_id": "8713149",
    "movie_id": "42117"
  },
  {
    "review": "007중에선 최고ㅇㅇㅇㅇ",
    "date": "14.04.23",
    "rating": "10",
    "author": "love****",
    "review_id": "8667294",
    "movie_id": "42117"
  },
  {
    "review": "수트 핏 하나는 죽여주시는 크레이그 성님.",
    "date": "14.04.06",
    "rating": "5",
    "author": "hyh7****",
    "review_id": "8631178",
    "movie_id": "42117"
  },
  {
    "review": "꿀잼 꿀꿀 잼잼잼앙마나아ㅏ암ㄴ",
    "date": "14.03.30",
    "rating": "10",
    "author": "plm7****",
    "review_id": "8618928",
    "movie_id": "42117"
  },
  {
    "review": "기름기 쫙 빼고 첨단 대신 맨몸으로",
    "date": "14.03.30",
    "rating": "7",
    "author": "gipp****",
    "review_id": "8616821",
    "movie_id": "42117"
  },
  {
    "review": "새로운 본드 재밌다. 강력추천",
    "date": "14.03.26",
    "rating": "9",
    "author": "guye****",
    "review_id": "8606865",
    "movie_id": "42117"
  },
  {
    "review": "새로운 본즈도 액션이 볼만함",
    "date": "14.03.25",
    "rating": "7",
    "author": "cles****",
    "review_id": "8605628",
    "movie_id": "42117"
  },
  {
    "review": "당연 007시리즈 중 최고",
    "date": "14.03.25",
    "rating": "10",
    "author": "kjsk****",
    "review_id": "8604875",
    "movie_id": "42117"
  },
  {
    "review": "한시도 긴장을 멈출수 없다",
    "date": "14.03.24",
    "rating": "10",
    "author": "jhju****",
    "review_id": "8602438",
    "movie_id": "42117"
  },
  {
    "review": "리얼한 연기, 눈빛.. 빠져든다. 다니엘크레이그..세련되지않지만 야성미 넘치는 본드.에바그린의 연기도 상당한 매력요소.",
    "date": "14.03.24",
    "rating": "10",
    "author": "iyj1****",
    "review_id": "8602392",
    "movie_id": "42117"
  },
  {
    "review": "다니엘 너무 멋져요 ♥ 히히힛",
    "date": "14.03.10",
    "rating": "10",
    "author": "xhxh****",
    "review_id": "8567349",
    "movie_id": "42117"
  },
  {
    "review": "나쁘지 않았다. 배신과 배신, 아름다운 여자는 믿지 마라, 뻔한 클리셰에도 불구하고 세련된 연출이 좋았음. 액션신도 훌륭. 말 그대로 볼만했음.",
    "date": "14.03.09",
    "rating": "8",
    "author": "floo****",
    "review_id": "8565499",
    "movie_id": "42117"
  },
  {
    "review": "블록버스터의 탈을 쓴 아름답고 씁쓸한 사랑 영화....",
    "date": "14.03.05",
    "rating": "10",
    "author": "dlxp****",
    "review_id": "8557318",
    "movie_id": "42117"
  },
  {
    "review": "이런게 진짜 제임스 본드지",
    "date": "14.03.03",
    "rating": "10",
    "author": "lsc9****",
    "review_id": "8552957",
    "movie_id": "42117"
  },
  {
    "review": "007 시리즈를 다시보게한 영화.",
    "date": "14.03.02",
    "rating": "10",
    "author": "whoi****",
    "review_id": "8551918",
    "movie_id": "42117"
  },
  {
    "review": "에바 그린 나온 영화는 다 좋아~ 관객의 입맛에 맞게 007도 변하였네,,,",
    "date": "14.02.28",
    "rating": "7",
    "author": "milk****",
    "review_id": "8544668",
    "movie_id": "42117"
  },
  {
    "review": "과거007이 어땠건 재미있다 끝까지 알찬 액션~",
    "date": "14.02.22",
    "rating": "8",
    "author": "cobo****",
    "review_id": "8529498",
    "movie_id": "42117"
  },
  {
    "review": "스토리 배경 로맨스 연기 매력 액션 스릴 반전 흥미다 좋다. 악당들이 쓸데없이 주인공 가지고 놀려다가 뒷통수 맞는 꼴보다 서로 말보다 행동이 먼저인 캐릭터들이 시원스럽다. 봐도봐도 재밌다.본시리즈도 정말 좋아하지만 몇 번씩 보기에는 이게 더 당긴다",
    "date": "14.02.22",
    "rating": "10",
    "author": "dont****",
    "review_id": "8529343",
    "movie_id": "42117"
  },
  {
    "review": "화려한 액션과 쿨한 본드의 모습에 초점을 맞춘다면 145분도 짧을 것이다.",
    "date": "14.02.12",
    "rating": "8",
    "author": "rode****",
    "review_id": "8500613",
    "movie_id": "42117"
  },
  {
    "review": "평론가새.끼들 6점때린 꼬라지보소ㅉㅉ",
    "date": "14.02.08",
    "rating": "10",
    "author": "hosu****",
    "review_id": "8486747",
    "movie_id": "42117"
  },
  {
    "review": "더 이상의 무슨말이 필요할까요?",
    "date": "14.02.03",
    "rating": "10",
    "author": "ronw****",
    "review_id": "8471865",
    "movie_id": "42117"
  },
  {
    "review": "믿고보는 007시리즈!!!",
    "date": "14.02.02",
    "rating": "10",
    "author": "ske4****",
    "review_id": "8466661",
    "movie_id": "42117"
  },
  {
    "review": "이때까지 007시리즈를 보면 대부분의 본드걸들은 본드의하루여자일뿐이지만.. 카지노로얄에서 본드의 로망과슬픔이게 매력이다",
    "date": "14.02.02",
    "rating": "10",
    "author": "qkrd****",
    "review_id": "8464273",
    "movie_id": "42117"
  },
  {
    "review": "극장에서 처음으로본 007 잊을 수 가없다",
    "date": "14.01.29",
    "rating": "9",
    "author": "lim9****",
    "review_id": "8446222",
    "movie_id": "42117"
  }
]