[
  {
    "review": "호쾌 상쾌 통쾌한 당대 최고의 액션영화! 이걸 보고 왕우에 반했었음.",
    "date": "15.05.30",
    "rating": "10",
    "author": "safe****",
    "review_id": "9961182",
    "movie_id": "42152"
  },
  {
    "review": "어설프다 .. 감독 그래도 다른영환 괜찮앗다",
    "date": "14.05.20",
    "rating": "2",
    "author": "jyna****",
    "review_id": "8750532",
    "movie_id": "42152"
  },
  {
    "review": "동양판 007 의 효시",
    "date": "10.10.14",
    "rating": "10",
    "author": "expr****",
    "review_id": "4902863",
    "movie_id": "42152"
  },
  {
    "review": "어색한 구티가 많지만 그래도 볼만한 즐건 액션물. 러브씬은 안 어울린다.",
    "date": "10.05.01",
    "rating": "5",
    "author": "sykm****",
    "review_id": "4468999",
    "movie_id": "42152"
  },
  {
    "review": "당시영화치존 수작이다~",
    "date": "10.04.23",
    "rating": "10",
    "author": "zmfp****",
    "review_id": "4449496",
    "movie_id": "42152"
  },
  {
    "review": "왕우의 현대물...조지 라젠비가 악당역으로 골든 하베스트가 돈좀들인듯",
    "date": "09.08.17",
    "rating": "7",
    "author": "thra****",
    "review_id": "3758141",
    "movie_id": "42152"
  },
  {
    "review": "재밌어요 ㅋㅋㅋㅋㅋ",
    "date": "09.05.24",
    "rating": "10",
    "author": "ojch****",
    "review_id": "3519166",
    "movie_id": "42152"
  },
  {
    "review": "당시 최고의 액션 영화중 한편",
    "date": "08.09.20",
    "rating": "10",
    "author": "pozo****",
    "review_id": "2960135",
    "movie_id": "42152"
  }
]