[
  {
    "review": "너무너무 재미있었어요.",
    "date": "11.04.15",
    "rating": "10",
    "author": "wjdt****",
    "review_id": "5375683",
    "movie_id": "42237"
  },
  {
    "review": "뻔한내용에 유치하기 짝이 없다고 느낀사람은 좋은 부모가 될수있을까..",
    "date": "10.08.04",
    "rating": "10",
    "author": "lhbl****",
    "review_id": "4707025",
    "movie_id": "42237"
  },
  {
    "review": "혹시나 했더니 역시나 뻔한 내용. 애기용 영화.",
    "date": "10.05.30",
    "rating": "5",
    "author": "bara****",
    "review_id": "4532336",
    "movie_id": "42237"
  },
  {
    "review": "Denzel Washington과 Will Smith를 제외한 흑인배우의 주연급 캐스팅의 문제.",
    "date": "10.05.29",
    "rating": "1",
    "author": "pria****",
    "review_id": "4529310",
    "movie_id": "42237"
  },
  {
    "review": "이 영화 넘 뻔해요 .",
    "date": "10.04.05",
    "rating": "3",
    "author": "evil****",
    "review_id": "4412581",
    "movie_id": "42237"
  },
  {
    "review": "재미있네요.",
    "date": "09.07.21",
    "rating": "10",
    "author": "netk****",
    "review_id": "3654343",
    "movie_id": "42237"
  },
  {
    "review": "즐기면서 아무 생각없이 보면 재밌음.",
    "date": "09.01.09",
    "rating": "10",
    "author": "2001****",
    "review_id": "3204594",
    "movie_id": "42237"
  },
  {
    "review": "조낸잼잇셈",
    "date": "09.01.01",
    "rating": "10",
    "author": "ynmy****",
    "review_id": "3173401",
    "movie_id": "42237"
  },
  {
    "review": "스쿨 오브 락, 롱기스트 야드,그들만의 월드컵, 처럼, 뻔하지만 모두 재미있었다!",
    "date": "08.02.29",
    "rating": "10",
    "author": "gtd2****",
    "review_id": "2494299",
    "movie_id": "42237"
  },
  {
    "review": "마운트 버논 중학교 1짱 빅맥 ㅋㅋㅋ",
    "date": "07.12.25",
    "rating": "10",
    "author": "happ****",
    "review_id": "2264167",
    "movie_id": "42237"
  },
  {
    "review": "초딩영화",
    "date": "07.07.14",
    "rating": "2",
    "author": "rhwj****",
    "review_id": "1774029",
    "movie_id": "42237"
  },
  {
    "review": "강추영화",
    "date": "07.04.22",
    "rating": "10",
    "author": "akxl****",
    "review_id": "1600670",
    "movie_id": "42237"
  },
  {
    "review": "기분이 좋아지는 코미디영화 ^^",
    "date": "07.04.22",
    "rating": "10",
    "author": "wwe8****",
    "review_id": "1600668",
    "movie_id": "42237"
  },
  {
    "review": "중3이상만되도 유치하게 느껴질영화 그냥 애들시간때우기용",
    "date": "07.01.31",
    "rating": "3",
    "author": "choi****",
    "review_id": "1429840",
    "movie_id": "42237"
  },
  {
    "review": "가볍게 볼만함",
    "date": "07.01.25",
    "rating": "5",
    "author": "psp2****",
    "review_id": "1411904",
    "movie_id": "42237"
  },
  {
    "review": "기분좋아지는 영화`~ ㅋㅋ",
    "date": "07.01.24",
    "rating": "9",
    "author": "jsi1****",
    "review_id": "1409789",
    "movie_id": "42237"
  },
  {
    "review": "아이들에게 희망을~~^^",
    "date": "06.12.18",
    "rating": "6",
    "author": "choi****",
    "review_id": "1301567",
    "movie_id": "42237"
  },
  {
    "review": "갠차는데요...ㅎㅎ",
    "date": "06.12.13",
    "rating": "8",
    "author": "saky****",
    "review_id": "1289492",
    "movie_id": "42237"
  },
  {
    "review": "유쾌한 농구 이야기...",
    "date": "06.11.22",
    "rating": "8",
    "author": "ghos****",
    "review_id": "1246227",
    "movie_id": "42237"
  },
  {
    "review": "뻔한 이야기다 .. 하지만 보고나니 기분 좋아지네 ㅋㅋ",
    "date": "06.07.17",
    "rating": "8",
    "author": "shir****",
    "review_id": "902146",
    "movie_id": "42237"
  },
  {
    "review": "농구사랑하지만.. 이건 아니다. 초딩둘가진 가족이 볼만한영화",
    "date": "06.06.09",
    "rating": "5",
    "author": "thep****",
    "review_id": "837207",
    "movie_id": "42237"
  },
  {
    "review": "가볍게 볼만함...",
    "date": "06.05.30",
    "rating": "9",
    "author": "seoj****",
    "review_id": "823400",
    "movie_id": "42237"
  },
  {
    "review": "not bad",
    "date": "06.05.22",
    "rating": "7",
    "author": "infa****",
    "review_id": "811941",
    "movie_id": "42237"
  },
  {
    "review": "뻔하지만, 그래도 기분좋은 가족영화. 농구로 하나되자~ㅋ",
    "date": "06.05.15",
    "rating": "7",
    "author": "kami****",
    "review_id": "800701",
    "movie_id": "42237"
  },
  {
    "review": "애들이 넘 귀여워..ㅎㅎ",
    "date": "06.05.11",
    "rating": "6",
    "author": "kat2****",
    "review_id": "796171",
    "movie_id": "42237"
  },
  {
    "review": "별루",
    "date": "06.05.06",
    "rating": "10",
    "author": "wk85****",
    "review_id": "789684",
    "movie_id": "42237"
  },
  {
    "review": "애들이 나와선지 유치하고 뻔하긴해도 마틴로렌스덕분에 볼만",
    "date": "06.05.04",
    "rating": "7",
    "author": "gall****",
    "review_id": "785587",
    "movie_id": "42237"
  },
  {
    "review": "재밌다.",
    "date": "06.04.24",
    "rating": "10",
    "author": "myun****",
    "review_id": "774535",
    "movie_id": "42237"
  },
  {
    "review": "그런데로 볼만하다 !! 정도~~~",
    "date": "06.04.14",
    "rating": "7",
    "author": "hye5****",
    "review_id": "760827",
    "movie_id": "42237"
  },
  {
    "review": "마틴로렌스는 역시 날 실망시키지 않는군,",
    "date": "06.04.10",
    "rating": "10",
    "author": "shad****",
    "review_id": "756034",
    "movie_id": "42237"
  },
  {
    "review": "웃겨~ㅋㅋ잡생각없이 즐기기 조타 ㅋㅋ표정죽여죵~",
    "date": "06.04.05",
    "rating": "10",
    "author": "jjyj****",
    "review_id": "749598",
    "movie_id": "42237"
  },
  {
    "review": "코치 카터의 코믹버전?그래도 볼만한 코믹스포츠영화",
    "date": "06.04.02",
    "rating": "8",
    "author": "ky21****",
    "review_id": "744892",
    "movie_id": "42237"
  },
  {
    "review": "지루하지는 안았다  ㅋ",
    "date": "06.04.01",
    "rating": "10",
    "author": "god1****",
    "review_id": "743770",
    "movie_id": "42237"
  },
  {
    "review": "마틴로렌스. 진짜 웃긴다 ㅋㅋ",
    "date": "06.03.28",
    "rating": "9",
    "author": "luy_****",
    "review_id": "737984",
    "movie_id": "42237"
  },
  {
    "review": "스포츠물이 다 그렇듯 하지만 그래도 볼만 해요^^",
    "date": "06.03.24",
    "rating": "10",
    "author": "kysd****",
    "review_id": "732336",
    "movie_id": "42237"
  },
  {
    "review": "멋진영화",
    "date": "06.03.24",
    "rating": "10",
    "author": "youn****",
    "review_id": "732116",
    "movie_id": "42237"
  },
  {
    "review": "초딩 아이들과 보세요.. 그냥저냥 볼만해요!",
    "date": "06.03.18",
    "rating": "6",
    "author": "lshp****",
    "review_id": "720902",
    "movie_id": "42237"
  },
  {
    "review": "뻔한결말과 살짝 유치함이 있지만 가족영화로서는 굿~!",
    "date": "06.03.18",
    "rating": "8",
    "author": "punc****",
    "review_id": "720657",
    "movie_id": "42237"
  },
  {
    "review": "농구 좋아하면 킬링타임용으로 그만.",
    "date": "06.03.17",
    "rating": "4",
    "author": "joos****",
    "review_id": "719638",
    "movie_id": "42237"
  },
  {
    "review": "영화를 장난으로 만드나?",
    "date": "06.03.16",
    "rating": "3",
    "author": "rain****",
    "review_id": "719085",
    "movie_id": "42237"
  }
]