[
  {
    "review": "재미있네요 ㅎㅎㅎ 왠지 정이 가는 캐릭터들이네요~",
    "date": "15.08.23",
    "rating": "9",
    "author": "high****",
    "review_id": "10266882",
    "movie_id": "42244"
  },
  {
    "review": "아이 같은 천진난만함이 향하는 성인 세계로의 입성",
    "date": "15.07.26",
    "rating": "7",
    "author": "syoc****",
    "review_id": "10147983",
    "movie_id": "42244"
  },
  {
    "review": "여자 못사겨본 일베충들은 부들부들 하는 영화",
    "date": "15.07.26",
    "rating": "10",
    "author": "ksbb****",
    "review_id": "10145878",
    "movie_id": "42244"
  },
  {
    "review": "스티브 카렐식 훈훈한 유우머. 조연들도 훌륭하다",
    "date": "15.05.09",
    "rating": "10",
    "author": "jdud****",
    "review_id": "9904807",
    "movie_id": "42244"
  },
  {
    "review": "큰 기대는 하지 마시길ㅇㅇㅇ",
    "date": "15.04.18",
    "rating": "1",
    "author": "mond****",
    "review_id": "9850554",
    "movie_id": "42244"
  },
  {
    "review": "카렐 덕에 다 봤다.. 너무 엉성한 영화다",
    "date": "15.03.30",
    "rating": "5",
    "author": "thwl****",
    "review_id": "9817565",
    "movie_id": "42244"
  },
  {
    "review": "스티브 카렐의 코미디는 그의 연기력이 받쳐줘서 단순히 웃기기만 한 그 이상의 것이 있다. 폴 러드와 세스 로건은 덤. 어른을 위한 코미디 영화.",
    "date": "15.02.27",
    "rating": "8",
    "author": "chin****",
    "review_id": "9742267",
    "movie_id": "42244"
  },
  {
    "review": "개잼씀꿀잼개잼초잼씀",
    "date": "15.02.18",
    "rating": "10",
    "author": "sile****",
    "review_id": "9709949",
    "movie_id": "42244"
  },
  {
    "review": "공감이 가는 게 슬프다...",
    "date": "15.02.04",
    "rating": "10",
    "author": "gyuh****",
    "review_id": "9667183",
    "movie_id": "42244"
  },
  {
    "review": "순진무구한 어른이의 배꼽 빠지면서도 감동적인 성장기",
    "date": "14.11.03",
    "rating": "10",
    "author": "dlcj****",
    "review_id": "9339861",
    "movie_id": "42244"
  },
  {
    "review": "좋은 소재를 가지고 이렇게까지밖에 못만들었나 하는 생각이 드는 영화. 주인공 스티브 카렐이 너무 안쓰러움.. 러닝타임도 너무 길고.. 아무튼 많이 아쉬웠음",
    "date": "14.09.05",
    "rating": "5",
    "author": "khj8****",
    "review_id": "9170941",
    "movie_id": "42244"
  },
  {
    "review": "조금 더 자극적이였으면 어떘을까 하는 아쉬움.. 그만큼 정말 재밌고 알찬 내용의 영화였다",
    "date": "14.08.17",
    "rating": "9",
    "author": "vm4e****",
    "review_id": "9098669",
    "movie_id": "42244"
  },
  {
    "review": "미국코미디영화중에 베스트영화",
    "date": "14.07.11",
    "rating": "10",
    "author": "gunw****",
    "review_id": "8906214",
    "movie_id": "42244"
  },
  {
    "review": "스티브카렐은 너무 사랑스러워요",
    "date": "14.06.15",
    "rating": "8",
    "author": "yuk2****",
    "review_id": "8833063",
    "movie_id": "42244"
  },
  {
    "review": "마지막에 왜 춤추는 거야 노래 가사도 갑자기 무슨 사이비 숭배하는 교단에서 영화를 만든 것처럼 느껴지고 그냥 엔딩이 모든 걸 퍽덮해 버렸다 도대체 엔딩이 왜 이따구지?",
    "date": "14.06.03",
    "rating": "1",
    "author": "tika****",
    "review_id": "8788925",
    "movie_id": "42244"
  },
  {
    "review": "너무 평점이 높네. 그저 그런 평작. 스티브 카렐은 매력이 없다",
    "date": "14.05.30",
    "rating": "1",
    "author": "yoyo****",
    "review_id": "8776731",
    "movie_id": "42244"
  },
  {
    "review": "재밌게 봤습니다ㅎㅎㅎ",
    "date": "14.04.05",
    "rating": "10",
    "author": "sms2****",
    "review_id": "8629607",
    "movie_id": "42244"
  },
  {
    "review": "의미있는 딱지 수비 그런데... 너무 그녀한테 주기에는 너무 아깝지 않소?",
    "date": "14.03.25",
    "rating": "7",
    "author": "izzo****",
    "review_id": "8606180",
    "movie_id": "42244"
  },
  {
    "review": "미국식 코메디가 안먹히는 사람도 있다",
    "date": "14.03.18",
    "rating": "4",
    "author": "oris****",
    "review_id": "8585809",
    "movie_id": "42244"
  },
  {
    "review": "마지막장면을보지못했는데...",
    "date": "14.02.24",
    "rating": "4",
    "author": "daze****",
    "review_id": "8535350",
    "movie_id": "42244"
  },
  {
    "review": "스티브카렐 더 비기닝 ---!!",
    "date": "14.02.22",
    "rating": "10",
    "author": "pass****",
    "review_id": "8529556",
    "movie_id": "42244"
  },
  {
    "review": "40살까지 아낀 총각딱지 뗀다는 걸 겨우 발정난 유부녀에게 바치다니 그것도 애딸린.",
    "date": "14.02.16",
    "rating": "1",
    "author": "mara****",
    "review_id": "8512378",
    "movie_id": "42244"
  },
  {
    "review": "무슨 일이든 마음이 즐거워야 그행위도 즐거운법 !",
    "date": "14.02.02",
    "rating": "7",
    "author": "tumb****",
    "review_id": "8465209",
    "movie_id": "42244"
  },
  {
    "review": "바람직한 미국식 코메디란 이런 것",
    "date": "14.01.27",
    "rating": "7",
    "author": "gipp****",
    "review_id": "8433586",
    "movie_id": "42244"
  },
  {
    "review": "스티브 카렐이 캐릭터를 너무 잘 살렸음 ㅎㅎ 정말 재밌는 영화",
    "date": "13.12.28",
    "rating": "9",
    "author": "zoid****",
    "review_id": "8315470",
    "movie_id": "42244"
  },
  {
    "review": "가볍게 즐길 수 있는 섹스 코미디.",
    "date": "13.11.08",
    "rating": "6",
    "author": "kyn9****",
    "review_id": "8123169",
    "movie_id": "42244"
  },
  {
    "review": "나름의 매력을 지닌 영화.",
    "date": "13.10.18",
    "rating": "6",
    "author": "dlwo****",
    "review_id": "8069310",
    "movie_id": "42244"
  },
  {
    "review": "무난한 로코물. 스티브 카렐이라서 더 사랑스럽다",
    "date": "13.08.25",
    "rating": "6",
    "author": "harr****",
    "review_id": "7921680",
    "movie_id": "42244"
  },
  {
    "review": "좀 웃기기도 하지만 별로 흥미롭진 않음",
    "date": "13.08.19",
    "rating": "2",
    "author": "cles****",
    "review_id": "7901986",
    "movie_id": "42244"
  },
  {
    "review": "유쾌한코미디섹영화인줄봤더니만.ㅋㅋㅋ주인공남자너무찌질하더라..글쿠지루함도조금...티비에영화예고편보여준거랑은기대감하산..",
    "date": "13.07.04",
    "rating": "7",
    "author": "seon****",
    "review_id": "7705377",
    "movie_id": "42244"
  },
  {
    "review": "스티브 카렐 귀여워 미친다ㅠㅠ 적당한 섹드립과 적당한 힐링 섞여있어서 불쾌감없이 잘 볼 수 있었다.",
    "date": "13.06.19",
    "rating": "8",
    "author": "floo****",
    "review_id": "7656172",
    "movie_id": "42244"
  },
  {
    "review": "의외로 코미디 보다는 드라마에 치중한 작품이었다,. 러닝타임이 정말 긴데 그래도 지루하지 않고 생각보다 이야기가 잘 짜여졌다.",
    "date": "13.05.06",
    "rating": "9",
    "author": "iepa****",
    "review_id": "7511483",
    "movie_id": "42244"
  },
  {
    "review": "별기대 안하고 봤는데 진짜 재밋네요ㅋㅋㅋ남주의 매력에 뿍빠졋다ㅠㅠ생각보다 많이 야한건아니엇긔~둘이 너무너무 행복해보엿슴ㅋㅋ훈훈해",
    "date": "13.04.10",
    "rating": "10",
    "author": "tnwl****",
    "review_id": "7447056",
    "movie_id": "42244"
  },
  {
    "review": "그냥 코미디인줄 알았으나 의외로 주인공의 섹스에 대한 관점과 우리는 또 어떻게 생각하고 있었는지에 대한 많은 생각을 해보았다 스티븐 카렐은 짐캐리 모습이 보이는것 같기도 하면서.. 아직은 많이 부족한듯 하다",
    "date": "13.02.24",
    "rating": "7",
    "author": "ldy6****",
    "review_id": "7297045",
    "movie_id": "42244"
  },
  {
    "review": "그다지 재미있지도 않고 지루했다. 감동도 없었다. 제목에 비해서 민망한거는 없음",
    "date": "13.02.05",
    "rating": "2",
    "author": "seul****",
    "review_id": "7227224",
    "movie_id": "42244"
  },
  {
    "review": "전형적인 코미디 영화지만 알면서도 보는 그런 맛이랄까",
    "date": "13.02.04",
    "rating": "8",
    "author": "figh****",
    "review_id": "7224417",
    "movie_id": "42244"
  },
  {
    "review": "진정한 기쁨은 누군가와 나누는 것이다.",
    "date": "13.01.26",
    "rating": "7",
    "author": "kos4****",
    "review_id": "7176453",
    "movie_id": "42244"
  },
  {
    "review": "헤어스타일부터 범생이스탈에, 집엔 피규어가 가득하고, 너무 착돌이 같이 산 이남자 좀 웃기내",
    "date": "13.01.16",
    "rating": "9",
    "author": "bajj****",
    "review_id": "7120785",
    "movie_id": "42244"
  },
  {
    "review": "소재를 맛깔나게 살리는 것이란",
    "date": "12.12.25",
    "rating": "9",
    "author": "jjcv****",
    "review_id": "7044359",
    "movie_id": "42244"
  },
  {
    "review": "웃긴장면조금",
    "date": "12.11.26",
    "rating": "7",
    "author": "phsd****",
    "review_id": "6927275",
    "movie_id": "42244"
  },
  {
    "review": "아무 기대도 안하고 시간때우는 영화로 생각했는데..보는내내 너무 좋았다..ㅠ 특히 남자주인공이 나와 너무 닮아가지고(심지어 행동도) 내가 출현(?)하는 기분까지 들며 끝까지 몰입하며 보게됬다. 마지막 고백하는 장면에선 나도 복받쳐서 눈물이 났으니ㅜ",
    "date": "12.07.22",
    "rating": "10",
    "author": "rock****",
    "review_id": "6516461",
    "movie_id": "42244"
  },
  {
    "review": "재밌어",
    "date": "12.07.09",
    "rating": "9",
    "author": "90le****",
    "review_id": "6465643",
    "movie_id": "42244"
  },
  {
    "review": "이 아저씨 나온건 다 잼는듯",
    "date": "12.06.21",
    "rating": "10",
    "author": "jomh****",
    "review_id": "6405356",
    "movie_id": "42244"
  },
  {
    "review": "역시 마이클스캇ㅋㅋㅋㅋㅋㅋㅋㅋㅋㅋㅋㅋㅋㅋㅋ",
    "date": "12.06.16",
    "rating": "9",
    "author": "jb89****",
    "review_id": "6396139",
    "movie_id": "42244"
  },
  {
    "review": "재미있는 소재때문에라도 볼만하다",
    "date": "12.06.09",
    "rating": "6",
    "author": "0r0i****",
    "review_id": "6379218",
    "movie_id": "42244"
  },
  {
    "review": "무난하고 괸찮죠 뭐... ㅋㅋㅋㅋ",
    "date": "12.06.03",
    "rating": "8",
    "author": "like****",
    "review_id": "6360384",
    "movie_id": "42244"
  },
  {
    "review": "후반부로 갈수록 영화가 힘이 없다. 동감도 안되고 부담스럽다. 좀 더 발칙했더라면,",
    "date": "12.05.21",
    "rating": "7",
    "author": "silv****",
    "review_id": "6319087",
    "movie_id": "42244"
  },
  {
    "review": "ㅋㅋ 저도 좋았어요",
    "date": "12.05.18",
    "rating": "10",
    "author": "saib****",
    "review_id": "6308245",
    "movie_id": "42244"
  },
  {
    "review": "아주 웃겼다.섹스 코메디라서 그런가?",
    "date": "12.05.02",
    "rating": "10",
    "author": "mey4****",
    "review_id": "6265904",
    "movie_id": "42244"
  },
  {
    "review": "내 시간을 돌려줘",
    "date": "12.03.27",
    "rating": "3",
    "author": "ofth****",
    "review_id": "6172603",
    "movie_id": "42244"
  },
  {
    "review": "이보다 웃길수없닼ㅋㅋㅋㅋㅋㅋㅋㅋㅋㅋㅋㅋ",
    "date": "12.03.07",
    "rating": "10",
    "author": "toad****",
    "review_id": "6129276",
    "movie_id": "42244"
  },
  {
    "review": "스티브 카렐이 너무 귀엽다 ㅋㅋㅋㅋㅋ 욕과 사과를 번갈아가면서 계속햌ㅋㅋ",
    "date": "12.02.14",
    "rating": "10",
    "author": "js77****",
    "review_id": "6075160",
    "movie_id": "42244"
  },
  {
    "review": "아 ㅋ 정말 내스타일의 유쾌한 미국식 섹스 코미디다  기대이상 ^^",
    "date": "11.12.28",
    "rating": "8",
    "author": "movi****",
    "review_id": "5942155",
    "movie_id": "42244"
  },
  {
    "review": "웃긴 장면이 더러 있었는데 건진거에 비해 러닝타임이 너무 길었다.",
    "date": "11.12.06",
    "rating": "6",
    "author": "wlfa****",
    "review_id": "5891942",
    "movie_id": "42244"
  },
  {
    "review": "40살에 사랑을 찾아간 사람 성욕이기기 힘들지 에휴",
    "date": "11.11.05",
    "rating": "10",
    "author": "jmhe****",
    "review_id": "5829656",
    "movie_id": "42244"
  },
  {
    "review": "꽤 흥미롭던데, 반가운 얼굴들이 꽤 나온다 ㅎㅎ",
    "date": "11.11.05",
    "rating": "8",
    "author": "kck6****",
    "review_id": "5829084",
    "movie_id": "42244"
  },
  {
    "review": "영화가 진행될 수록 감을 잃어 간다. 임팩트가 없다",
    "date": "11.10.29",
    "rating": "5",
    "author": "cont****",
    "review_id": "5816693",
    "movie_id": "42244"
  },
  {
    "review": "재밌었어요 ^ ^",
    "date": "11.08.13",
    "rating": "8",
    "author": "boub****",
    "review_id": "5643723",
    "movie_id": "42244"
  },
  {
    "review": "웃기네 ㅎㅎㅎ",
    "date": "11.08.09",
    "rating": "6",
    "author": "worn****",
    "review_id": "5624880",
    "movie_id": "42244"
  },
  {
    "review": "결국은 할머니랑 하네 ㅠㅠ 나도 virgin 인데 ㅠ 내인생이란...",
    "date": "11.08.06",
    "rating": "7",
    "author": "vldk****",
    "review_id": "5610287",
    "movie_id": "42244"
  },
  {
    "review": "가볍게 웃고 즐길수 있는 영화~",
    "date": "11.08.04",
    "rating": "7",
    "author": "orph****",
    "review_id": "5598414",
    "movie_id": "42244"
  },
  {
    "review": "이런 사랑스런 배우를 봤나?! 매력있는 배우 스티브카렐.",
    "date": "11.08.04",
    "rating": "9",
    "author": "jero****",
    "review_id": "5597584",
    "movie_id": "42244"
  },
  {
    "review": "주변인물들이 상당히 웃김..ㅋ",
    "date": "11.07.24",
    "rating": "6",
    "author": "mcss****",
    "review_id": "5566164",
    "movie_id": "42244"
  },
  {
    "review": "진짜 웃기고 재밌다ㅋㅋ스티브카렐의 매력이 철철 넘처흐르네^^",
    "date": "11.07.08",
    "rating": "10",
    "author": "glee****",
    "review_id": "5529264",
    "movie_id": "42244"
  },
  {
    "review": "기본 이상은 해줌.",
    "date": "11.05.17",
    "rating": "8",
    "author": "hots****",
    "review_id": "5432349",
    "movie_id": "42244"
  },
  {
    "review": "스티브카렐때문에 봤는데 오피스만큼은 아니어도 재밌다. 오피스출연진이 많이나오네",
    "date": "11.05.16",
    "rating": "10",
    "author": "jump****",
    "review_id": "5430619",
    "movie_id": "42244"
  },
  {
    "review": "그럴수도있지.",
    "date": "11.05.05",
    "rating": "6",
    "author": "arti****",
    "review_id": "5408681",
    "movie_id": "42244"
  },
  {
    "review": "역시 진심은 통하게 되어있는 법!",
    "date": "11.05.01",
    "rating": "7",
    "author": "pree****",
    "review_id": "5400366",
    "movie_id": "42244"
  },
  {
    "review": "TV에서 해주길래 봤는데 잼있네요. 2005년 영화라니 쫌 의외",
    "date": "11.04.22",
    "rating": "7",
    "author": "wjsw****",
    "review_id": "5386624",
    "movie_id": "42244"
  },
  {
    "review": "차라리 좀 더 달달했으면 좋았을텐데/",
    "date": "11.04.21",
    "rating": "4",
    "author": "evil****",
    "review_id": "5386326",
    "movie_id": "42244"
  },
  {
    "review": "이거 ㅁㅊ 스티브 카렐이 개쩐다",
    "date": "11.04.07",
    "rating": "10",
    "author": "samt****",
    "review_id": "5359780",
    "movie_id": "42244"
  },
  {
    "review": "스티브카렐을 알기 전에는 전혀 볼 생각도 없는 영화였는데, 이렇게 재밌다니!!! ㅋㅋ",
    "date": "11.03.18",
    "rating": "10",
    "author": "ilil****",
    "review_id": "5321089",
    "movie_id": "42244"
  },
  {
    "review": "생각 이상으로 순수한 짜내기 코미디.",
    "date": "11.01.10",
    "rating": "5",
    "author": "rygh****",
    "review_id": "5145734",
    "movie_id": "42244"
  },
  {
    "review": "섹시유머 폭발ㄹㄹㄹㄹㄹㄹㄹㄹㄹㄹㄹㄹㄹㄹㄹㄹㄹ",
    "date": "11.01.07",
    "rating": "10",
    "author": "insi****",
    "review_id": "5136022",
    "movie_id": "42244"
  },
  {
    "review": "톡쏘는 외설과 달콤한 사랑이 적절하게 조화를 이룬다. 훌륭하다.",
    "date": "11.01.04",
    "rating": "8",
    "author": "gksq****",
    "review_id": "5125284",
    "movie_id": "42244"
  },
  {
    "review": "말은 많은데 따분하고 실속은 없어보였던 코미디 ....",
    "date": "10.12.28",
    "rating": "3",
    "author": "egyp****",
    "review_id": "5095286",
    "movie_id": "42244"
  },
  {
    "review": "그래서 연애에 그게 중요하다는거야? 안 중요하다는거야? 결국 단순한 코미디",
    "date": "10.11.20",
    "rating": "7",
    "author": "r_ed****",
    "review_id": "4973718",
    "movie_id": "42244"
  },
  {
    "review": "적당히 웃을수있었던 작품 ~~~~~~~~",
    "date": "10.09.23",
    "rating": "5",
    "author": "fnsk****",
    "review_id": "4859717",
    "movie_id": "42244"
  },
  {
    "review": "이거보고 완전 스티브 카렐 팬 됐어요 ㅠㅠ 너무 재밌음 ㅠㅠ",
    "date": "10.09.07",
    "rating": "10",
    "author": "yama****",
    "review_id": "4821693",
    "movie_id": "42244"
  },
  {
    "review": "스티브의 연기도 좋고 내용도 생각보다는 괜찮네요^^ 잼있어요",
    "date": "10.08.29",
    "rating": "8",
    "author": "mulb****",
    "review_id": "4803494",
    "movie_id": "42244"
  },
  {
    "review": "주인공 진짜 웃기심~~ ㅎㅎ 오피스의 마이클 스캇~",
    "date": "10.08.15",
    "rating": "10",
    "author": "free****",
    "review_id": "4751400",
    "movie_id": "42244"
  },
  {
    "review": "외설적인 유머들로 가득하지만 싫지 않은, 오히려 더 순수해 보이기까지 한.",
    "date": "10.08.07",
    "rating": "7",
    "author": "cube****",
    "review_id": "4716248",
    "movie_id": "42244"
  },
  {
    "review": "그럭저럭",
    "date": "10.08.04",
    "rating": "7",
    "author": "love****",
    "review_id": "4705475",
    "movie_id": "42244"
  },
  {
    "review": "마점장!!!!! 과 저드아패토우. 웃길수밖에 없네여.",
    "date": "10.07.11",
    "rating": "10",
    "author": "jisu****",
    "review_id": "4629835",
    "movie_id": "42244"
  },
  {
    "review": "재미있지만, 한방이 부족하다?",
    "date": "10.06.01",
    "rating": "7",
    "author": "kahn****",
    "review_id": "4537847",
    "movie_id": "42244"
  },
  {
    "review": "스티브 카렐의 찌질한 연기가 일품이네",
    "date": "10.05.15",
    "rating": "6",
    "author": "airk****",
    "review_id": "4499857",
    "movie_id": "42244"
  },
  {
    "review": "숫총각과 할머니라.... 가치관에 블랙홀이 생긴다..",
    "date": "10.04.16",
    "rating": "5",
    "author": "imf0****",
    "review_id": "4435052",
    "movie_id": "42244"
  },
  {
    "review": "많이웃기고 감동적이엿음 사고친후에도 봐야갯군 ㅋㅋ",
    "date": "10.04.08",
    "rating": "9",
    "author": "ghrj****",
    "review_id": "4419799",
    "movie_id": "42244"
  },
  {
    "review": "해롤드의 더러운 코미디 보다는 차라리 이 영화가 남는게 있어서 좋다",
    "date": "10.04.07",
    "rating": "8",
    "author": "lkyl****",
    "review_id": "4417588",
    "movie_id": "42244"
  },
  {
    "review": "그냥 야한 3류영화가아니고 뭔가 생각하게 만드는 명작인데..",
    "date": "10.03.29",
    "rating": "10",
    "author": "hans****",
    "review_id": "4395919",
    "movie_id": "42244"
  },
  {
    "review": "난 진짜 재밌어서 소장하고 있는데 정말 평점은 믿을게 못됨 ㅋㅋ",
    "date": "10.03.06",
    "rating": "10",
    "author": "yyw0****",
    "review_id": "4338877",
    "movie_id": "42244"
  },
  {
    "review": "미국판 삼류코미디 영화인가.. 딱 한장면 웃겼다",
    "date": "10.03.04",
    "rating": "1",
    "author": "badb****",
    "review_id": "4334567",
    "movie_id": "42244"
  },
  {
    "review": "스티브카렐의 연기를 보는것만으로도 웃긴데 여기에 + 대본과 캐릭터",
    "date": "10.02.19",
    "rating": "8",
    "author": "bad5****",
    "review_id": "4301226",
    "movie_id": "42244"
  },
  {
    "review": "유쾌한 이야기..",
    "date": "10.02.18",
    "rating": "10",
    "author": "yoon****",
    "review_id": "4298263",
    "movie_id": "42244"
  },
  {
    "review": "양기의 집합체,노련한 임자를 만나 빅뱅을 만들다",
    "date": "10.02.01",
    "rating": "8",
    "author": "ador****",
    "review_id": "4233551",
    "movie_id": "42244"
  },
  {
    "review": "예상과는 달리 그렇게 자극적이지 않고 웃으며 볼만한 영화다.",
    "date": "10.01.31",
    "rating": "7",
    "author": "wind****",
    "review_id": "4226498",
    "movie_id": "42244"
  },
  {
    "review": "처음부터끝까지 지루해ㅠㅠ괜히봤어ㅠㅠ",
    "date": "10.01.30",
    "rating": "4",
    "author": "dltp****",
    "review_id": "4224306",
    "movie_id": "42244"
  },
  {
    "review": "이 영화 지루하게 본 사람들은 뭐지? 어떤 영화를 재밌게 본거야?;;",
    "date": "10.01.18",
    "rating": "10",
    "author": "kara****",
    "review_id": "4184508",
    "movie_id": "42244"
  },
  {
    "review": "ㅋㅋㅋ 이거잼있더라 옛날에봤는데",
    "date": "10.01.12",
    "rating": "10",
    "author": "skeh****",
    "review_id": "4161362",
    "movie_id": "42244"
  },
  {
    "review": "재밌다가도 적당히 해야지 지루하네 하암~",
    "date": "10.01.07",
    "rating": "6",
    "author": "sdm1****",
    "review_id": "4144923",
    "movie_id": "42244"
  }
]