[
  {
    "review": "뭔가 말로 선뜻 형용할 수 없지만 베스트 평처럼 무채색에 가까운, 단편소설 같은 영화.  OST도 영화 분위기를 잘 느낄 수 있게 하고 필름 컬러나 연출 기법도 좋았다.",
    "date": "15.08.21",
    "rating": "9",
    "author": "ssum****",
    "review_id": "10257612",
    "movie_id": "42245"
  },
  {
    "review": "걍 건조해서 노잼인데 보는내내 쓸쓸하고 적막하고 고독하고 외롭고 그런게 넘 느껴진다",
    "date": "15.08.06",
    "rating": "4",
    "author": "cksw****",
    "review_id": "10193190",
    "movie_id": "42245"
  },
  {
    "review": "고독감 대신 루즈함을 몸소 체험 할 수 있는  영화",
    "date": "15.07.24",
    "rating": "2",
    "author": "thev****",
    "review_id": "10137064",
    "movie_id": "42245"
  },
  {
    "review": "지루하다고 하는 사람도 있겠지만 감각적이고 도 지독하리 만큼 고독함을  잘 표현한 영화, 피아노 선율도 너무 좋아요.",
    "date": "15.07.21",
    "rating": "9",
    "author": "ciel****",
    "review_id": "10125803",
    "movie_id": "42245"
  },
  {
    "review": "시간의 흐름 속 고독과 상실을 영상으로 아로새긴다.",
    "date": "15.07.19",
    "rating": "8",
    "author": "ogr5****",
    "review_id": "10120367",
    "movie_id": "42245"
  },
  {
    "review": "731벌은 너무 적지 않나?   한 인간이 무엇으로 살았는지는 죽을 때 남긴 것들로 드러난다. 그렇다면 토니 타키타니는 무엇을 남길까...?",
    "date": "15.06.20",
    "rating": "8",
    "author": "tree****",
    "review_id": "10015548",
    "movie_id": "42245"
  },
  {
    "review": "말도 안되는 이야기 같으면서도 우리가 세상 사는 이야기와 비슷하게 느껴지는 스토리라인. 약간의 지루함이 느껴질지도 모르나 그런 점이 우리 일상과 더욱 친숙하다. 결국인간의 최대 공포는 외로움이다.",
    "date": "15.04.14",
    "rating": "7",
    "author": "pupu****",
    "review_id": "9845531",
    "movie_id": "42245"
  },
  {
    "review": "많은 생각을 하게하는 영화",
    "date": "15.02.08",
    "rating": "10",
    "author": "dail****",
    "review_id": "9680856",
    "movie_id": "42245"
  },
  {
    "review": "언젠간 나도 그가 될 수 있다고 생각하니 마음이 좋지 않았다",
    "date": "15.02.05",
    "rating": "9",
    "author": "tpal****",
    "review_id": "9667390",
    "movie_id": "42245"
  },
  {
    "review": "행복이라는 순간의 착각이 지나가면 인간은 본래 고독하다는 사실이 다가온다",
    "date": "14.10.18",
    "rating": "10",
    "author": "sskt****",
    "review_id": "9298893",
    "movie_id": "42245"
  },
  {
    "review": "지금까지 영화관에서 유일하게 펑펑 울수있었던 영화",
    "date": "14.08.24",
    "rating": "10",
    "author": "yu_k****",
    "review_id": "9126912",
    "movie_id": "42245"
  },
  {
    "review": "하루끼 좋아하는 이들에겐, 선물과 같은 영화.. 딱 하루끼적인 영화.. 그래서 호불호가 나뉠수 밖에 없는 영화.. 단, 영화화한 감독의 역량은 그 자체로 상당한 솜씨를 보여주고 있습니다.",
    "date": "14.08.04",
    "rating": "8",
    "author": "kuke****",
    "review_id": "9022390",
    "movie_id": "42245"
  },
  {
    "review": "인간의 고독은 필연인듯.",
    "date": "14.06.08",
    "rating": "7",
    "author": "itsm****",
    "review_id": "8813336",
    "movie_id": "42245"
  },
  {
    "review": "무미건조한 고독의 단편.",
    "date": "14.05.24",
    "rating": "7",
    "author": "dlwo****",
    "review_id": "8761602",
    "movie_id": "42245"
  },
  {
    "review": "책도 언젠가 한번 보고싶네요",
    "date": "14.05.14",
    "rating": "9",
    "author": "king****",
    "review_id": "8729654",
    "movie_id": "42245"
  },
  {
    "review": "여운이 길다 외로움이 무섭다고 느낀적은 없는데 사랑하는 사람이 생기면 나도 남자주인공처럼 그렇게 될지 궁금해졌다",
    "date": "14.03.28",
    "rating": "10",
    "author": "fami****",
    "review_id": "8611511",
    "movie_id": "42245"
  },
  {
    "review": "이영화를 우연히 보게 됬는데 예전에 어디서 많이 들어본 이름같다.. 토니타키타니 .. 생각해보니 예전에 무라카미 하루키 단편집에 실려있던 단편소설이었네요.. 군대시절 우연히 책장에서 꺼내본 책인데 그후로 하루키 팬이되었네요..",
    "date": "13.12.15",
    "rating": "10",
    "author": "yyhh****",
    "review_id": "8217203",
    "movie_id": "42245"
  },
  {
    "review": "짧은 상영 시간, 깊은 여운. 충격이네...",
    "date": "13.12.02",
    "rating": "9",
    "author": "bele****",
    "review_id": "8184861",
    "movie_id": "42245"
  },
  {
    "review": "하루키식 상실과 허무를 오롯이 담아냈다.",
    "date": "13.10.13",
    "rating": "6",
    "author": "tear****",
    "review_id": "8057562",
    "movie_id": "42245"
  },
  {
    "review": "무채색에 가까운 단편소설 같은 영화입니다. 무라카미 하루키의 문체가 고스란히 녹아 있는, 정말 멋있는 작품입니다. 사카모토 류이치의 ost도 정말 좋음. 하나의 코드로 이리 공허하면서도 여운이 남는 선율을 뽑아내다니...외로움은 자각한 순간 공포죠..",
    "date": "13.07.20",
    "rating": "9",
    "author": "kazu****",
    "review_id": "7765362",
    "movie_id": "42245"
  },
  {
    "review": "감정을 호소하지 않는 영화 진짜 명화",
    "date": "13.07.08",
    "rating": "10",
    "author": "blue****",
    "review_id": "7717913",
    "movie_id": "42245"
  },
  {
    "review": "solitude",
    "date": "13.06.07",
    "rating": "10",
    "author": "abm2****",
    "review_id": "7600073",
    "movie_id": "42245"
  },
  {
    "review": "강의때 본건데 찾아서 다시 봤던 영화!",
    "date": "13.05.24",
    "rating": "10",
    "author": "sksi****",
    "review_id": "7552148",
    "movie_id": "42245"
  },
  {
    "review": "이 영화는 잠을 충분히 자고 난후..혹은 컨디션이 엄청 좋을때 봐야합니다..저도 5번의 도전 끝에 클리어했는데요..추천합니다..되려 영화의 무게감때문에 큰기대나 무언가 메시지를 얻어가기보단..그냥 편안하게 관람하시기를 바랍니다",
    "date": "13.05.24",
    "rating": "10",
    "author": "viol****",
    "review_id": "7550694",
    "movie_id": "42245"
  },
  {
    "review": "무라카미 하루키의 원작인데 넘 연기도 잘 맞고 명작인듯~~",
    "date": "13.05.11",
    "rating": "10",
    "author": "gyok****",
    "review_id": "7520718",
    "movie_id": "42245"
  },
  {
    "review": "아. 정말.소설을 보지못했지만, 영화를 보면서 소설의 화자와 주인공들이 대화를 연결해서 말하는 연출기법도 너무좋았고..  2005년 개봉임이 믿겨지지않을 만큼 세련된 구두와 의상 甲",
    "date": "13.05.01",
    "rating": "9",
    "author": "gag3****",
    "review_id": "7499474",
    "movie_id": "42245"
  },
  {
    "review": "버릴게 없는 장면들과 대사들. 나는 아버지, 토니 타키타니 ,아내, 아내와 닮은 여자가 된다.",
    "date": "13.04.25",
    "rating": "10",
    "author": "thon****",
    "review_id": "7482304",
    "movie_id": "42245"
  },
  {
    "review": "그래서 인생은 살아지는 것이다",
    "date": "13.03.30",
    "rating": "9",
    "author": "kmh5****",
    "review_id": "7422010",
    "movie_id": "42245"
  },
  {
    "review": "원작소설의 고독과 허무 그 이상을 이야기하는 류이치 사카모토의 음악과 니시지마 히데토시의 목소리. 그거면 됐다.",
    "date": "13.01.25",
    "rating": "9",
    "author": "kino****",
    "review_id": "7174098",
    "movie_id": "42245"
  },
  {
    "review": "100번을 앉은 자리에서 보라고해도 볼수있는 명작이다...다만 상영시간의 짧음보단 좀더 담았으면 하는 마음에 -1점",
    "date": "13.01.23",
    "rating": "9",
    "author": "kara****",
    "review_id": "7158921",
    "movie_id": "42245"
  },
  {
    "review": "무한한 상실의 궤도로 이끈다.  <토니 타키타니>를 보여주기에 완벽한 연출이다.",
    "date": "13.01.15",
    "rating": "8",
    "author": "taki****",
    "review_id": "7119548",
    "movie_id": "42245"
  },
  {
    "review": "타버린 사진이, 행복에 갈망하는 외로움을 표현했다.",
    "date": "13.01.06",
    "rating": "9",
    "author": "natu****",
    "review_id": "7087334",
    "movie_id": "42245"
  },
  {
    "review": "아스라했던 기억이...",
    "date": "12.06.24",
    "rating": "8",
    "author": "kyur****",
    "review_id": "6412567",
    "movie_id": "42245"
  },
  {
    "review": "소재만 흥미로웠다",
    "date": "12.05.14",
    "rating": "6",
    "author": "ypal****",
    "review_id": "6298492",
    "movie_id": "42245"
  },
  {
    "review": "설정은 재밌지만, 이도 저도 아닌 흐름은 불편하게 만든다.",
    "date": "12.04.14",
    "rating": "6",
    "author": "brad****",
    "review_id": "6221057",
    "movie_id": "42245"
  },
  {
    "review": "허세쟁이들 허세부리고 앉아있네",
    "date": "12.01.28",
    "rating": "1",
    "author": "stop****",
    "review_id": "6029154",
    "movie_id": "42245"
  },
  {
    "review": "아, 너무 아름답다. 이 쓸쓸함...간직하고픈 영화중 하나",
    "date": "11.09.06",
    "rating": "9",
    "author": "jjke****",
    "review_id": "5711149",
    "movie_id": "42245"
  },
  {
    "review": "외로움 속의 고독을 이야기하다.",
    "date": "11.06.19",
    "rating": "8",
    "author": "ll3l****",
    "review_id": "5488148",
    "movie_id": "42245"
  },
  {
    "review": "오직 공허로만 채울 수 있는 공허",
    "date": "11.04.27",
    "rating": "10",
    "author": "yocw****",
    "review_id": "5394428",
    "movie_id": "42245"
  },
  {
    "review": "왕자웨이가 그리워진다.",
    "date": "11.03.26",
    "rating": "1",
    "author": "pyl1****",
    "review_id": "5336613",
    "movie_id": "42245"
  },
  {
    "review": "내가 아직 그때 그 사진을 버리지 못하는 이유.",
    "date": "11.02.12",
    "rating": "9",
    "author": "jljl****",
    "review_id": "5237029",
    "movie_id": "42245"
  },
  {
    "review": "인간에게 고독이 지니는 가치가 무엇인지 긍정적으로 재고해보게 되었다.",
    "date": "11.01.29",
    "rating": "10",
    "author": "flip****",
    "review_id": "5192994",
    "movie_id": "42245"
  },
  {
    "review": "회색의 구도,잔잔한 음악, 담담한 나레이션.  이 정도면 괜 찮은 영화다.",
    "date": "10.12.31",
    "rating": "8",
    "author": "wien****",
    "review_id": "5108020",
    "movie_id": "42245"
  },
  {
    "review": "이런 감성과 이런 구성이라",
    "date": "10.10.15",
    "rating": "10",
    "author": "gamj****",
    "review_id": "4903405",
    "movie_id": "42245"
  },
  {
    "review": "애잔함이 고스란히 전해지는 영화.",
    "date": "10.09.24",
    "rating": "10",
    "author": "mocc****",
    "review_id": "4865963",
    "movie_id": "42245"
  },
  {
    "review": "와.....외롭다.고독그자체임.",
    "date": "10.07.31",
    "rating": "9",
    "author": "snow****",
    "review_id": "4689151",
    "movie_id": "42245"
  },
  {
    "review": "고독..",
    "date": "10.07.15",
    "rating": "9",
    "author": "ssbi****",
    "review_id": "4642039",
    "movie_id": "42245"
  },
  {
    "review": "그 짧은 단편소설을 이렇게 영화로 잘 재현할 줄이야..원작을 제대로 살렸다고 생각함",
    "date": "10.07.12",
    "rating": "10",
    "author": "skad****",
    "review_id": "4633112",
    "movie_id": "42245"
  },
  {
    "review": "상실감과 고독을 무미건조하게 풀어가는것이 견디기 힘들고 지루했다.소설쪽이 나을듯",
    "date": "10.06.14",
    "rating": "5",
    "author": "antw****",
    "review_id": "4564773",
    "movie_id": "42245"
  },
  {
    "review": "군더더기없이 원작의 느낌을 잘 재현. 특히 사카모토의 main theme의 울림은 대단하다",
    "date": "10.05.13",
    "rating": "10",
    "author": "trfo****",
    "review_id": "4495629",
    "movie_id": "42245"
  },
  {
    "review": "미니멀리즘 속에서 더욱 농도가 짙어지는 외로움, 그리고 고독",
    "date": "10.03.13",
    "rating": "10",
    "author": "iky9****",
    "review_id": "4352858",
    "movie_id": "42245"
  },
  {
    "review": "두번째로는, 무라카미하루키와 똑닮은 배우를 찾은 제작자에게 경의를 표한다.",
    "date": "10.03.07",
    "rating": "10",
    "author": "eter****",
    "review_id": "4340532",
    "movie_id": "42245"
  },
  {
    "review": "재밌다",
    "date": "10.02.07",
    "rating": "10",
    "author": "irue****",
    "review_id": "4255569",
    "movie_id": "42245"
  },
  {
    "review": "보는내내 이렇게 졸릴수가.....",
    "date": "10.02.03",
    "rating": "1",
    "author": "mihy****",
    "review_id": "4241747",
    "movie_id": "42245"
  },
  {
    "review": "감정호소하지 않는 영화.. 하지만 영화가 끝난후 10분동안 꼼짝을 못했다",
    "date": "09.10.15",
    "rating": "10",
    "author": "sadn****",
    "review_id": "3894221",
    "movie_id": "42245"
  },
  {
    "review": "외롭다",
    "date": "09.10.14",
    "rating": "10",
    "author": "skys****",
    "review_id": "3892762",
    "movie_id": "42245"
  },
  {
    "review": "고급스러운 느낌",
    "date": "09.10.12",
    "rating": "10",
    "author": "fros****",
    "review_id": "3889385",
    "movie_id": "42245"
  },
  {
    "review": "good",
    "date": "09.10.08",
    "rating": "10",
    "author": "holy****",
    "review_id": "3880032",
    "movie_id": "42245"
  },
  {
    "review": "하루키소설은 상업영화로는 성공하기 힘들것.. 그렇지만 좋았다..",
    "date": "09.08.30",
    "rating": "8",
    "author": "free****",
    "review_id": "3800380",
    "movie_id": "42245"
  },
  {
    "review": "상실.. 무라카미 하루키.. 잔잔한 피아노선율",
    "date": "09.07.22",
    "rating": "9",
    "author": "bbq2****",
    "review_id": "3656021",
    "movie_id": "42245"
  },
  {
    "review": "향기를 가지고있다",
    "date": "09.07.18",
    "rating": "10",
    "author": "ange****",
    "review_id": "3645463",
    "movie_id": "42245"
  },
  {
    "review": "은둔과 상실의 외로움에 주저앉는 모습 하나 하나 감각적이다",
    "date": "09.06.04",
    "rating": "9",
    "author": "itre****",
    "review_id": "3543704",
    "movie_id": "42245"
  },
  {
    "review": "감성적인 일본영화 좋아하시는 분들 추천. 신선한 영상기법, 지루하지 않은 나레이션.",
    "date": "09.04.26",
    "rating": "7",
    "author": "oliv****",
    "review_id": "3442405",
    "movie_id": "42245"
  },
  {
    "review": "첫 시퀀스부터... 계속, 하나하나가 참 좋았던 영화, 미야자와 리에 연기도 참 좋았다",
    "date": "09.02.02",
    "rating": "9",
    "author": "mart****",
    "review_id": "3271472",
    "movie_id": "42245"
  },
  {
    "review": "혼자가되어버렸다.",
    "date": "09.01.25",
    "rating": "9",
    "author": "fant****",
    "review_id": "3248959",
    "movie_id": "42245"
  },
  {
    "review": "짧은 런닝타임, 긴 여운",
    "date": "08.12.22",
    "rating": "7",
    "author": "rose****",
    "review_id": "3138776",
    "movie_id": "42245"
  },
  {
    "review": "영상에 끌려서봤으나.. 좀 아쉽다는느낌",
    "date": "08.08.13",
    "rating": "7",
    "author": "qhfk****",
    "review_id": "2866393",
    "movie_id": "42245"
  },
  {
    "review": "난 토니타키타니와 히사코 둘 다 조금은 이해할 수 있을 것 같다",
    "date": "08.08.01",
    "rating": "10",
    "author": "witc****",
    "review_id": "2822633",
    "movie_id": "42245"
  },
  {
    "review": "깔끔한 영상과 신선한 나레이션 방식... 군더더기 없는 느낌.",
    "date": "08.07.28",
    "rating": "9",
    "author": "yk55****",
    "review_id": "2810182",
    "movie_id": "42245"
  },
  {
    "review": "물흐르듯 흘르는 공허함...난 영화를 보는 순간 내내 온기를 기다렸다 아쉽다",
    "date": "08.06.07",
    "rating": "6",
    "author": "gkdl****",
    "review_id": "2684164",
    "movie_id": "42245"
  },
  {
    "review": "토니 타키타키의 무표정함속 공허함 .. 원작보다 났다는 말이 거짓말은 아님",
    "date": "08.04.22",
    "rating": "10",
    "author": "lyk8****",
    "review_id": "2593500",
    "movie_id": "42245"
  },
  {
    "review": "음악이너무좋앗다, 극중 배우들의 나레이션도좋앗고, 재미도잇엇고, 좋은영화다.",
    "date": "08.03.28",
    "rating": "8",
    "author": "ssw9****",
    "review_id": "2545937",
    "movie_id": "42245"
  },
  {
    "review": "원작을 독특하게 잘 살린 것 같다.",
    "date": "08.02.28",
    "rating": "6",
    "author": "godj****",
    "review_id": "2491203",
    "movie_id": "42245"
  },
  {
    "review": "충분히 원작을 잘 살렸다고 생각한다.",
    "date": "08.02.16",
    "rating": "10",
    "author": "xkdn****",
    "review_id": "2449702",
    "movie_id": "42245"
  },
  {
    "review": "아름다운 아내에겐, 성실한 남편과 그 이상의 것들이 필요하다.",
    "date": "07.12.28",
    "rating": "8",
    "author": "amos****",
    "review_id": "2275512",
    "movie_id": "42245"
  },
  {
    "review": "플롯 이상의 그 무엇.",
    "date": "07.12.28",
    "rating": "10",
    "author": "iffy****",
    "review_id": "2274886",
    "movie_id": "42245"
  },
  {
    "review": "원작과 다른 마지막 장면에 희망을 건다",
    "date": "07.12.14",
    "rating": "10",
    "author": "smha****",
    "review_id": "2232020",
    "movie_id": "42245"
  },
  {
    "review": "상실과 고독감.. 그리고 슬픔.",
    "date": "07.12.08",
    "rating": "10",
    "author": "zeze****",
    "review_id": "2215430",
    "movie_id": "42245"
  },
  {
    "review": "원작자의 명성에 마음이 무거웠을 감독에게",
    "date": "07.12.08",
    "rating": "10",
    "author": "2015****",
    "review_id": "2215234",
    "movie_id": "42245"
  },
  {
    "review": "예술영화.. 공허함을 전달한것인가?? 작품성은 훌륭!!하지만 난..",
    "date": "07.11.18",
    "rating": "5",
    "author": "less****",
    "review_id": "2161650",
    "movie_id": "42245"
  },
  {
    "review": "간결하고, 휑하다. 현실,누군들 그러지 않을까",
    "date": "07.11.07",
    "rating": "8",
    "author": "ghdl****",
    "review_id": "2138135",
    "movie_id": "42245"
  },
  {
    "review": "고독과 자기사랑. 그렇게 살지마라..",
    "date": "07.10.11",
    "rating": "6",
    "author": "luvb****",
    "review_id": "2082458",
    "movie_id": "42245"
  },
  {
    "review": "인생에관한 모든것말로서표현하지못한것 색카메라1인2역배우감독이보여준다",
    "date": "07.09.24",
    "rating": "10",
    "author": "marv****",
    "review_id": "2044858",
    "movie_id": "42245"
  },
  {
    "review": "영화는 담담하게 내 마음을 치유해 나갔다",
    "date": "07.09.11",
    "rating": "10",
    "author": "blue****",
    "review_id": "2014139",
    "movie_id": "42245"
  },
  {
    "review": "공허함",
    "date": "07.08.09",
    "rating": "7",
    "author": "k881****",
    "review_id": "1908857",
    "movie_id": "42245"
  },
  {
    "review": "시계를 몇번이나 봤는지. 너무 지루하기만 했다.",
    "date": "07.07.26",
    "rating": "3",
    "author": "zzii****",
    "review_id": "1812845",
    "movie_id": "42245"
  },
  {
    "review": "한마디로 이 영화 정말 괜찮다.",
    "date": "07.07.25",
    "rating": "10",
    "author": "shoo****",
    "review_id": "1809446",
    "movie_id": "42245"
  },
  {
    "review": "토니타키타니노 혼또노 나마에와 혼또니 토니타키타니닷다. 숨이 멎을뻔.",
    "date": "07.07.03",
    "rating": "7",
    "author": "titi****",
    "review_id": "1743731",
    "movie_id": "42245"
  },
  {
    "review": "나를 미치게 만드는 하루키와 류이치..이영화 보고 났는데 왜이리 설레지?",
    "date": "07.07.03",
    "rating": "10",
    "author": "enoc****",
    "review_id": "1742537",
    "movie_id": "42245"
  },
  {
    "review": "토니 타키타니는 토니 타키타니다.",
    "date": "07.06.10",
    "rating": "9",
    "author": "sori****",
    "review_id": "1693689",
    "movie_id": "42245"
  },
  {
    "review": "비주얼을 위한.. 그런데 그 비주얼이 기묘하게 어필한다..",
    "date": "07.06.03",
    "rating": "5",
    "author": "cath****",
    "review_id": "1678619",
    "movie_id": "42245"
  },
  {
    "review": "영화를 온전히 이해하기엔 내가.....",
    "date": "07.04.15",
    "rating": "3",
    "author": "blue****",
    "review_id": "1589780",
    "movie_id": "42245"
  },
  {
    "review": "봤는지 오래되서 잘 기억은 안나지만 흐린날의 잔잔한 호수같은 느낌의영화",
    "date": "07.03.26",
    "rating": "10",
    "author": "beli****",
    "review_id": "1556281",
    "movie_id": "42245"
  },
  {
    "review": "그는 왜 영화내내 혼자 였을까?",
    "date": "07.02.07",
    "rating": "9",
    "author": "agu1****",
    "review_id": "1450300",
    "movie_id": "42245"
  },
  {
    "review": "잔잔했다....",
    "date": "07.02.05",
    "rating": "10",
    "author": "holi****",
    "review_id": "1445957",
    "movie_id": "42245"
  },
  {
    "review": "지독히 쓸쓸하고 메마른 감성~",
    "date": "07.02.01",
    "rating": "9",
    "author": "roki****",
    "review_id": "1434415",
    "movie_id": "42245"
  },
  {
    "review": "모르고봤는데 그래어쩐지..하루키느낌이었어",
    "date": "07.01.27",
    "rating": "8",
    "author": "drea****",
    "review_id": "1417128",
    "movie_id": "42245"
  },
  {
    "review": "고독에 관한 건조한 이야기",
    "date": "07.01.22",
    "rating": "6",
    "author": "juli****",
    "review_id": "1404430",
    "movie_id": "42245"
  },
  {
    "review": "좋은영화지만 쓸쓸해요ㅜㅜ",
    "date": "07.01.21",
    "rating": "10",
    "author": "wepo****",
    "review_id": "1403222",
    "movie_id": "42245"
  },
  {
    "review": "한해 한해 더 잃어갈수록 이영화가 조금 마음에 들어",
    "date": "07.01.20",
    "rating": "8",
    "author": "humu****",
    "review_id": "1399998",
    "movie_id": "42245"
  }
]