[
  {
    "review": "9 노래들. 포르노네유. 재미는 드릅게 없네유.",
    "date": "15.07.26",
    "rating": "1",
    "author": "real****",
    "review_id": "10148305",
    "movie_id": "42250"
  },
  {
    "review": "성기노출, 성관계, 사정장면이 있으므로 3점.",
    "date": "15.06.14",
    "rating": "3",
    "author": "sasc****",
    "review_id": "9999789",
    "movie_id": "42250"
  },
  {
    "review": "그냥..잔잔한 포르노..별내용 없음...여주인공도 별로 안이쁨....남는게 없는 영화..",
    "date": "15.06.11",
    "rating": "2",
    "author": "fish****",
    "review_id": "9989315",
    "movie_id": "42250"
  },
  {
    "review": "굳이 이런 노출이 꼭 필요한 부분이였다는 설득이 필요하다.",
    "date": "15.02.05",
    "rating": "6",
    "author": "cpat****",
    "review_id": "9668698",
    "movie_id": "42250"
  },
  {
    "review": "영화로 둔갑된 음란 영상물은 맞지만 콘돔끼고 촬영한거라 정식 포르노라고 볼수도 없는...",
    "date": "14.12.12",
    "rating": "2",
    "author": "tlsg****",
    "review_id": "9467917",
    "movie_id": "42250"
  },
  {
    "review": "수위가높은건인정 그저보는시각이다를따름 꼭성행위가 포르노가되는것은아니다 대화로이끄는영화가아닌영상으로이끌어낸영화",
    "date": "14.10.17",
    "rating": "8",
    "author": "in__****",
    "review_id": "9298680",
    "movie_id": "42250"
  },
  {
    "review": "고급야동임 그냥  니들이 아무리 연애는 해봤냐 뭐시기 자시기 떠들어도  실제 성관계 동영상임에는 변함이없잖아? ㅋㅋㅋ 예술이랍시고 수위 막나가는 애들 꼭있더라예술이라카면 뭐좀 있어보이고 변명거리가 다 된다는듯이",
    "date": "14.09.01",
    "rating": "1",
    "author": "qkrg****",
    "review_id": "9153590",
    "movie_id": "42250"
  },
  {
    "review": "웃긴 사람들이네 자기들이 하는건 포르노아 아니고 영화로 찍는건 더러운거가ㅋㅋ 졸웃기네 이런거안봐도 당신네애들은 다른거 많이본다",
    "date": "14.06.30",
    "rating": "4",
    "author": "jswo****",
    "review_id": "8871241",
    "movie_id": "42250"
  },
  {
    "review": "참..세상..말세 어떻게 이런 장면을 여과없이 촬영하고 예술이라 할수있는가!!  포르노지..개같이 하는게 사랑인가?부모 입장에서인테넷만 치면 나오는 이장면  너무 불편하니 제발 다 삭제좀 해주시죠;;",
    "date": "14.06.24",
    "rating": "1",
    "author": "mn05****",
    "review_id": "8850547",
    "movie_id": "42250"
  },
  {
    "review": "아무리 눈 씻고 봐도 이 더러운 필름을 예술적, 사회적으로 해석 하려는건 억지에 불과하다.",
    "date": "14.05.22",
    "rating": "1",
    "author": "kimd****",
    "review_id": "8754368",
    "movie_id": "42250"
  },
  {
    "review": "9가지의 의미를 다 알아야 하는 이 불편함...국내 개봉작이니. 원작을 보아야 하는 의무감이 생김.",
    "date": "14.05.14",
    "rating": "4",
    "author": "izzo****",
    "review_id": "8729887",
    "movie_id": "42250"
  },
  {
    "review": "영화는 개뿔.. 포르노지..",
    "date": "14.05.11",
    "rating": "3",
    "author": "tn99****",
    "review_id": "8724888",
    "movie_id": "42250"
  },
  {
    "review": "락음악 9곡과 함께 보는 고품격 야동. 서로 사랑하는 게 느껴져서 불쾌함은 없다. 물론 재미도 없다. 하지만 여배우가 너무 매력적이고 삽입장면과 남배우의 사정을 여과 없이 연출한다는 데서 특별함이 느껴지긴 한다. 선곡은 개인적으로 마음에 들지 않았다.",
    "date": "14.03.20",
    "rating": "4",
    "author": "5625****",
    "review_id": "8589844",
    "movie_id": "42250"
  },
  {
    "review": "사타구니 보는거 말고는 메세지가 없다",
    "date": "14.03.01",
    "rating": "5",
    "author": "kimg****",
    "review_id": "8547346",
    "movie_id": "42250"
  },
  {
    "review": "예쁘네요.. 노래도 좋구요!",
    "date": "13.12.18",
    "rating": "10",
    "author": "echo****",
    "review_id": "8223961",
    "movie_id": "42250"
  },
  {
    "review": "외설이냐? 작품이냐? 하지만 영화는 영화",
    "date": "13.11.18",
    "rating": "10",
    "author": "kssz****",
    "review_id": "8150475",
    "movie_id": "42250"
  },
  {
    "review": "아름답지만 현실적인 사랑이네....",
    "date": "13.11.01",
    "rating": "8",
    "author": "skyb****",
    "review_id": "8107702",
    "movie_id": "42250"
  },
  {
    "review": "두말필요없는 쓰레기 포르노. 야동도 이것보다 스토리가 낫다.",
    "date": "13.10.27",
    "rating": "1",
    "author": "choy****",
    "review_id": "8092737",
    "movie_id": "42250"
  },
  {
    "review": "윈터바텀의 포르노.",
    "date": "13.08.08",
    "rating": "7",
    "author": "tear****",
    "review_id": "7859192",
    "movie_id": "42250"
  },
  {
    "review": "젊은날의 사랑을 여과없이 보여줌. 아름다움",
    "date": "13.05.26",
    "rating": "10",
    "author": "craz****",
    "review_id": "7555466",
    "movie_id": "42250"
  },
  {
    "review": "영화 신세계 마지막 장면에서 황정민이 말한 떡영화가 이거군요,, 돈주고 성교 연기하는거나 돈주고 성교하는 거나,, 쯧쯧쯧",
    "date": "13.05.19",
    "rating": "1",
    "author": "gura****",
    "review_id": "7543294",
    "movie_id": "42250"
  },
  {
    "review": "내용은 아름다우나 실제 성관계 장면을 연기라고 해야하는지 실제 성교를 했다고 해야하는건지 충격적이네요그래서 배우가 딴따라라는 말이나오나봐요돈받고 연기한거나 돈받고 몸판거나 그게그거임이런생각안하고 영화만 보면 괜찮음",
    "date": "13.05.16",
    "rating": "8",
    "author": "mang****",
    "review_id": "7530477",
    "movie_id": "42250"
  },
  {
    "review": "남극과 공연, 격렬한 사랑이 어떻게 연결되는지 알 수 없다. 영어로 나오는 노래 가사를 하나하나 해석한다던가, 남극의 광의를 곰곰히 생각해 보는 것 자체가 피곤할 거고, 그래봤자 무릎을 탁  치게 되는 감동은 없을 거라는 감이 오거든.",
    "date": "13.05.09",
    "rating": "4",
    "author": "acin****",
    "review_id": "7516803",
    "movie_id": "42250"
  },
  {
    "review": "잼있네 바이오맨 돌려보듯 보고 또보고 보고 또봐야지",
    "date": "13.05.07",
    "rating": "10",
    "author": "wlqa****",
    "review_id": "7514394",
    "movie_id": "42250"
  },
  {
    "review": "굿",
    "date": "13.05.07",
    "rating": "10",
    "author": "baek****",
    "review_id": "7513656",
    "movie_id": "42250"
  },
  {
    "review": "[영국] 락하다가 눈만나 한판승부(캠) 이걸로 제목 바꿔라..영화는 개뿔 걍 스셋스 구만",
    "date": "13.05.04",
    "rating": "1",
    "author": "dltj****",
    "review_id": "7507014",
    "movie_id": "42250"
  },
  {
    "review": "인스턴트 사랑과 섹스, 롹음악, 마약... 이것이 그들의 현실이겠지... 잘봤다, 다큐 한편.",
    "date": "13.04.16",
    "rating": "3",
    "author": "samg****",
    "review_id": "7464110",
    "movie_id": "42250"
  },
  {
    "review": "무삭제 블루레이로 시청했는데 깜딱 놀랬음...ㅋㅋㅋ갈수록 노출강도가 강해지더니 나중에 오럴에 사정장면...그리고 여성상위에 실제 삽입섹스까지...아주  충격적인 포르노 였음...참고로 여자는 진짜 이쁘네요^^",
    "date": "13.02.13",
    "rating": "9",
    "author": "sgts****",
    "review_id": "7258251",
    "movie_id": "42250"
  },
  {
    "review": "19금으로 위장한 9번의 서로 다른 락 밴드공연 다큐멘터리...내용도 없고 남는 것도 없고 그저 실제 정사씬 등으로 보여주는 노골적이고 적나라한 장면만 있을뿐이다...음악도 그닥",
    "date": "12.12.30",
    "rating": "3",
    "author": "egyp****",
    "review_id": "7064933",
    "movie_id": "42250"
  },
  {
    "review": "아름답다",
    "date": "12.11.09",
    "rating": "9",
    "author": "rlat****",
    "review_id": "6870384",
    "movie_id": "42250"
  },
  {
    "review": "영상이 현실주의적이지만 아름답네요. 제가 여자라서 그런가 아직까지는 남자분 성기부분이 나오고 그러면 영상몰입에 좀거부감이 들긴하지만, 멋지시긴하네요..여성분 부럽다 ㅋ외국여자들이 부럽다구해야되나?^^ 암튼 같이본 친구들은 영상미와 거기에 10점을ㅋ",
    "date": "12.10.24",
    "rating": "10",
    "author": "neck****",
    "review_id": "6824345",
    "movie_id": "42250"
  },
  {
    "review": "뭘 얘기하고 싶은건지..",
    "date": "12.09.18",
    "rating": "5",
    "author": "alem****",
    "review_id": "6711177",
    "movie_id": "42250"
  },
  {
    "review": "Now she's gone, love burns inside me",
    "date": "12.09.18",
    "rating": "5",
    "author": "bbq2****",
    "review_id": "6710683",
    "movie_id": "42250"
  },
  {
    "review": "최소한 나는 영화에서 이런걸 바라는건 아님....",
    "date": "12.08.20",
    "rating": "1",
    "author": "juri****",
    "review_id": "6628338",
    "movie_id": "42250"
  },
  {
    "review": "지루하다..2점준거 한국영화는 죄다 10점줬네 M창",
    "date": "12.08.02",
    "rating": "1",
    "author": "yang****",
    "review_id": "6563511",
    "movie_id": "42250"
  },
  {
    "review": "솔직히 기대를 좀 많이했다ㅠㅠ",
    "date": "12.02.13",
    "rating": "8",
    "author": "rmeo****",
    "review_id": "6072808",
    "movie_id": "42250"
  },
  {
    "review": "내가 직접 체험한것 같은, 아름답지만 현실적이고 허무한, 리얼한 사랑",
    "date": "11.12.30",
    "rating": "9",
    "author": "beau****",
    "review_id": "5946654",
    "movie_id": "42250"
  },
  {
    "review": "아홉곡의 노래와 아홉번의 정사. 그리고 허무한 이별.",
    "date": "11.11.24",
    "rating": "9",
    "author": "sipj****",
    "review_id": "5867763",
    "movie_id": "42250"
  },
  {
    "review": "볼때는 뭐 이런 영화가..그랬는데 진짜 현실속의 사랑이 이런모습이 아닐까?",
    "date": "11.10.28",
    "rating": "8",
    "author": "ezsk****",
    "review_id": "5815339",
    "movie_id": "42250"
  },
  {
    "review": "인간과 사랑에 대한 고찰",
    "date": "11.10.27",
    "rating": "8",
    "author": "tik2****",
    "review_id": "5812558",
    "movie_id": "42250"
  },
  {
    "review": "현실적 포르노그라피..예술인가 외설인가..너무야했지만 감동이있다",
    "date": "11.09.20",
    "rating": "10",
    "author": "sun6****",
    "review_id": "5742140",
    "movie_id": "42250"
  },
  {
    "review": "연애를 글로만 배운 애들은 이해할래야 할수가 없겠지...ㅉㅉㅉ",
    "date": "11.08.31",
    "rating": "10",
    "author": "y010****",
    "review_id": "5699956",
    "movie_id": "42250"
  },
  {
    "review": "의미를 부여하기에는 너무나도 현실적이다",
    "date": "11.08.23",
    "rating": "6",
    "author": "kth3****",
    "review_id": "5681121",
    "movie_id": "42250"
  },
  {
    "review": "영국판감각의 제국인가,거지같은 년넘과 노래들,너무시간이 아까웟따",
    "date": "11.08.02",
    "rating": "3",
    "author": "ador****",
    "review_id": "5591727",
    "movie_id": "42250"
  },
  {
    "review": "영화를보는내내울었다.가슴이아퍼서- 이보다더슬픈이야기를우리가할수있을까",
    "date": "11.01.21",
    "rating": "9",
    "author": "hche****",
    "review_id": "5172900",
    "movie_id": "42250"
  },
  {
    "review": "영화를 특정 시선으로 보면 선정적이지만. 실제 연인처럼 자연스러워서 좀 다른느낌",
    "date": "10.12.11",
    "rating": "6",
    "author": "foun****",
    "review_id": "5043718",
    "movie_id": "42250"
  },
  {
    "review": "너~어무 현실적이다. 삽입, 사정 장면까지 필터없이 나오다니..",
    "date": "10.07.27",
    "rating": "2",
    "author": "ggar****",
    "review_id": "4676117",
    "movie_id": "42250"
  },
  {
    "review": "섹스신만 보지말고 그 내면을 보세요. 지극히도 현실적인 사랑하는 남녀이야기에요.",
    "date": "10.06.28",
    "rating": "9",
    "author": "sexy****",
    "review_id": "4597476",
    "movie_id": "42250"
  },
  {
    "review": "파격에 기인했지만, 내면은 남극처럼 썰렁하다.",
    "date": "10.04.30",
    "rating": "4",
    "author": "ghdl****",
    "review_id": "4467385",
    "movie_id": "42250"
  },
  {
    "review": "섹스 10, 음악 10, 잔상 80",
    "date": "10.03.29",
    "rating": "6",
    "author": "wjdg****",
    "review_id": "4396138",
    "movie_id": "42250"
  },
  {
    "review": "콘서트를 끼워 파는 포르노.. 상당히 현실적이고, 영상에 노력한 흔적도 보인다..",
    "date": "10.03.27",
    "rating": "6",
    "author": "imf0****",
    "review_id": "4390942",
    "movie_id": "42250"
  },
  {
    "review": "Movin' on up",
    "date": "10.02.06",
    "rating": "8",
    "author": "2370****",
    "review_id": "4253292",
    "movie_id": "42250"
  },
  {
    "review": "노안의 머리큰 남자와 성장미달의 삐쩍 마른 여자의 정사, 그 이상 이하도 아닌 내용",
    "date": "09.11.29",
    "rating": "10",
    "author": "ppse****",
    "review_id": "4000563",
    "movie_id": "42250"
  },
  {
    "review": "이런 만남을 해 보고 싶다",
    "date": "09.11.24",
    "rating": "7",
    "author": "love****",
    "review_id": "3986657",
    "movie_id": "42250"
  },
  {
    "review": "섹스를 보면 그 사랑을 알 수 있다고 했던가. 희로애락이 보인다. 변해간다.",
    "date": "09.09.03",
    "rating": "8",
    "author": "am12****",
    "review_id": "3808969",
    "movie_id": "42250"
  },
  {
    "review": "꼴리거나 혹은 졸리거나...",
    "date": "09.08.12",
    "rating": "3",
    "author": "zeld****",
    "review_id": "3741926",
    "movie_id": "42250"
  },
  {
    "review": "차라리 락음악을 틀어놓고 일본 av 를 보십시오 . 정말 이런쓰렉영화는 오랜만",
    "date": "09.07.21",
    "rating": "1",
    "author": "mong****",
    "review_id": "3654238",
    "movie_id": "42250"
  },
  {
    "review": "일류 포르노? 콘서트 장면이라도 맘에 들었다면...",
    "date": "09.05.24",
    "rating": "6",
    "author": "kusa****",
    "review_id": "3520432",
    "movie_id": "42250"
  },
  {
    "review": "바디 랭귀지를 이해 못하는 이들. 사람 1번 못해본 이들한테는 이 영화 비추천 합니다",
    "date": "09.04.22",
    "rating": "8",
    "author": "vbnm****",
    "review_id": "3434226",
    "movie_id": "42250"
  },
  {
    "review": "ㅇ ㅑ동",
    "date": "09.04.19",
    "rating": "10",
    "author": "home****",
    "review_id": "3428672",
    "movie_id": "42250"
  },
  {
    "review": "포스터 보고 낚이지 말기를 바랍니다",
    "date": "09.04.04",
    "rating": "1",
    "author": "deff****",
    "review_id": "3403659",
    "movie_id": "42250"
  },
  {
    "review": "롹과 섹스의 결합... 충분히 가치있는 시도였습니다.",
    "date": "09.01.24",
    "rating": "8",
    "author": "song****",
    "review_id": "3243818",
    "movie_id": "42250"
  },
  {
    "review": "괜찮은데.. 피아노곡도 너무 좋고 남자 나래이션도 좋고..난왜 아름다워보이지?ㅋ",
    "date": "09.01.04",
    "rating": "10",
    "author": "fall****",
    "review_id": "3185945",
    "movie_id": "42250"
  },
  {
    "review": "내 인생 최고의 영화. 쓰레기 같은 년놈들은 이 영화 안봤으면 좋겠다.",
    "date": "09.01.03",
    "rating": "10",
    "author": "psy8****",
    "review_id": "3183944",
    "movie_id": "42250"
  },
  {
    "review": "허허.. 이런 영화도 네이버에 있네...",
    "date": "08.12.21",
    "rating": "7",
    "author": "nwit****",
    "review_id": "3137835",
    "movie_id": "42250"
  },
  {
    "review": "섹스만 있고 다른게없는 연인은 헤어지게 되어 있음, 일본 AV보다 못한 작품.",
    "date": "08.11.25",
    "rating": "1",
    "author": "befo****",
    "review_id": "3071601",
    "movie_id": "42250"
  },
  {
    "review": "특별한 소재도 아닌 밴드의 실제공연을 찍어 앞뒤 안맞는  정사씬을 합쳐 놓은게 다~",
    "date": "08.09.13",
    "rating": "1",
    "author": "yjoh****",
    "review_id": "2939357",
    "movie_id": "42250"
  },
  {
    "review": "별 의미 없는 영화에서 의미를 찾는 것은 골 아픈 일이다. 9곡이 넘던데...",
    "date": "08.07.12",
    "rating": "3",
    "author": "rkdw****",
    "review_id": "2755697",
    "movie_id": "42250"
  },
  {
    "review": "최고급 영상 포르노. 영화 성 표현 수위 진짜 높아졌다.",
    "date": "08.05.09",
    "rating": "6",
    "author": "nemo****",
    "review_id": "2625962",
    "movie_id": "42250"
  },
  {
    "review": "육체의 메모리가 주도적일 때",
    "date": "08.04.10",
    "rating": "3",
    "author": "paci****",
    "review_id": "2571778",
    "movie_id": "42250"
  },
  {
    "review": "좋은 음악들로 예술인척 했으나 아님이 뽀록났다",
    "date": "08.03.24",
    "rating": "2",
    "author": "hany****",
    "review_id": "2539258",
    "movie_id": "42250"
  },
  {
    "review": "지나온길에대한회상...아는사람만이느낄수있는시간들.",
    "date": "08.03.20",
    "rating": "10",
    "author": "gaul****",
    "review_id": "2530952",
    "movie_id": "42250"
  },
  {
    "review": "실제 모델 출신 8OO 미녀 여배우의 실제 삽입연기. 몸매만으로도 만점.",
    "date": "08.02.19",
    "rating": "10",
    "author": "dudo****",
    "review_id": "2462039",
    "movie_id": "42250"
  },
  {
    "review": "빙원이 남극에서 멀어져 바다로 녹아없어지듯 사랑도 그렇게쓸쓸하게 희미해져간다.",
    "date": "08.02.15",
    "rating": "8",
    "author": "hcbr****",
    "review_id": "2448671",
    "movie_id": "42250"
  },
  {
    "review": "그저 아홉번의 섹스",
    "date": "08.02.14",
    "rating": "4",
    "author": "love****",
    "review_id": "2444527",
    "movie_id": "42250"
  },
  {
    "review": "스토리없이 예술만을 보여준다? 윈터바텀 답지 않다 당신은 스토리가 받쳐줘야해",
    "date": "08.01.26",
    "rating": "2",
    "author": "okjo****",
    "review_id": "2372292",
    "movie_id": "42250"
  },
  {
    "review": "기억과 남극의 비유... 색다르긴 했다 허나 개운하진 않군",
    "date": "07.12.01",
    "rating": "7",
    "author": "kill****",
    "review_id": "2196874",
    "movie_id": "42250"
  },
  {
    "review": "공연 실황을 보여준 것에 점수를 메긴 것",
    "date": "07.11.26",
    "rating": "7",
    "author": "flam****",
    "review_id": "2186234",
    "movie_id": "42250"
  },
  {
    "review": "연인들의 섹스, 마약, 밴드들의 공연.. 세가지만 있을뿐이다.",
    "date": "07.11.20",
    "rating": "6",
    "author": "thfk****",
    "review_id": "2169647",
    "movie_id": "42250"
  },
  {
    "review": "도대체 뭐가 예술? 헛소리하네 그냥 삼류포르노",
    "date": "07.11.11",
    "rating": "1",
    "author": "jhpa****",
    "review_id": "2144886",
    "movie_id": "42250"
  },
  {
    "review": "연인의 솔직하고 육체적인 애정표현이 강렬하고 에로틱하죠.",
    "date": "07.10.25",
    "rating": "9",
    "author": "jump****",
    "review_id": "2110909",
    "movie_id": "42250"
  },
  {
    "review": "뭘 전달하려고 하는건지? 와닿지도 않고",
    "date": "07.07.21",
    "rating": "4",
    "author": "xxss****",
    "review_id": "1796022",
    "movie_id": "42250"
  },
  {
    "review": "노출 수위가 심각한 수준. '충격'이라 말하는 네티즌들도 있군요...",
    "date": "07.05.28",
    "rating": "6",
    "author": "caca****",
    "review_id": "1669289",
    "movie_id": "42250"
  },
  {
    "review": "노래15곡인데 왠 9Songs? 이건 포르노도 아니고 아트영화도 아녀",
    "date": "07.03.29",
    "rating": "7",
    "author": "hiss****",
    "review_id": "1561655",
    "movie_id": "42250"
  },
  {
    "review": "허거덩...........................대박물건정도?",
    "date": "07.01.07",
    "rating": "10",
    "author": "psbj****",
    "review_id": "1363352",
    "movie_id": "42250"
  },
  {
    "review": "함께있으나소통할수없다면그것이극지체험아닐까",
    "date": "07.01.02",
    "rating": "7",
    "author": "ike_****",
    "review_id": "1349679",
    "movie_id": "42250"
  },
  {
    "review": "9.Song = 9.Sex",
    "date": "06.03.27",
    "rating": "7",
    "author": "bull****",
    "review_id": "736922",
    "movie_id": "42250"
  },
  {
    "review": "남자주인공 키는작던데..무지 크더라...",
    "date": "06.03.07",
    "rating": "7",
    "author": "thaz****",
    "review_id": "707869",
    "movie_id": "42250"
  },
  {
    "review": "바로 우리들의 모습.. 그렇지만 영화는 말초신경만 자극한다.",
    "date": "06.03.06",
    "rating": "5",
    "author": "scs0****",
    "review_id": "707173",
    "movie_id": "42250"
  },
  {
    "review": "사랑의행위에 대한 영화,전희&후희&약간의 매저키즘&자우이&고독",
    "date": "06.01.29",
    "rating": "10",
    "author": "zanz****",
    "review_id": "631858",
    "movie_id": "42250"
  },
  {
    "review": "락과 몸으로 말하는 현대의 사랑찾기",
    "date": "06.01.27",
    "rating": "9",
    "author": "jadi****",
    "review_id": "625829",
    "movie_id": "42250"
  },
  {
    "review": "내용이없어",
    "date": "06.01.25",
    "rating": "10",
    "author": "pop_****",
    "review_id": "619876",
    "movie_id": "42250"
  },
  {
    "review": "작정하고 만든 포르노",
    "date": "06.01.09",
    "rating": "8",
    "author": "kws7****",
    "review_id": "573724",
    "movie_id": "42250"
  },
  {
    "review": "외설이라고 하기엔 너무 아름다운 영화 대 만족이다!",
    "date": "06.01.04",
    "rating": "10",
    "author": "n988****",
    "review_id": "558216",
    "movie_id": "42250"
  },
  {
    "review": "적나라함에 내용이 머릿속에 들어오질 않는다",
    "date": "05.11.10",
    "rating": "2",
    "author": "happ****",
    "review_id": "469934",
    "movie_id": "42250"
  },
  {
    "review": "감독의 다른 작품이 궁금해지는,좋아하는 곡이 쓰여 반가웠던,",
    "date": "05.11.09",
    "rating": "9",
    "author": "20th****",
    "review_id": "468983",
    "movie_id": "42250"
  },
  {
    "review": "담담하고 뻔뻔히도 그들 같던 우리를 떠올리게한다.",
    "date": "05.11.05",
    "rating": "6",
    "author": "mood****",
    "review_id": "464492",
    "movie_id": "42250"
  },
  {
    "review": "훔쳐보기는 아닌 단지 보이기만 하는",
    "date": "05.11.03",
    "rating": "1",
    "author": "sakt****",
    "review_id": "462699",
    "movie_id": "42250"
  },
  {
    "review": "녹아 없어지는 빙하, 하지만 남극은 여전히 아름답다.",
    "date": "05.11.03",
    "rating": "10",
    "author": "newi****",
    "review_id": "462641",
    "movie_id": "42250"
  },
  {
    "review": "성교육영화! 그래도 포르노 같지는 않음",
    "date": "05.10.28",
    "rating": "5",
    "author": "king****",
    "review_id": "456814",
    "movie_id": "42250"
  }
]