[
  {
    "review": "지금 의 시대상과 딱 맞는 영화네ㅎㅎㅎ 우리나라에서 관객수가 3만명이였다니...이해가 안되지만 ㅋㅋㅋ",
    "date": "15.08.21",
    "rating": "10",
    "author": "kimi****",
    "review_id": "10258106",
    "movie_id": "42506"
  },
  {
    "review": "나같은 남자는 꼭봐야해 ㅋㅋ",
    "date": "15.05.02",
    "rating": "10",
    "author": "sgdj****",
    "review_id": "9885402",
    "movie_id": "42506"
  },
  {
    "review": "혼자 일하면서 보다가 존나 눈물나네 힝",
    "date": "15.03.25",
    "rating": "10",
    "author": "arth****",
    "review_id": "9804422",
    "movie_id": "42506"
  },
  {
    "review": "와 진짜진짜 재밌다ㅠ!!! 실화라니 진짜 믿기지 않는다!",
    "date": "15.03.07",
    "rating": "10",
    "author": "ddeg****",
    "review_id": "9762980",
    "movie_id": "42506"
  },
  {
    "review": "평론가라는 사람들이 초등학생들이 쓸만한 평론을 쓰네 명작임.",
    "date": "15.02.23",
    "rating": "10",
    "author": "korj****",
    "review_id": "9731551",
    "movie_id": "42506"
  },
  {
    "review": "최고. 사회적 약자에서 스스로 벗어나기 위한 의지와 그 의지를 받혀주는 사람들. 좋은 이야기라고 생각합니다.",
    "date": "15.01.15",
    "rating": "10",
    "author": "tkdl****",
    "review_id": "9595406",
    "movie_id": "42506"
  },
  {
    "review": "My Blockbuster, The Movie! 그리고, 내 감정을 불러 일으켰다.",
    "date": "15.01.11",
    "rating": "10",
    "author": "1004****",
    "review_id": "9582856",
    "movie_id": "42506"
  },
  {
    "review": "10년전 쯤 드라마에 감동을 받고 10년뒤 오늘 영화판으로 보니까 형편없네..  내가 생각하던 에르메스가 아니었고.. 야마다 타카유키 .. 내가 좋아하던 배우였음에 불구하고 전차남 이미지에 안어울렸음.. 전차남은 드라마가 레전드라고 생각..",
    "date": "14.12.12",
    "rating": "3",
    "author": "jino****",
    "review_id": "9466946",
    "movie_id": "42506"
  },
  {
    "review": "현실에서 판타지를 꿈꾸다 이제 꿈에서 깨어나세요",
    "date": "14.11.08",
    "rating": "5",
    "author": "liho****",
    "review_id": "9356440",
    "movie_id": "42506"
  },
  {
    "review": "왠지 일본 애들은 이런 전차남들이 많을꺼 같아ㅋㅋ 드라마는 못 봤지만 극장판은 전차남 캐릭터를 야마다 타카유키가 잘 살린듯...",
    "date": "14.10.29",
    "rating": "7",
    "author": "youn****",
    "review_id": "9326657",
    "movie_id": "42506"
  },
  {
    "review": "역시 저런남자는 여자가 리드 해조야해",
    "date": "14.08.04",
    "rating": "10",
    "author": "vosh****",
    "review_id": "9026859",
    "movie_id": "42506"
  },
  {
    "review": "드라마 보다 재밌었는데.. 실화라니 맘이 더 짠하네요",
    "date": "14.07.20",
    "rating": "10",
    "author": "pkm6****",
    "review_id": "8935853",
    "movie_id": "42506"
  },
  {
    "review": "재밌네요 마지막에 고백할때 살짝 전율?ㅋㅋㅋ 사랑하려면 용기가 참 중요하지요!",
    "date": "14.07.12",
    "rating": "8",
    "author": "moon****",
    "review_id": "8906478",
    "movie_id": "42506"
  },
  {
    "review": "야마다 타카유키씨가 연기를 잘하는것을 보여주는 반면, 발전가능성도 보여주는 영화였다고 생각해요. 영화 마지막 전차남의 고백씬에서 전 감정이입이 잘되지 않았습니다. 이떄 당시에는 원샷을 이끌 다소 능력은 부족했던것 같아 보였어요.",
    "date": "14.04.29",
    "rating": "6",
    "author": "qsca****",
    "review_id": "8682605",
    "movie_id": "42506"
  },
  {
    "review": "야마다 타카유키의 귀여운 모습을 볼 수 있어 좋았어요. 내용도 재미있고, 소소한 등장인물들의 사연도 좋았어요.",
    "date": "14.04.25",
    "rating": "10",
    "author": "step****",
    "review_id": "8670739",
    "movie_id": "42506"
  },
  {
    "review": "멜로 영화로서는 익숙한 결말로 가지만, 주인공(과 네티즌)의 노력은 감동적으로 다가온다.",
    "date": "14.04.04",
    "rating": "6",
    "author": "zxc1****",
    "review_id": "8626728",
    "movie_id": "42506"
  },
  {
    "review": "영화 자체도 충분히 좋았지만 드라마를 먼저 보고 난 후 이 영화를 보게 되었는데 드라마보단 덜 재밌더라구요. 그리고 야마다 타카유키가 원래 잘생긴 배우라서 그런지 오타쿠역에는 좀 미스매치가 아닌가 싶기도 하네요. 그래도 추천하고 싶은 영화입니다.",
    "date": "14.03.18",
    "rating": "8",
    "author": "sai1****",
    "review_id": "8586461",
    "movie_id": "42506"
  },
  {
    "review": "재밌네요ㅋㅋ 캐릭터들이 너무 좋아요~",
    "date": "14.03.09",
    "rating": "10",
    "author": "ijun****",
    "review_id": "8565973",
    "movie_id": "42506"
  },
  {
    "review": "이런 소재로 이런 걸작을 만들다니 .. 역시 일본 영화의 이런 느낌을 사랑하지 않을수없다.. 평점이 9점대는 나와야 정상이다",
    "date": "14.01.28",
    "rating": "10",
    "author": "frj1****",
    "review_id": "8437808",
    "movie_id": "42506"
  },
  {
    "review": "용기있는자가 미인을 얻는다",
    "date": "14.01.06",
    "rating": "8",
    "author": "dltm****",
    "review_id": "8354334",
    "movie_id": "42506"
  },
  {
    "review": "진짜 설레면서 봤습니다 ㅋㅋ 지금은 드라마도 보고 있는데 드라마도 색다른 매력이 있네요. 영화는 짧으면서 강한 이펙트라면 드라마는 서서히 설레게 만드는 것 같습니다. 근데 전문가 평가는 좀 삭제해줬으면 좋겠네요 ^^",
    "date": "13.12.02",
    "rating": "10",
    "author": "rnqh****",
    "review_id": "8185619",
    "movie_id": "42506"
  },
  {
    "review": "아주 맘이 따뜻해지고 사랑하고싶어짐",
    "date": "13.10.01",
    "rating": "10",
    "author": "duga****",
    "review_id": "8024757",
    "movie_id": "42506"
  },
  {
    "review": "사랑의 장벽은 집안, 능력, 외모등등 매우 다양할 것이나 상대방이 다른 상대방을 좋아한다면 무엇이 문제인가또 사랑하는 사람 서로가 진지한 태도로 임한다면 어떤것이 문제가 될 것인가 어떤것이 그들을 막을 것인가",
    "date": "13.08.26",
    "rating": "9",
    "author": "hyjk****",
    "review_id": "7923497",
    "movie_id": "42506"
  },
  {
    "review": "잔잔하게깔리는 피아노음악 좋더라...",
    "date": "13.08.01",
    "rating": "9",
    "author": "badg****",
    "review_id": "7813134",
    "movie_id": "42506"
  },
  {
    "review": "재밌네",
    "date": "13.05.24",
    "rating": "10",
    "author": "qute****",
    "review_id": "7552058",
    "movie_id": "42506"
  },
  {
    "review": "ost 개좋음 :電車男メインテ?マ",
    "date": "13.05.19",
    "rating": "10",
    "author": "hwa0****",
    "review_id": "7543178",
    "movie_id": "42506"
  },
  {
    "review": "재미있게 봤습니다 ㅎㅎ",
    "date": "13.05.02",
    "rating": "10",
    "author": "anam****",
    "review_id": "7502046",
    "movie_id": "42506"
  },
  {
    "review": "개굿",
    "date": "13.04.25",
    "rating": "10",
    "author": "qkqh****",
    "review_id": "7479679",
    "movie_id": "42506"
  },
  {
    "review": "이 좋은 주제로 이런 연출이라니... 감동을 전하려는 인위적인 영화적 장치가 오히려 몰입도와 재미를 떨어트린다... 드라마보다 하나도 나을 게 없는 졸작!",
    "date": "13.04.07",
    "rating": "6",
    "author": "pupp****",
    "review_id": "7441801",
    "movie_id": "42506"
  },
  {
    "review": "어이 세리자와",
    "date": "13.03.15",
    "rating": "10",
    "author": "rkd4****",
    "review_id": "7350131",
    "movie_id": "42506"
  },
  {
    "review": "드라마를 먼저 보는 게 아니었다.. 남녀주인공이 너무 안어울린다.. 드라마의 남녀주인공도 나이차이가 꽤 나는 편이었지만 영화의 둘은 마치 고등학교 시절 선생님과 학생이 만나는 것 같은 느낌이다...",
    "date": "13.02.02",
    "rating": "3",
    "author": "ghos****",
    "review_id": "7211873",
    "movie_id": "42506"
  },
  {
    "review": "재미있습니다.",
    "date": "13.01.21",
    "rating": "9",
    "author": "effo****",
    "review_id": "7140547",
    "movie_id": "42506"
  },
  {
    "review": "일본에는 전차남! 한국에는 회식남이있다!!!!",
    "date": "13.01.11",
    "rating": "10",
    "author": "hyru****",
    "review_id": "7102906",
    "movie_id": "42506"
  },
  {
    "review": "오유 회식남 흥해라!!!",
    "date": "13.01.10",
    "rating": "10",
    "author": "2tae****",
    "review_id": "7099488",
    "movie_id": "42506"
  },
  {
    "review": "실화여서 더 재미있는듯ㅋ",
    "date": "13.01.01",
    "rating": "10",
    "author": "kmhk****",
    "review_id": "7072537",
    "movie_id": "42506"
  },
  {
    "review": "재밌고 감동도 있고 굿 ^^ 야마다 타카유키 연기는 두말 할 것 없으니깐",
    "date": "12.12.29",
    "rating": "10",
    "author": "alsw****",
    "review_id": "7058711",
    "movie_id": "42506"
  },
  {
    "review": "우연이란 아름다움이 만들어내는 관경",
    "date": "12.10.06",
    "rating": "5",
    "author": "thdq****",
    "review_id": "6766162",
    "movie_id": "42506"
  },
  {
    "review": "알콩달콩 산다는 맛을 느낄 수 있다고 할까...",
    "date": "12.10.05",
    "rating": "8",
    "author": "kos4****",
    "review_id": "6763776",
    "movie_id": "42506"
  },
  {
    "review": "보는내내 영화는 영화다라고 생각했는데 실화라고? 저런 여자가 존재할까?",
    "date": "12.10.02",
    "rating": "5",
    "author": "silv****",
    "review_id": "6754189",
    "movie_id": "42506"
  },
  {
    "review": "야마다 타카유키의 연기 디테일을 볼 수 있다.",
    "date": "12.09.04",
    "rating": "5",
    "author": "emin****",
    "review_id": "6670099",
    "movie_id": "42506"
  },
  {
    "review": "세상으로 나아가는 방법",
    "date": "12.08.16",
    "rating": "10",
    "author": "tinm****",
    "review_id": "6614356",
    "movie_id": "42506"
  },
  {
    "review": "온몸이.. 찌릿..짜릿. 나두 용기를 가져야지!!",
    "date": "12.08.02",
    "rating": "9",
    "author": "7584****",
    "review_id": "6565615",
    "movie_id": "42506"
  },
  {
    "review": "내생에 최초의 일본영화 .. 오늘 처음봤다. 개인적으로 미키 너무이쁘고 전차남 매력적이였다. 왜 사람들이 일드 일본영화 하는지 조금은 이해가갔던영화잊지못할것같다. 나도 전차남이 되고싶다~",
    "date": "12.07.23",
    "rating": "8",
    "author": "th87****",
    "review_id": "6520155",
    "movie_id": "42506"
  },
  {
    "review": "재밌어요~!",
    "date": "12.06.29",
    "rating": "10",
    "author": "spic****",
    "review_id": "6429329",
    "movie_id": "42506"
  },
  {
    "review": "평범해질뻔한 내용을 뛰어난 연출력으로 승화시켜 소소한 재미를 주었다. 감동이다.",
    "date": "12.06.01",
    "rating": "9",
    "author": "wkdk****",
    "review_id": "6353273",
    "movie_id": "42506"
  },
  {
    "review": "일본이 만들기 좋아할만한 영화네. 판타지?",
    "date": "12.05.19",
    "rating": "7",
    "author": "ilil****",
    "review_id": "6311915",
    "movie_id": "42506"
  },
  {
    "review": "흥미롭게 전개되는 로맨스코미디",
    "date": "12.05.16",
    "rating": "7",
    "author": "guev****",
    "review_id": "6303327",
    "movie_id": "42506"
  },
  {
    "review": "괜찮았어요",
    "date": "12.05.06",
    "rating": "10",
    "author": "bsro****",
    "review_id": "6276117",
    "movie_id": "42506"
  },
  {
    "review": "영화전개가 전반적으로 늘어지고 지루했습니다",
    "date": "12.04.30",
    "rating": "5",
    "author": "good****",
    "review_id": "6259824",
    "movie_id": "42506"
  },
  {
    "review": "지루는하고, 전차남은 찌질남에 가까웠다. 하지만,영화에나오는 전차남,여자 좋네.",
    "date": "12.04.27",
    "rating": "8",
    "author": "chil****",
    "review_id": "6250674",
    "movie_id": "42506"
  },
  {
    "review": "개콘에서 더 감동이 많음...개그도 아니고 영화도 아니고 뭐람? 시간 너무 아까워",
    "date": "12.04.05",
    "rating": "2",
    "author": "posh****",
    "review_id": "6193805",
    "movie_id": "42506"
  },
  {
    "review": "나름 괜찮게 봤음ㅋ",
    "date": "12.02.18",
    "rating": "8",
    "author": "lmy0****",
    "review_id": "6084605",
    "movie_id": "42506"
  },
  {
    "review": "2ch인지 모르지만 저런 조언해주는 사람들이 있었으면 좋겟다",
    "date": "12.02.02",
    "rating": "7",
    "author": "ybna****",
    "review_id": "6044498",
    "movie_id": "42506"
  },
  {
    "review": "2ch에도 좋은사람들이 있음을 다시한번 느낄 수 있음. 일부만 빼면",
    "date": "12.01.28",
    "rating": "10",
    "author": "ehdg****",
    "review_id": "6030023",
    "movie_id": "42506"
  },
  {
    "review": "잔잔한영화",
    "date": "12.01.22",
    "rating": "10",
    "author": "wldn****",
    "review_id": "6008481",
    "movie_id": "42506"
  },
  {
    "review": "뻔한 이야기이긴 하지만 훈훈한 영화. 남주의 오타쿠 연기가 대단함",
    "date": "12.01.17",
    "rating": "10",
    "author": "love****",
    "review_id": "5992376",
    "movie_id": "42506"
  },
  {
    "review": "드라마판보다 더 재밌음 ㅋ",
    "date": "11.12.21",
    "rating": "10",
    "author": "spr1****",
    "review_id": "5918710",
    "movie_id": "42506"
  },
  {
    "review": "여자사귄지 6년이 넘었는데... 전차남같이 좋아하는 여인과 만남을 가지고 시퍼라.ㅠ",
    "date": "11.12.16",
    "rating": "10",
    "author": "wowj****",
    "review_id": "5908468",
    "movie_id": "42506"
  },
  {
    "review": "[5점] 나도 저런 인연이 있었으면....",
    "date": "11.12.11",
    "rating": "5",
    "author": "fann****",
    "review_id": "5900094",
    "movie_id": "42506"
  },
  {
    "review": "솔직히 영화보단 드라마가 재밌네요ㅋㅋㅋ전차남 드라마 꼭 보시길!!",
    "date": "11.11.21",
    "rating": "9",
    "author": "mink****",
    "review_id": "5863947",
    "movie_id": "42506"
  },
  {
    "review": "난 전차남보다 못한 놈이었군 ㄱ-",
    "date": "11.10.22",
    "rating": "8",
    "author": "a4ni****",
    "review_id": "5801955",
    "movie_id": "42506"
  },
  {
    "review": "원래 영화 두세번 안보는데 심심할때 생각나는 영화인듯",
    "date": "11.10.21",
    "rating": "9",
    "author": "dudd****",
    "review_id": "5800091",
    "movie_id": "42506"
  },
  {
    "review": "편안하게 보기에 좋은 영화",
    "date": "11.10.08",
    "rating": "9",
    "author": "jjdj****",
    "review_id": "5776875",
    "movie_id": "42506"
  },
  {
    "review": "뻔하고 어쩌면 진부한 스토리이지만 괜찮다",
    "date": "11.10.07",
    "rating": "7",
    "author": "tkaw****",
    "review_id": "5776648",
    "movie_id": "42506"
  },
  {
    "review": "여주인공만 더 예뻤다면... 드라마판이 훨씬 낫다",
    "date": "11.08.25",
    "rating": "7",
    "author": "ciak****",
    "review_id": "5686335",
    "movie_id": "42506"
  },
  {
    "review": "오글거리지 않을 자신 있으면 추천...............진짜......오글거림.........",
    "date": "11.08.21",
    "rating": "10",
    "author": "dodo****",
    "review_id": "5675882",
    "movie_id": "42506"
  },
  {
    "review": "솔직히 쓰레기영화",
    "date": "11.08.21",
    "rating": "3",
    "author": "shin****",
    "review_id": "5674667",
    "movie_id": "42506"
  },
  {
    "review": "남주 답답해서 짜증...남주,여주 어울리지도 않고 공감도 안 가고...",
    "date": "11.08.10",
    "rating": "4",
    "author": "futu****",
    "review_id": "5630027",
    "movie_id": "42506"
  },
  {
    "review": "아직 사랑에 서툰 당신이라면 한번쯤 꼭 봐야할 영화 입니다。★굿잡★",
    "date": "11.07.13",
    "rating": "10",
    "author": "yoos****",
    "review_id": "5539438",
    "movie_id": "42506"
  },
  {
    "review": "현실성이 없어서 현실에 지친 사람들에게 잠깐의 휴식을 주는 영화",
    "date": "11.07.12",
    "rating": "10",
    "author": "glor****",
    "review_id": "5537755",
    "movie_id": "42506"
  },
  {
    "review": "최고다 이건.",
    "date": "11.07.10",
    "rating": "10",
    "author": "mong****",
    "review_id": "5534305",
    "movie_id": "42506"
  },
  {
    "review": "겁나 순수하고, 겁나 따뜻하다. 엔딩곡 이후 보너스 장면에선 절로 미소가.",
    "date": "11.07.08",
    "rating": "10",
    "author": "comm****",
    "review_id": "5528404",
    "movie_id": "42506"
  },
  {
    "review": "야마다 타카유키 연기 정말 잘하네요. 주인공이 진짜 찌질해보임ㅋ재미있어요!!",
    "date": "11.07.05",
    "rating": "10",
    "author": "rain****",
    "review_id": "5522888",
    "movie_id": "42506"
  },
  {
    "review": "남 같지 않았다.",
    "date": "11.05.19",
    "rating": "10",
    "author": "cock****",
    "review_id": "5436761",
    "movie_id": "42506"
  },
  {
    "review": "남자주인공 울 때 머리한대 때리고싶었음ㅎㅎ",
    "date": "11.05.12",
    "rating": "5",
    "author": "mapl****",
    "review_id": "5424430",
    "movie_id": "42506"
  },
  {
    "review": "해피바이러스 가득한 러브판타지",
    "date": "11.05.11",
    "rating": "10",
    "author": "lunc****",
    "review_id": "5421667",
    "movie_id": "42506"
  },
  {
    "review": "재미있네요",
    "date": "11.04.05",
    "rating": "7",
    "author": "kkow****",
    "review_id": "5355431",
    "movie_id": "42506"
  },
  {
    "review": "영화는 현실성에 비중을둔 잔잔한 이야기, 드라마는 오타쿠이미지에 딱들어맞는코믹물",
    "date": "11.04.02",
    "rating": "6",
    "author": "shir****",
    "review_id": "5348846",
    "movie_id": "42506"
  },
  {
    "review": "답답한 사람이 그걸 극복해가며 서로 공감을 만드는 과정이 좋았습니다. ^^",
    "date": "11.04.01",
    "rating": "9",
    "author": "musi****",
    "review_id": "5347679",
    "movie_id": "42506"
  },
  {
    "review": "만화책이 제일 낫다",
    "date": "11.03.30",
    "rating": "6",
    "author": "jwle****",
    "review_id": "5343658",
    "movie_id": "42506"
  },
  {
    "review": "정성,진실의 참된의미를 다시 한번 꺠달았다 아 풋풋하다",
    "date": "11.03.23",
    "rating": "10",
    "author": "exam****",
    "review_id": "5330041",
    "movie_id": "42506"
  },
  {
    "review": "이 영화에서 우리는 용기란 것이 어떤것인지를 알 수 있다.",
    "date": "11.03.20",
    "rating": "10",
    "author": "mori****",
    "review_id": "5323311",
    "movie_id": "42506"
  },
  {
    "review": "드라마를 보고 봐서 그런지 영..",
    "date": "11.03.11",
    "rating": "2",
    "author": "xtai****",
    "review_id": "5305340",
    "movie_id": "42506"
  },
  {
    "review": "너무너무 재밌다!!!",
    "date": "11.03.05",
    "rating": "10",
    "author": "haha****",
    "review_id": "5294607",
    "movie_id": "42506"
  },
  {
    "review": "잔잔하고 재밌어요~~",
    "date": "11.03.01",
    "rating": "10",
    "author": "ttlk****",
    "review_id": "5285445",
    "movie_id": "42506"
  },
  {
    "review": "실화라는게 놀랍다. 상당히 희망적인 내용이 마음에 들었다.",
    "date": "11.02.08",
    "rating": "10",
    "author": "lksh****",
    "review_id": "5229825",
    "movie_id": "42506"
  },
  {
    "review": "지루함",
    "date": "11.02.08",
    "rating": "1",
    "author": "qhde****",
    "review_id": "5229769",
    "movie_id": "42506"
  },
  {
    "review": "실화라는게놀랍고...그리고   나름   좋았다   긍정평가.",
    "date": "11.02.06",
    "rating": "9",
    "author": "jk83****",
    "review_id": "5223797",
    "movie_id": "42506"
  },
  {
    "review": "오랜만에 본 달달한 일본영화 ㅋ",
    "date": "11.02.05",
    "rating": "9",
    "author": "xorn****",
    "review_id": "5217863",
    "movie_id": "42506"
  },
  {
    "review": "제가 딱 두번을 받는데... 다시 또 보고 싶어서 다운받으려고 생각중이예요....",
    "date": "11.02.02",
    "rating": "10",
    "author": "chlt****",
    "review_id": "5208029",
    "movie_id": "42506"
  },
  {
    "review": "아 ㅋㅋ 세리자와가 오타쿠가 됬네 ㅋㅋ 재밌게는봣는데 드라마보단 덜하네;;",
    "date": "11.02.01",
    "rating": "8",
    "author": "2284****",
    "review_id": "5204676",
    "movie_id": "42506"
  },
  {
    "review": "평점이 넘 낮은거 같네..",
    "date": "11.01.30",
    "rating": "10",
    "author": "beat****",
    "review_id": "5196259",
    "movie_id": "42506"
  },
  {
    "review": "영화적 완성도를 떠나 순수 그 자체로 용기를 낸 전차남에게 무한한 박수를 보냅니다",
    "date": "11.01.12",
    "rating": "10",
    "author": "gurw****",
    "review_id": "5153108",
    "movie_id": "42506"
  },
  {
    "review": "감동적인 사랑 이야기",
    "date": "11.01.08",
    "rating": "8",
    "author": "yser****",
    "review_id": "5141820",
    "movie_id": "42506"
  },
  {
    "review": "재밌어요..^^공감이 가기도 하고 저도언제저런운명이다가올까설레기도하는그런영화~ㅋ",
    "date": "10.12.26",
    "rating": "10",
    "author": "hydf****",
    "review_id": "5090118",
    "movie_id": "42506"
  },
  {
    "review": "별로다..",
    "date": "10.12.06",
    "rating": "5",
    "author": "marc****",
    "review_id": "5031582",
    "movie_id": "42506"
  },
  {
    "review": "오덕오덕 오덕 오덕 오덕오덕",
    "date": "10.11.15",
    "rating": "10",
    "author": "dnjs****",
    "review_id": "4964227",
    "movie_id": "42506"
  },
  {
    "review": "ㅋㅋㅋㅋ 대박 '전차남이 세리자와였다니'래 ㅋㅋ 공감",
    "date": "10.10.29",
    "rating": "10",
    "author": "whrb****",
    "review_id": "4927361",
    "movie_id": "42506"
  },
  {
    "review": "와 전차남이 세리자와였다니",
    "date": "10.10.28",
    "rating": "10",
    "author": "devi****",
    "review_id": "4924516",
    "movie_id": "42506"
  },
  {
    "review": "개인적으론 먼저 봤던 드라마가 더 재밌었지만 영화도 괜찮았다. 재밌음.",
    "date": "10.09.24",
    "rating": "8",
    "author": "mtas****",
    "review_id": "4863720",
    "movie_id": "42506"
  }
]