[
  {
    "review": "정말 당황스럽네...",
    "date": "14.07.03",
    "rating": "1",
    "author": "ske4****",
    "review_id": "8878359",
    "movie_id": "42532"
  },
  {
    "review": "김정균씨 폭행사건만 없었더라면ㅠㅠ",
    "date": "13.09.19",
    "rating": "10",
    "author": "kwm9****",
    "review_id": "7997413",
    "movie_id": "42532"
  },
  {
    "review": "흠..",
    "date": "11.08.09",
    "rating": "1",
    "author": "audr****",
    "review_id": "5627815",
    "movie_id": "42532"
  },
  {
    "review": "신선했던",
    "date": "06.11.01",
    "rating": "8",
    "author": "luvs****",
    "review_id": "1209865",
    "movie_id": "42532"
  },
  {
    "review": "사건의 개연성이 너무 없다 유머도 연속불발",
    "date": "06.09.18",
    "rating": "3",
    "author": "okjo****",
    "review_id": "1130794",
    "movie_id": "42532"
  }
]