[
  {
    "review": "good..!!!!~",
    "date": "15.02.12",
    "rating": "10",
    "author": "clim****",
    "review_id": "9690566",
    "movie_id": "42543"
  },
  {
    "review": "내용도 캐스팅도  좋지만 액션씬이 압권이다",
    "date": "14.12.03",
    "rating": "10",
    "author": "high****",
    "review_id": "9442479",
    "movie_id": "42543"
  },
  {
    "review": "다시 보고싶은데.. ..",
    "date": "14.03.03",
    "rating": "10",
    "author": "ast0****",
    "review_id": "8553206",
    "movie_id": "42543"
  },
  {
    "review": "정말 명작인데.. 허준에 가려서.. 아쉽다..",
    "date": "14.02.10",
    "rating": "10",
    "author": "tgth****",
    "review_id": "8495642",
    "movie_id": "42543"
  },
  {
    "review": "허준에 가려진게 아쉽지만, 초반 큰 스케일에서 후반으로 갈 수록 스케일이 작아지더니...급하게 주진모 칼맞으며 마무리한건 아쉽다. 역시 시청률 앞에 드라마는 호롱불 신세여...",
    "date": "13.02.21",
    "rating": "10",
    "author": "bajj****",
    "review_id": "7285903",
    "movie_id": "42543"
  },
  {
    "review": "그때당시 수련회를 갔는데 모든 방에서 다 허준만보길래 이거보는애들끼리 모아서 TV하나로 봤던 기억이 난다. 진짜 말그대로 비운의 명작이자 내인생 드라마중에서  가을동화와 이작품이 가장 재밌었다.",
    "date": "13.01.30",
    "rating": "10",
    "author": "ghkf****",
    "review_id": "7199978",
    "movie_id": "42543"
  },
  {
    "review": "그 당시 시청률60%를 기록하며 인기를 끌던 MBC허준과 동시간대에 하는 바람에 시청률은 저조했지만 수많은 마니아층을 양산했으며 주진모가 이 드라마로 2000년 kbs연기대상 남자신인상을 수상했다 정말 허준에 묻힌 비운의명작임",
    "date": "12.10.18",
    "rating": "10",
    "author": "jung****",
    "review_id": "6809935",
    "movie_id": "42543"
  },
  {
    "review": "평점 조절합시다.",
    "date": "12.08.10",
    "rating": "1",
    "author": "shyo****",
    "review_id": "6588891",
    "movie_id": "42543"
  },
  {
    "review": "난 허준말고 이거봤음. 허준은 훗날 케이블서 봤고 ㅋㅋ 근데 왜 주진모가 조연?",
    "date": "11.08.12",
    "rating": "10",
    "author": "gwso****",
    "review_id": "5642516",
    "movie_id": "42543"
  },
  {
    "review": "평점올리기~~!!!",
    "date": "11.08.05",
    "rating": "10",
    "author": "ekrx****",
    "review_id": "5602712",
    "movie_id": "42543"
  },
  {
    "review": "케이블에서 다시 해주면 좋을텐데.........최민수 나온 테러리스트와 비슷함........",
    "date": "10.08.09",
    "rating": "10",
    "author": "span****",
    "review_id": "4726527",
    "movie_id": "42543"
  },
  {
    "review": "밑에 분 댓글처럼.. 허준 때문에 사람들이 처음부터 보질 않아서 그렇지.. 수작",
    "date": "10.04.12",
    "rating": "10",
    "author": "dmsg****",
    "review_id": "4428131",
    "movie_id": "42543"
  },
  {
    "review": "여태까지 액션드라마중 이것이야말로 진정한액션.. 검사로나온 김명민의 새로운등장..",
    "date": "10.03.11",
    "rating": "10",
    "author": "21c8****",
    "review_id": "4349743",
    "movie_id": "42543"
  },
  {
    "review": "이거 허준때매 아얘 사람들이 처음부터 안봐서 그렇지 진짜 잼있었던 작품",
    "date": "09.10.23",
    "rating": "10",
    "author": "dabu****",
    "review_id": "3911260",
    "movie_id": "42543"
  },
  {
    "review": "와 진짜 좋은 드라마였음 요즘 드라마는 영아니야 진짜 울 내조의여왕빼고",
    "date": "09.04.30",
    "rating": "10",
    "author": "gkzl****",
    "review_id": "3450096",
    "movie_id": "42543"
  },
  {
    "review": "정말 내스타일 영화..ㅠㅠ 울적하기도하구 정말 강추.. 허준에밀렸지만",
    "date": "09.01.01",
    "rating": "10",
    "author": "khs7****",
    "review_id": "3175913",
    "movie_id": "42543"
  },
  {
    "review": "내생애 최고의드라마 6~7년전에봤었는데 잊혀지지가않는ㅜㅜ",
    "date": "07.12.13",
    "rating": "10",
    "author": "suhy****",
    "review_id": "2228616",
    "movie_id": "42543"
  },
  {
    "review": "이드라마 안본사람은 모른다. 당시 녹화까지 하면서 밨었지..",
    "date": "07.10.06",
    "rating": "10",
    "author": "wh32****",
    "review_id": "2074665",
    "movie_id": "42543"
  },
  {
    "review": "주진모가 주인공인대 왜 조연으로 나오냐..",
    "date": "07.03.21",
    "rating": "10",
    "author": "iama****",
    "review_id": "1546166",
    "movie_id": "42543"
  },
  {
    "review": "드라마중 제일재밌었어요. 제발다시보는데좀 알려주세요",
    "date": "06.09.22",
    "rating": "10",
    "author": "man8****",
    "review_id": "1136805",
    "movie_id": "42543"
  },
  {
    "review": "흥미진진하고 주진모를 다시보게한 작품",
    "date": "06.09.09",
    "rating": "10",
    "author": "zeed****",
    "review_id": "1112123",
    "movie_id": "42543"
  },
  {
    "review": "이드라마 제가 드라마봤던거중에 제일 잼있었슴.",
    "date": "06.02.08",
    "rating": "10",
    "author": "powe****",
    "review_id": "655376",
    "movie_id": "42543"
  },
  {
    "review": "액션씬이 많았어 이거",
    "date": "05.12.27",
    "rating": "8",
    "author": "kws7****",
    "review_id": "532654",
    "movie_id": "42543"
  }
]