[
  {
    "review": "난 너무 너무 좋았다  너무 멋있다 이런 영화 만들어준 감독님이",
    "date": "15.08.26",
    "rating": "8",
    "author": "fdyj****",
    "review_id": "10276009",
    "movie_id": "42589"
  },
  {
    "review": "다욵로드  포인트의 소중함을 알려준 영화.  별 10개 준다.               나만 당할수는 없지",
    "date": "15.08.25",
    "rating": "10",
    "author": "gksr****",
    "review_id": "10273638",
    "movie_id": "42589"
  },
  {
    "review": "미안하다 그리고 사랑한다",
    "date": "15.08.18",
    "rating": "1",
    "author": "doto****",
    "review_id": "10248737",
    "movie_id": "42589"
  },
  {
    "review": "이거보다가 갑자기존나노잼여서딸침 ㄱㅇㄷ",
    "date": "15.08.15",
    "rating": "10",
    "author": "ocnc****",
    "review_id": "10235953",
    "movie_id": "42589"
  },
  {
    "review": "이걸 영화관에서 돈주고 본기억이 있다근데 평론가 점수가 ㄷㄷ하네",
    "date": "15.08.13",
    "rating": "1",
    "author": "time****",
    "review_id": "10225674",
    "movie_id": "42589"
  },
  {
    "review": "박평식씨ㅋㅋㅋㅋ다크나이트랑 인터스텔라가 7점인데 이영화가 6점ㅋㅋㅋ당신의 평론 기준을 존경합니다",
    "date": "15.08.12",
    "rating": "1",
    "author": "jong****",
    "review_id": "10219916",
    "movie_id": "42589"
  },
  {
    "review": "이거 극장에서 볼 때 관객이 나 한사람 뿐이었다... 그런 경험은 그 이전에도, 그 이후에도 없었다.",
    "date": "15.08.10",
    "rating": "1",
    "author": "redb****",
    "review_id": "10212684",
    "movie_id": "42589"
  },
  {
    "review": "너도나도1점 보지않아도1점",
    "date": "15.08.07",
    "rating": "1",
    "author": "mss7****",
    "review_id": "10196801",
    "movie_id": "42589"
  },
  {
    "review": "평론가들 평점이 어이가 없어서 로그인하게 만드네 ㅋㅋ 세상에.. 이게 6점?? 극장에서 본 내생애 최악의 영화다.. 1점도 아까움",
    "date": "15.08.06",
    "rating": "1",
    "author": "nsh9****",
    "review_id": "10192115",
    "movie_id": "42589"
  },
  {
    "review": "영화보다 댓글이 더 재밌다평점은 이 영화를 보신 분들의 댓글에 대한 짠한 마음",
    "date": "15.08.05",
    "rating": "10",
    "author": "euis****",
    "review_id": "10190583",
    "movie_id": "42589"
  },
  {
    "review": "양현종 방어율을 넘어라",
    "date": "15.07.29",
    "rating": "1",
    "author": "cjb6****",
    "review_id": "10155519",
    "movie_id": "42589"
  },
  {
    "review": "이건뭐죠...,...,",
    "date": "15.07.26",
    "rating": "1",
    "author": "na_m****",
    "review_id": "10143883",
    "movie_id": "42589"
  },
  {
    "review": "ㄱㅋㅋ그때생각하면 아직도 미치겠네요",
    "date": "15.07.25",
    "rating": "1",
    "author": "free****",
    "review_id": "10140640",
    "movie_id": "42589"
  },
  {
    "review": "어떤분이 다세포 소녀, 성냥팔이 소녀의 재림, 제니주노가 우주 3대 명작이라던데 어떤것 부터 볼까요..~?",
    "date": "15.07.20",
    "rating": "10",
    "author": "wann****",
    "review_id": "10124362",
    "movie_id": "42589"
  },
  {
    "review": "하..너무 감동적이었따",
    "date": "15.07.18",
    "rating": "1",
    "author": "lleu****",
    "review_id": "10117208",
    "movie_id": "42589"
  },
  {
    "review": "ㅋㅋ노답노답노답노답",
    "date": "15.07.15",
    "rating": "1",
    "author": "korh****",
    "review_id": "10106423",
    "movie_id": "42589"
  },
  {
    "review": "학점 2.0아래까지 찍어보자",
    "date": "15.07.13",
    "rating": "1",
    "author": "itr6****",
    "review_id": "10099932",
    "movie_id": "42589"
  },
  {
    "review": "난 이 영화 표지부터 보고 평가를 매겼다.",
    "date": "15.07.08",
    "rating": "1",
    "author": "vaig****",
    "review_id": "10079802",
    "movie_id": "42589"
  },
  {
    "review": "웃음 코드가 달라서 인가? 전와 제 친구는 잼있게 봤습니다",
    "date": "15.07.06",
    "rating": "9",
    "author": "dlaw****",
    "review_id": "10076370",
    "movie_id": "42589"
  },
  {
    "review": "지금까지도 이 영화를 극장에서 본게 내가 태어나서 가장 잘한일중 하나로 꼽는다.",
    "date": "15.07.06",
    "rating": "10",
    "author": "wass****",
    "review_id": "10074818",
    "movie_id": "42589"
  },
  {
    "review": "얼마나 대단하게 망작인지 한번 확인해보고픈 충동이 든다.",
    "date": "15.06.24",
    "rating": "1",
    "author": "nade****",
    "review_id": "10030000",
    "movie_id": "42589"
  },
  {
    "review": "전 개인적으로 재미있게 봤네요 ㅋㅋ",
    "date": "15.06.24",
    "rating": "1",
    "author": "oov_****",
    "review_id": "10028684",
    "movie_id": "42589"
  },
  {
    "review": "그냥 치킨 사먹을 걸 하는 영화",
    "date": "15.06.14",
    "rating": "1",
    "author": "miro****",
    "review_id": "9997947",
    "movie_id": "42589"
  },
  {
    "review": "이건 영상화할께 아니다만화로 남았어야했다",
    "date": "15.06.08",
    "rating": "1",
    "author": "ssdf****",
    "review_id": "9984003",
    "movie_id": "42589"
  },
  {
    "review": "10점이 아니라 씹점이다 얘들아",
    "date": "15.06.04",
    "rating": "10",
    "author": "wnfl****",
    "review_id": "9973721",
    "movie_id": "42589"
  },
  {
    "review": "요즈음 나오는 한번 보면 잊혀지고 한순간 재미있다 감동없는 돈 버리는 영화랑 비교할수 없는 영화 ,  더 엽기적이고  황당했다면 , 배우들이 좀 더 자기 자신을 버렸다면 영화가 정말 멋지게 나왔을텐데",
    "date": "15.06.01",
    "rating": "6",
    "author": "dhzm****",
    "review_id": "9969367",
    "movie_id": "42589"
  },
  {
    "review": "나만 죽을 수 없다...!!~~~!!!..",
    "date": "15.06.01",
    "rating": "10",
    "author": "cow0****",
    "review_id": "9967384",
    "movie_id": "42589"
  },
  {
    "review": "ㅋㅋ 와 이거 대박.ㅋㅋㅋ",
    "date": "15.05.22",
    "rating": "1",
    "author": "hiph****",
    "review_id": "9937983",
    "movie_id": "42589"
  },
  {
    "review": "난 돌아온 럭키짱보다 평점이 낮은 영화는 처음 봤다...김옥빈은무슨 죄인가",
    "date": "15.05.20",
    "rating": "1",
    "author": "hats****",
    "review_id": "9933578",
    "movie_id": "42589"
  },
  {
    "review": "이단게 어째서 평론가평점6점인지...평론가들은 믿을게못됨",
    "date": "15.05.17",
    "rating": "1",
    "author": "rhch****",
    "review_id": "9925962",
    "movie_id": "42589"
  },
  {
    "review": "내가 바로 친구랑 돈주고 극장에서 본 사람이오.",
    "date": "15.05.17",
    "rating": "1",
    "author": "vole****",
    "review_id": "9925259",
    "movie_id": "42589"
  },
  {
    "review": "박평식 인터스텔라 7점, 다크나이트 7점, 다세포소녀 6점.영화평론가라는게 얼마나 쓰잘데없는 직업인지 알게된다ㅋㅋㅋ",
    "date": "15.05.07",
    "rating": "10",
    "author": "vcho****",
    "review_id": "9900866",
    "movie_id": "42589"
  },
  {
    "review": "신선감 있는 시도와 펑크 문화적 요소, 마음에 드는 캐스팅의 영화.",
    "date": "15.05.03",
    "rating": "10",
    "author": "cybe****",
    "review_id": "9889083",
    "movie_id": "42589"
  },
  {
    "review": "영화평론가들이 얼마나 쓸데없는 쓰레기들인지 잘 보여준 영화. 이게 6점이고 외국 명작들은 5점대인거도 수두룩함 ㅋ",
    "date": "15.04.27",
    "rating": "1",
    "author": "sere****",
    "review_id": "9873851",
    "movie_id": "42589"
  },
  {
    "review": "클레멘타인을 능가하는 잠재력.. 아 물론 관람객을 잠재우는 능력의 준말입니다",
    "date": "15.04.24",
    "rating": "10",
    "author": "naya****",
    "review_id": "9864189",
    "movie_id": "42589"
  },
  {
    "review": "이재용 감독의 실험정신 충만.. 문제는 그 결과물이 별로라는.",
    "date": "15.04.20",
    "rating": "3",
    "author": "pont****",
    "review_id": "9853866",
    "movie_id": "42589"
  },
  {
    "review": "아 이럴수가 이게 평점이 2.2나 되다니",
    "date": "15.04.15",
    "rating": "1",
    "author": "bmsb****",
    "review_id": "9846707",
    "movie_id": "42589"
  },
  {
    "review": "성지순례 왔습니다 하하하",
    "date": "15.04.13",
    "rating": "1",
    "author": "wlsd****",
    "review_id": "9844515",
    "movie_id": "42589"
  },
  {
    "review": "1점이나 줘야해????",
    "date": "15.04.08",
    "rating": "1",
    "author": "yang****",
    "review_id": "9834384",
    "movie_id": "42589"
  },
  {
    "review": "클레멘타인, 창공으로, 셀러멘더의 비밀, 성냥팔이소녀의 재림과 더불어 한국영화5대명작중 하나다.",
    "date": "15.03.31",
    "rating": "1",
    "author": "anam****",
    "review_id": "9818194",
    "movie_id": "42589"
  },
  {
    "review": "나 진짜 욕 안하는데 그당시 원작기대하고봐서 욕했음",
    "date": "15.03.29",
    "rating": "1",
    "author": "okju****",
    "review_id": "9814013",
    "movie_id": "42589"
  },
  {
    "review": "무의미한 자음/모음 연속입력은 불가능합니다.",
    "date": "15.03.25",
    "rating": "1",
    "author": "arca****",
    "review_id": "9805336",
    "movie_id": "42589"
  },
  {
    "review": "돈을받고 봐야할 희대의 괴작.",
    "date": "15.03.22",
    "rating": "1",
    "author": "mino****",
    "review_id": "9800086",
    "movie_id": "42589"
  },
  {
    "review": "돈으로 똥닦는게 이 영화보는것보다 가치있겠다",
    "date": "15.03.22",
    "rating": "1",
    "author": "tjdw****",
    "review_id": "9799381",
    "movie_id": "42589"
  },
  {
    "review": "요즘 사람들이 그냥 그런 영화에 쓰레기 영화,내 인생 최악의 영화 라는 말 자주 하는데 전 웬만해선 그런말 절대 안해요. 평점 안좋아도 다세포소녀 보다는 낫겠지 하는 마음으로 봄",
    "date": "15.03.15",
    "rating": "1",
    "author": "soon****",
    "review_id": "9783244",
    "movie_id": "42589"
  },
  {
    "review": "중학교들어가서 애들이랑 친해지려고 모여서 보러간 영화인데, 이영화 보자고 했던놈 빼고 서로 다 친해져서 지금까지 가장 친한 친구가 되었습니다. 아, 이영화 보자고 했던 그 친구는 아직까지도 모두들 꺼려하고있구요. 어떤의미론 사람인생에 변화를 준 영화",
    "date": "15.03.12",
    "rating": "1",
    "author": "tatt****",
    "review_id": "9773201",
    "movie_id": "42589"
  },
  {
    "review": "영화보다 평점이 더 재밌어",
    "date": "15.03.11",
    "rating": "1",
    "author": "aktd****",
    "review_id": "9771752",
    "movie_id": "42589"
  },
  {
    "review": "이거보고 공부 열심히 했어요 감사합니다 다음에 또 성지순례 올게요",
    "date": "15.03.10",
    "rating": "1",
    "author": "romi****",
    "review_id": "9771495",
    "movie_id": "42589"
  },
  {
    "review": "쓰레기다 인생 최악의 영화",
    "date": "15.03.10",
    "rating": "1",
    "author": "wpwn****",
    "review_id": "9769902",
    "movie_id": "42589"
  },
  {
    "review": "뭔가 병맛인데 신선하기도하고...참고보는데 용이 승천하네???왜?갑자기왠??정말 기가막힌영화!단연 내영화인생 최악",
    "date": "15.03.06",
    "rating": "1",
    "author": "ez31****",
    "review_id": "9759560",
    "movie_id": "42589"
  },
  {
    "review": "제발 좀 이 영화 1점대 찍어줍시다 여러분",
    "date": "15.03.03",
    "rating": "1",
    "author": "ljhm****",
    "review_id": "9754860",
    "movie_id": "42589"
  },
  {
    "review": "ㅋㅋ너무웃겨 이걸돈주고본내가",
    "date": "15.02.26",
    "rating": "10",
    "author": "bc33****",
    "review_id": "9739266",
    "movie_id": "42589"
  },
  {
    "review": "관람전 평점 검색을 하는 습관을 가져다준 고마운 영화",
    "date": "15.02.13",
    "rating": "1",
    "author": "kimm****",
    "review_id": "9692247",
    "movie_id": "42589"
  },
  {
    "review": "평론가님들.. 6점... 뭐지이건",
    "date": "15.01.29",
    "rating": "1",
    "author": "sung****",
    "review_id": "9649619",
    "movie_id": "42589"
  },
  {
    "review": "관객을 단세포로 만들어버린 희대의 괴작",
    "date": "15.01.29",
    "rating": "2",
    "author": "goku****",
    "review_id": "9649282",
    "movie_id": "42589"
  },
  {
    "review": "이때 외국에 있었는데 진심 쪽팔려서 고개를 들고다닐수없었다. 아이들이 나서서 태권도가 우리나라것이 아니라고 하던장면 남자선생이 거들입고 때리라고 시키는장면.. 하... 당시 내가 한국인인게 죄스러울줄이야...",
    "date": "15.01.29",
    "rating": "1",
    "author": "ka24****",
    "review_id": "9649170",
    "movie_id": "42589"
  },
  {
    "review": "이건 1점이 아니다. 11점을 주고 싶은 내 마음이다.",
    "date": "15.01.28",
    "rating": "1",
    "author": "hang****",
    "review_id": "9645306",
    "movie_id": "42589"
  },
  {
    "review": "중학교3학년 기말 끝나고 시간 널널할 때 영화보는 시간이 있었어요 친구들 엿 먹으라고 이 영화를 틀어줬습니다 영화 끝나고 조낸 맞았습니다 중학교3학년 시점으로도 더럽게 유치한 영화",
    "date": "15.01.27",
    "rating": "1",
    "author": "wjdr****",
    "review_id": "9642232",
    "movie_id": "42589"
  },
  {
    "review": "ㅋㅋㅋㅋ 박평식 이 영화 평점을 다크나이트 라이즈와 똑같은 점수로 주네",
    "date": "15.01.20",
    "rating": "1",
    "author": "deve****",
    "review_id": "9616315",
    "movie_id": "42589"
  },
  {
    "review": "평론가새기들은 머하는새기들이냐  국제시장 평점이나 올리고 와라",
    "date": "15.01.19",
    "rating": "1",
    "author": "yuso****",
    "review_id": "9613741",
    "movie_id": "42589"
  },
  {
    "review": "마냥 뭔가 화려하면 좋은줄 알았던 중학생때도 이 영화는 아니라는걸 느끼게 해준 영화,출연한 연기자들  필모에 흑역사가 될 영화,CF를 일일이 나열하면 이 영화처럼 되리라는걸 확신하는 영화",
    "date": "15.01.10",
    "rating": "1",
    "author": "qapp****",
    "review_id": "9579316",
    "movie_id": "42589"
  },
  {
    "review": "이제좀 높일게요오오오",
    "date": "15.01.09",
    "rating": "10",
    "author": "acwi****",
    "review_id": "9575848",
    "movie_id": "42589"
  },
  {
    "review": "너무낮아서 좀 높일게요",
    "date": "15.01.06",
    "rating": "10",
    "author": "sh64****",
    "review_id": "9567559",
    "movie_id": "42589"
  },
  {
    "review": "놀랍게도 기자, 평론가들은 테이큰보다 이 영화에 높은 점수를 주었다.",
    "date": "14.12.31",
    "rating": "1",
    "author": "wozj****",
    "review_id": "9541707",
    "movie_id": "42589"
  },
  {
    "review": "아니 그래서 도대체 이 영화가 전하려는 메세지가 뭐죠?",
    "date": "14.12.30",
    "rating": "1",
    "author": "iihi****",
    "review_id": "9538494",
    "movie_id": "42589"
  },
  {
    "review": "솔직히 이정도면 신선하고 재밌는데 왜케 욕들하는거냐 뻔하고 지루한 영화보다 수천배 낫다",
    "date": "14.12.27",
    "rating": "10",
    "author": "jk60****",
    "review_id": "9526773",
    "movie_id": "42589"
  },
  {
    "review": "한국영화 역대 쓰레기 영화중 하나",
    "date": "14.12.25",
    "rating": "1",
    "author": "look****",
    "review_id": "9515876",
    "movie_id": "42589"
  },
  {
    "review": "별 0점을 찍을수 잇게 수정해야 합니다",
    "date": "14.12.07",
    "rating": "1",
    "author": "yasa****",
    "review_id": "9454937",
    "movie_id": "42589"
  },
  {
    "review": "ㅅ?ㄹ?ㄴㅌㅊ뇨ㅡㄷㄹ",
    "date": "14.12.06",
    "rating": "1",
    "author": "tznf****",
    "review_id": "9450944",
    "movie_id": "42589"
  },
  {
    "review": "9점은한명도없어서9점하면1%로되는건가??",
    "date": "14.12.01",
    "rating": "9",
    "author": "bbq1****",
    "review_id": "9438990",
    "movie_id": "42589"
  },
  {
    "review": "뇌종양 투병중이었는데, 이 영화를 보고 암이 낫게 되었어요. 내 인생 최고의 힐링영화!!",
    "date": "14.12.01",
    "rating": "10",
    "author": "wndl****",
    "review_id": "9438807",
    "movie_id": "42589"
  },
  {
    "review": "참재미잇엇다 김옥빈이쁘다",
    "date": "14.12.01",
    "rating": "10",
    "author": "show****",
    "review_id": "9438510",
    "movie_id": "42589"
  },
  {
    "review": "성지순례왔습니다 제발 동강대 간호학과 붙게해주세요",
    "date": "14.11.30",
    "rating": "10",
    "author": "fpem****",
    "review_id": "9434467",
    "movie_id": "42589"
  },
  {
    "review": "2014 다시보니 시대에 딱맞는다 울애기들 이거틀어주면 3분후 취침모드다... 티비보고싶다하면 이거틀어주면된다....",
    "date": "14.11.28",
    "rating": "10",
    "author": "my82****",
    "review_id": "9430407",
    "movie_id": "42589"
  },
  {
    "review": "저기 10점 준 인간 신고해버리고싶다.",
    "date": "14.11.26",
    "rating": "1",
    "author": "jean****",
    "review_id": "9424644",
    "movie_id": "42589"
  },
  {
    "review": "내 생애 최악의 영화. 별점 0.5개조차도 주기 아까운 쓰레기 영화",
    "date": "14.11.25",
    "rating": "1",
    "author": "apga****",
    "review_id": "9422107",
    "movie_id": "42589"
  },
  {
    "review": "신기록 갱신인가..간닷",
    "date": "14.11.23",
    "rating": "1",
    "author": "jigg****",
    "review_id": "9416662",
    "movie_id": "42589"
  },
  {
    "review": "내 생에 처음으로 영화보다가 20분도 안보고 나온 영화.나에게 영화관 공포심을 심어준 영화그리고 이 영화를 끝까지 본 사람은 간디 그 이상임.",
    "date": "14.11.22",
    "rating": "1",
    "author": "junu****",
    "review_id": "9410369",
    "movie_id": "42589"
  },
  {
    "review": "다세포 소녀= 아까운 내돈",
    "date": "14.11.16",
    "rating": "1",
    "author": "keun****",
    "review_id": "9391334",
    "movie_id": "42589"
  },
  {
    "review": "그저 할말이 없다. 감독의 의도가 이거일지도.",
    "date": "14.11.12",
    "rating": "1",
    "author": "hiph****",
    "review_id": "9373897",
    "movie_id": "42589"
  },
  {
    "review": "차라리 길바닥에서 은행이나 주워담을걸",
    "date": "14.11.10",
    "rating": "1",
    "author": "m_ro****",
    "review_id": "9365507",
    "movie_id": "42589"
  },
  {
    "review": "0점도 주기아까운 영화는 태어나서 처음이다..",
    "date": "14.11.07",
    "rating": "1",
    "author": "aaa9****",
    "review_id": "9350787",
    "movie_id": "42589"
  },
  {
    "review": "0.1점은 없네 아쉽다",
    "date": "14.11.07",
    "rating": "1",
    "author": "shs0****",
    "review_id": "9350187",
    "movie_id": "42589"
  },
  {
    "review": "클레멘타인의 쭌리가 극찬한 문제작! 죽기 전에 반드시 봐야할 최고의 명작!!! 별이 다섯개!!!",
    "date": "14.11.07",
    "rating": "10",
    "author": "post****",
    "review_id": "9349747",
    "movie_id": "42589"
  },
  {
    "review": "고맙다 나에게 이런 재밌는 댓글들을 보게해줘서 그래서 줬다 ㅋㅋㅋ 아 너무 웃겨",
    "date": "14.11.06",
    "rating": "8",
    "author": "rjsw****",
    "review_id": "9346171",
    "movie_id": "42589"
  },
  {
    "review": "존나 핵폐기물...두근두근내인생 보려다가 이 감독이라는걸 깨닫고 보지않았다.",
    "date": "14.10.29",
    "rating": "1",
    "author": "ekdm****",
    "review_id": "9327250",
    "movie_id": "42589"
  },
  {
    "review": "아는 사람들은 알겠지.... 이 영화 2점대 평점 이유는 할인카드 때문이라는거....",
    "date": "14.10.23",
    "rating": "10",
    "author": "vinc****",
    "review_id": "9311251",
    "movie_id": "42589"
  },
  {
    "review": "ㅋ 20살때 여친이랑 영화관에서 봤는데 진짜 뭐같아서 여친이랑 중간에 나오니까 뒤에 사람들 줄줄 따라 나오던데ㅋㅋ",
    "date": "14.10.13",
    "rating": "1",
    "author": "rhks****",
    "review_id": "9289853",
    "movie_id": "42589"
  },
  {
    "review": "쓰레기계의 진정한 전설이자 신화다.",
    "date": "14.10.07",
    "rating": "1",
    "author": "wjru****",
    "review_id": "9271240",
    "movie_id": "42589"
  },
  {
    "review": "아 궁금해서 봤는데 시간 존나ㅣ아깝다 아 내시간",
    "date": "14.10.05",
    "rating": "1",
    "author": "song****",
    "review_id": "9267298",
    "movie_id": "42589"
  },
  {
    "review": "만점 영화는 아니지만 2점대 영화는 결코 아니다.",
    "date": "14.10.03",
    "rating": "10",
    "author": "kman****",
    "review_id": "9258410",
    "movie_id": "42589"
  },
  {
    "review": "ㅋㅋㅋ아 생각난다. 이 영화 내가 영화관에서 봤었지.... 중간에 나오고 싶어 죽는 줄 알았던 영화는 이게 처음이였지",
    "date": "14.10.01",
    "rating": "1",
    "author": "worb****",
    "review_id": "9252258",
    "movie_id": "42589"
  },
  {
    "review": "ㅓㅡ222ㅁ222ㅁ2222ㅁ22",
    "date": "14.10.01",
    "rating": "10",
    "author": "hine****",
    "review_id": "9251688",
    "movie_id": "42589"
  },
  {
    "review": "딱 내 스타일의 영화.  황당하면서도 특이한 설정이 마음에 든다. 평점이 왜이리 낮은지 이해가 안감..",
    "date": "14.09.27",
    "rating": "9",
    "author": "solk****",
    "review_id": "9244456",
    "movie_id": "42589"
  },
  {
    "review": "시간이 이렇게 소중한 자원인줄은 처음 알았네요. 도덕 교과서 보충자료로 쓰면 알맞을듯ㅋㅋ.",
    "date": "14.09.27",
    "rating": "1",
    "author": "into****",
    "review_id": "9244009",
    "movie_id": "42589"
  },
  {
    "review": "진정 약빨고 만든 영화 ㅋㅋㅋ",
    "date": "14.09.22",
    "rating": "1",
    "author": "bone****",
    "review_id": "9234635",
    "movie_id": "42589"
  },
  {
    "review": "원래는 7점주고싶은데 너무 저평가된거같아서 불쌍해서 평균올리려고... 그래도 캐릭터성이랑 배우들얼굴은 10점솔직히 너무 몰아가기식으로 까인거같음 명작이라곤 못해도이렇게까지 까일줄은 몰랐넴",
    "date": "14.09.22",
    "rating": "10",
    "author": "may0****",
    "review_id": "9233670",
    "movie_id": "42589"
  },
  {
    "review": "성지순례 왔습니다. 이번에 토익 931점 맞게 해주세요.",
    "date": "14.09.11",
    "rating": "3",
    "author": "jjh0****",
    "review_id": "9204461",
    "movie_id": "42589"
  },
  {
    "review": "와 평점 2.2점임 ㄷㄷ 외쳐! ee!",
    "date": "14.09.09",
    "rating": "1",
    "author": "dudd****",
    "review_id": "9193276",
    "movie_id": "42589"
  },
  {
    "review": "이거봣을때좀야햇던걸로기억함",
    "date": "14.09.07",
    "rating": "1",
    "author": "kwon****",
    "review_id": "9176728",
    "movie_id": "42589"
  }
]