[
  {
    "review": "어릴때 봤는데 여자 비둘기 나는 왜 섹시해보였지?ㅋㅋㅋㅋ",
    "date": "15.04.22",
    "rating": "8",
    "author": "smc0****",
    "review_id": "9856646",
    "movie_id": "42584"
  },
  {
    "review": "추억보정인가? 어릴때 봤던거랑 다른데?",
    "date": "14.12.30",
    "rating": "6",
    "author": "dju0****",
    "review_id": "9536449",
    "movie_id": "42584"
  },
  {
    "review": "작화가 비호감인데다, 발상도 그저그렇다",
    "date": "14.04.04",
    "rating": "5",
    "author": "cont****",
    "review_id": "8628432",
    "movie_id": "42584"
  },
  {
    "review": "비둘기야 밥막자 구구구구구구",
    "date": "12.07.08",
    "rating": "8",
    "author": "craz****",
    "review_id": "6460649",
    "movie_id": "42584"
  },
  {
    "review": "괜찮은영화^^",
    "date": "12.06.23",
    "rating": "10",
    "author": "hanl****",
    "review_id": "6411056",
    "movie_id": "42584"
  },
  {
    "review": "재미 있습니다.",
    "date": "12.04.10",
    "rating": "10",
    "author": "nimb****",
    "review_id": "6206719",
    "movie_id": "42584"
  },
  {
    "review": "재미 짱",
    "date": "12.01.10",
    "rating": "10",
    "author": "mlml****",
    "review_id": "5976400",
    "movie_id": "42584"
  },
  {
    "review": "괜히 봤음",
    "date": "11.08.31",
    "rating": "1",
    "author": "jky2****",
    "review_id": "5700835",
    "movie_id": "42584"
  },
  {
    "review": "동명의온라인게임과 맞먹는 수준.그냥 최악이라는 뜻임.마당을 나온  암탉이 걸작이다",
    "date": "11.08.27",
    "rating": "1",
    "author": "baks****",
    "review_id": "5689938",
    "movie_id": "42584"
  },
  {
    "review": "다시는 보고 싶지 않는 영화",
    "date": "11.06.03",
    "rating": "1",
    "author": "liam****",
    "review_id": "5462094",
    "movie_id": "42584"
  },
  {
    "review": "제트파일에서 다운 받아서 봤는데 진짜 재미있었어요.그리고맨마지막키스",
    "date": "10.11.12",
    "rating": "10",
    "author": "xzxz****",
    "review_id": "4955048",
    "movie_id": "42584"
  },
  {
    "review": "별로~~",
    "date": "10.06.16",
    "rating": "1",
    "author": "sh00****",
    "review_id": "4569684",
    "movie_id": "42584"
  },
  {
    "review": "전쟁중 비둘기 전령이라는 재미난 소재, 군데군데 지루한 전개, 그렇고 그런 결말",
    "date": "10.04.23",
    "rating": "6",
    "author": "sioh****",
    "review_id": "4450511",
    "movie_id": "42584"
  },
  {
    "review": "재미 있네요.",
    "date": "09.03.12",
    "rating": "10",
    "author": "dong****",
    "review_id": "3360903",
    "movie_id": "42584"
  },
  {
    "review": "그래픽과 사실에 근거했다는 점은 좋아도 재미는 없다",
    "date": "09.02.07",
    "rating": "4",
    "author": "nala****",
    "review_id": "3286271",
    "movie_id": "42584"
  },
  {
    "review": "조은작품임",
    "date": "09.01.21",
    "rating": "10",
    "author": "minj****",
    "review_id": "3237316",
    "movie_id": "42584"
  },
  {
    "review": "무한가능성을나타내는것같다,",
    "date": "08.12.14",
    "rating": "10",
    "author": "7676****",
    "review_id": "3116373",
    "movie_id": "42584"
  },
  {
    "review": "ㅋㅋ 재미있다 특히 새들이 하는 짓들이",
    "date": "08.12.11",
    "rating": "9",
    "author": "geos****",
    "review_id": "3107657",
    "movie_id": "42584"
  },
  {
    "review": "비둘기들이 넘 웃겨ㅋㅋㅋ",
    "date": "08.08.21",
    "rating": "10",
    "author": "srd0****",
    "review_id": "2892405",
    "movie_id": "42584"
  },
  {
    "review": "그럭저런 괜찮았는데.. ㅋㅋ 발리언트 귀여워 &gt &lt",
    "date": "08.07.02",
    "rating": "8",
    "author": "slam****",
    "review_id": "2736268",
    "movie_id": "42584"
  },
  {
    "review": "시작은 있으나 끝이 없다.",
    "date": "08.06.26",
    "rating": "3",
    "author": "saga****",
    "review_id": "2720897",
    "movie_id": "42584"
  },
  {
    "review": "전형적인 b급애니",
    "date": "08.02.21",
    "rating": "4",
    "author": "i971****",
    "review_id": "2468475",
    "movie_id": "42584"
  },
  {
    "review": "디즈니가 제작한 즐 알고 봤다가 제대로 속은 영화. 왕 실망. (디즈니는 배급만 했음)",
    "date": "08.01.22",
    "rating": "3",
    "author": "free****",
    "review_id": "2357363",
    "movie_id": "42584"
  },
  {
    "review": "시작은 있으나 끝이 없다",
    "date": "07.12.07",
    "rating": "5",
    "author": "qwer****",
    "review_id": "2213162",
    "movie_id": "42584"
  },
  {
    "review": "시작은 있으나 끝이 없다, 애니는 기술만으로 되는 것이 아니다",
    "date": "07.10.13",
    "rating": "5",
    "author": "near****",
    "review_id": "2086368",
    "movie_id": "42584"
  },
  {
    "review": "재미없더만-_- 너무 애들거같아요.캐릭터는 좋은데 내용이 영",
    "date": "07.09.21",
    "rating": "1",
    "author": "yhl5****",
    "review_id": "2035892",
    "movie_id": "42584"
  },
  {
    "review": "ㅡㅡ; 평점이 왜 이런?? 재밋어요 !",
    "date": "07.08.10",
    "rating": "10",
    "author": "asdx****",
    "review_id": "1917537",
    "movie_id": "42584"
  },
  {
    "review": "5분은 재밌었으니 별2개",
    "date": "07.07.17",
    "rating": "2",
    "author": "inho****",
    "review_id": "1784769",
    "movie_id": "42584"
  },
  {
    "review": "시작은 있는데 끝이 없다. 기술만 있으면 다인 줄 아나?",
    "date": "07.06.06",
    "rating": "4",
    "author": "whd1****",
    "review_id": "1685126",
    "movie_id": "42584"
  },
  {
    "review": "뻔하고 뻔하고 뻔한 스토리. 이런 스토리는 누구나 짤수 있을듯..",
    "date": "07.03.07",
    "rating": "1",
    "author": "taka****",
    "review_id": "1522591",
    "movie_id": "42584"
  },
  {
    "review": "차라리 동막골을 한 번 더 볼걸 그랬다.",
    "date": "07.02.14",
    "rating": "5",
    "author": "jshj****",
    "review_id": "1469839",
    "movie_id": "42584"
  },
  {
    "review": "그저그런 애니메이션... 그저그런 재미...",
    "date": "07.01.25",
    "rating": "4",
    "author": "rlwj****",
    "review_id": "1413694",
    "movie_id": "42584"
  },
  {
    "review": "귀여운등장인물들과환상적인스토리의어울림^^",
    "date": "07.01.07",
    "rating": "8",
    "author": "hanm****",
    "review_id": "1365918",
    "movie_id": "42584"
  },
  {
    "review": "언제나 에니는 재미있어요~ 보세요~ 아드님이랑 같이~~",
    "date": "06.12.09",
    "rating": "9",
    "author": "kfe2****",
    "review_id": "1279891",
    "movie_id": "42584"
  },
  {
    "review": "재미있음~ 그럼 된거지 뭐 ㅋㅋ",
    "date": "06.07.01",
    "rating": "10",
    "author": "noum****",
    "review_id": "866050",
    "movie_id": "42584"
  },
  {
    "review": "뻔하긴 하지만 괜찮은 애니메이션",
    "date": "06.06.13",
    "rating": "9",
    "author": "naha****",
    "review_id": "842993",
    "movie_id": "42584"
  },
  {
    "review": "이천오년 이완 작품 중 단연 돋보임!",
    "date": "06.05.23",
    "rating": "10",
    "author": "lhcg****",
    "review_id": "812826",
    "movie_id": "42584"
  },
  {
    "review": "컴퓨터로 화면만 만들면 다 3D애니메이션이냐?",
    "date": "06.05.09",
    "rating": "2",
    "author": "swon****",
    "review_id": "793919",
    "movie_id": "42584"
  },
  {
    "review": "전혀 색다르지 않은..너무 무난한 영화",
    "date": "06.04.30",
    "rating": "7",
    "author": "cyco****",
    "review_id": "780451",
    "movie_id": "42584"
  },
  {
    "review": "꽤ok!",
    "date": "06.03.23",
    "rating": "10",
    "author": "rsh7****",
    "review_id": "730169",
    "movie_id": "42584"
  },
  {
    "review": "내용도 없고 긴장도 없고 교훈도 없는...아이들 만화도 못됨.",
    "date": "06.03.17",
    "rating": "3",
    "author": "ikel****",
    "review_id": "719188",
    "movie_id": "42584"
  },
  {
    "review": "공감대 형성 불가, 어설프게 애국심만 강조하는 군홍보영화",
    "date": "06.03.08",
    "rating": "5",
    "author": "pkyu****",
    "review_id": "708793",
    "movie_id": "42584"
  },
  {
    "review": "너무 쪼아~!",
    "date": "06.03.07",
    "rating": "10",
    "author": "dbs8****",
    "review_id": "708150",
    "movie_id": "42584"
  },
  {
    "review": "그래픽은끝내준다.한눈팔던조카.끝나고 물어보니 잼다긴하는데..",
    "date": "06.02.28",
    "rating": "7",
    "author": "lsbl****",
    "review_id": "697581",
    "movie_id": "42584"
  },
  {
    "review": "왜 비추했는지 알겠다. -_-",
    "date": "06.01.27",
    "rating": "6",
    "author": "komn****",
    "review_id": "625067",
    "movie_id": "42584"
  },
  {
    "review": "특별히 코믹하지도 큰 감동도 없지만 무난한 애니메이션",
    "date": "06.01.19",
    "rating": "6",
    "author": "hell****",
    "review_id": "600292",
    "movie_id": "42584"
  },
  {
    "review": "마다가스카보다 나음. 귀여운비둘기.. 깜찍했다.",
    "date": "05.12.31",
    "rating": "7",
    "author": "barb****",
    "review_id": "546048",
    "movie_id": "42584"
  },
  {
    "review": "뭔가모자른듯한 주인공..그러나, 극복..넘 뻔한스토리..--;",
    "date": "05.12.28",
    "rating": "6",
    "author": "red0****",
    "review_id": "535431",
    "movie_id": "42584"
  },
  {
    "review": "뻔하지만 그래도....",
    "date": "05.12.12",
    "rating": "7",
    "author": "took****",
    "review_id": "502564",
    "movie_id": "42584"
  },
  {
    "review": "깜직한 캐릭과 흥미로운 전개 애들은 좋아하겠지요",
    "date": "05.11.24",
    "rating": "7",
    "author": "jaro****",
    "review_id": "483358",
    "movie_id": "42584"
  },
  {
    "review": "뭔가 몰입하려는 순간 끝나버리는 .....",
    "date": "05.11.20",
    "rating": "6",
    "author": "gall****",
    "review_id": "480187",
    "movie_id": "42584"
  },
  {
    "review": "너무나 뻔한 50분짜리 만화",
    "date": "05.11.19",
    "rating": "5",
    "author": "kara****",
    "review_id": "478635",
    "movie_id": "42584"
  },
  {
    "review": "왠만한 3D영화는 거의재밌는데 이건별로...",
    "date": "05.11.14",
    "rating": "7",
    "author": "anan****",
    "review_id": "474217",
    "movie_id": "42584"
  },
  {
    "review": "너무 뻔한 스토리에 볼거리가 넘없다",
    "date": "05.11.14",
    "rating": "5",
    "author": "anyo****",
    "review_id": "473946",
    "movie_id": "42584"
  },
  {
    "review": "설정이 재밌다. 재밌는 편..",
    "date": "05.11.06",
    "rating": "8",
    "author": "lyse****",
    "review_id": "466130",
    "movie_id": "42584"
  },
  {
    "review": "쩡말 째밌따~~~~~~~~~세상헤서 젤 재밌어요^*^☆",
    "date": "05.11.06",
    "rating": "10",
    "author": "dw01****",
    "review_id": "465933",
    "movie_id": "42584"
  },
  {
    "review": "자녀와 함께 환상과 모험의  세계로 빠져보아요~~",
    "date": "05.11.02",
    "rating": "3",
    "author": "oxyj****",
    "review_id": "461895",
    "movie_id": "42584"
  },
  {
    "review": "터무니 없이 빠른 전개, 뻔한 내용, 밋밋한 캐릭터,",
    "date": "05.11.01",
    "rating": "6",
    "author": "sos4****",
    "review_id": "461883",
    "movie_id": "42584"
  },
  {
    "review": "쓰레기즐",
    "date": "05.08.25",
    "rating": "1",
    "author": "gita****",
    "review_id": "383414",
    "movie_id": "42584"
  },
  {
    "review": "가따버려라 이딴영화는 왜 만들었니? ㅉㅉ",
    "date": "05.08.25",
    "rating": "1",
    "author": "ollc****",
    "review_id": "383413",
    "movie_id": "42584"
  },
  {
    "review": "평범한 영화에서 찾은 웃음..? 채플린 영화같다는.. =_=",
    "date": "05.08.22",
    "rating": "7",
    "author": "magi****",
    "review_id": "379283",
    "movie_id": "42584"
  },
  {
    "review": "애니메이션이라지만...좀 별루..",
    "date": "05.08.22",
    "rating": "5",
    "author": "hyej****",
    "review_id": "378807",
    "movie_id": "42584"
  },
  {
    "review": "많이 웃기지는 않았지만 아주 재미있게 봤습니다",
    "date": "05.08.21",
    "rating": "10",
    "author": "lhj9****",
    "review_id": "377806",
    "movie_id": "42584"
  },
  {
    "review": "난 재미잇었눈뎁, ㅋㅋ",
    "date": "05.08.20",
    "rating": "10",
    "author": "kmir****",
    "review_id": "376376",
    "movie_id": "42584"
  },
  {
    "review": "보다가...자버렸다.",
    "date": "05.08.19",
    "rating": "1",
    "author": "ksy2****",
    "review_id": "374505",
    "movie_id": "42584"
  },
  {
    "review": "한글 더빙판을 봤다면 아마 1을 줬을것이다..",
    "date": "05.08.18",
    "rating": "3",
    "author": "ultr****",
    "review_id": "372180",
    "movie_id": "42584"
  },
  {
    "review": "관계자에게는 미안하지만...재미없는 영화로 손색 없습니다.",
    "date": "05.08.14",
    "rating": "1",
    "author": "hkhc****",
    "review_id": "366824",
    "movie_id": "42584"
  },
  {
    "review": "평범 무난... 유럽에선 성공할듯.. 특히 영국식 유머..",
    "date": "05.08.11",
    "rating": "8",
    "author": "yana****",
    "review_id": "361577",
    "movie_id": "42584"
  },
  {
    "review": "영화가 끝나자 7살 우리아이가 한번더 보자고 한다.",
    "date": "05.08.10",
    "rating": "9",
    "author": "idea****",
    "review_id": "360654",
    "movie_id": "42584"
  },
  {
    "review": "애니메이션이 이렇게 스펙타클할수가.. 재미만빵~",
    "date": "05.08.09",
    "rating": "8",
    "author": "goor****",
    "review_id": "359759",
    "movie_id": "42584"
  },
  {
    "review": "초등생 아들이 보기엔 g~ood인  작품",
    "date": "05.08.08",
    "rating": "7",
    "author": "dong****",
    "review_id": "358069",
    "movie_id": "42584"
  },
  {
    "review": "와~~ 영국식코메디는 너무 어려워",
    "date": "05.08.08",
    "rating": "1",
    "author": "righ****",
    "review_id": "357882",
    "movie_id": "42584"
  },
  {
    "review": "발리언트 너무너무 좋아",
    "date": "05.08.07",
    "rating": "10",
    "author": "z956****",
    "review_id": "356821",
    "movie_id": "42584"
  },
  {
    "review": "통쾌한영화.. 스피드에 속 쉬원했다.",
    "date": "05.08.07",
    "rating": "10",
    "author": "7455****",
    "review_id": "356065",
    "movie_id": "42584"
  },
  {
    "review": "이 영화를 보고, '로봇'이 얼마나 훌륭한 영화인지 알았다.",
    "date": "05.08.06",
    "rating": "5",
    "author": "aaab****",
    "review_id": "355417",
    "movie_id": "42584"
  },
  {
    "review": "더빙도 그냥도 모두 백점 만점 . 왜냐면 내용이 좋으니까",
    "date": "05.08.06",
    "rating": "10",
    "author": "terr****",
    "review_id": "355413",
    "movie_id": "42584"
  },
  {
    "review": "너무 재밌어서 애들있는지도 몰랐다.~^&^ㅋㅋ",
    "date": "05.08.06",
    "rating": "10",
    "author": "yjki****",
    "review_id": "355406",
    "movie_id": "42584"
  },
  {
    "review": "애들이 자꾸 떠들어서 - _-a",
    "date": "05.08.06",
    "rating": "7",
    "author": "woos****",
    "review_id": "355379",
    "movie_id": "42584"
  },
  {
    "review": "크극 목소리가 .. 웃기군 -0-;",
    "date": "05.08.06",
    "rating": "10",
    "author": "ijku****",
    "review_id": "354507",
    "movie_id": "42584"
  },
  {
    "review": "좀 재밌네",
    "date": "05.08.06",
    "rating": "10",
    "author": "aksg****",
    "review_id": "354409",
    "movie_id": "42584"
  },
  {
    "review": "너무 재밌네요. 근데 애들이 방해를...-_-",
    "date": "05.08.06",
    "rating": "10",
    "author": "yjki****",
    "review_id": "354395",
    "movie_id": "42584"
  },
  {
    "review": "아이들을 위해서는 아주 좋은 영화~~!!",
    "date": "05.08.06",
    "rating": "10",
    "author": "aaaa****",
    "review_id": "354394",
    "movie_id": "42584"
  },
  {
    "review": "지루하네요. 이렇게 재미없는 애니메이션을 2005년에...",
    "date": "05.08.05",
    "rating": "2",
    "author": "kiyo****",
    "review_id": "353713",
    "movie_id": "42584"
  },
  {
    "review": "성우 실망 탁재훈 장난인것 같에 정만호는 들떳고",
    "date": "05.08.05",
    "rating": "4",
    "author": "good****",
    "review_id": "353298",
    "movie_id": "42584"
  },
  {
    "review": "전쟁명분을 잃은 영국정치가들이 좋아라할 영화",
    "date": "05.08.05",
    "rating": "3",
    "author": "kang****",
    "review_id": "352815",
    "movie_id": "42584"
  },
  {
    "review": "전쟁소재좋아하는이들의 애니!무난했던 애니!",
    "date": "05.08.03",
    "rating": "7",
    "author": "wkgm****",
    "review_id": "349747",
    "movie_id": "42584"
  },
  {
    "review": "으흑 ㅠㅠ 기대했는 ㄷ ㅐ ~ 뭐양",
    "date": "05.08.02",
    "rating": "1",
    "author": "sayo****",
    "review_id": "348496",
    "movie_id": "42584"
  },
  {
    "review": "영상은 애들이좋아하고 스토리는 어른도 볼만한..",
    "date": "05.08.02",
    "rating": "7",
    "author": "lhk0****",
    "review_id": "347940",
    "movie_id": "42584"
  },
  {
    "review": "애들이 보기엔 적당한 영화. 별로 재미 없다.",
    "date": "05.08.01",
    "rating": "5",
    "author": "su35****",
    "review_id": "346096",
    "movie_id": "42584"
  },
  {
    "review": "정말 최악으로 재미없고 지루합니다. 우리나라 정서에 안 맞음",
    "date": "05.07.28",
    "rating": "2",
    "author": "lees****",
    "review_id": "337303",
    "movie_id": "42584"
  },
  {
    "review": "더빙은 아무나 하나",
    "date": "05.07.27",
    "rating": "10",
    "author": "wowl****",
    "review_id": "336597",
    "movie_id": "42584"
  },
  {
    "review": "상영시간도 짧고 애들이 좋아하네요^^",
    "date": "05.07.21",
    "rating": "10",
    "author": "yitr****",
    "review_id": "328726",
    "movie_id": "42584"
  },
  {
    "review": "꼬마애들 숨 넘어가게 좋아하더라. 역시 애들이야^^",
    "date": "05.07.21",
    "rating": "10",
    "author": "tyoy****",
    "review_id": "328724",
    "movie_id": "42584"
  },
  {
    "review": "조카들이 너무 좋아하던걸요~^^",
    "date": "05.07.21",
    "rating": "10",
    "author": "rtrt****",
    "review_id": "328721",
    "movie_id": "42584"
  },
  {
    "review": "너무웃겨서배꼽빠지는줄알았어요",
    "date": "05.07.20",
    "rating": "10",
    "author": "hhm5****",
    "review_id": "328186",
    "movie_id": "42584"
  },
  {
    "review": "유치함!!!!",
    "date": "05.07.20",
    "rating": "1",
    "author": "ring****",
    "review_id": "327996",
    "movie_id": "42584"
  },
  {
    "review": "설정넘우낀다.ㅋㅋ비둘기와 매 부대의 2차대전!!짝짝짝~",
    "date": "05.07.20",
    "rating": "9",
    "author": "kcle****",
    "review_id": "327766",
    "movie_id": "42584"
  },
  {
    "review": "뭔가 아쉬움이 남았지만,,재미있었어요^^",
    "date": "05.07.18",
    "rating": "8",
    "author": "para****",
    "review_id": "326040",
    "movie_id": "42584"
  },
  {
    "review": "정말재미있어요 친구랑 봤는데 부담없이 너무 웃겼어요",
    "date": "05.07.17",
    "rating": "10",
    "author": "ksta****",
    "review_id": "325143",
    "movie_id": "42584"
  },
  {
    "review": "재치는 있지만 내용은 뻔했던 것 같은.불 날리는 쥐는 귀여웠음!",
    "date": "05.07.17",
    "rating": "7",
    "author": "ysrp****",
    "review_id": "324302",
    "movie_id": "42584"
  }
]