[
  {
    "review": "내가 본 레전드급 드라마 순위에 또 하나의 작품을 추가합니다. 말이 필요 없으며 특히 주, 조연 연기자들의 연기는 지금의 그들을 있게한 명 연기였다고 생각합니다. 보는 내내 웃고 울고 행복했습니다.  개인적으로 욕쟁이 할머니~ 너무 매력 있으셨어요~",
    "date": "14.08.18",
    "rating": "10",
    "author": "ocki****",
    "review_id": "9106576",
    "movie_id": "42599"
  },
  {
    "review": "노희경을 몰랐을 때에 보고 내 안에 강렬하게 남았던 첫 드라마",
    "date": "14.08.18",
    "rating": "10",
    "author": "mial****",
    "review_id": "9105652",
    "movie_id": "42599"
  },
  {
    "review": "마지막 포장마차 씬은 최고였어... 너에겐 첫사랑이지만 나에게 마지막 사랑이야....",
    "date": "14.05.18",
    "rating": "10",
    "author": "kcmc****",
    "review_id": "8743175",
    "movie_id": "42599"
  },
  {
    "review": "사람냄새나는 드라마. 다시 보고 싶다.",
    "date": "14.01.15",
    "rating": "10",
    "author": "adio****",
    "review_id": "8384927",
    "movie_id": "42599"
  },
  {
    "review": "정말재미있는드라마 서울의달.내가사는이유이드라마처럼 사람냄새나는드라마 다시보고싶다. 하나더 아들과딸까지 최고",
    "date": "13.09.24",
    "rating": "10",
    "author": "tls7****",
    "review_id": "8013783",
    "movie_id": "42599"
  },
  {
    "review": "최고의 드라마죠 정말 ㅜㅡ유투브MBCclassic  즐감요~",
    "date": "13.08.30",
    "rating": "10",
    "author": "welw****",
    "review_id": "7933901",
    "movie_id": "42599"
  },
  {
    "review": "이 드라마 다시 볼수 없나요?",
    "date": "13.04.11",
    "rating": "10",
    "author": "pipi****",
    "review_id": "7449245",
    "movie_id": "42599"
  },
  {
    "review": "서울의 달과 내가 사는 이유는 나에게 최고의 드라마다.",
    "date": "13.04.02",
    "rating": "10",
    "author": "korn****",
    "review_id": "7430942",
    "movie_id": "42599"
  },
  {
    "review": "중학생인 나에게도 이 드라마는 애틋하지만 무덤덤한",
    "date": "12.04.21",
    "rating": "10",
    "author": "sant****",
    "review_id": "6236492",
    "movie_id": "42599"
  },
  {
    "review": "이거 정말 재밌게 봤는데 다시 보고 싶다 ㅠㅠ",
    "date": "12.02.24",
    "rating": "10",
    "author": "july****",
    "review_id": "6100701",
    "movie_id": "42599"
  },
  {
    "review": "정말 잘 만든 드라마이고 지금와서 생각하면 출연지 빵빵..",
    "date": "12.01.20",
    "rating": "10",
    "author": "worh****",
    "review_id": "6002153",
    "movie_id": "42599"
  },
  {
    "review": "굿임~ ㅎㅎㅎㅎㅎㅎㅎ",
    "date": "11.11.25",
    "rating": "10",
    "author": "idof****",
    "review_id": "5869675",
    "movie_id": "42599"
  },
  {
    "review": "정말 재미나게 봤던 드라마였고 특히 ost가 최고였죠~",
    "date": "11.09.01",
    "rating": "10",
    "author": "nohe****",
    "review_id": "5701374",
    "movie_id": "42599"
  },
  {
    "review": "이 드라마 다시 꼭 보고싶은데 구할수 있는방법 아시는분 쪽지좀 주세여ㅡㅜ",
    "date": "11.08.30",
    "rating": "10",
    "author": "hope****",
    "review_id": "5698840",
    "movie_id": "42599"
  },
  {
    "review": "나는 이런 이야기가 좋음~ 다시보고싶다...",
    "date": "11.07.08",
    "rating": "10",
    "author": "kjad****",
    "review_id": "5528742",
    "movie_id": "42599"
  },
  {
    "review": "징글징글한 삶 그 안에서도 쓸쓸한 희망을 담고 있는 인생의 이야기입니다..",
    "date": "11.06.14",
    "rating": "10",
    "author": "naya****",
    "review_id": "5480900",
    "movie_id": "42599"
  },
  {
    "review": "좋은캐스팅,연기,감동, 못 본 사람들은 많이아쉬워해야할 수작.다시 볼 방법 없나요.",
    "date": "11.03.12",
    "rating": "10",
    "author": "fall****",
    "review_id": "5307274",
    "movie_id": "42599"
  },
  {
    "review": "서울의달과 더불어 최고 드라마",
    "date": "11.03.04",
    "rating": "10",
    "author": "tjsd****",
    "review_id": "5293333",
    "movie_id": "42599"
  },
  {
    "review": "이거 생각보다 잼있게 봤는데...강성연 나오는거 디게 예뻤음",
    "date": "10.12.26",
    "rating": "10",
    "author": "sera****",
    "review_id": "5089237",
    "movie_id": "42599"
  },
  {
    "review": "재밌다",
    "date": "07.08.13",
    "rating": "10",
    "author": "eek5****",
    "review_id": "1932088",
    "movie_id": "42599"
  },
  {
    "review": "나문희 연기 최고. 너무재밌게본 드라마",
    "date": "07.07.03",
    "rating": "10",
    "author": "ukhk****",
    "review_id": "1744740",
    "movie_id": "42599"
  },
  {
    "review": "우리 사는 이야기..슬펐다",
    "date": "06.12.03",
    "rating": "10",
    "author": "zeed****",
    "review_id": "1264013",
    "movie_id": "42599"
  },
  {
    "review": "사랑했던주제곡과슬프고애틋한드라마",
    "date": "06.10.31",
    "rating": "9",
    "author": "luvs****",
    "review_id": "1208859",
    "movie_id": "42599"
  },
  {
    "review": "마지막 손창민 사기도박 걸렸을때 가슴아프더라",
    "date": "06.05.02",
    "rating": "10",
    "author": "qaaz****",
    "review_id": "783186",
    "movie_id": "42599"
  },
  {
    "review": "정말 재밌게 본 드라만데, 구할수가 없네요.",
    "date": "06.03.12",
    "rating": "10",
    "author": "777a****",
    "review_id": "714253",
    "movie_id": "42599"
  },
  {
    "review": "삼류인생들의 이야기 리얼하며 한편으론 재미있다",
    "date": "06.02.24",
    "rating": "9",
    "author": "kws7****",
    "review_id": "688143",
    "movie_id": "42599"
  }
]