[
  {
    "review": "아 불쌍한 조지할매  그놈의 술이 웬쑤다  갓더헬",
    "date": "15.06.27",
    "rating": "7",
    "author": "kan3****",
    "review_id": "10043376",
    "movie_id": "42629"
  },
  {
    "review": "로버트 알드리치의 최고작.",
    "date": "10.10.12",
    "rating": "10",
    "author": "bitt****",
    "review_id": "4898952",
    "movie_id": "42629"
  },
  {
    "review": "제인, 스윗 샬롯 에 이어지는 알드리치 삼대 걸작. 여성을 다루는 파워풀함의 진수",
    "date": "07.03.31",
    "rating": "8",
    "author": "pitf****",
    "review_id": "1565637",
    "movie_id": "42629"
  }
]