[
  {
    "review": "엑소시스트류 속에 근친상간 코드가 포함된 저예산물.",
    "date": "13.10.16",
    "rating": "4",
    "author": "morb****",
    "review_id": "8062738",
    "movie_id": "42640"
  },
  {
    "review": "폭력은 짐승의 법칙이다.",
    "date": "13.10.02",
    "rating": "5",
    "author": "rock****",
    "review_id": "8028997",
    "movie_id": "42640"
  },
  {
    "review": "지루하고 싸이코영화같군요..",
    "date": "13.08.28",
    "rating": "5",
    "author": "seon****",
    "review_id": "7929546",
    "movie_id": "42640"
  },
  {
    "review": "뭔 개소리지",
    "date": "13.06.22",
    "rating": "4",
    "author": "asdf****",
    "review_id": "7668035",
    "movie_id": "42640"
  },
  {
    "review": "성폭행 피해자는 가해자 원망도 하지만 자신에 대해 죄의식을 더 가진다고 함.그래서 자해하는 경우가 많음.고로 자신이 만들어낸 복수의 분신이 자신을 공격하는것..이해 안될꺼 하나 없음..구성 좋고 소재도 괜찮고 구도도 좋은데..무섭지가 않아서 7점 줌.",
    "date": "13.03.17",
    "rating": "7",
    "author": "byou****",
    "review_id": "7356104",
    "movie_id": "42640"
  },
  {
    "review": "존나 지루하다.",
    "date": "12.10.11",
    "rating": "1",
    "author": "ljck****",
    "review_id": "6781737",
    "movie_id": "42640"
  },
  {
    "review": "다보고도찝찝..그래서 딸을성폭행해서 찾아온저주? 딸 왜고생한거지 이해안되 내가이상한가",
    "date": "12.06.17",
    "rating": "6",
    "author": "1561****",
    "review_id": "6398731",
    "movie_id": "42640"
  },
  {
    "review": "스토리전개가 매끄럽지 못하고 무엇보다 지루했음",
    "date": "12.06.03",
    "rating": "5",
    "author": "hira****",
    "review_id": "6359681",
    "movie_id": "42640"
  },
  {
    "review": "장르적 목표엔 도달했다만, 스토리가 많이 산만하고 허술하네.",
    "date": "11.08.08",
    "rating": "6",
    "author": "afte****",
    "review_id": "5619276",
    "movie_id": "42640"
  },
  {
    "review": "이해가 안가. 병맛이다",
    "date": "11.07.29",
    "rating": "1",
    "author": "blue****",
    "review_id": "5580182",
    "movie_id": "42640"
  },
  {
    "review": "끝부분을 제외하고는 적당한 스릴과 긴장감, 그리고 공포..",
    "date": "10.11.06",
    "rating": "9",
    "author": "lafo****",
    "review_id": "4940811",
    "movie_id": "42640"
  },
  {
    "review": "벳시 불쌍해",
    "date": "10.07.20",
    "rating": "6",
    "author": "ganj****",
    "review_id": "4654888",
    "movie_id": "42640"
  },
  {
    "review": "지루해서 도저히 끝까지 볼 수가 없었다.",
    "date": "10.06.09",
    "rating": "1",
    "author": "seto****",
    "review_id": "4554913",
    "movie_id": "42640"
  },
  {
    "review": "레이첼허드우드 여신임, 감독의 연출력또한 좋았음",
    "date": "10.06.09",
    "rating": "10",
    "author": "zlat****",
    "review_id": "4554385",
    "movie_id": "42640"
  },
  {
    "review": "출발비됴여행보고바로 찾았는데..볼만했음..내용은 좀 드럽지만",
    "date": "10.06.09",
    "rating": "6",
    "author": "juni****",
    "review_id": "4554040",
    "movie_id": "42640"
  },
  {
    "review": "재미없었다",
    "date": "10.06.07",
    "rating": "4",
    "author": "bkm1****",
    "review_id": "4551141",
    "movie_id": "42640"
  },
  {
    "review": "제길.",
    "date": "10.06.07",
    "rating": "5",
    "author": "wins****",
    "review_id": "4550324",
    "movie_id": "42640"
  },
  {
    "review": "아버지가 딸 강간함",
    "date": "10.06.06",
    "rating": "10",
    "author": "zodi****",
    "review_id": "4548554",
    "movie_id": "42640"
  },
  {
    "review": "출발 비됴 여행 보고 왓어염..",
    "date": "10.06.06",
    "rating": "10",
    "author": "swif****",
    "review_id": "4548512",
    "movie_id": "42640"
  },
  {
    "review": "분위기 설정, 그리고 반전, 냉소주의, 그리고 레이첼허드우드!",
    "date": "09.08.07",
    "rating": "10",
    "author": "xlxh****",
    "review_id": "3719560",
    "movie_id": "42640"
  },
  {
    "review": "엥?실화? 실화라면 내가봤던 실화중에 최악인데",
    "date": "09.07.08",
    "rating": "5",
    "author": "dlaw****",
    "review_id": "3618664",
    "movie_id": "42640"
  },
  {
    "review": "긴장이 끊이지 않는 전개, 간단한 플롯에도 반전이 있다.",
    "date": "09.02.06",
    "rating": "10",
    "author": "wann****",
    "review_id": "3281873",
    "movie_id": "42640"
  },
  {
    "review": "맥락이 닿지않는 기만적인 스토리 전개와 빈약한 플롯.그럼에도 보는 재미가 없진않다",
    "date": "09.01.15",
    "rating": "6",
    "author": "mals****",
    "review_id": "3223820",
    "movie_id": "42640"
  },
  {
    "review": "겉보기엔 엑소시스트류. 깊이들어가면  근친상간물..",
    "date": "09.01.02",
    "rating": "2",
    "author": "evil****",
    "review_id": "3180091",
    "movie_id": "42640"
  },
  {
    "review": "이것이 실화라는 말인가요?",
    "date": "08.11.14",
    "rating": "4",
    "author": "psp2****",
    "review_id": "3050509",
    "movie_id": "42640"
  },
  {
    "review": "솔직히 별로인것 같은데요..........;;;",
    "date": "08.10.26",
    "rating": "2",
    "author": "suje****",
    "review_id": "3021444",
    "movie_id": "42640"
  },
  {
    "review": "굿........",
    "date": "08.10.16",
    "rating": "10",
    "author": "djso****",
    "review_id": "3001821",
    "movie_id": "42640"
  },
  {
    "review": "실화라고 우기는것이 우습기도하고..내용도 궁핍해 보이고..남는것은 효과음뿐이다~!!",
    "date": "08.10.15",
    "rating": "7",
    "author": "para****",
    "review_id": "3000344",
    "movie_id": "42640"
  },
  {
    "review": "그냥 잠깐 소리로 관객들을 놀래켜준 영화..;;;;",
    "date": "08.10.14",
    "rating": "1",
    "author": "jang****",
    "review_id": "3000173",
    "movie_id": "42640"
  },
  {
    "review": "narrative는 다르지만  엑소시스트의 아류. 반 인륜적인 인과 응보!",
    "date": "08.10.13",
    "rating": "5",
    "author": "chki****",
    "review_id": "2998614",
    "movie_id": "42640"
  },
  {
    "review": "굿..",
    "date": "08.10.12",
    "rating": "10",
    "author": "kore****",
    "review_id": "2996743",
    "movie_id": "42640"
  },
  {
    "review": "초반 미스테리한 느낌과 오싹한 공포와 나름 반전도 좋았다.",
    "date": "08.10.10",
    "rating": "8",
    "author": "para****",
    "review_id": "2991746",
    "movie_id": "42640"
  },
  {
    "review": "이건 뭐병 -_-",
    "date": "07.06.30",
    "rating": "3",
    "author": "kkae****",
    "review_id": "1733036",
    "movie_id": "42640"
  },
  {
    "review": "아이를 조심해. 내용이 참..",
    "date": "07.02.05",
    "rating": "6",
    "author": "rbdu****",
    "review_id": "1447129",
    "movie_id": "42640"
  },
  {
    "review": "제레미 아이언스 바보 만들더니.. 이젠 서덜랜드까지.. 너무하네",
    "date": "07.01.15",
    "rating": "2",
    "author": "cat1****",
    "review_id": "1386795",
    "movie_id": "42640"
  },
  {
    "review": "끝이 좀 당황스럽지만 그럭저럭 볼만함ㅋ",
    "date": "06.10.04",
    "rating": "6",
    "author": "choi****",
    "review_id": "1160301",
    "movie_id": "42640"
  },
  {
    "review": "아무런 기대없이 보면 확 재밌다",
    "date": "06.09.24",
    "rating": "7",
    "author": "nort****",
    "review_id": "1139909",
    "movie_id": "42640"
  },
  {
    "review": "긴장감있고, 다 좋은데 결과가 너무 깬다. 앞뒤가 안맞음",
    "date": "06.09.22",
    "rating": "6",
    "author": "gmdw****",
    "review_id": "1137134",
    "movie_id": "42640"
  },
  {
    "review": "그냥 저냥... 결론을 보니 이런 뜻이구나.. 하는 정도",
    "date": "06.09.11",
    "rating": "5",
    "author": "cone****",
    "review_id": "1117276",
    "movie_id": "42640"
  },
  {
    "review": "이제부터솔찍한평만쓰겠다.재미없고 지루한 저질삼류코믹스릴러",
    "date": "06.09.07",
    "rating": "1",
    "author": "dimm****",
    "review_id": "1109904",
    "movie_id": "42640"
  },
  {
    "review": "사운드 크게하면 긴장감있고 반전굳",
    "date": "06.09.05",
    "rating": "10",
    "author": "nmkk****",
    "review_id": "1106379",
    "movie_id": "42640"
  },
  {
    "review": "피터팬의 웬디..레이첼의 이쁜 모습을 본 것에 만족을..",
    "date": "06.09.03",
    "rating": "5",
    "author": "gall****",
    "review_id": "1100376",
    "movie_id": "42640"
  },
  {
    "review": "완전짜증 아빠가 딸 강간,부인이보고 딸과 독약으로 죽임",
    "date": "06.08.31",
    "rating": "3",
    "author": "cupi****",
    "review_id": "1092460",
    "movie_id": "42640"
  },
  {
    "review": "공포영화가 아니다. 나름 반전영화이나.. 별로..",
    "date": "06.08.22",
    "rating": "6",
    "author": "sinb****",
    "review_id": "1066947",
    "movie_id": "42640"
  },
  {
    "review": "5점이 적정선일라낭... 공포영화 올해는 건진게 없다.냐하하",
    "date": "06.08.19",
    "rating": "5",
    "author": "zizz****",
    "review_id": "1055313",
    "movie_id": "42640"
  },
  {
    "review": "무슨 내용인가.. 뭔가가 맞아 떨어 지지 않는 다는",
    "date": "06.08.18",
    "rating": "1",
    "author": "oxto****",
    "review_id": "1053316",
    "movie_id": "42640"
  },
  {
    "review": "이쁜딸래미 계단 끌려갈때 마이 파아보여~",
    "date": "06.08.17",
    "rating": "5",
    "author": "tjsa****",
    "review_id": "1045346",
    "movie_id": "42640"
  },
  {
    "review": "나름 재밌게 봤는데 평점 왜이러지 역시 평점은 믿을게 못되!!",
    "date": "06.08.17",
    "rating": "10",
    "author": "pine****",
    "review_id": "1044270",
    "movie_id": "42640"
  },
  {
    "review": "반전이냐 빌어먹을 엑소시스트",
    "date": "06.08.17",
    "rating": "2",
    "author": "waka****",
    "review_id": "1044067",
    "movie_id": "42640"
  },
  {
    "review": "호러영화에 싸대기와 늑대가 왠말이냐..",
    "date": "06.08.16",
    "rating": "3",
    "author": "dice****",
    "review_id": "1042506",
    "movie_id": "42640"
  },
  {
    "review": "뭐가 공포냐? 이해가 안됐다.",
    "date": "06.08.16",
    "rating": "1",
    "author": "cham****",
    "review_id": "1039157",
    "movie_id": "42640"
  },
  {
    "review": "아유~ 졸려죽는줄 알았네.",
    "date": "06.08.14",
    "rating": "2",
    "author": "kami****",
    "review_id": "1030316",
    "movie_id": "42640"
  },
  {
    "review": "글세요... 아직 감독의 역량이 좀 딸리는 듯한데..(좋은 주젠데)",
    "date": "06.08.13",
    "rating": "5",
    "author": "lshp****",
    "review_id": "1022119",
    "movie_id": "42640"
  },
  {
    "review": "별로 안무서운데;",
    "date": "06.07.04",
    "rating": "2",
    "author": "skeh****",
    "review_id": "870010",
    "movie_id": "42640"
  },
  {
    "review": "터무니로 관객을 속이려들지말고 맞서라! 제군들..",
    "date": "06.05.10",
    "rating": "2",
    "author": "lhcg****",
    "review_id": "794124",
    "movie_id": "42640"
  }
]