[
  {
    "review": "역대 반전 영화중 최강급인듯. 흥미진진하고 더러운 고어류가 아니여서 좋았음",
    "date": "15.08.18",
    "rating": "10",
    "author": "tlaq****",
    "review_id": "10247443",
    "movie_id": "42795"
  },
  {
    "review": "믿어, 뒤통수 쳐 맞는다느걸 믿어~",
    "date": "15.08.17",
    "rating": "10",
    "author": "diab****",
    "review_id": "10243610",
    "movie_id": "42795"
  },
  {
    "review": "초중반 잘가다가 막장으로 진행.마지막 반전이 좀 의외인데 그래도 별루 였음.",
    "date": "15.08.09",
    "rating": "1",
    "author": "srob****",
    "review_id": "10207144",
    "movie_id": "42795"
  },
  {
    "review": "응? 이게 뭐가 대단한 반전이란건지",
    "date": "15.08.04",
    "rating": "6",
    "author": "mond****",
    "review_id": "10184624",
    "movie_id": "42795"
  },
  {
    "review": "낄때 안낄때 구본좀 하고 살아라 오지라퍼는..보는 내내 여자 짜증났었는데 꼬시다라고 생각이 든다",
    "date": "15.08.02",
    "rating": "8",
    "author": "pas0****",
    "review_id": "10173796",
    "movie_id": "42795"
  },
  {
    "review": "캐롤라인 안에 실재하는건 그녀 본인. 단지 심리적 최면상태로 평생을 살뿐.",
    "date": "15.07.29",
    "rating": "10",
    "author": "thec****",
    "review_id": "10155502",
    "movie_id": "42795"
  },
  {
    "review": "재미있다 요즘 반전이 쎈 영화들이 많아서 박한 평점을 남기는걸지도? 미국 정서도 잘 모르겠고 ㅋㅋ",
    "date": "15.07.28",
    "rating": "9",
    "author": "pepe****",
    "review_id": "10152540",
    "movie_id": "42795"
  },
  {
    "review": "와.... 공포영화 평점이 8에 가까운 이유가 있었네.. 근데 여주인공이 초반에 너무 깝치고 다녀서 짱났음 ㅋㅋ",
    "date": "15.07.23",
    "rating": "9",
    "author": "thdb****",
    "review_id": "10132839",
    "movie_id": "42795"
  },
  {
    "review": "진짜 개쩌는 영화인듯... 반전에 대한 새로운 방식인가... 허허",
    "date": "15.07.22",
    "rating": "10",
    "author": "wlsa****",
    "review_id": "10127129",
    "movie_id": "42795"
  },
  {
    "review": "네이버 줄거리에 스포해놨네",
    "date": "15.07.20",
    "rating": "9",
    "author": "quiz****",
    "review_id": "10122792",
    "movie_id": "42795"
  },
  {
    "review": "귀신 등장해서 순간 놀래키게 하는 공포물보다 대체 뭐지? 뭐지? 하면서 의문점을 가지고 보는 공포물을 좋아하는 나로썬 그리고 마지막 멋진 반전까지 정말 최고라 할수밖에",
    "date": "15.07.14",
    "rating": "10",
    "author": "bjrs****",
    "review_id": "10104851",
    "movie_id": "42795"
  },
  {
    "review": "어쨋거나 지루하잖아?",
    "date": "15.07.12",
    "rating": "1",
    "author": "crim****",
    "review_id": "10096485",
    "movie_id": "42795"
  },
  {
    "review": "식스센스보다 서늘하게 뒤통수를 후려 갈기는 반전에 기가 막히고 코가 막힌다.  천재네",
    "date": "15.07.11",
    "rating": "9",
    "author": "almo****",
    "review_id": "10093658",
    "movie_id": "42795"
  },
  {
    "review": "이영화 최고. 기대 하나~~도 없이 봤는데 정말 소오름....오락적요소를 참 무섭게도 잘 버무렸음. 강추.",
    "date": "15.07.11",
    "rating": "10",
    "author": "cool****",
    "review_id": "10089858",
    "movie_id": "42795"
  },
  {
    "review": "헐 이 영화 평점이 왜 이것밖에 안돼??",
    "date": "15.07.02",
    "rating": "10",
    "author": "nabi****",
    "review_id": "10059451",
    "movie_id": "42795"
  },
  {
    "review": "진짜 솔직히 초중반 좀 지루했었는데 마지막 반전때문에 다 용서해줄수있음 아예 상상도못한 반전. 반전영화인거 알고 봤는데도 이정도 충격이면 모르고 본 사람은 어떤 느낌이였을지... 부럽다",
    "date": "15.06.30",
    "rating": "10",
    "author": "epin****",
    "review_id": "10055928",
    "movie_id": "42795"
  },
  {
    "review": "마지막에 할머니 여주인공 주술 교체는 성공하지 못했다. 여주인공이 핧머니 행세하는거다. 이게 바로 반전의 반전이다. 유산도 상속받고, 해피엔딩!",
    "date": "15.06.30",
    "rating": "10",
    "author": "yoow****",
    "review_id": "10055454",
    "movie_id": "42795"
  },
  {
    "review": "진짜 리뷰보고 기대하고 봤는데 절대 보지마라 개연성도 개판이고 뭣보다 주인공 OO처럼 하는 행동에 동기도 없고 호기심에 이거저거 찔러보다가 인생 말아먹는 영화. 러닝타임동안 그냥 꺼버릴까 여러번 망설였다",
    "date": "15.06.17",
    "rating": "2",
    "author": "doom****",
    "review_id": "10006239",
    "movie_id": "42795"
  },
  {
    "review": "보면서 좀 식상하고예상 가능한 부분이 많아서 좀 실망주이었는데, 영화는 역시 끝날때까지 기다려야해ㅠㅠㅠ",
    "date": "15.06.13",
    "rating": "9",
    "author": "bora****",
    "review_id": "9996205",
    "movie_id": "42795"
  },
  {
    "review": "흑인남->남자애(할배)->변호사, 흑인녀->여자애(할매)->캐롤라인 ㅋㅋ",
    "date": "15.06.02",
    "rating": "10",
    "author": "furi****",
    "review_id": "9969776",
    "movie_id": "42795"
  },
  {
    "review": "너무 기대하고 봐서인지 결말도 충분히 유추가능했고 들어맞았고 .. 미신 소재라는게 재밌긴한데 여주 아무데나 막들어가 OOO 혼자 영웅병걸려 설치는거 엄청 거슬렸다 보다 끌뻔 .. 그냥 끄고 딴거볼걸 ㅠㅠ",
    "date": "15.05.23",
    "rating": "3",
    "author": "gree****",
    "review_id": "9942730",
    "movie_id": "42795"
  },
  {
    "review": "아, 그래서 그랬구나.",
    "date": "15.05.16",
    "rating": "8",
    "author": "cont****",
    "review_id": "9922345",
    "movie_id": "42795"
  },
  {
    "review": "반전에 반전을 거듭했던 수작이라 생각합니다.마지막 부분 처음엔 약간 이해가 안되었네요..",
    "date": "15.05.05",
    "rating": "7",
    "author": "yshb****",
    "review_id": "9897907",
    "movie_id": "42795"
  },
  {
    "review": "나름 볼만한 공포 스릴러.",
    "date": "15.05.04",
    "rating": "8",
    "author": "ajtw****",
    "review_id": "9893437",
    "movie_id": "42795"
  },
  {
    "review": "공포영화 베스트에 있어서 본건데 베스트는 아니듯 무섭시 않았음 ㅜㅜ 재밌게는봤는데 해피엔딩이 아니라 짜증 그렇다고 미칠듯한 반전은 아닌데 소름은무슨ㅋ",
    "date": "15.04.25",
    "rating": "7",
    "author": "p891****",
    "review_id": "9865297",
    "movie_id": "42795"
  },
  {
    "review": "적어도 평점 8~9점은 되어야한다고 생각",
    "date": "15.04.16",
    "rating": "10",
    "author": "alsy****",
    "review_id": "9847644",
    "movie_id": "42795"
  },
  {
    "review": "보고 나면 여운이 심히 남는 영화! 스토리를 다시 곱씹어 보길 권합니다.",
    "date": "15.04.10",
    "rating": "9",
    "author": "kjkt****",
    "review_id": "9838196",
    "movie_id": "42795"
  },
  {
    "review": "정말 쩌는 영화. 안 본 사람은 꼭 봐라 후회 없다",
    "date": "15.04.06",
    "rating": "10",
    "author": "casa****",
    "review_id": "9831423",
    "movie_id": "42795"
  },
  {
    "review": "소재는 좋았는데... 전체적으로 뭔가 어설픔. 배우들의 연기가 최악인듯.ㅋㅋ 주인공 케이트 허드슨은 이런 공포물하고는 안어울리는듯. 공포영화인데 여주는 로코를 찍고있음. 전체적으로 배우들 연기가 꽝.",
    "date": "15.03.19",
    "rating": "5",
    "author": "minj****",
    "review_id": "9792484",
    "movie_id": "42795"
  },
  {
    "review": "이영화의 반전을 맞추는건 불가하다 식스센스만큼의 충격적인 반전 영화를 다시 되집어 보게 만들었다",
    "date": "15.02.26",
    "rating": "10",
    "author": "hjdh****",
    "review_id": "9741750",
    "movie_id": "42795"
  },
  {
    "review": "별로~~ 반전은 인정~~!! 그다지~~",
    "date": "15.02.26",
    "rating": "5",
    "author": "whit****",
    "review_id": "9740309",
    "movie_id": "42795"
  },
  {
    "review": "캐-롤라-인 이 귀에서맴도네요 반전영화라봤는데, 여지껏 제일 감흥이없었던 반전영화..",
    "date": "15.02.16",
    "rating": "6",
    "author": "hess****",
    "review_id": "9703934",
    "movie_id": "42795"
  },
  {
    "review": "볼만함aksvnakvnlje",
    "date": "15.02.11",
    "rating": "7",
    "author": "dksg****",
    "review_id": "9686320",
    "movie_id": "42795"
  },
  {
    "review": "여주가 예뻐서 더 빡치는 영화;;",
    "date": "15.02.08",
    "rating": "8",
    "author": "ohso****",
    "review_id": "9677567",
    "movie_id": "42795"
  },
  {
    "review": "초반부터 대놓고 암시를 하네;",
    "date": "14.12.28",
    "rating": "4",
    "author": "jiyu****",
    "review_id": "9528358",
    "movie_id": "42795"
  },
  {
    "review": "결말 반전은 놀라웠지만...전체적인 스토리가 좀 밋밋하다.",
    "date": "14.12.26",
    "rating": "7",
    "author": "qhrt****",
    "review_id": "9519972",
    "movie_id": "42795"
  },
  {
    "review": "재밋서욯ㅎ 반전 개쩌러여",
    "date": "14.12.25",
    "rating": "8",
    "author": "taem****",
    "review_id": "9513785",
    "movie_id": "42795"
  },
  {
    "review": "아... 결말에 화가 나지만 재미는 있었다",
    "date": "14.12.22",
    "rating": "10",
    "author": "na__****",
    "review_id": "9502566",
    "movie_id": "42795"
  },
  {
    "review": "볼만한 정도 재미는 그닥",
    "date": "14.12.16",
    "rating": "6",
    "author": "i3ju****",
    "review_id": "9478839",
    "movie_id": "42795"
  },
  {
    "review": "잘 안 다루는 흑마술에 관한 영화라서 참신했는데, 너무 지루하다. 천천히 가다 막판에 예상치도 못한 결말만 던져주는 느낌. 이게 공포 영화인가 의심스럽기도 하다. 잠 안올때 보면 끝까지 다보실수있을듯. 흑마술에 관심있는 분이라면 흥미는 좀 생기겠지.",
    "date": "14.12.03",
    "rating": "6",
    "author": "jms5****",
    "review_id": "9443253",
    "movie_id": "42795"
  },
  {
    "review": "서서히 빠져들며 이어가던 이야기가 섬득한 결말의 반전으로 끝맺으며 생각하면 할수록 멍해지는 꽤 괜찮은 스릴러?공포?영화~^^",
    "date": "14.11.20",
    "rating": "9",
    "author": "apri****",
    "review_id": "9402561",
    "movie_id": "42795"
  },
  {
    "review": "최고의 반전!! 복선이 깔려있지만 결말을 예측하는 것은 불가능하다",
    "date": "14.11.12",
    "rating": "10",
    "author": "ejin****",
    "review_id": "9374879",
    "movie_id": "42795"
  },
  {
    "review": "아 진심 기분나쁜 엔딩 영화는 잘만든영화인데 엔딩이 ㅈ같네요 리얼 불쌍한여주",
    "date": "14.10.31",
    "rating": "9",
    "author": "wngh****",
    "review_id": "9330768",
    "movie_id": "42795"
  },
  {
    "review": "소름돋는군.. 어제봤던 데드 사일런스만큼이나 재밋게 봤다",
    "date": "14.10.13",
    "rating": "9",
    "author": "skaw****",
    "review_id": "9289126",
    "movie_id": "42795"
  },
  {
    "review": "최고의 반전 기가막힌 줄거리 한순간도 눈을 떼지 못하게 하는 박진감 뭐하나 빠지는게 없네요 와.. 왜 이제서야 이 영화를 보는지... 정말 기가막히네요",
    "date": "14.10.12",
    "rating": "10",
    "author": "yhlb****",
    "review_id": "9287627",
    "movie_id": "42795"
  },
  {
    "review": "나름 반전이라는  것에대한 힌트를 계속해서 줘서 묘미가 떨어졌지만 재미있게 봤다",
    "date": "14.09.30",
    "rating": "9",
    "author": "7713****",
    "review_id": "9250837",
    "movie_id": "42795"
  },
  {
    "review": "잘만들었음 소재도 좋고 이런영화류 짱 3류영화로도 안빠지고 잘만들었음",
    "date": "14.09.26",
    "rating": "10",
    "author": "xjap****",
    "review_id": "9241420",
    "movie_id": "42795"
  },
  {
    "review": "미신.주술 이런 분야의 영화를 싫어하는 편이라 큰 재미는 없었다.결말도 뭔가 찝찝하게 마무리 되는.",
    "date": "14.09.24",
    "rating": "6",
    "author": "cred****",
    "review_id": "9237649",
    "movie_id": "42795"
  },
  {
    "review": "예상치못한반전과 소름돋는결말",
    "date": "14.09.23",
    "rating": "10",
    "author": "qkrr****",
    "review_id": "9236101",
    "movie_id": "42795"
  },
  {
    "review": "거의 후반에 들어서까지 7점짜리 영화로써 그나마 볼만한 영화라 여겼다... 하지만 최후의 반전으로인해 그저 감탄할 수밖에... 그리고 다시 생각할수록 더 놀랄따름... 결국은 화형당한건 아이들이었다는것!!!",
    "date": "14.09.19",
    "rating": "9",
    "author": "rotj****",
    "review_id": "9225037",
    "movie_id": "42795"
  },
  {
    "review": "평들에 대체 뭐가 불쌍하고 이상하다는지 모르겠는데 살짝 공포스러운 분위기를 이끌어 가면서 긴장감을 주고 끝에는 반전까지 있는 재밌는 영화!! 추천!!!",
    "date": "14.09.10",
    "rating": "10",
    "author": "sdp1****",
    "review_id": "9200206",
    "movie_id": "42795"
  },
  {
    "review": "와..확실히 여주인공의 오지랖이 짜증났는데 이런 엄청난 참사를 초래할줄이야 ㅎㄷㄷㄷ",
    "date": "14.09.07",
    "rating": "10",
    "author": "cavi****",
    "review_id": "9181121",
    "movie_id": "42795"
  },
  {
    "review": "반전이 소름돋는거보다 기분 더러웠음. 이 영화의 주제는 괜한 오지랖떨지 말자.",
    "date": "14.09.03",
    "rating": "7",
    "author": "dkfm****",
    "review_id": "9156960",
    "movie_id": "42795"
  },
  {
    "review": "진짜 마지막에 소름돋네요",
    "date": "14.08.30",
    "rating": "10",
    "author": "vanq****",
    "review_id": "9148240",
    "movie_id": "42795"
  },
  {
    "review": "죽은 아버지에 대한 미안함 등을 포함해서 여배우의 오지랖을 관객들에게 납득시키기 위한 노력들이 있었지만, 그럼에도 불구하고 이해하기 힘들 정도로 지나치단 생각이 드네요. 그외엔 정말 멋진 영화!",
    "date": "14.08.29",
    "rating": "8",
    "author": "mcmx****",
    "review_id": "9142042",
    "movie_id": "42795"
  },
  {
    "review": "킬링타임용이고 약간은 삼류틱 그래도 신선한반전 여주미모에 8점드리겟습니당",
    "date": "14.08.28",
    "rating": "8",
    "author": "qqsj****",
    "review_id": "9141981",
    "movie_id": "42795"
  },
  {
    "review": "반전 나름 괜찮았고 재미 있었다. ㅎ",
    "date": "14.08.24",
    "rating": "10",
    "author": "pc59****",
    "review_id": "9130770",
    "movie_id": "42795"
  },
  {
    "review": "스토리가 나름 탄탄하다 엔딩이 왠지 예상은 되지만 좀 다르다 재미있게 봤다.  지금 봐서 그런지 얻어 맞은 느낌은 덜하다 개봉당시 봤다면 좀 놀랬을꺼 같다.",
    "date": "14.08.22",
    "rating": "7",
    "author": "newz****",
    "review_id": "9120538",
    "movie_id": "42795"
  },
  {
    "review": "마지막에 소름 쫙~ 그 느낌이 좋았음!",
    "date": "14.08.15",
    "rating": "10",
    "author": "etoi****",
    "review_id": "9092300",
    "movie_id": "42795"
  },
  {
    "review": "반전대박이다 완전소름..",
    "date": "14.08.12",
    "rating": "9",
    "author": "gusc****",
    "review_id": "9070579",
    "movie_id": "42795"
  },
  {
    "review": "이 영화  감상하게 만든..인간  낯짝..보고싶다",
    "date": "14.08.11",
    "rating": "1",
    "author": "alcl****",
    "review_id": "9065775",
    "movie_id": "42795"
  },
  {
    "review": "제대로 된 반전..  마지막으로 갈수록 흥미 진진",
    "date": "14.07.29",
    "rating": "7",
    "author": "adiv****",
    "review_id": "8976151",
    "movie_id": "42795"
  },
  {
    "review": "흑인 남녀가 주술로 주인집 딸아들 몸뺏고 그다음에는 변호사랑 몸바꾸더니 다음에는 케롤라인까지 ㅎㄷㄷ반전쩐다",
    "date": "14.07.24",
    "rating": "10",
    "author": "alio****",
    "review_id": "8951870",
    "movie_id": "42795"
  },
  {
    "review": "주인공여자가 불쌍해서 나도 평점 적게줌",
    "date": "14.07.20",
    "rating": "1",
    "author": "dutl****",
    "review_id": "8933629",
    "movie_id": "42795"
  },
  {
    "review": "진짜재밌을것같아서 대여안하고 구매해서봤는데  나한텐  좀 유치했다ㅠㅠ  보는내내 심드렁하게봤던영화.. 반전이라는데  별 반전같지도않았다",
    "date": "14.07.18",
    "rating": "6",
    "author": "dms9****",
    "review_id": "8926638",
    "movie_id": "42795"
  },
  {
    "review": "주인공여자가 불쌍해서 평점 낮춤. 나쁜 놈들은 꼭 착한 애들 뒤통수치더라. 결말이 재미있긴한데",
    "date": "14.07.14",
    "rating": "6",
    "author": "hamp****",
    "review_id": "8916490",
    "movie_id": "42795"
  },
  {
    "review": "전체적으로 잘 만든 영화라는 느낌을 받았다 하지만2% 부족한 배경음과  공포영화인데도 안 무서운 부분은 마이너스 요소 약간 소름만 느낄정도",
    "date": "14.07.11",
    "rating": "8",
    "author": "jay1****",
    "review_id": "8905307",
    "movie_id": "42795"
  },
  {
    "review": "이거보고 반전 약하다느니 뻔하다느니 하는 애들은 뭔가 결말을 잘못 이해한거 아님?? 반전영화중에서도 손에 꼽을만 하다고 생각하는데",
    "date": "14.07.07",
    "rating": "8",
    "author": "iren****",
    "review_id": "8892051",
    "movie_id": "42795"
  },
  {
    "review": "기대없이봤는데 최고네요",
    "date": "14.06.29",
    "rating": "10",
    "author": "dndu****",
    "review_id": "8868308",
    "movie_id": "42795"
  },
  {
    "review": "반전영화까진 아닌거같고 재밌게 잘만든 영화긴하다. 내가보기엔 공포보단 그냥 약간의 스릴러? 재밌게 잘봤다!",
    "date": "14.06.26",
    "rating": "8",
    "author": "ruka****",
    "review_id": "8856895",
    "movie_id": "42795"
  },
  {
    "review": "오랜만에 영화 한편볼까 하고 봤는데 굉장히 잘봤음 보고나서 약간 여운이 남는 엔딩",
    "date": "14.06.21",
    "rating": "9",
    "author": "lmw7****",
    "review_id": "8844821",
    "movie_id": "42795"
  },
  {
    "review": "꽤 잘 만들어진 영화. 반전이 조금 약한게 흠",
    "date": "14.06.09",
    "rating": "10",
    "author": "nys0****",
    "review_id": "8815454",
    "movie_id": "42795"
  },
  {
    "review": "너무 지루함...무서운거던지 잔인한거던지 뭣좀 좀 제발좀 나왔으면하고 내내 바랬다.",
    "date": "14.06.06",
    "rating": "1",
    "author": "cjw2****",
    "review_id": "8801139",
    "movie_id": "42795"
  },
  {
    "review": "반전이 있었다니...끝부분부터 긴장감있고 재미있었음",
    "date": "14.06.05",
    "rating": "8",
    "author": "shai****",
    "review_id": "8800429",
    "movie_id": "42795"
  },
  {
    "review": "제 인생의 최고의 반전영화를 꼽으라면 주저없이 스켈레톤 키 라고 말합니다- 정말 그 반전을 느낄때의 소름은..말로 표현할 수가 없네요..ㅎ 보는내내 지루함 없이 너무나도 잘 짜여진 스토리와 각본...아 반전은 진짜..정말 강추합니다 ㅎㅎㅎ",
    "date": "14.05.23",
    "rating": "10",
    "author": "mini****",
    "review_id": "8756474",
    "movie_id": "42795"
  },
  {
    "review": "영화 언제끝나나 시간만 계속 보게되고 결말은 뻔하고 반전도 뻔한 드럽게 재미없는 영화라 생각했었는데 마지막 5분 땜에 생각이 바뀜 결말을 보니 상황이 다 이해가감",
    "date": "14.05.19",
    "rating": "6",
    "author": "xoxo****",
    "review_id": "8747732",
    "movie_id": "42795"
  },
  {
    "review": "그러게 ㄱㅖ집년이 설쳐",
    "date": "14.05.18",
    "rating": "7",
    "author": "kkmk****",
    "review_id": "8744371",
    "movie_id": "42795"
  },
  {
    "review": "졸라 멍청한 여자가 스스로 인생 망치는 이야기",
    "date": "14.05.16",
    "rating": "1",
    "author": "muse****",
    "review_id": "8735202",
    "movie_id": "42795"
  },
  {
    "review": "딱 킬링타임용 영화....",
    "date": "14.05.14",
    "rating": "6",
    "author": "mada****",
    "review_id": "8731113",
    "movie_id": "42795"
  },
  {
    "review": "반전지림 ㄷㄷ 통수제대로임",
    "date": "14.05.04",
    "rating": "10",
    "author": "ahdy****",
    "review_id": "8699470",
    "movie_id": "42795"
  },
  {
    "review": "먼가 짜증남 .    남에 집안일 신경쓰다 인생망침 .",
    "date": "14.05.04",
    "rating": "1",
    "author": "tsut****",
    "review_id": "8699188",
    "movie_id": "42795"
  },
  {
    "review": "몰입은그닥킬링타임용이네요무섭길바랐는데",
    "date": "14.04.30",
    "rating": "3",
    "author": "yhde****",
    "review_id": "8683858",
    "movie_id": "42795"
  },
  {
    "review": "이 정도면 상당한 몰입과 공포감을 주는 수작..",
    "date": "14.04.23",
    "rating": "9",
    "author": "gent****",
    "review_id": "8668340",
    "movie_id": "42795"
  },
  {
    "review": "흑마술 소재의 엄청난 반전의 공포 스릴러물. 1번보고 나서 결말을 아는 상황에서 대사나 상황들을 보는 것도 또 다른 재미가 있음. 그래도 무섭고 재미있다는 점.",
    "date": "14.04.22",
    "rating": "10",
    "author": "jjaj****",
    "review_id": "8665159",
    "movie_id": "42795"
  },
  {
    "review": "무서운건 별로 없었고 결말에서 깜놀",
    "date": "14.04.20",
    "rating": "9",
    "author": "fkfk****",
    "review_id": "8661580",
    "movie_id": "42795"
  },
  {
    "review": "평점조종용. 다보고나니 먹먹하네요",
    "date": "14.04.19",
    "rating": "9",
    "author": "icro****",
    "review_id": "8659967",
    "movie_id": "42795"
  },
  {
    "review": "저 혼자 봤다가 결말에 충격 먹고 와이프 추천해주면서 다시 봤는데,, 두번봐도 정말 재밌는 영화!!",
    "date": "14.04.14",
    "rating": "9",
    "author": "woon****",
    "review_id": "8649561",
    "movie_id": "42795"
  },
  {
    "review": "반전 있어요~ 케이트허드슨의 색다른 모습!",
    "date": "14.04.09",
    "rating": "8",
    "author": "cute****",
    "review_id": "8637407",
    "movie_id": "42795"
  },
  {
    "review": "반전의 내용보다는 반전이 되어가는 과정이 억지가 없느냐가 스릴러의 가장 중요한 점이다..그런 점에서 완벽한 스토리로 이루어진 영화임에 틀림없다..",
    "date": "14.04.08",
    "rating": "10",
    "author": "purp****",
    "review_id": "8636217",
    "movie_id": "42795"
  },
  {
    "review": "끝까지 달리기에 힘에 부친다.",
    "date": "14.04.02",
    "rating": "5",
    "author": "moon****",
    "review_id": "8623545",
    "movie_id": "42795"
  },
  {
    "review": "공포보단 멜로에 가까운...",
    "date": "14.03.18",
    "rating": "8",
    "author": "534k****",
    "review_id": "8586435",
    "movie_id": "42795"
  },
  {
    "review": "어차피 반전예상은 절대 못할거니까 걍 맘편하게 보셈",
    "date": "14.03.16",
    "rating": "10",
    "author": "kyw9****",
    "review_id": "8581186",
    "movie_id": "42795"
  },
  {
    "review": "훌륭한 반전과 연출에 여주인공이 이쁨",
    "date": "14.02.27",
    "rating": "9",
    "author": "cult****",
    "review_id": "8543747",
    "movie_id": "42795"
  },
  {
    "review": "내 취향엔 안 맞네. 개인적으로 안 보는 걸 권하고 싶다.",
    "date": "14.02.12",
    "rating": "1",
    "author": "zard****",
    "review_id": "8501687",
    "movie_id": "42795"
  },
  {
    "review": "반전이 예상되진 않았으나 우와앙! 하고 소름돋는반전이아니라 뭔가 찜찜한반전....반전이너무기분나쁨 ㅠ",
    "date": "14.02.04",
    "rating": "6",
    "author": "sogo****",
    "review_id": "8475778",
    "movie_id": "42795"
  },
  {
    "review": "옛다! 8점  볼만하다 영화도 여자도",
    "date": "14.02.03",
    "rating": "8",
    "author": "wein****",
    "review_id": "8472288",
    "movie_id": "42795"
  },
  {
    "review": "10점 만점에 10점.. 사실 9점정도지만.. 평균 평점을 올리기 위해 10점 준다. 독특한 소재의 공포영화.. 반전도 있고 인간의 심리를 리얼하게 보여주는 공포영화다. 믿느냐 믿지 않느냐.. 내가 본 최고의 공포영화 탑3에 든다. 공포보단 심리 스릴",
    "date": "14.01.31",
    "rating": "10",
    "author": "pasi****",
    "review_id": "8456587",
    "movie_id": "42795"
  },
  {
    "review": "8점 드립니다. 간만에 재밌는 영화 봤네요",
    "date": "13.12.29",
    "rating": "8",
    "author": "chie****",
    "review_id": "8323041",
    "movie_id": "42795"
  },
  {
    "review": "생각보다 엄청나지는 않은데?  어디선가 본듯한 결말이다.",
    "date": "13.12.25",
    "rating": "7",
    "author": "w_w1****",
    "review_id": "8297973",
    "movie_id": "42795"
  },
  {
    "review": "나름 재밌게 잘 봤습니다",
    "date": "13.12.20",
    "rating": "8",
    "author": "wooj****",
    "review_id": "8255071",
    "movie_id": "42795"
  }
]