[
  {
    "review": "누구도 감당할 수 없는 지루함",
    "date": "10.09.09",
    "rating": "1",
    "author": "bume****",
    "review_id": "4824575",
    "movie_id": "42806"
  },
  {
    "review": "아무리 영화라지만... 답이안나온다.",
    "date": "09.06.21",
    "rating": "2",
    "author": "todl****",
    "review_id": "3578749",
    "movie_id": "42806"
  },
  {
    "review": "내용은 그다지.. 하지만 처음본 조나단 리스 마이어스 , 너무 멋져 숨넘어가는줄....",
    "date": "09.05.19",
    "rating": "6",
    "author": "dunk****",
    "review_id": "3507567",
    "movie_id": "42806"
  },
  {
    "review": "같이 보던 친구한테 꼬집힌 상처가 아직도 아프다.난 감독을 꼬집고 싶다",
    "date": "08.03.15",
    "rating": "1",
    "author": "nomi****",
    "review_id": "2521166",
    "movie_id": "42806"
  },
  {
    "review": "마이너스를 주고싶다",
    "date": "08.01.09",
    "rating": "1",
    "author": "blow****",
    "review_id": "2310038",
    "movie_id": "42806"
  },
  {
    "review": "진짜 잼있다. 한... 트랜스 포머 급??  넘넘 잼있어요^^",
    "date": "08.01.09",
    "rating": "10",
    "author": "chzl****",
    "review_id": "2309937",
    "movie_id": "42806"
  },
  {
    "review": "무슨 영화가.......................이래..",
    "date": "07.06.16",
    "rating": "1",
    "author": "zzan****",
    "review_id": "1703058",
    "movie_id": "42806"
  },
  {
    "review": "시간과 돈 모든것이 아깝다",
    "date": "07.04.12",
    "rating": "1",
    "author": "deff****",
    "review_id": "1584279",
    "movie_id": "42806"
  },
  {
    "review": "할말을 잃었다.",
    "date": "06.12.29",
    "rating": "1",
    "author": "jiga****",
    "review_id": "1340841",
    "movie_id": "42806"
  },
  {
    "review": "영화 보다가 모니터 뽀개 보기는 처음.",
    "date": "06.12.03",
    "rating": "1",
    "author": "spjo****",
    "review_id": "1264809",
    "movie_id": "42806"
  },
  {
    "review": "결국 이렇게 될것을... 사람들말을 들을걸..보지 말걸...",
    "date": "06.06.03",
    "rating": "1",
    "author": "jjla****",
    "review_id": "829715",
    "movie_id": "42806"
  },
  {
    "review": "역쉬 네티즌의 평점은 정확하다는 결론의 영화임.",
    "date": "06.03.22",
    "rating": "1",
    "author": "hiso****",
    "review_id": "728117",
    "movie_id": "42806"
  },
  {
    "review": "이간 정말 영화가 아니다... 걍 그림들이다...ㅋㅋㅋ",
    "date": "06.03.14",
    "rating": "1",
    "author": "body****",
    "review_id": "716200",
    "movie_id": "42806"
  },
  {
    "review": "범죄슬릴러에서 끝에는 뱀프영화로 바뀌는,,묘한 어이없는 장르",
    "date": "06.02.26",
    "rating": "5",
    "author": "kara****",
    "review_id": "693454",
    "movie_id": "42806"
  },
  {
    "review": "조폭3 나 가문3보단 훨~ 낫다.",
    "date": "06.02.24",
    "rating": "10",
    "author": "lhcg****",
    "review_id": "689250",
    "movie_id": "42806"
  },
  {
    "review": "투사부나 가문2보단 훨씬 낫다!",
    "date": "06.02.24",
    "rating": "10",
    "author": "leeh****",
    "review_id": "689246",
    "movie_id": "42806"
  },
  {
    "review": "누구도 감당할 수 없는 절대공포가 엄습한다!",
    "date": "06.02.20",
    "rating": "1",
    "author": "ken3****",
    "review_id": "683123",
    "movie_id": "42806"
  },
  {
    "review": "-_-... 뭐 이런영화가 다있어...",
    "date": "06.02.19",
    "rating": "1",
    "author": "yaoo****",
    "review_id": "680941",
    "movie_id": "42806"
  },
  {
    "review": "평점을 믿어라",
    "date": "06.02.17",
    "rating": "1",
    "author": "v7gi****",
    "review_id": "675496",
    "movie_id": "42806"
  },
  {
    "review": "왜 평점 마이너스가 없는지 궁금하게 만드는 영화..",
    "date": "06.02.14",
    "rating": "1",
    "author": "anci****",
    "review_id": "669218",
    "movie_id": "42806"
  },
  {
    "review": "왜 평점 마이너스는 없는지 라고 궁금하게만드는영화",
    "date": "06.01.08",
    "rating": "1",
    "author": "soap****",
    "review_id": "571755",
    "movie_id": "42806"
  },
  {
    "review": "그래도 최하 1점부터 시작하니 별은 붙는구나..호",
    "date": "05.12.09",
    "rating": "1",
    "author": "babo****",
    "review_id": "498942",
    "movie_id": "42806"
  },
  {
    "review": "쓰레기다.......... 뭘 말하고 싶은지.....",
    "date": "05.11.10",
    "rating": "1",
    "author": "scms****",
    "review_id": "470440",
    "movie_id": "42806"
  },
  {
    "review": "울면서 뛰쳐나왔다.",
    "date": "05.11.09",
    "rating": "1",
    "author": "kimd****",
    "review_id": "469078",
    "movie_id": "42806"
  },
  {
    "review": "왠만해서 악플 안다는데.. 정말 너무했다..",
    "date": "05.10.05",
    "rating": "1",
    "author": "geni****",
    "review_id": "434191",
    "movie_id": "42806"
  },
  {
    "review": "너무 졸면서 봐서 내용이 기억이 안남다..",
    "date": "05.09.16",
    "rating": "1",
    "author": "neos****",
    "review_id": "408041",
    "movie_id": "42806"
  },
  {
    "review": "머이딴게..@#$@#!",
    "date": "05.09.03",
    "rating": "1",
    "author": "hey_****",
    "review_id": "391810",
    "movie_id": "42806"
  },
  {
    "review": "정말 이걸 영화라고...........미쳐버리겠다",
    "date": "05.08.25",
    "rating": "1",
    "author": "jsns****",
    "review_id": "383140",
    "movie_id": "42806"
  },
  {
    "review": "여자납치해서 뽀뽀할라다가 애엄마에게 죽임당하는 영화",
    "date": "05.08.07",
    "rating": "2",
    "author": "gall****",
    "review_id": "356047",
    "movie_id": "42806"
  },
  {
    "review": "완전 쓰레기 삼류영화 잼없어요.진짜루",
    "date": "05.07.30",
    "rating": "1",
    "author": "kkay****",
    "review_id": "342207",
    "movie_id": "42806"
  },
  {
    "review": "영국영화라 그런가? 무엇이 공포고 어떤것을 반전이라는지",
    "date": "05.07.30",
    "rating": "3",
    "author": "tjrg****",
    "review_id": "341699",
    "movie_id": "42806"
  },
  {
    "review": "매들린스토우 많이 늙었더라..",
    "date": "05.07.29",
    "rating": "2",
    "author": "syhl****",
    "review_id": "340858",
    "movie_id": "42806"
  },
  {
    "review": "해외영화중에 최대졸작중 졸작이다..-_-보면서 그냥 짜증이남",
    "date": "05.07.29",
    "rating": "10",
    "author": "ghwj****",
    "review_id": "340252",
    "movie_id": "42806"
  },
  {
    "review": "괜찮구만....",
    "date": "05.07.26",
    "rating": "10",
    "author": "yaon****",
    "review_id": "335284",
    "movie_id": "42806"
  },
  {
    "review": "스타쉽트루퍼즈2랑친구해라...",
    "date": "05.07.23",
    "rating": "1",
    "author": "dmz1****",
    "review_id": "330761",
    "movie_id": "42806"
  },
  {
    "review": "입에 걸레를 물게 하는구나..",
    "date": "05.07.22",
    "rating": "1",
    "author": "knel****",
    "review_id": "329690",
    "movie_id": "42806"
  },
  {
    "review": "영화보면서 욕해보긴 처음... 더운날 인내력 테스트용 짜증호러~",
    "date": "05.07.22",
    "rating": "1",
    "author": "hye5****",
    "review_id": "329589",
    "movie_id": "42806"
  },
  {
    "review": "말이필요없다",
    "date": "05.07.21",
    "rating": "1",
    "author": "0979****",
    "review_id": "329167",
    "movie_id": "42806"
  },
  {
    "review": "코메디",
    "date": "05.07.20",
    "rating": "2",
    "author": "trip****",
    "review_id": "328074",
    "movie_id": "42806"
  },
  {
    "review": "이런 스릴러 첨 본다. ㅡ.,ㅡ",
    "date": "05.07.19",
    "rating": "1",
    "author": "gywn****",
    "review_id": "327330",
    "movie_id": "42806"
  },
  {
    "review": "보지마 절대 절대 절대절대, 돈아까버.",
    "date": "05.07.19",
    "rating": "1",
    "author": "agap****",
    "review_id": "326892",
    "movie_id": "42806"
  },
  {
    "review": "썅하고 욕나오는 영화",
    "date": "05.07.18",
    "rating": "1",
    "author": "jytj****",
    "review_id": "325814",
    "movie_id": "42806"
  },
  {
    "review": "어떤 넘이 이딴영화 수입했냐. 외화.시간낭비에 열받게하는 영화",
    "date": "05.07.18",
    "rating": "1",
    "author": "kdk7****",
    "review_id": "325591",
    "movie_id": "42806"
  },
  {
    "review": "욕나온다.. 점수 영점이나 마이너스가 없네..정말 시간아깝다..",
    "date": "05.07.18",
    "rating": "1",
    "author": "cava****",
    "review_id": "325586",
    "movie_id": "42806"
  },
  {
    "review": "보지말자 절대!! 최악이 무엇인지 보여준 영화",
    "date": "05.07.16",
    "rating": "1",
    "author": "bong****",
    "review_id": "323816",
    "movie_id": "42806"
  },
  {
    "review": "제목부터 심상치 않은 영화 옥주현나오는줄알았다",
    "date": "05.07.16",
    "rating": "1",
    "author": "tlsd****",
    "review_id": "323684",
    "movie_id": "42806"
  },
  {
    "review": "얼척없는 영화에 출연한 배우들이 아깝다.",
    "date": "05.07.16",
    "rating": "1",
    "author": "ther****",
    "review_id": "323519",
    "movie_id": "42806"
  },
  {
    "review": "왜 -1점이 없는 거야? 이런 거지같은 영화 누가 만드나?",
    "date": "05.07.15",
    "rating": "1",
    "author": "arij****",
    "review_id": "322655",
    "movie_id": "42806"
  },
  {
    "review": "정말 별반개도 아깝다",
    "date": "05.07.15",
    "rating": "1",
    "author": "park****",
    "review_id": "322572",
    "movie_id": "42806"
  },
  {
    "review": "별 한개도 아까운 영화 -_- 그나마 주인공들이 예뻐서 참았음",
    "date": "05.07.14",
    "rating": "1",
    "author": "anar****",
    "review_id": "322328",
    "movie_id": "42806"
  },
  {
    "review": "절때 보지마세여 백프로 후회함..",
    "date": "05.07.14",
    "rating": "1",
    "author": "sung****",
    "review_id": "322275",
    "movie_id": "42806"
  },
  {
    "review": "면도칼은 뭐지? 뭘 말하려는 거지? 이해 못한영화",
    "date": "05.07.14",
    "rating": "1",
    "author": "anyo****",
    "review_id": "321770",
    "movie_id": "42806"
  },
  {
    "review": "절대 보지마세요..욕나옴~~",
    "date": "05.07.14",
    "rating": "1",
    "author": "yood****",
    "review_id": "321635",
    "movie_id": "42806"
  }
]