[
  {
    "review": "다시보고 싶어ㅠㅠ 너무 다시보고싶음 ㅠㅠ..",
    "date": "09.05.29",
    "rating": "10",
    "author": "aubr****",
    "review_id": "3529246",
    "movie_id": "42816"
  },
  {
    "review": "재미있게봤던기억이있어요^^",
    "date": "09.04.03",
    "rating": "10",
    "author": "gusd****",
    "review_id": "3402988",
    "movie_id": "42816"
  },
  {
    "review": "최고의 드라마!!",
    "date": "07.12.22",
    "rating": "10",
    "author": "lle6****",
    "review_id": "2254695",
    "movie_id": "42816"
  },
  {
    "review": "주혁님 연기 잘하십니다",
    "date": "07.09.24",
    "rating": "7",
    "author": "stra****",
    "review_id": "2044288",
    "movie_id": "42816"
  },
  {
    "review": "최고의드라마",
    "date": "07.08.31",
    "rating": "10",
    "author": "lle6****",
    "review_id": "1992065",
    "movie_id": "42816"
  },
  {
    "review": "이거 너무 재밌음 다시 보고싶은 드라마",
    "date": "06.10.04",
    "rating": "10",
    "author": "rkdd****",
    "review_id": "1159102",
    "movie_id": "42816"
  },
  {
    "review": "안좋아",
    "date": "06.07.28",
    "rating": "7",
    "author": "zeed****",
    "review_id": "929655",
    "movie_id": "42816"
  },
  {
    "review": "소유진은 짧은머리가 안어울린다는 사실을 알려준 드라마..",
    "date": "06.04.26",
    "rating": "10",
    "author": "wate****",
    "review_id": "775866",
    "movie_id": "42816"
  },
  {
    "review": "짱",
    "date": "05.10.15",
    "rating": "10",
    "author": "sydn****",
    "review_id": "443124",
    "movie_id": "42816"
  }
]