[
  {
    "review": "용.두.사.미  김재원은 그의 인생 초반에 잘 나갔던(로망스시절) 때를 잘 살리지 못한거 같다.",
    "date": "13.05.04",
    "rating": "7",
    "author": "bajj****",
    "review_id": "7504628",
    "movie_id": "42813"
  },
  {
    "review": "재미있어요.",
    "date": "09.07.01",
    "rating": "10",
    "author": "0103****",
    "review_id": "3604552",
    "movie_id": "42813"
  },
  {
    "review": "김민정 연기 좀 하네. 이동욱 너도 좀 한다",
    "date": "08.02.22",
    "rating": "6",
    "author": "stra****",
    "review_id": "2472648",
    "movie_id": "42813"
  },
  {
    "review": "초반엔 정말 잼있었는데 중반부턴;;",
    "date": "07.01.28",
    "rating": "4",
    "author": "ppp0****",
    "review_id": "1420387",
    "movie_id": "42813"
  },
  {
    "review": "ㅎㅎㅎ",
    "date": "05.09.14",
    "rating": "10",
    "author": "k363****",
    "review_id": "405728",
    "movie_id": "42813"
  },
  {
    "review": "조선술의 분위기가 잔뜩. 최강희 정말 예뻤다.",
    "date": "05.08.18",
    "rating": "7",
    "author": "pure****",
    "review_id": "373062",
    "movie_id": "42813"
  }
]