[
  {
    "review": "김태우님의 내면 연기가 돋보이네요잔잔한 감동",
    "date": "15.07.12",
    "rating": "10",
    "author": "tige****",
    "review_id": "10095408",
    "movie_id": "42817"
  },
  {
    "review": "아 이 드라마 몇년이 지난 지금도 기억에 남는다. 강선연 역할이 너무 불쌍해서.. 세 남녀의 사연이 구구절절 이해됐던 선인도 악인도 없던 평범한 남녀들 얘기가 너무 공감이 됐었다.",
    "date": "13.02.28",
    "rating": "8",
    "author": "line****",
    "review_id": "7309176",
    "movie_id": "42817"
  }
]