[
  {
    "review": "졸작이지 다음정권때 리메이크 한번해보던가 기억에 남는거라곤 이창환이가 싱크로 100프로여서 놀라웠다는거 하나였어",
    "date": "15.07.14",
    "rating": "6",
    "author": "bajj****",
    "review_id": "10105034",
    "movie_id": "42826"
  },
  {
    "review": "3공화국은 기적의 역사인가, 청산의 대상인가. 박정희와 3공화국은 대한민국에 있어 어떤 의미를 가지는가.",
    "date": "15.06.21",
    "rating": "10",
    "author": "jaso****",
    "review_id": "10016913",
    "movie_id": "42826"
  }
]