[
  {
    "review": "두 배우 넘 조합이 좋다!",
    "date": "15.06.07",
    "rating": "10",
    "author": "tome****",
    "review_id": "9983049",
    "movie_id": "42841"
  },
  {
    "review": "올드 팝과 시카고의 풍경이 조화를 이뤄내.",
    "date": "15.05.22",
    "rating": "8",
    "author": "pont****",
    "review_id": "9937267",
    "movie_id": "42841"
  },
  {
    "review": "그냥 역시 최고였음..",
    "date": "15.05.07",
    "rating": "10",
    "author": "sfdg****",
    "review_id": "9900754",
    "movie_id": "42841"
  },
  {
    "review": "리메이크작이라 기대안했는데 왜 이제봤을까나~~재밌네요ㅋㅋ",
    "date": "15.03.12",
    "rating": "10",
    "author": "kdw2****",
    "review_id": "9773257",
    "movie_id": "42841"
  },
  {
    "review": "역시 아시아의 감성을 등치 큰것들이 따라한다면,,, 손발 다 오그라들다 못해 청승맞기까지 해 보임",
    "date": "15.01.25",
    "rating": "5",
    "author": "rose****",
    "review_id": "9636622",
    "movie_id": "42841"
  },
  {
    "review": "처음에는 좋았는데 결말은 괜히 바꾼듯",
    "date": "14.08.18",
    "rating": "6",
    "author": "xx41****",
    "review_id": "9107017",
    "movie_id": "42841"
  },
  {
    "review": "로또번호좀 알려줬으면 좋았을텐데",
    "date": "14.08.15",
    "rating": "10",
    "author": "ps2w****",
    "review_id": "9089823",
    "movie_id": "42841"
  },
  {
    "review": "알바아니다. 진심 개가 억지로만들엇다 사랑이 느껴지지않앗다라는둥 하는사람은 정말 영화를볼줄 모르는사람이다 이걸보고 많은걸 얻고갑니다진짜 보고후회안하는작품",
    "date": "14.08.08",
    "rating": "10",
    "author": "gusx****",
    "review_id": "9051412",
    "movie_id": "42841"
  },
  {
    "review": "딱히 리메이크하지 않았더라도.",
    "date": "14.08.06",
    "rating": "5",
    "author": "tear****",
    "review_id": "9037526",
    "movie_id": "42841"
  },
  {
    "review": "진수성찬 차려서 줬는데 왜 먹질 못하니...",
    "date": "14.02.16",
    "rating": "4",
    "author": "saer****",
    "review_id": "8513146",
    "movie_id": "42841"
  },
  {
    "review": "뒤죽박죽처럼 느껴진다..",
    "date": "14.01.29",
    "rating": "5",
    "author": "niv9****",
    "review_id": "8441218",
    "movie_id": "42841"
  },
  {
    "review": "시월애가 훨~~~씬 더 멋진영화다. 이건 대체 왜 만든지 모르겠다",
    "date": "13.11.27",
    "rating": "2",
    "author": "gori****",
    "review_id": "8171317",
    "movie_id": "42841"
  },
  {
    "review": "우리나라리메이크작 시월애도 제대로 못봤는데 다시봐야겠다. 아무래도 원작이 훨씬괜찮을듯. 뭐든지 원작만한 리메이크는 없듯이",
    "date": "13.11.20",
    "rating": "7",
    "author": "okre****",
    "review_id": "8154298",
    "movie_id": "42841"
  },
  {
    "review": "둘이 너무 떨어져 있어서 두 주인공의 감정에 이입하기 힘들었지 않았나 싶은게 아쉽다",
    "date": "13.11.16",
    "rating": "6",
    "author": "esty****",
    "review_id": "8145011",
    "movie_id": "42841"
  },
  {
    "review": "너무좋습니다 ~~~~^^! 다른 말이 필요 없네요",
    "date": "13.10.31",
    "rating": "10",
    "author": "m00n****",
    "review_id": "8105573",
    "movie_id": "42841"
  },
  {
    "review": "정말  긴장하면서 본것같아요  판타스틱하고 멋졌어요",
    "date": "13.07.26",
    "rating": "9",
    "author": "vot1****",
    "review_id": "7787092",
    "movie_id": "42841"
  },
  {
    "review": "키아누 리브스랑 산드라블록이 좀 안어울리지만 감동적인 영화. 시월애를 안봐서 그런가 그럭저럭 볼만했어요 ^^.. 나무가 뿅 생길때 너무 웃겼어요 ㅋㅋ",
    "date": "13.07.20",
    "rating": "8",
    "author": "rudi****",
    "review_id": "7764630",
    "movie_id": "42841"
  },
  {
    "review": "정말 가슴 조리며 본 영화입니다. 너무 좋아요.",
    "date": "13.07.06",
    "rating": "10",
    "author": "aaas****",
    "review_id": "7712001",
    "movie_id": "42841"
  },
  {
    "review": "시월애를 안보고 봐서 그런지 엄청 볼만했다....근데 마지막에 둘이 만날때 산드라블록한테 애인이 없는 상태였으면 더 좋았을것을 ㅎㅎ",
    "date": "13.04.20",
    "rating": "8",
    "author": "here****",
    "review_id": "7469833",
    "movie_id": "42841"
  },
  {
    "review": "언제봐도 명작♥",
    "date": "13.04.19",
    "rating": "10",
    "author": "godi****",
    "review_id": "7469419",
    "movie_id": "42841"
  },
  {
    "review": "지겨움? 도대체이런 사람들은 왜굳이네이버에 로그인해 평점평을 남기는지 알수가없다.짜다싱겁다가 식감을표현하는 전부로 아는 문화저질소비층..이들에의해 문화진화는자꾸 더디어간다.두시대를 동시에 보여주는 부분에서 세련된 편집점적이음새가 좀 아쉬웠다",
    "date": "13.01.26",
    "rating": "10",
    "author": "neck****",
    "review_id": "7175745",
    "movie_id": "42841"
  },
  {
    "review": "지겨움",
    "date": "13.01.02",
    "rating": "4",
    "author": "daxi****",
    "review_id": "7077003",
    "movie_id": "42841"
  },
  {
    "review": "나에게는 최고의 영화 노래부터 배경까지 다 애잔ㅠㅠ시월애도꼭봐야겠다",
    "date": "12.12.31",
    "rating": "10",
    "author": "anyk****",
    "review_id": "7066033",
    "movie_id": "42841"
  },
  {
    "review": "시월애의 리메이크 작이지만 시월애처럼 아련하진 않았다",
    "date": "12.12.29",
    "rating": "7",
    "author": "kimj****",
    "review_id": "7058923",
    "movie_id": "42841"
  },
  {
    "review": "키아누리브스 산드라블록 아름답네요",
    "date": "12.10.30",
    "rating": "8",
    "author": "jttu****",
    "review_id": "6836449",
    "movie_id": "42841"
  },
  {
    "review": "시월애처럼 참 재밌네요ㅎㅎㅎ",
    "date": "12.08.10",
    "rating": "10",
    "author": "munj****",
    "review_id": "6590346",
    "movie_id": "42841"
  },
  {
    "review": "시월애 보고 바로 봤는데, 리메이크작 나름대로 재미도있고 감동도있고ㅠㅠ",
    "date": "12.06.03",
    "rating": "9",
    "author": "kwns****",
    "review_id": "6361104",
    "movie_id": "42841"
  },
  {
    "review": "뒷심부족 분위기는 좋앗는데...스토리가 영흐지부지 두 배우는 너무 아름답다",
    "date": "12.03.28",
    "rating": "7",
    "author": "jjcv****",
    "review_id": "6174832",
    "movie_id": "42841"
  },
  {
    "review": "스스로 오류에 빠져버린 환타지",
    "date": "11.09.21",
    "rating": "7",
    "author": "cont****",
    "review_id": "5744781",
    "movie_id": "42841"
  },
  {
    "review": "감동적이에요",
    "date": "11.08.26",
    "rating": "10",
    "author": "bin9****",
    "review_id": "5689177",
    "movie_id": "42841"
  },
  {
    "review": "국산이 미국산보다 나은 몇 안되는 것들 중 하나..",
    "date": "11.08.22",
    "rating": "7",
    "author": "tn99****",
    "review_id": "5680823",
    "movie_id": "42841"
  },
  {
    "review": "지루하고평범",
    "date": "11.07.19",
    "rating": "5",
    "author": "yr86****",
    "review_id": "5555451",
    "movie_id": "42841"
  },
  {
    "review": "역시 원작을 따라가진 못하네요.. 하지만 그나름 마음에 남는 영화입니다~",
    "date": "11.06.24",
    "rating": "7",
    "author": "choi****",
    "review_id": "5496536",
    "movie_id": "42841"
  },
  {
    "review": "잔잔한 전개와 매력적인 주인공들..",
    "date": "11.05.22",
    "rating": "7",
    "author": "wind****",
    "review_id": "5442370",
    "movie_id": "42841"
  },
  {
    "review": "이렇게 좋은 영화가 묻히다니...애절함이 와 닿았다",
    "date": "11.02.13",
    "rating": "9",
    "author": "cds5****",
    "review_id": "5239671",
    "movie_id": "42841"
  },
  {
    "review": "헐리우드식 해피엔딩도 볼만하다.. ^^",
    "date": "11.02.07",
    "rating": "8",
    "author": "mike****",
    "review_id": "5227384",
    "movie_id": "42841"
  },
  {
    "review": "결말에서 탄성을 지르게 하는ㅠㅠ다행이야",
    "date": "10.12.29",
    "rating": "10",
    "author": "ksyk****",
    "review_id": "5098324",
    "movie_id": "42841"
  },
  {
    "review": "헐리웃의 장점이랄까요?ㅋㅋ 극적인 해피엔딩이 정말로 좋았습니다.",
    "date": "10.11.22",
    "rating": "10",
    "author": "cse0****",
    "review_id": "4978986",
    "movie_id": "42841"
  },
  {
    "review": "키아누가 죽었어야...",
    "date": "10.11.09",
    "rating": "7",
    "author": "marc****",
    "review_id": "4948194",
    "movie_id": "42841"
  },
  {
    "review": "나만 키아누 연기가 어색한건가..ㅠㅠㅋ 산드라블록은 역시 최고 !!",
    "date": "10.10.24",
    "rating": "6",
    "author": "o0wl****",
    "review_id": "4918220",
    "movie_id": "42841"
  },
  {
    "review": "최고..^^",
    "date": "10.08.27",
    "rating": "10",
    "author": "toyo****",
    "review_id": "4797258",
    "movie_id": "42841"
  },
  {
    "review": "한글 자막으로 보셨나요? 원어로 보세요. 감동이 배가 됩니다. 결말이 좀..",
    "date": "10.06.27",
    "rating": "9",
    "author": "pigl****",
    "review_id": "4595528",
    "movie_id": "42841"
  },
  {
    "review": "연출도... 연기도... 각색도... 원작보다 나은 게 없네... 아, 제작비...",
    "date": "10.04.01",
    "rating": "5",
    "author": "sks7****",
    "review_id": "4403188",
    "movie_id": "42841"
  },
  {
    "review": "긴 기다림동안의 만남. 그치만 2년의 기다림치고는 큰 감동이 부족했다.",
    "date": "10.03.21",
    "rating": "8",
    "author": "wlfa****",
    "review_id": "4374672",
    "movie_id": "42841"
  },
  {
    "review": "리메이크의 한계.",
    "date": "10.02.12",
    "rating": "6",
    "author": "movi****",
    "review_id": "4271441",
    "movie_id": "42841"
  },
  {
    "review": "재밌었음, 시월애 아직 안봤지만 꼭 한 번 보고싶게 만드는군",
    "date": "09.11.09",
    "rating": "9",
    "author": "hs00****",
    "review_id": "3949372",
    "movie_id": "42841"
  },
  {
    "review": "아... 산드라 블럭 영화는 볼 때마다 산드라한테 반하게 돼..",
    "date": "09.11.04",
    "rating": "10",
    "author": "cheo****",
    "review_id": "3936550",
    "movie_id": "42841"
  },
  {
    "review": "재미씀!",
    "date": "09.10.30",
    "rating": "9",
    "author": "ysma****",
    "review_id": "3925928",
    "movie_id": "42841"
  },
  {
    "review": "이영화방금다봤는데 너무 감동적이에요...ㅠㅠ 순간 새드앤딩되는줄..ㅠㅠ",
    "date": "09.10.27",
    "rating": "10",
    "author": "kkd0****",
    "review_id": "3920102",
    "movie_id": "42841"
  },
  {
    "review": "<시월애>의 아름다움을 전하고 싶었으나 톱스타들의 출연치고는 좀...",
    "date": "09.09.28",
    "rating": "5",
    "author": "si2p****",
    "review_id": "3858364",
    "movie_id": "42841"
  },
  {
    "review": "키아누...",
    "date": "09.09.14",
    "rating": "10",
    "author": "02pm****",
    "review_id": "3831112",
    "movie_id": "42841"
  },
  {
    "review": "완전 감동이에요..ㅠ ㅠㅠㅠㅠㅠㅠ",
    "date": "09.09.08",
    "rating": "10",
    "author": "hyun****",
    "review_id": "3819165",
    "movie_id": "42841"
  },
  {
    "review": "시월애보다 주인공이 연기를 잘 한듯..너무 잼있고 감동있게 봤습니다. 멋졌어요~!!!",
    "date": "09.09.01",
    "rating": "10",
    "author": "rksp****",
    "review_id": "3803975",
    "movie_id": "42841"
  },
  {
    "review": "그럭저럭 봐줄만 했다..",
    "date": "09.08.08",
    "rating": "7",
    "author": "bkm1****",
    "review_id": "3722479",
    "movie_id": "42841"
  },
  {
    "review": "시월애를 안봐서 그런가?? 나름 웰메이트 영화",
    "date": "09.07.26",
    "rating": "6",
    "author": "zero****",
    "review_id": "3669780",
    "movie_id": "42841"
  },
  {
    "review": "진짜,,마지막에 죽는 줄 알았는데,ㅜㅜ 보고나서 눈물이 울컥,,정말좋은영화ㅜㅜ",
    "date": "09.07.09",
    "rating": "10",
    "author": "bhum****",
    "review_id": "3619411",
    "movie_id": "42841"
  },
  {
    "review": "예상 했지만 현실에서 일어날 수 없는 사랑이야기에 늘 매료될 수 밖에 없는 것 같다.",
    "date": "09.07.06",
    "rating": "10",
    "author": "hans****",
    "review_id": "3613903",
    "movie_id": "42841"
  },
  {
    "review": "산드라가 키아누에게 죽기 직전에 편지에 사랑한다고 했을때 가슴이 아려왔어요..",
    "date": "09.06.13",
    "rating": "10",
    "author": "ca43****",
    "review_id": "3561691",
    "movie_id": "42841"
  },
  {
    "review": "감동적이다",
    "date": "09.05.13",
    "rating": "10",
    "author": "hahe****",
    "review_id": "3492379",
    "movie_id": "42841"
  },
  {
    "review": "전형적인 헐리우드식 스피디한 러브~유령처럼 우체통이",
    "date": "09.05.12",
    "rating": "1",
    "author": "merm****",
    "review_id": "3490800",
    "movie_id": "42841"
  },
  {
    "review": "시월애가 더 나아요.",
    "date": "09.04.24",
    "rating": "6",
    "author": "tran****",
    "review_id": "3438373",
    "movie_id": "42841"
  },
  {
    "review": "너무 재미없다...시월애나 한번더 봐야겠다.",
    "date": "09.04.05",
    "rating": "1",
    "author": "cnc9****",
    "review_id": "3406374",
    "movie_id": "42841"
  },
  {
    "review": "반전영환데?",
    "date": "09.03.08",
    "rating": "8",
    "author": "1227****",
    "review_id": "3354043",
    "movie_id": "42841"
  },
  {
    "review": "복받쳐오르는 그런 감정보다 더 기억에 남는 감정을 알게한 영화^^ 몇번보아도 좋은",
    "date": "09.03.02",
    "rating": "10",
    "author": "tear****",
    "review_id": "3342749",
    "movie_id": "42841"
  },
  {
    "review": "별로였다.....",
    "date": "09.02.05",
    "rating": "6",
    "author": "soyu****",
    "review_id": "3280332",
    "movie_id": "42841"
  },
  {
    "review": "시월애 를 보고 이걸보닌까 반전이넹 ㅎㅎㅋ 반전영화 괸찬음",
    "date": "09.02.05",
    "rating": "10",
    "author": "yoon****",
    "review_id": "3279261",
    "movie_id": "42841"
  },
  {
    "review": "시월애의 애절함은 거의 없었다..강아지가 억지로 인연을 만든다.",
    "date": "09.01.27",
    "rating": "5",
    "author": "fall****",
    "review_id": "3254415",
    "movie_id": "42841"
  },
  {
    "review": "와.. 생각보다 정말 재밌게 봤어요..",
    "date": "09.01.18",
    "rating": "10",
    "author": "fkil****",
    "review_id": "3229541",
    "movie_id": "42841"
  },
  {
    "review": "이렇게 슬픈영화는 처음이내요.. 저런사랑해봤으면.",
    "date": "09.01.07",
    "rating": "10",
    "author": "ilji****",
    "review_id": "3198859",
    "movie_id": "42841"
  },
  {
    "review": "원작의 품격을 깡그리 무시한 헐리우드 싸구려 감성이여~~",
    "date": "09.01.03",
    "rating": "4",
    "author": "hoon****",
    "review_id": "3181547",
    "movie_id": "42841"
  },
  {
    "review": "키아누 때문에 봤는데 좀 재밌었음 ㅋ",
    "date": "08.12.31",
    "rating": "10",
    "author": "b__b****",
    "review_id": "3170746",
    "movie_id": "42841"
  },
  {
    "review": "전지현의 발연기가 있더라도 시월애를 보는 편이 훨씬 낫다....",
    "date": "08.11.28",
    "rating": "1",
    "author": "nury****",
    "review_id": "3076584",
    "movie_id": "42841"
  },
  {
    "review": "완전 끝짱나네요 와 굿입니다. 메트릭스4내 아주",
    "date": "08.11.04",
    "rating": "10",
    "author": "akhz****",
    "review_id": "3034224",
    "movie_id": "42841"
  },
  {
    "review": "너무 재밋어요~~~~~~",
    "date": "08.10.23",
    "rating": "10",
    "author": "vist****",
    "review_id": "3014787",
    "movie_id": "42841"
  },
  {
    "review": "This Never Happened Before 곡이 깔리고.. 키아누와 산드라의 블루스추는 장면이 +_+",
    "date": "08.09.24",
    "rating": "10",
    "author": "ymkl****",
    "review_id": "2966358",
    "movie_id": "42841"
  },
  {
    "review": "내용을 전혀 모르고 봐야함. 감동적이예요.",
    "date": "08.09.20",
    "rating": "10",
    "author": "bhla****",
    "review_id": "2960549",
    "movie_id": "42841"
  },
  {
    "review": "잼있었다.... 근데 마지막에 뭔가 허전함은....",
    "date": "08.09.20",
    "rating": "7",
    "author": "kate****",
    "review_id": "2959486",
    "movie_id": "42841"
  },
  {
    "review": "키아누리브스ㅜㅜ 너무 멋있네요 ㅜㅜ....... 재밌어여 볼만해여~~",
    "date": "08.09.19",
    "rating": "9",
    "author": "msks****",
    "review_id": "2957661",
    "movie_id": "42841"
  },
  {
    "review": "좋아...",
    "date": "08.09.16",
    "rating": "10",
    "author": "zhzm****",
    "review_id": "2952843",
    "movie_id": "42841"
  },
  {
    "review": "재밌어",
    "date": "08.09.16",
    "rating": "8",
    "author": "tw64****",
    "review_id": "2952596",
    "movie_id": "42841"
  },
  {
    "review": "둘다 연기 넘 좋았어요 이렇게 좋은 영화인줄 몰랐어요.",
    "date": "08.09.16",
    "rating": "10",
    "author": "beau****",
    "review_id": "2952109",
    "movie_id": "42841"
  },
  {
    "review": "방금 오씨엔에서 보고 옴.....",
    "date": "08.09.16",
    "rating": "9",
    "author": "luci****",
    "review_id": "2951661",
    "movie_id": "42841"
  },
  {
    "review": "원작 비교할 것 없이 해피엔딩을 바라는 저는 이 결말이 좋은걸요^^",
    "date": "08.09.16",
    "rating": "10",
    "author": "ruby****",
    "review_id": "2951659",
    "movie_id": "42841"
  },
  {
    "review": "저도 OCN에서 방금 봤는데 감동 ㅠㅠ산드라블록의 편지함앞에서 절규,,ㅠㅠ",
    "date": "08.09.16",
    "rating": "10",
    "author": "elfl****",
    "review_id": "2951648",
    "movie_id": "42841"
  },
  {
    "review": "우리는 뻔한결말인것을알지만 정말 이들의아픈사랑은... ㅠㅠ",
    "date": "08.09.16",
    "rating": "10",
    "author": "skoo****",
    "review_id": "2951645",
    "movie_id": "42841"
  },
  {
    "review": "↓ 저랑 같이 보셨네요 +_+ 영화 나쁘지 않았어요~ 재밌었어요. 엔딩이 참 감동적...",
    "date": "08.09.16",
    "rating": "8",
    "author": "ted3****",
    "review_id": "2951643",
    "movie_id": "42841"
  },
  {
    "review": "방금 오씨엔에서 봤는데 감동이다.",
    "date": "08.09.16",
    "rating": "10",
    "author": "jang****",
    "review_id": "2951633",
    "movie_id": "42841"
  },
  {
    "review": "정말 사랑이 일궈낸 기적. 소소한 판타지 멜로.",
    "date": "08.09.14",
    "rating": "10",
    "author": "kaos****",
    "review_id": "2942352",
    "movie_id": "42841"
  },
  {
    "review": "로맨틱하고 아름다운 영화",
    "date": "08.09.07",
    "rating": "10",
    "author": "kawa****",
    "review_id": "2928331",
    "movie_id": "42841"
  },
  {
    "review": "미국식 멜로.....왠지 우리와는 안맞아...뭐 그래도 시월애보다는 낳은거 같다.",
    "date": "08.08.28",
    "rating": "7",
    "author": "nba1****",
    "review_id": "2908229",
    "movie_id": "42841"
  },
  {
    "review": "엔딩을 보기위해 본듯한 느낌 -_-;",
    "date": "08.08.26",
    "rating": "6",
    "author": "rmat****",
    "review_id": "2903224",
    "movie_id": "42841"
  },
  {
    "review": "난 재밋게 봤는데",
    "date": "08.08.24",
    "rating": "10",
    "author": "qkrt****",
    "review_id": "2900227",
    "movie_id": "42841"
  },
  {
    "review": "누가 뭐래도 난 이 영화에 10점 준다.시월애도 봤지만 시월애보다 훨씬 낫던데?",
    "date": "08.08.14",
    "rating": "10",
    "author": "qpqp****",
    "review_id": "2869355",
    "movie_id": "42841"
  },
  {
    "review": "뭐 나쁘진 않다만 원작에 비해 더 낫다고 이렇다하게 내세울게 없다.",
    "date": "08.07.24",
    "rating": "8",
    "author": "wfy0****",
    "review_id": "2797471",
    "movie_id": "42841"
  },
  {
    "review": "과정에서의 행복감에 감사드리고 앤딩장면에서는 아쉬움으로만 기억됩니다",
    "date": "08.07.17",
    "rating": "8",
    "author": "hhj3****",
    "review_id": "2771547",
    "movie_id": "42841"
  },
  {
    "review": "전편만한 속편 없듯, 원작 넘는 리메이크가 있을 수 없다",
    "date": "08.06.22",
    "rating": "6",
    "author": "saga****",
    "review_id": "2712711",
    "movie_id": "42841"
  },
  {
    "review": "시월애와는 또 다른 맛으로~ 색깔로 다가오는 영화. 기대 안했는데 생각보다 좋네요",
    "date": "08.05.10",
    "rating": "8",
    "author": "naed****",
    "review_id": "2628178",
    "movie_id": "42841"
  },
  {
    "review": "왠지 모르겠지만 가장 기억에 남는 영화 v_v*...",
    "date": "08.04.20",
    "rating": "10",
    "author": "msk7****",
    "review_id": "2591190",
    "movie_id": "42841"
  },
  {
    "review": "헐리우드식 결말이네요",
    "date": "08.04.02",
    "rating": "10",
    "author": "clou****",
    "review_id": "2554032",
    "movie_id": "42841"
  },
  {
    "review": "헐리웃영화답게 깔끔하게는 만들었는데 왜 이리 복잡해;;;시월애가 훨 볼만함.",
    "date": "08.03.30",
    "rating": "6",
    "author": "mool****",
    "review_id": "2549854",
    "movie_id": "42841"
  }
]