[
  {
    "review": "펑펑울었던 기억이 나네..훌륭했다 진짜",
    "date": "12.11.28",
    "rating": "10",
    "author": "seyu****",
    "review_id": "6932275",
    "movie_id": "42849"
  },
  {
    "review": "역시 변호사라는 직업은 참 좋은 직업이다.너무 재밌었다.추억의 드라마.",
    "date": "11.04.29",
    "rating": "10",
    "author": "odjs****",
    "review_id": "5397607",
    "movie_id": "42849"
  },
  {
    "review": "2005년 부활과 더불어 작품성에 비해 시청률에서 고전한 대표적 드라마!",
    "date": "07.02.18",
    "rating": "10",
    "author": "band****",
    "review_id": "1481092",
    "movie_id": "42849"
  },
  {
    "review": "연출,연기는 최고~ 대본이 뒤로 갈수록 좀 후달렸다.",
    "date": "06.12.27",
    "rating": "9",
    "author": "writ****",
    "review_id": "1332675",
    "movie_id": "42849"
  },
  {
    "review": "내 인생 최고! 이게 바로 진정한 드라마다.",
    "date": "06.07.17",
    "rating": "10",
    "author": "haer****",
    "review_id": "898680",
    "movie_id": "42849"
  },
  {
    "review": "연기력 하나로 먹어 들어가는 드라마",
    "date": "06.05.28",
    "rating": "10",
    "author": "zeed****",
    "review_id": "819344",
    "movie_id": "42849"
  },
  {
    "review": "잼잇어요~",
    "date": "06.03.17",
    "rating": "10",
    "author": "deux****",
    "review_id": "719155",
    "movie_id": "42849"
  },
  {
    "review": "정말 최고의 드라마! 앞으로 이런 드라마를 많이 만들어 줬으면.",
    "date": "06.02.16",
    "rating": "10",
    "author": "knig****",
    "review_id": "673910",
    "movie_id": "42849"
  },
  {
    "review": "말이 필요없다. 최고",
    "date": "05.12.04",
    "rating": "10",
    "author": "jouh****",
    "review_id": "494162",
    "movie_id": "42849"
  },
  {
    "review": "말이 필요없다 내 생애 최고의 드라마!!",
    "date": "05.09.21",
    "rating": "10",
    "author": "dest****",
    "review_id": "415459",
    "movie_id": "42849"
  },
  {
    "review": "최고의 드라마!! 구성이 정말 탄탄해요^^",
    "date": "05.09.16",
    "rating": "10",
    "author": "sy83****",
    "review_id": "407789",
    "movie_id": "42849"
  },
  {
    "review": "정말 재밌어용~~",
    "date": "05.09.10",
    "rating": "10",
    "author": "wuel****",
    "review_id": "399870",
    "movie_id": "42849"
  },
  {
    "review": "진짜 너무 잼있었어요.. 서변의 포스도 짱짱..",
    "date": "05.09.09",
    "rating": "10",
    "author": "toy4****",
    "review_id": "397965",
    "movie_id": "42849"
  },
  {
    "review": "완벽하다",
    "date": "05.09.01",
    "rating": "10",
    "author": "dabi****",
    "review_id": "390360",
    "movie_id": "42849"
  },
  {
    "review": "감동 !! 그 자체",
    "date": "05.08.31",
    "rating": "10",
    "author": "mitw****",
    "review_id": "389678",
    "movie_id": "42849"
  },
  {
    "review": "드라마가 끝난게 너무 아쉬워요. 김상경님 넘 멋졌어요",
    "date": "05.08.31",
    "rating": "10",
    "author": "ksb1****",
    "review_id": "389666",
    "movie_id": "42849"
  },
  {
    "review": "김상경님의 연기가 돋보였고, 최고의 드라마였습니다.",
    "date": "05.08.30",
    "rating": "10",
    "author": "0hwa****",
    "review_id": "388548",
    "movie_id": "42849"
  },
  {
    "review": "김상경님의 서변 연기.. 그 누구도 대신 할 수 없어요.. 짱!!",
    "date": "05.08.29",
    "rating": "10",
    "author": "tndu****",
    "review_id": "387715",
    "movie_id": "42849"
  },
  {
    "review": "딴 말 다 필요없구, 변호사들,,평생 가슴에사무칠꺼같아요ㅠㅜ",
    "date": "05.08.28",
    "rating": "10",
    "author": "feel****",
    "review_id": "386895",
    "movie_id": "42849"
  },
  {
    "review": "16부작으로 끝난게 아쉬울뿐...나의 올해 최고 드라마",
    "date": "05.08.27",
    "rating": "10",
    "author": "bay0****",
    "review_id": "385136",
    "movie_id": "42849"
  },
  {
    "review": "보지 못한 많은 사람들이 안타깝다!!!",
    "date": "05.08.26",
    "rating": "10",
    "author": "mine****",
    "review_id": "384602",
    "movie_id": "42849"
  },
  {
    "review": "변호사들완전쵝오임!!>_/다들연기너무잘하셨3",
    "date": "05.08.24",
    "rating": "10",
    "author": "yama****",
    "review_id": "381550",
    "movie_id": "42849"
  },
  {
    "review": "탄탄한 내용.... 실렸있는배우들...",
    "date": "05.08.17",
    "rating": "10",
    "author": "supi****",
    "review_id": "371619",
    "movie_id": "42849"
  },
  {
    "review": "1시간이 10분같은 드라마",
    "date": "05.08.13",
    "rating": "10",
    "author": "tntj****",
    "review_id": "364324",
    "movie_id": "42849"
  },
  {
    "review": "상위 10%",
    "date": "05.08.12",
    "rating": "10",
    "author": "enki****",
    "review_id": "363337",
    "movie_id": "42849"
  },
  {
    "review": "서변 완전 멋져요~ 김상경씨 연기 최고에요~~",
    "date": "05.08.12",
    "rating": "10",
    "author": "hjju****",
    "review_id": "362551",
    "movie_id": "42849"
  },
  {
    "review": "60분내내 몰입하게 하는 지루하지않은 탄탄한 구성의 드라마!",
    "date": "05.08.09",
    "rating": "10",
    "author": "basq****",
    "review_id": "359822",
    "movie_id": "42849"
  },
  {
    "review": "대본, 연기, 의상, 배경 모두 완벽한 드라마.",
    "date": "05.07.26",
    "rating": "10",
    "author": "lemo****",
    "review_id": "335733",
    "movie_id": "42849"
  },
  {
    "review": "너무 재밌어욤 쿄쿄^^",
    "date": "05.07.19",
    "rating": "10",
    "author": "kkkk****",
    "review_id": "326965",
    "movie_id": "42849"
  },
  {
    "review": "정말 재미있다-!!!",
    "date": "05.07.19",
    "rating": "10",
    "author": "heoc****",
    "review_id": "326607",
    "movie_id": "42849"
  },
  {
    "review": "최고의 캐스팅과 탄탄한 스토리 !!",
    "date": "05.07.16",
    "rating": "10",
    "author": "2001****",
    "review_id": "324133",
    "movie_id": "42849"
  },
  {
    "review": "오랜만에 잼있는 드라마~ 한편~~ good",
    "date": "05.07.13",
    "rating": "9",
    "author": "sexy****",
    "review_id": "321006",
    "movie_id": "42849"
  },
  {
    "review": "음..일단 초반 극전개는..그런대로 볼만함.",
    "date": "05.07.12",
    "rating": "8",
    "author": "king****",
    "review_id": "320324",
    "movie_id": "42849"
  }
]