[
  {
    "review": "그냥  아무 생각 없이  보면  킬링타임용으로  이만한  영화도 없다.",
    "date": "15.08.09",
    "rating": "7",
    "author": "joyc****",
    "review_id": "10207884",
    "movie_id": "42845"
  },
  {
    "review": "전편보다 떨어지지만, 그래도 멋졌다.",
    "date": "15.06.18",
    "rating": "10",
    "author": "lsh5****",
    "review_id": "10009296",
    "movie_id": "42845"
  },
  {
    "review": "전편보단 아쉬운 스토리지만 정말 재밌게 봤던 영화!",
    "date": "15.01.28",
    "rating": "10",
    "author": "gusw****",
    "review_id": "9645425",
    "movie_id": "42845"
  },
  {
    "review": "배트맨 영화 보는 줄 알았다!",
    "date": "15.01.20",
    "rating": "5",
    "author": "katy****",
    "review_id": "9616277",
    "movie_id": "42845"
  },
  {
    "review": "기차에서 조로의 활약 재미있어요.",
    "date": "14.12.08",
    "rating": "9",
    "author": "shsn****",
    "review_id": "9459468",
    "movie_id": "42845"
  },
  {
    "review": "전편에 비해 더 재미없는 속편들 중 하나",
    "date": "14.11.30",
    "rating": "1",
    "author": "jjaj****",
    "review_id": "9434349",
    "movie_id": "42845"
  },
  {
    "review": "액션은 좋은데, 이유가 실종된 액션은 공허하지.",
    "date": "14.05.27",
    "rating": "6",
    "author": "reco****",
    "review_id": "8769791",
    "movie_id": "42845"
  },
  {
    "review": "스릴도있고 재미도있고 반전도있고 꿀기욤이아들까지 완전재밋엇움",
    "date": "14.04.08",
    "rating": "10",
    "author": "0516****",
    "review_id": "8636822",
    "movie_id": "42845"
  },
  {
    "review": "역시 살아 있네 조로가정말 재미있게 잘 즐겨 봤다",
    "date": "14.02.05",
    "rating": "10",
    "author": "yyho****",
    "review_id": "8476809",
    "movie_id": "42845"
  },
  {
    "review": "재밌었는데... 안토니오 반데라스 너무 멋있음",
    "date": "14.01.07",
    "rating": "10",
    "author": "jsoo****",
    "review_id": "8358482",
    "movie_id": "42845"
  },
  {
    "review": "평점이너무낮네요..화려한액션에 내용도좋았고 아주볼거리였어요..조로아들너무귀엽고그아비에그아들...온가족이대박...",
    "date": "13.08.26",
    "rating": "10",
    "author": "seon****",
    "review_id": "7923338",
    "movie_id": "42845"
  },
  {
    "review": "아기자기한 액션과 눈이 즐거웟던 영화",
    "date": "13.08.23",
    "rating": "10",
    "author": "sang****",
    "review_id": "7913236",
    "movie_id": "42845"
  },
  {
    "review": "마지막 화끈한 액션과 해피엔딩의 조로가 좋았다.",
    "date": "13.06.10",
    "rating": "9",
    "author": "hsd5****",
    "review_id": "7625544",
    "movie_id": "42845"
  },
  {
    "review": "조로시리즈 중 단연 최고.. 보고 또 봐도 매력적이다 어느 하나 섹시하지 않을 수가 없구먼ㅎㅎ",
    "date": "13.04.10",
    "rating": "10",
    "author": "akan****",
    "review_id": "7447504",
    "movie_id": "42845"
  },
  {
    "review": "촛점 없는 칼질. 허나 그의 아내가 좋다.",
    "date": "12.12.26",
    "rating": "5",
    "author": "izzo****",
    "review_id": "7051212",
    "movie_id": "42845"
  },
  {
    "review": "아기자기한 액션은 나쁘지 않다",
    "date": "12.12.02",
    "rating": "7",
    "author": "cont****",
    "review_id": "6961169",
    "movie_id": "42845"
  },
  {
    "review": "완전재미잇음",
    "date": "12.06.08",
    "rating": "10",
    "author": "yble****",
    "review_id": "6376504",
    "movie_id": "42845"
  },
  {
    "review": "완전좋음",
    "date": "12.06.08",
    "rating": "10",
    "author": "etho****",
    "review_id": "6376501",
    "movie_id": "42845"
  },
  {
    "review": "뭔가 3%즘 부족. 부인이 검잡는것도 이상하군.",
    "date": "11.05.28",
    "rating": "7",
    "author": "yuda****",
    "review_id": "5452940",
    "movie_id": "42845"
  },
  {
    "review": "전편보다 영..",
    "date": "11.05.16",
    "rating": "4",
    "author": "xtai****",
    "review_id": "5430661",
    "movie_id": "42845"
  },
  {
    "review": "이상하게 조로란 캐릭터는 정이안감 ~~~~~~~~",
    "date": "11.02.13",
    "rating": "3",
    "author": "fnsk****",
    "review_id": "5240216",
    "movie_id": "42845"
  },
  {
    "review": "나름 시간보내기에는 무난한 영화",
    "date": "10.12.27",
    "rating": "9",
    "author": "love****",
    "review_id": "5090927",
    "movie_id": "42845"
  },
  {
    "review": "조로가 무엇하러 미연방 가입의 적극적 ㅋㅋ.미국인의 내셜널리즘 강조.풋",
    "date": "10.10.26",
    "rating": "1",
    "author": "suer****",
    "review_id": "4921821",
    "movie_id": "42845"
  },
  {
    "review": "멋진 조로의 맹활약",
    "date": "10.09.16",
    "rating": "8",
    "author": "yser****",
    "review_id": "4840234",
    "movie_id": "42845"
  },
  {
    "review": "좋아요.",
    "date": "10.06.09",
    "rating": "10",
    "author": "0527****",
    "review_id": "4555145",
    "movie_id": "42845"
  },
  {
    "review": "마음에 듭니다.",
    "date": "10.06.09",
    "rating": "10",
    "author": "nimb****",
    "review_id": "4555136",
    "movie_id": "42845"
  },
  {
    "review": "1편 생각하면 한숨밖에 안나온다 진짜",
    "date": "10.05.09",
    "rating": "6",
    "author": "sada****",
    "review_id": "4488857",
    "movie_id": "42845"
  },
  {
    "review": "재밌더만 뭘....",
    "date": "10.05.06",
    "rating": "10",
    "author": "nare****",
    "review_id": "4483156",
    "movie_id": "42845"
  },
  {
    "review": "ㅅㅂ 옛날영화같고 재미없네열;;;;;;;",
    "date": "10.02.19",
    "rating": "2",
    "author": "hhht****",
    "review_id": "4300297",
    "movie_id": "42845"
  },
  {
    "review": "재미는 확실히 1편보다 뛰어난게 확실한듯...",
    "date": "10.02.15",
    "rating": "10",
    "author": "evil****",
    "review_id": "4284998",
    "movie_id": "42845"
  },
  {
    "review": "흠..내가 왜 봤지,,,",
    "date": "10.02.09",
    "rating": "2",
    "author": "capg****",
    "review_id": "4263234",
    "movie_id": "42845"
  },
  {
    "review": "인디언 정신 배운 조로가 미연방 찬성자? 이사벨 아옌데 소설 원작의 조로나 기대!",
    "date": "10.02.06",
    "rating": "1",
    "author": "mexi****",
    "review_id": "4252991",
    "movie_id": "42845"
  },
  {
    "review": "캘리포니아는 미.맥 전쟁 이후에 미국에게 뺏긴땅.미국 제국주의로 조로를 망치다.",
    "date": "10.01.23",
    "rating": "1",
    "author": "tulu****",
    "review_id": "4201251",
    "movie_id": "42845"
  },
  {
    "review": "다소 구식 액션영화라고 할까.. 그냥 그렇다",
    "date": "10.01.11",
    "rating": "5",
    "author": "meta****",
    "review_id": "4157408",
    "movie_id": "42845"
  },
  {
    "review": "가족영화의정석",
    "date": "10.01.09",
    "rating": "7",
    "author": "rjsw****",
    "review_id": "4149675",
    "movie_id": "42845"
  },
  {
    "review": "스토리 전개가 너무 어색함",
    "date": "09.08.12",
    "rating": "4",
    "author": "eunt****",
    "review_id": "3741531",
    "movie_id": "42845"
  },
  {
    "review": "아래분, 조로 캐릭터도 그렇고 원래가 스페인 땅이었음 피해의식갖고 사는 줄 아시나",
    "date": "09.05.13",
    "rating": "8",
    "author": "denn****",
    "review_id": "3493047",
    "movie_id": "42845"
  },
  {
    "review": "역시 2편들은 거의 항상 질이 떨어진다~ 무슨 멕시코인들이 저렇게 미국을 좋아할까?",
    "date": "09.03.10",
    "rating": "5",
    "author": "mega****",
    "review_id": "3357997",
    "movie_id": "42845"
  },
  {
    "review": "1편보다 재미있습니다.",
    "date": "09.02.04",
    "rating": "9",
    "author": "dong****",
    "review_id": "3276702",
    "movie_id": "42845"
  },
  {
    "review": "오락 영화가 주는 순수한 쾌락.",
    "date": "09.01.02",
    "rating": "7",
    "author": "skat****",
    "review_id": "3176452",
    "movie_id": "42845"
  },
  {
    "review": "1편은 못 봐서 모르겠고 난 괜찮게 봤다",
    "date": "08.10.07",
    "rating": "10",
    "author": "lsge****",
    "review_id": "2988298",
    "movie_id": "42845"
  },
  {
    "review": "그냥 1편에서 끝냈어야 할 영화",
    "date": "08.10.04",
    "rating": "6",
    "author": "noxp****",
    "review_id": "2981913",
    "movie_id": "42845"
  },
  {
    "review": "이것도 배트맨처럼 무게감있는 스토리였으면 좋았을텐데...너무 가벼운 오락물.",
    "date": "08.09.12",
    "rating": "7",
    "author": "slal****",
    "review_id": "2938623",
    "movie_id": "42845"
  },
  {
    "review": "마틴 캠벨도 실패할 수 있는 인간이다",
    "date": "08.08.12",
    "rating": "6",
    "author": "what****",
    "review_id": "2863653",
    "movie_id": "42845"
  },
  {
    "review": "뭐라고 할말이 없다.. 난왜 일지매가 보이냐.. -_-.. [1편만 재밌음]",
    "date": "08.08.04",
    "rating": "5",
    "author": "lyk8****",
    "review_id": "2834001",
    "movie_id": "42845"
  },
  {
    "review": "7점",
    "date": "08.07.22",
    "rating": "7",
    "author": "klov****",
    "review_id": "2791229",
    "movie_id": "42845"
  },
  {
    "review": "조로라는 검객 잘하는 히어로는 한계가 있다 하지만 그럭저럭 볼만은 했다",
    "date": "08.07.14",
    "rating": "6",
    "author": "deff****",
    "review_id": "2762876",
    "movie_id": "42845"
  },
  {
    "review": "어쩐지 악당 입장에서 보고 싶은 영화",
    "date": "08.07.12",
    "rating": "6",
    "author": "saga****",
    "review_id": "2755532",
    "movie_id": "42845"
  },
  {
    "review": "재밌음",
    "date": "08.03.21",
    "rating": "6",
    "author": "asun****",
    "review_id": "2532075",
    "movie_id": "42845"
  },
  {
    "review": "재탕은 이제그만. 점점 신비감이 덜어지는 조로의 한계..",
    "date": "08.02.13",
    "rating": "3",
    "author": "evil****",
    "review_id": "2440684",
    "movie_id": "42845"
  },
  {
    "review": "왠지 악당 입장에서 보고 싶은 영화",
    "date": "07.12.29",
    "rating": "7",
    "author": "qwer****",
    "review_id": "2278947",
    "movie_id": "42845"
  },
  {
    "review": "새로운 히어로를 만들기 위해 애쓰는 헐리우드",
    "date": "07.12.14",
    "rating": "5",
    "author": "liho****",
    "review_id": "2230804",
    "movie_id": "42845"
  },
  {
    "review": "난 재밌든데 둘다 재밌다 마스크가 더 흥미로웠지만",
    "date": "07.12.02",
    "rating": "10",
    "author": "syj7****",
    "review_id": "2200819",
    "movie_id": "42845"
  },
  {
    "review": "짜릿! (캐서린 넘 예쁘네~)",
    "date": "07.11.18",
    "rating": "7",
    "author": "ysrp****",
    "review_id": "2160817",
    "movie_id": "42845"
  },
  {
    "review": "아쉽다",
    "date": "07.10.26",
    "rating": "6",
    "author": "pksj****",
    "review_id": "2112595",
    "movie_id": "42845"
  },
  {
    "review": "다이하드4.0보다 완벽함",
    "date": "07.09.30",
    "rating": "10",
    "author": "rla5****",
    "review_id": "2062709",
    "movie_id": "42845"
  },
  {
    "review": "액션은 훌륭한데 스토리가 너무구리다.시나리오는 스티븐 시걸 영화수준",
    "date": "07.09.16",
    "rating": "5",
    "author": "baks****",
    "review_id": "2023997",
    "movie_id": "42845"
  },
  {
    "review": "과장이 너무나도 심하며 무엇보다도 전편에 비하면 졸작이다.",
    "date": "07.09.11",
    "rating": "6",
    "author": "v292****",
    "review_id": "2014948",
    "movie_id": "42845"
  },
  {
    "review": "과장이 심하지만 아기자기하니 볼만했다.",
    "date": "07.09.02",
    "rating": "7",
    "author": "vhzm****",
    "review_id": "1997832",
    "movie_id": "42845"
  },
  {
    "review": "화끈하다.",
    "date": "07.08.06",
    "rating": "8",
    "author": "dion****",
    "review_id": "1894470",
    "movie_id": "42845"
  },
  {
    "review": "말도 않되게 무지 영웅적으로 묘사시켰네.그져 생각없이 재미로만 볼영화",
    "date": "07.07.12",
    "rating": "5",
    "author": "part****",
    "review_id": "1768986",
    "movie_id": "42845"
  },
  {
    "review": "부담없이 웃으며 재미있게 볼수있는 영화 역시 조로다.",
    "date": "07.06.19",
    "rating": "10",
    "author": "inw2****",
    "review_id": "1709676",
    "movie_id": "42845"
  },
  {
    "review": "작품성이 안좋아도 흥행을 하게되면 그래도 배우들 인기는 쩌는데 ``",
    "date": "07.06.16",
    "rating": "10",
    "author": "qkrw****",
    "review_id": "1702982",
    "movie_id": "42845"
  },
  {
    "review": "전편보다 뛰어난 오락영화. 이념따위는 주관적이야 무시해.",
    "date": "07.06.15",
    "rating": "8",
    "author": "2007****",
    "review_id": "1701422",
    "movie_id": "42845"
  },
  {
    "review": "전작보다 많이 떨어짐..ㅡㅡ;;",
    "date": "07.06.02",
    "rating": "6",
    "author": "do11****",
    "review_id": "1677766",
    "movie_id": "42845"
  },
  {
    "review": "이거 왜만들었는지...",
    "date": "07.04.03",
    "rating": "5",
    "author": "sg03****",
    "review_id": "1571306",
    "movie_id": "42845"
  },
  {
    "review": "재미있는 영화였다!!",
    "date": "07.03.25",
    "rating": "10",
    "author": "minc****",
    "review_id": "1553822",
    "movie_id": "42845"
  },
  {
    "review": "재밌긴 재밌는데..그냥 조용히 미국넘들끼리 오손도손 즐겁게 봤으면...",
    "date": "07.03.02",
    "rating": "7",
    "author": "myli****",
    "review_id": "1512370",
    "movie_id": "42845"
  },
  {
    "review": "기대 많이 했었는데.. 너무 오래 기달렸어ㅋ",
    "date": "07.02.27",
    "rating": "6",
    "author": "nohy****",
    "review_id": "1505730",
    "movie_id": "42845"
  },
  {
    "review": "누가 제목을 르겐드라 읽노-,.ㅡ?!!",
    "date": "07.02.05",
    "rating": "1",
    "author": "ghkd****",
    "review_id": "1446630",
    "movie_id": "42845"
  },
  {
    "review": "애랑 아줌마 비중을 줄여야 했다. 암튼 존내 유치하다....",
    "date": "07.01.16",
    "rating": "4",
    "author": "jiko****",
    "review_id": "1388391",
    "movie_id": "42845"
  },
  {
    "review": "브레이브하트가 될수 있는 기회가 있었는데... 배우가 아깝다",
    "date": "07.01.06",
    "rating": "4",
    "author": "ingu****",
    "review_id": "1362767",
    "movie_id": "42845"
  },
  {
    "review": "그냥 즐기다가 시계보다가 하면 시간가는...",
    "date": "07.01.03",
    "rating": "6",
    "author": "nala****",
    "review_id": "1353184",
    "movie_id": "42845"
  },
  {
    "review": "재밌눈데 왜그래염..ㅋㅋㅋ난 정말 재밌게봤는데 아들두 귀엽고",
    "date": "06.12.17",
    "rating": "10",
    "author": "diya****",
    "review_id": "1300334",
    "movie_id": "42845"
  },
  {
    "review": "머야 재밌기만하네..ㅎㅎ안토니오반데라스 멋있어요ㅠㅠ",
    "date": "06.12.10",
    "rating": "10",
    "author": "puyp****",
    "review_id": "1282594",
    "movie_id": "42845"
  },
  {
    "review": "전편보단 확실히 못한..",
    "date": "06.11.18",
    "rating": "7",
    "author": "newf****",
    "review_id": "1239148",
    "movie_id": "42845"
  },
  {
    "review": "재밌어요, 재밌어.....",
    "date": "06.11.10",
    "rating": "10",
    "author": "1025****",
    "review_id": "1225729",
    "movie_id": "42845"
  },
  {
    "review": "백작이 이기길 바랬다....",
    "date": "06.10.25",
    "rating": "1",
    "author": "bk04****",
    "review_id": "1198188",
    "movie_id": "42845"
  },
  {
    "review": "영화보면서 예쁜여주인공얘기만...",
    "date": "06.09.23",
    "rating": "7",
    "author": "lbn1****",
    "review_id": "1138884",
    "movie_id": "42845"
  },
  {
    "review": "아저씨로돌아온죠로 ㅠ 0ㅠ",
    "date": "06.09.17",
    "rating": "4",
    "author": "kotm****",
    "review_id": "1127504",
    "movie_id": "42845"
  },
  {
    "review": "보고 즐기면 되는 영화!!",
    "date": "06.09.04",
    "rating": "7",
    "author": "dogm****",
    "review_id": "1102257",
    "movie_id": "42845"
  },
  {
    "review": "토요명화가 아직도 한다면 어울릴 영화",
    "date": "06.09.04",
    "rating": "9",
    "author": "wake****",
    "review_id": "1102253",
    "movie_id": "42845"
  },
  {
    "review": "평이한 스토리 1편의 그늘에 가려져 대성하기는 힘들듯",
    "date": "06.08.17",
    "rating": "6",
    "author": "dhwj****",
    "review_id": "1047612",
    "movie_id": "42845"
  },
  {
    "review": "원래 영화보다 잘 안조는대, 보다 잘뻔했다",
    "date": "06.08.11",
    "rating": "3",
    "author": "sach****",
    "review_id": "997388",
    "movie_id": "42845"
  },
  {
    "review": "무난해요,ㅎ 약간의 스릴?ㅋㅋ",
    "date": "06.07.16",
    "rating": "8",
    "author": "bobb****",
    "review_id": "895957",
    "movie_id": "42845"
  },
  {
    "review": "흠...역시 전작에 못미치는군...흡입력 약함...-_-",
    "date": "06.07.10",
    "rating": "6",
    "author": "park****",
    "review_id": "882158",
    "movie_id": "42845"
  },
  {
    "review": "그냥 가볍게 볼수있는 정도로 만들었다",
    "date": "06.06.26",
    "rating": "6",
    "author": "baga****",
    "review_id": "858440",
    "movie_id": "42845"
  },
  {
    "review": "전편을 고등학교때 정말 재밌게 본 기억이 아직도 나는데..ㅋ",
    "date": "06.06.03",
    "rating": "6",
    "author": "beat****",
    "review_id": "828604",
    "movie_id": "42845"
  },
  {
    "review": "전편 대비.. 그닥 재미를 못느낌.. ^^;",
    "date": "06.05.01",
    "rating": "7",
    "author": "like****",
    "review_id": "782168",
    "movie_id": "42845"
  },
  {
    "review": "재밌던데,,-_- 평점 왜 그래?",
    "date": "06.04.23",
    "rating": "10",
    "author": "ssa5****",
    "review_id": "773037",
    "movie_id": "42845"
  },
  {
    "review": "이 영화에선 무엇이 '전설'인지 궁금하다.",
    "date": "06.04.10",
    "rating": "5",
    "author": "jcr3****",
    "review_id": "756698",
    "movie_id": "42845"
  },
  {
    "review": "이영화는 애들만 보나요?",
    "date": "06.04.09",
    "rating": "3",
    "author": "lyck****",
    "review_id": "755333",
    "movie_id": "42845"
  },
  {
    "review": "1편은 긴장감만빵이었는데. 2편은 재미만 있다.ㅋ",
    "date": "06.04.07",
    "rating": "7",
    "author": "kami****",
    "review_id": "752342",
    "movie_id": "42845"
  },
  {
    "review": "일편이휠씬잼밌다기대했는데실망이다 ㅜㅜ",
    "date": "06.04.07",
    "rating": "4",
    "author": "jjyj****",
    "review_id": "751266",
    "movie_id": "42845"
  },
  {
    "review": "영화초반에 말도안되는 파티.15분동안 그러고있냐?",
    "date": "06.04.01",
    "rating": "5",
    "author": "leej****",
    "review_id": "744556",
    "movie_id": "42845"
  },
  {
    "review": "생각보다 지루했다..",
    "date": "06.03.31",
    "rating": "6",
    "author": "coke****",
    "review_id": "742705",
    "movie_id": "42845"
  },
  {
    "review": "왜이케 평이 안좋아. 기분 좋게 봤는데-_-",
    "date": "06.03.27",
    "rating": "10",
    "author": "ipsa****",
    "review_id": "737418",
    "movie_id": "42845"
  },
  {
    "review": "스필버그, 난 오늘부터 당신을 벌레취급하고싶어",
    "date": "06.03.27",
    "rating": "6",
    "author": "kwan****",
    "review_id": "736343",
    "movie_id": "42845"
  },
  {
    "review": "국민을 위한 조로는 어디가고, 바보멍청이 술꾼만 남았는가?",
    "date": "06.03.25",
    "rating": "6",
    "author": "neco****",
    "review_id": "733358",
    "movie_id": "42845"
  },
  {
    "review": "스필버그 냄새가 나는 장면이 많았지만 예전같진 않다~",
    "date": "06.03.12",
    "rating": "6",
    "author": "jp47****",
    "review_id": "714184",
    "movie_id": "42845"
  }
]