[
  {
    "review": "최순희의 삶이 오래토록 가슴 속에 남아있을 거 같다. 물결의 파동처럼 조용히 마음을 울리는 영화.",
    "date": "14.07.23",
    "rating": "9",
    "author": "dbsw****",
    "review_id": "8942280",
    "movie_id": "42859"
  },
  {
    "review": "벌써 오래전이 되어 버린 그때 본 그 영화. 내 마음을 멘탈붕괴로 몰고 간 영화. 그녀의 뒷모습이 영화에서 사라지고 난 뒤에도 극장을 떠나지 못하고 잔상처럼 남아 있었다. 영화는 그런 것. 마음의 울림.",
    "date": "14.06.05",
    "rating": "10",
    "author": "ukic****",
    "review_id": "8800876",
    "movie_id": "42859"
  },
  {
    "review": "심플함, 단순함의 연속이지만 공허함속에 숨어있는 그림 한 폭을 보는 듯한 영화",
    "date": "13.08.12",
    "rating": "6",
    "author": "lees****",
    "review_id": "7873074",
    "movie_id": "42859"
  },
  {
    "review": "단조로움이 극단으로 흐를 때.",
    "date": "13.04.10",
    "rating": "5",
    "author": "tear****",
    "review_id": "7448536",
    "movie_id": "42859"
  },
  {
    "review": "시간가는 줄 모르고 그녀의 처절한 삶에 녹아들다. 이토록 좋은 영화를 왜 이제야 봤을까.",
    "date": "12.11.10",
    "rating": "9",
    "author": "sech****",
    "review_id": "6872920",
    "movie_id": "42859"
  },
  {
    "review": "이런영화 제일싫어. 말없고 배경음악이 있는것도 아니고",
    "date": "12.10.21",
    "rating": "1",
    "author": "eye0****",
    "review_id": "6816549",
    "movie_id": "42859"
  },
  {
    "review": "장면을 덜어낼수록 잊을수 없게 만드는 경지",
    "date": "12.01.18",
    "rating": "9",
    "author": "czsu****",
    "review_id": "5995191",
    "movie_id": "42859"
  },
  {
    "review": "마지막이 가장 슬펐다.",
    "date": "11.04.21",
    "rating": "10",
    "author": "nohh****",
    "review_id": "5385381",
    "movie_id": "42859"
  },
  {
    "review": "먹먹하게 아프다.",
    "date": "10.10.16",
    "rating": "6",
    "author": "pria****",
    "review_id": "4906655",
    "movie_id": "42859"
  },
  {
    "review": "이런 스타일의 영화 좋다!",
    "date": "10.07.25",
    "rating": "10",
    "author": "cdrl****",
    "review_id": "4669482",
    "movie_id": "42859"
  },
  {
    "review": "영화의 흐름이 마음에든다",
    "date": "10.02.25",
    "rating": "8",
    "author": "leem****",
    "review_id": "4316878",
    "movie_id": "42859"
  },
  {
    "review": "좋은 영화이긴 하지만 지루.....",
    "date": "10.01.29",
    "rating": "7",
    "author": "sona****",
    "review_id": "4221389",
    "movie_id": "42859"
  },
  {
    "review": "마지막 희망을 잃은 자의 잔인한 복수",
    "date": "09.12.27",
    "rating": "7",
    "author": "kusa****",
    "review_id": "4094984",
    "movie_id": "42859"
  },
  {
    "review": "적막함이 짙게 묻어나는 슬픔과 긴 여운...무표정한 최순희",
    "date": "09.10.07",
    "rating": "7",
    "author": "egyp****",
    "review_id": "3878632",
    "movie_id": "42859"
  },
  {
    "review": "리양 감독을 연상케하는 연출... 망산,  맹정과 느낌이 비슷...",
    "date": "09.06.15",
    "rating": "10",
    "author": "kos4****",
    "review_id": "3567895",
    "movie_id": "42859"
  },
  {
    "review": "어디든 기댈곳이 없다. 긴 말이 필요없는 시퀀스가 멋지다.",
    "date": "09.05.17",
    "rating": "9",
    "author": "pree****",
    "review_id": "3501038",
    "movie_id": "42859"
  },
  {
    "review": "처참할뿐",
    "date": "09.05.03",
    "rating": "5",
    "author": "drd1****",
    "review_id": "3461289",
    "movie_id": "42859"
  },
  {
    "review": "너무 잔혹하다...",
    "date": "09.04.26",
    "rating": "8",
    "author": "flyh****",
    "review_id": "3441541",
    "movie_id": "42859"
  },
  {
    "review": "모두가 희망의 씨앗을 뿌릴때 그녀는 조용히 쥐약을 뿌린다",
    "date": "09.03.04",
    "rating": "8",
    "author": "arut****",
    "review_id": "3346560",
    "movie_id": "42859"
  },
  {
    "review": "어둡고절망적인삶을  리얼리티있게 연출해낸 감독에게 박수를..",
    "date": "08.11.21",
    "rating": "8",
    "author": "bboj****",
    "review_id": "3063055",
    "movie_id": "42859"
  },
  {
    "review": "너무 충격적인 결말을 느끼게  해준 영화 입니다. 인상깊었네여",
    "date": "08.06.03",
    "rating": "10",
    "author": "daha****",
    "review_id": "2677360",
    "movie_id": "42859"
  },
  {
    "review": "무슨 말이 필요할까. 걸작!",
    "date": "07.11.15",
    "rating": "10",
    "author": "rem4****",
    "review_id": "2153135",
    "movie_id": "42859"
  },
  {
    "review": "잔잔한스토리 긴여운",
    "date": "07.10.22",
    "rating": "9",
    "author": "crea****",
    "review_id": "2104720",
    "movie_id": "42859"
  },
  {
    "review": "중공에서 탈색한 중국 변방의 모습들...민족은...다시 민족은",
    "date": "07.10.08",
    "rating": "10",
    "author": "murt****",
    "review_id": "2078217",
    "movie_id": "42859"
  },
  {
    "review": "영화지만..이런 절망적인 인생이 정말 많겠지...슬펐다.",
    "date": "07.09.28",
    "rating": "7",
    "author": "muld****",
    "review_id": "2057855",
    "movie_id": "42859"
  },
  {
    "review": "김동인 '감자'의 복녀가 생각이 났습니다..",
    "date": "07.09.24",
    "rating": "9",
    "author": "yoki****",
    "review_id": "2043960",
    "movie_id": "42859"
  },
  {
    "review": "아무것도 얘기하지 않지만 슬픔과 먹먹함이 자꾸자꾸 비어져나와 가득해진다.",
    "date": "07.09.24",
    "rating": "7",
    "author": "hadl****",
    "review_id": "2043589",
    "movie_id": "42859"
  },
  {
    "review": "16개월 전에 본 영환가..휴~ 이 속에 희망은 없었다 적어도 내 눈에는",
    "date": "07.07.03",
    "rating": "7",
    "author": "titi****",
    "review_id": "1743715",
    "movie_id": "42859"
  },
  {
    "review": "여백의 미를 살린.. 애잔한 여운이 많이 남는..",
    "date": "07.06.23",
    "rating": "9",
    "author": "cath****",
    "review_id": "1715516",
    "movie_id": "42859"
  },
  {
    "review": "참으로 차분히도 잔인해진다",
    "date": "07.05.07",
    "rating": "10",
    "author": "lenz****",
    "review_id": "1626336",
    "movie_id": "42859"
  },
  {
    "review": "화면은 순희씨를 따라갈 뿐인데 어느새 내옆에 순희씨가 있더라",
    "date": "07.01.29",
    "rating": "9",
    "author": "juck****",
    "review_id": "1424961",
    "movie_id": "42859"
  },
  {
    "review": "정말 지루",
    "date": "06.12.28",
    "rating": "3",
    "author": "tolb****",
    "review_id": "1335473",
    "movie_id": "42859"
  },
  {
    "review": "나랑여친포함 관객5명 이거원...지루함의극치",
    "date": "06.10.01",
    "rating": "1",
    "author": "gucc****",
    "review_id": "1152128",
    "movie_id": "42859"
  },
  {
    "review": "숨이차서견딜수가없었다",
    "date": "06.05.15",
    "rating": "10",
    "author": "rkdt****",
    "review_id": "800705",
    "movie_id": "42859"
  },
  {
    "review": "내 인생 최고의 영화... 내 모든 걸 흔들어 버린 영화.",
    "date": "06.05.11",
    "rating": "10",
    "author": "leec****",
    "review_id": "795234",
    "movie_id": "42859"
  },
  {
    "review": "이해갑니다.최순희씨.하지만 장률의 야심은 이해 할수 없네요",
    "date": "06.05.05",
    "rating": "7",
    "author": "erhe****",
    "review_id": "786816",
    "movie_id": "42859"
  },
  {
    "review": "조용하기에 더 처절하다. 긴 여운",
    "date": "06.04.26",
    "rating": "9",
    "author": "jimi****",
    "review_id": "775815",
    "movie_id": "42859"
  },
  {
    "review": "엔딩크레딧에 발걸음 소리가 잊혀지지 않는다. 그녀는 과연..",
    "date": "06.04.16",
    "rating": "9",
    "author": "snow****",
    "review_id": "762895",
    "movie_id": "42859"
  },
  {
    "review": "희망이라는 단어는 처음부터 없었다",
    "date": "06.04.08",
    "rating": "9",
    "author": "dabu****",
    "review_id": "753684",
    "movie_id": "42859"
  },
  {
    "review": "이것이 꾸미지 않은 그녀의 일상이기에. 더 처절하다",
    "date": "06.03.31",
    "rating": "10",
    "author": "dand****",
    "review_id": "743095",
    "movie_id": "42859"
  },
  {
    "review": "여기 있는 황당한 평점들에 속지 마시라는 뜻으로--;",
    "date": "06.03.31",
    "rating": "1",
    "author": "reme****",
    "review_id": "742570",
    "movie_id": "42859"
  },
  {
    "review": "자극적인 영상이 길들여진 우리들에게 선사하는 정적의 미학..",
    "date": "06.03.29",
    "rating": "10",
    "author": "rare****",
    "review_id": "740392",
    "movie_id": "42859"
  },
  {
    "review": "너무 어려운 척 하려는 거 아닌가?",
    "date": "06.03.27",
    "rating": "7",
    "author": "tolb****",
    "review_id": "737322",
    "movie_id": "42859"
  },
  {
    "review": "생각하게하는 영화. 꼭 볼만.",
    "date": "06.03.26",
    "rating": "10",
    "author": "byck****",
    "review_id": "735572",
    "movie_id": "42859"
  },
  {
    "review": "조선족을 우범집단으로 보게 만드는 황당한 반민족적 영화",
    "date": "06.03.24",
    "rating": "1",
    "author": "mins****",
    "review_id": "732103",
    "movie_id": "42859"
  },
  {
    "review": "거장의 탄생.",
    "date": "06.03.23",
    "rating": "10",
    "author": "grea****",
    "review_id": "730665",
    "movie_id": "42859"
  },
  {
    "review": "오늘날 스타마케팅의 병태로 하여금, 이 영화에 찬사를 보낸다!",
    "date": "06.03.20",
    "rating": "10",
    "author": "leeh****",
    "review_id": "725843",
    "movie_id": "42859"
  },
  {
    "review": "웃어야할 상황에 눈물을 흘릴 수 밖에 없는,, 슬픈우리젊은?",
    "date": "06.03.20",
    "rating": "10",
    "author": "lhcg****",
    "review_id": "725841",
    "movie_id": "42859"
  },
  {
    "review": "질적영화는 양적영화의 근거일 뿐이라.. 하이데거의 말씀,,",
    "date": "06.03.20",
    "rating": "10",
    "author": "leeh****",
    "review_id": "725840",
    "movie_id": "42859"
  },
  {
    "review": "과연 희망은 있는걸까?...",
    "date": "06.03.09",
    "rating": "8",
    "author": "unic****",
    "review_id": "709751",
    "movie_id": "42859"
  },
  {
    "review": "낯설고 적막하고 약간은 웃기는...그러나 슬픈이야기",
    "date": "06.03.09",
    "rating": "6",
    "author": "tea6****",
    "review_id": "709576",
    "movie_id": "42859"
  },
  {
    "review": "감독의 정직한 은유와 상징에 박수를 보낸다.",
    "date": "06.01.26",
    "rating": "10",
    "author": "myes****",
    "review_id": "624539",
    "movie_id": "42859"
  },
  {
    "review": "상징안에 감정을 담은 절제미. 건조함, 이것이 '일상'이기에!",
    "date": "06.01.25",
    "rating": "9",
    "author": "emoo****",
    "review_id": "619511",
    "movie_id": "42859"
  },
  {
    "review": "낮설기에 더 내감정으로 분노할 수 있었습니다.",
    "date": "06.01.21",
    "rating": "9",
    "author": "drea****",
    "review_id": "607183",
    "movie_id": "42859"
  },
  {
    "review": "어렵다..ㅠ",
    "date": "06.01.20",
    "rating": "7",
    "author": "fosg****",
    "review_id": "604996",
    "movie_id": "42859"
  },
  {
    "review": "손은 떨리고 심장은 터질듯 저려온다. 정말 멋진영화.",
    "date": "05.11.25",
    "rating": "10",
    "author": "yomi****",
    "review_id": "484761",
    "movie_id": "42859"
  },
  {
    "review": "말이 필요없는 조선족 영화",
    "date": "05.10.17",
    "rating": "10",
    "author": "gree****",
    "review_id": "445797",
    "movie_id": "42859"
  },
  {
    "review": "밑바닥 인생의 극한 면을 그린 영화...",
    "date": "05.10.07",
    "rating": "7",
    "author": "psch****",
    "review_id": "436069",
    "movie_id": "42859"
  }
]