[
  {
    "review": "웨슬리도 이제 한물겄군 이런 C급 쓰레기 영화만 나오고시간이 아까운영화",
    "date": "14.05.29",
    "rating": "1",
    "author": "2000****",
    "review_id": "8774046",
    "movie_id": "42860"
  },
  {
    "review": "지체 장애 액션과 시각 장애 스토리",
    "date": "13.05.21",
    "rating": "1",
    "author": "expr****",
    "review_id": "7546351",
    "movie_id": "42860"
  },
  {
    "review": "킬링타임용 가치도 없군",
    "date": "13.04.11",
    "rating": "3",
    "author": "guev****",
    "review_id": "7449619",
    "movie_id": "42860"
  },
  {
    "review": "흔해빠지고 아주 평범한 완성도도 낮은 영화",
    "date": "12.01.19",
    "rating": "5",
    "author": "meta****",
    "review_id": "5997858",
    "movie_id": "42860"
  },
  {
    "review": "재미없엉",
    "date": "11.08.06",
    "rating": "4",
    "author": "rjsw****",
    "review_id": "5608690",
    "movie_id": "42860"
  },
  {
    "review": "초반에만 흥미진진..여주인공 등장하는 순간 부터 재미가 없어진다",
    "date": "11.06.04",
    "rating": "3",
    "author": "rosl****",
    "review_id": "5464453",
    "movie_id": "42860"
  },
  {
    "review": "나능걍볼만햇다능",
    "date": "11.05.16",
    "rating": "6",
    "author": "kj11****",
    "review_id": "5430853",
    "movie_id": "42860"
  },
  {
    "review": "스나입스의 화려한 쌈질은 볼수없었지만 허접한 영화와 배우들은 아니다",
    "date": "10.12.15",
    "rating": "10",
    "author": "konu****",
    "review_id": "5055290",
    "movie_id": "42860"
  },
  {
    "review": "안스러운 웨슬리 스나입스...",
    "date": "10.11.21",
    "rating": "5",
    "author": "cont****",
    "review_id": "4978135",
    "movie_id": "42860"
  },
  {
    "review": "이건 아니지.. 웨슬리 스나입스의 매력을 살리질 못하네..",
    "date": "10.03.02",
    "rating": "3",
    "author": "lmhc****",
    "review_id": "4328990",
    "movie_id": "42860"
  },
  {
    "review": "나만 낚일순 없다.",
    "date": "09.10.14",
    "rating": "10",
    "author": "leep****",
    "review_id": "3891575",
    "movie_id": "42860"
  },
  {
    "review": "이제는 비디오 렌탈숍에서나 환영받을만한,3류 액션스타로 전락한 웨서방.",
    "date": "09.09.21",
    "rating": "1",
    "author": "baks****",
    "review_id": "3843138",
    "movie_id": "42860"
  },
  {
    "review": "나만 낚일수 없다 ㅋㅋㅋㅋㅋㅋㅋㅋ",
    "date": "09.06.06",
    "rating": "10",
    "author": "comp****",
    "review_id": "3548703",
    "movie_id": "42860"
  },
  {
    "review": "눈은(눈만) 즐거웠다.",
    "date": "09.03.24",
    "rating": "2",
    "author": "evil****",
    "review_id": "3384430",
    "movie_id": "42860"
  },
  {
    "review": "그렇게 재밌지는 않던데.....",
    "date": "08.12.05",
    "rating": "6",
    "author": "blac****",
    "review_id": "3092566",
    "movie_id": "42860"
  },
  {
    "review": "역시 웨슬리스나입스~",
    "date": "08.10.22",
    "rating": "10",
    "author": "luxu****",
    "review_id": "3013320",
    "movie_id": "42860"
  },
  {
    "review": "와우 화려한 스케일",
    "date": "08.08.27",
    "rating": "10",
    "author": "dllo****",
    "review_id": "2905888",
    "movie_id": "42860"
  },
  {
    "review": "스나입스 이제 3류 영화에만 출연하는구만..",
    "date": "08.08.20",
    "rating": "3",
    "author": "spre****",
    "review_id": "2888858",
    "movie_id": "42860"
  },
  {
    "review": "재밌다~",
    "date": "08.02.20",
    "rating": "10",
    "author": "ggdd****",
    "review_id": "2464868",
    "movie_id": "42860"
  },
  {
    "review": "액션도아니고 반전도 아닌, 술에물탄듯 물에술탄듯 엉성하다..",
    "date": "08.01.08",
    "rating": "4",
    "author": "ghkd****",
    "review_id": "2307736",
    "movie_id": "42860"
  },
  {
    "review": "포스터가 영화와 딱이네 ㅋㅋ 속이는것도 없고 딱 포스터수준",
    "date": "07.11.19",
    "rating": "2",
    "author": "rkve****",
    "review_id": "2165379",
    "movie_id": "42860"
  },
  {
    "review": "화면은 재밌는데 내용이 재미없고 무척 어렵다.그래도 볼만한 작품",
    "date": "07.10.12",
    "rating": "8",
    "author": "part****",
    "review_id": "2085350",
    "movie_id": "42860"
  },
  {
    "review": "맥빠지는 스나입스 영화군 설마 설마 했는데",
    "date": "07.10.12",
    "rating": "3",
    "author": "deff****",
    "review_id": "2084542",
    "movie_id": "42860"
  },
  {
    "review": "이런 영화도 극장에서 보면 실감났을까?ㅎ",
    "date": "07.08.04",
    "rating": "5",
    "author": "cdsu****",
    "review_id": "1872496",
    "movie_id": "42860"
  },
  {
    "review": "스나입스도 늙었다...블레이드 3부터 알아봤어......",
    "date": "07.02.22",
    "rating": "5",
    "author": "sysh****",
    "review_id": "1494147",
    "movie_id": "42860"
  },
  {
    "review": "재밌고 스릴이 있는데 내용이해하기 힘들었음 ㅋㅋ 볼만함",
    "date": "06.10.29",
    "rating": "9",
    "author": "kwye****",
    "review_id": "1204508",
    "movie_id": "42860"
  },
  {
    "review": "에휴휴..",
    "date": "06.10.16",
    "rating": "4",
    "author": "jhlu****",
    "review_id": "1185162",
    "movie_id": "42860"
  },
  {
    "review": "괸히봤다..우리의 티코가 나오는 장면만 반가움..>.신고",
    "date": "06.10.12",
    "rating": "2",
    "author": "kfe2****",
    "review_id": "1176863",
    "movie_id": "42860"
  },
  {
    "review": "앤더스 한배우만빼고 나머진 액션만 볼만 앤더스배우너무이쁘다",
    "date": "06.10.05",
    "rating": "6",
    "author": "shai****",
    "review_id": "1162153",
    "movie_id": "42860"
  },
  {
    "review": "나름대로 액션은괜찮았지만..ㅠㅠ 왠지영화자체가 ㅠ_ㅠ",
    "date": "06.08.30",
    "rating": "6",
    "author": "kotm****",
    "review_id": "1090895",
    "movie_id": "42860"
  },
  {
    "review": "상황 파악을 좀 늦게 하는게 어색",
    "date": "06.08.26",
    "rating": "8",
    "author": "nano****",
    "review_id": "1078381",
    "movie_id": "42860"
  },
  {
    "review": "스나입스 궁한가보다.",
    "date": "06.08.02",
    "rating": "6",
    "author": "cheo****",
    "review_id": "955906",
    "movie_id": "42860"
  },
  {
    "review": "깔끔한 액션까진 좋은데 화려함이 부족했다",
    "date": "06.07.24",
    "rating": "7",
    "author": "hori****",
    "review_id": "919185",
    "movie_id": "42860"
  },
  {
    "review": "스나입스만 보이는 영화.. 나머진 그다지..",
    "date": "06.07.19",
    "rating": "5",
    "author": "urkn****",
    "review_id": "905587",
    "movie_id": "42860"
  },
  {
    "review": "스나입스의 멋진액션",
    "date": "06.06.30",
    "rating": "8",
    "author": "wwww****",
    "review_id": "863488",
    "movie_id": "42860"
  },
  {
    "review": "이 영화 1년 전에 봤는데 얼마나 재미 없었으면 지금 잊었을까.",
    "date": "06.06.27",
    "rating": "1",
    "author": "yush****",
    "review_id": "859536",
    "movie_id": "42860"
  },
  {
    "review": "맞다 말그대로 킬링타임용 액션영화",
    "date": "06.05.30",
    "rating": "6",
    "author": "bamj****",
    "review_id": "823001",
    "movie_id": "42860"
  },
  {
    "review": "킬링타임이 적절하네요~ 토요명화에 딱맞는 영화",
    "date": "06.05.19",
    "rating": "8",
    "author": "brig****",
    "review_id": "805494",
    "movie_id": "42860"
  },
  {
    "review": "킬링타임용으로 그다지 나쁘지는 않음",
    "date": "06.04.14",
    "rating": "7",
    "author": "tfro****",
    "review_id": "760540",
    "movie_id": "42860"
  },
  {
    "review": "독특한 소재와 반전을 다룬영화.. 잼나게 봤어요 ^_^",
    "date": "06.04.03",
    "rating": "8",
    "author": "yjh6****",
    "review_id": "746738",
    "movie_id": "42860"
  },
  {
    "review": "그나마 한국과 인연이 있으니까 봐줄 수 있었다.",
    "date": "06.03.21",
    "rating": "5",
    "author": "eulo****",
    "review_id": "726868",
    "movie_id": "42860"
  },
  {
    "review": "정말 재미있게봤따 킬리넘과 똑같다",
    "date": "06.03.18",
    "rating": "10",
    "author": "s2_7****",
    "review_id": "721939",
    "movie_id": "42860"
  },
  {
    "review": "킬링타임~",
    "date": "06.03.18",
    "rating": "6",
    "author": "do_x****",
    "review_id": "720756",
    "movie_id": "42860"
  },
  {
    "review": "이젠 식상하다 못해 지루한 스나입스표 액션영화",
    "date": "06.03.05",
    "rating": "2",
    "author": "ky21****",
    "review_id": "704665",
    "movie_id": "42860"
  },
  {
    "review": "뭐냐 뭐냐 모든게 엉망..",
    "date": "06.02.05",
    "rating": "6",
    "author": "jung****",
    "review_id": "648677",
    "movie_id": "42860"
  },
  {
    "review": "안 보는게 정신 건강에 좋을듯..",
    "date": "06.01.01",
    "rating": "1",
    "author": "wsm0****",
    "review_id": "550892",
    "movie_id": "42860"
  },
  {
    "review": "액션도 아니고.. 뭐지??",
    "date": "06.01.01",
    "rating": "1",
    "author": "i12b****",
    "review_id": "550831",
    "movie_id": "42860"
  },
  {
    "review": "킬링 타임 영화입니다. 웨슬리 역시 킬링타임으로 제격",
    "date": "05.10.14",
    "rating": "7",
    "author": "v7gi****",
    "review_id": "441851",
    "movie_id": "42860"
  },
  {
    "review": "웨슬리도 시걸이나 반담처럼 b급배우가 되는건가.....",
    "date": "05.10.04",
    "rating": "1",
    "author": "clwm****",
    "review_id": "433398",
    "movie_id": "42860"
  },
  {
    "review": "웨슬리 류의 영화...액션...",
    "date": "05.09.30",
    "rating": "7",
    "author": "supe****",
    "review_id": "427689",
    "movie_id": "42860"
  },
  {
    "review": "제작비 날주면 아껴서 쓸께",
    "date": "05.09.27",
    "rating": "4",
    "author": "ocdg****",
    "review_id": "423930",
    "movie_id": "42860"
  },
  {
    "review": "재밌습니다.이정도 액션 볼만한데 평점 개판이네",
    "date": "05.09.19",
    "rating": "8",
    "author": "yth9****",
    "review_id": "412988",
    "movie_id": "42860"
  },
  {
    "review": "시간이 너무 많아서 주체 할 수 없는 분에게 추천함.",
    "date": "05.09.18",
    "rating": "2",
    "author": "seaw****",
    "review_id": "410369",
    "movie_id": "42860"
  },
  {
    "review": "주연급 배우가 맘에드는군요",
    "date": "05.09.09",
    "rating": "7",
    "author": "ssli****",
    "review_id": "398321",
    "movie_id": "42860"
  },
  {
    "review": "그냥 재밋는데요~시간때우기좋은데요",
    "date": "05.09.02",
    "rating": "10",
    "author": "sant****",
    "review_id": "390813",
    "movie_id": "42860"
  },
  {
    "review": "안봐도 전혀 후회 안할 영화",
    "date": "05.08.27",
    "rating": "1",
    "author": "rain****",
    "review_id": "386025",
    "movie_id": "42860"
  },
  {
    "review": "너무 하지 않나? 무슨.....",
    "date": "05.08.18",
    "rating": "6",
    "author": "shom****",
    "review_id": "373118",
    "movie_id": "42860"
  },
  {
    "review": "쓰레기",
    "date": "05.08.11",
    "rating": "5",
    "author": "baga****",
    "review_id": "361908",
    "movie_id": "42860"
  },
  {
    "review": "애휴...그냥 시간때워여 ..이거 ㅋ",
    "date": "05.08.10",
    "rating": "6",
    "author": "sill****",
    "review_id": "360543",
    "movie_id": "42860"
  },
  {
    "review": "잘짜여진 액션",
    "date": "05.08.06",
    "rating": "8",
    "author": "kws7****",
    "review_id": "355348",
    "movie_id": "42860"
  },
  {
    "review": "비디오급",
    "date": "05.08.05",
    "rating": "6",
    "author": "ysh0****",
    "review_id": "353619",
    "movie_id": "42860"
  },
  {
    "review": "별다섯개 준사람은 머냐 ㅡㅡ 쓰레기 영화 스토리 절라 엉성",
    "date": "05.07.30",
    "rating": "1",
    "author": "badp****",
    "review_id": "342221",
    "movie_id": "42860"
  },
  {
    "review": "현금차량 탈취와 차량 추격신등 전반부는 상당히 괜찮았다..",
    "date": "05.07.28",
    "rating": "7",
    "author": "gall****",
    "review_id": "337403",
    "movie_id": "42860"
  },
  {
    "review": "난 재밌는데 왜들그러지",
    "date": "05.07.19",
    "rating": "10",
    "author": "cho5****",
    "review_id": "327749",
    "movie_id": "42860"
  },
  {
    "review": "처음 부터끝까지 지루하지않았다",
    "date": "05.07.14",
    "rating": "9",
    "author": "ukso****",
    "review_id": "322236",
    "movie_id": "42860"
  },
  {
    "review": "딱 7초동안만 재밌더군 -  자동차질주와 총질뿐",
    "date": "05.07.10",
    "rating": "3",
    "author": "ds4d****",
    "review_id": "317853",
    "movie_id": "42860"
  },
  {
    "review": "시간날때 보세용~~^^;;",
    "date": "05.07.10",
    "rating": "6",
    "author": "choi****",
    "review_id": "317281",
    "movie_id": "42860"
  },
  {
    "review": "그런대로 재임 있었음다.",
    "date": "05.07.09",
    "rating": "9",
    "author": "ktle****",
    "review_id": "316797",
    "movie_id": "42860"
  },
  {
    "review": "진짜최악..액션과 시나리오 연기 모두 실망이다",
    "date": "05.07.09",
    "rating": "4",
    "author": "grea****",
    "review_id": "316706",
    "movie_id": "42860"
  },
  {
    "review": "몇몇 배우들의 어색한 연기와 지루함..",
    "date": "05.07.09",
    "rating": "6",
    "author": "limj****",
    "review_id": "316615",
    "movie_id": "42860"
  },
  {
    "review": "중반은 스릴있지만..끝이 아쉽고.스토리가 좀 허술함",
    "date": "05.07.08",
    "rating": "8",
    "author": "jinm****",
    "review_id": "315772",
    "movie_id": "42860"
  }
]