[
  {
    "review": "이거 학교에서 점심시간에 보다가 쌤이 밥 빨리 먹으라해서 보다 말았는데 궁금해서 집에서 네이버에 쳐서 봤는데 남자같은 여자가 그 로봇 조정하는 남자애를 좋아해서 로맨틱함.글고 감동적이고 이 세계의 영화중에 젤 재미남",
    "date": "15.03.28",
    "rating": "10",
    "author": "vkqk****",
    "review_id": "9811950",
    "movie_id": "42867"
  },
  {
    "review": "휴먼드라마로 기억함ㅡ황황황",
    "date": "15.03.01",
    "rating": "10",
    "author": "ghkd****",
    "review_id": "9748808",
    "movie_id": "42867"
  },
  {
    "review": "한편의 아름다운 동화 같다.",
    "date": "15.01.16",
    "rating": "8",
    "author": "marc****",
    "review_id": "9600365",
    "movie_id": "42867"
  },
  {
    "review": "완전 오덕스러움...",
    "date": "15.01.10",
    "rating": "1",
    "author": "4pka****",
    "review_id": "9581334",
    "movie_id": "42867"
  },
  {
    "review": "취미 친구 가족 성장에 대하여",
    "date": "14.12.20",
    "rating": "10",
    "author": "zard****",
    "review_id": "9491614",
    "movie_id": "42867"
  },
  {
    "review": "진심 꼭봅시다. 내 인생 최고의 일본 무비.",
    "date": "14.12.06",
    "rating": "10",
    "author": "aisa****",
    "review_id": "9450753",
    "movie_id": "42867"
  },
  {
    "review": "평점 너무 높다. 조금만 깍아내리자",
    "date": "14.10.28",
    "rating": "1",
    "author": "hang****",
    "review_id": "9324476",
    "movie_id": "42867"
  },
  {
    "review": "굿. 어릴때 본건데 생각나서 평점 메깁니다.",
    "date": "14.08.31",
    "rating": "8",
    "author": "craz****",
    "review_id": "9148994",
    "movie_id": "42867"
  },
  {
    "review": "전개도 막장 전개에 인물의 성격의 변화등을 부자연스럽게 팍팍 넘기는 등 솔직히 말해 삼류 영화다. 클리셰도 남발해서 더욱 더",
    "date": "14.07.12",
    "rating": "3",
    "author": "jms1****",
    "review_id": "8907235",
    "movie_id": "42867"
  },
  {
    "review": "히노키오 학교  엇잏느디",
    "date": "14.06.27",
    "rating": "10",
    "author": "perf****",
    "review_id": "8862023",
    "movie_id": "42867"
  },
  {
    "review": "학교폭력과 정서갈증을 훌륭하게 격파하는, 사이버-휴먼 드라마!! 피노키오 동화를 그대로 갖다 썼지만, 일본 현실에 맞게끔 멋지게 활용했다. 남녀 차별, 인간과 기계간의 간극과 슬픔을 뛰어넘는, 일본 SF의 힘을 분명하게 보여줬다. 길이 회자될 걸작~!",
    "date": "14.04.17",
    "rating": "9",
    "author": "wana****",
    "review_id": "8654782",
    "movie_id": "42867"
  },
  {
    "review": "학교에서 봤는데 잼있었어요",
    "date": "13.05.20",
    "rating": "9",
    "author": "pupp****",
    "review_id": "7545152",
    "movie_id": "42867"
  },
  {
    "review": ".",
    "date": "13.02.03",
    "rating": "10",
    "author": "smdr****",
    "review_id": "7221539",
    "movie_id": "42867"
  },
  {
    "review": "6년전에 보고 감동받고 지금 와서 보니 두 배의 감동을 받았다.소년과 소년의 성장기가 참으로 아름다웠다.",
    "date": "12.10.22",
    "rating": "10",
    "author": "raby****",
    "review_id": "6819564",
    "movie_id": "42867"
  },
  {
    "review": "말도안되는 설정을 영화화하는데 성공하다..",
    "date": "12.10.17",
    "rating": "7",
    "author": "kara****",
    "review_id": "6807799",
    "movie_id": "42867"
  },
  {
    "review": "재밌었음용ㅎ",
    "date": "12.09.01",
    "rating": "10",
    "author": "yang****",
    "review_id": "6661875",
    "movie_id": "42867"
  },
  {
    "review": "이건 최고다.",
    "date": "12.08.13",
    "rating": "10",
    "author": "skdm****",
    "review_id": "6600639",
    "movie_id": "42867"
  },
  {
    "review": "영화 마지막 하이라이트 부분이 너무 영화같아 -2점",
    "date": "12.06.04",
    "rating": "8",
    "author": "ypal****",
    "review_id": "6362860",
    "movie_id": "42867"
  },
  {
    "review": "너무  감동적이에욧><",
    "date": "12.04.06",
    "rating": "10",
    "author": "jimi****",
    "review_id": "6196862",
    "movie_id": "42867"
  },
  {
    "review": "재믿닷!!!!!!!",
    "date": "12.03.30",
    "rating": "10",
    "author": "vmfl****",
    "review_id": "6179888",
    "movie_id": "42867"
  },
  {
    "review": "아직 다 보지는 못했지만 정말로 재밌어요~ 우왕 ~ 굳@@",
    "date": "12.02.17",
    "rating": "10",
    "author": "doro****",
    "review_id": "6082393",
    "movie_id": "42867"
  },
  {
    "review": "가족이 볼 수 있어서 좋다.",
    "date": "12.01.06",
    "rating": "10",
    "author": "nayu****",
    "review_id": "5966442",
    "movie_id": "42867"
  },
  {
    "review": "게임은 좀 그렇지만 내용이 너무 좋음",
    "date": "11.12.22",
    "rating": "10",
    "author": "godh****",
    "review_id": "5923099",
    "movie_id": "42867"
  },
  {
    "review": "완전재밌음~~",
    "date": "11.07.25",
    "rating": "9",
    "author": "sjjj****",
    "review_id": "5569629",
    "movie_id": "42867"
  },
  {
    "review": "연옥쪽하고, 무엇인가 좀 그런거 빼면 좋은거 같다.",
    "date": "11.06.03",
    "rating": "8",
    "author": "lipe****",
    "review_id": "5461596",
    "movie_id": "42867"
  },
  {
    "review": "타베 미카코 볼려고 본 영환데 OST도 좋다ㅠㅠ",
    "date": "11.04.24",
    "rating": "10",
    "author": "up_j****",
    "review_id": "5389630",
    "movie_id": "42867"
  },
  {
    "review": "로봇...완전 귀엽고......재미있음..^^",
    "date": "11.04.07",
    "rating": "10",
    "author": "yes4****",
    "review_id": "5360324",
    "movie_id": "42867"
  },
  {
    "review": "오글오글, 애들 영화?",
    "date": "11.01.03",
    "rating": "4",
    "author": "ccpk****",
    "review_id": "5120654",
    "movie_id": "42867"
  },
  {
    "review": "일본영화에서만 볼 수 있는 유치함 작렬",
    "date": "11.01.03",
    "rating": "4",
    "author": "rame****",
    "review_id": "5120646",
    "movie_id": "42867"
  },
  {
    "review": "결말만 그럭저럭",
    "date": "11.01.03",
    "rating": "4",
    "author": "kpcc****",
    "review_id": "5120642",
    "movie_id": "42867"
  },
  {
    "review": "글쎄 평점이 좀 의외네... 어린이들 보면 좋을라나? 연옥도 좀 이상하고..",
    "date": "10.12.27",
    "rating": "3",
    "author": "wswk****",
    "review_id": "5092957",
    "movie_id": "42867"
  },
  {
    "review": "어른이 봐도 괜찮을 동화",
    "date": "10.11.27",
    "rating": "10",
    "author": "gwen****",
    "review_id": "4995601",
    "movie_id": "42867"
  },
  {
    "review": "아 재밌음 특히 드럼",
    "date": "10.11.03",
    "rating": "10",
    "author": "gkgn****",
    "review_id": "4936760",
    "movie_id": "42867"
  },
  {
    "review": "나쁜영화좋아하는 사람들 이거 꼭 보세요. 이거 보고도 나쁜영화좋아하게될까요?",
    "date": "10.08.26",
    "rating": "10",
    "author": "lyg9****",
    "review_id": "4793847",
    "movie_id": "42867"
  },
  {
    "review": "오글거리는내용연기를잘해서훈훈하게봤음사실말도안되지만상상력과스토리가잘어우러진",
    "date": "10.08.23",
    "rating": "8",
    "author": "tnfu****",
    "review_id": "4784771",
    "movie_id": "42867"
  },
  {
    "review": "로봇이라는 소재로 휴머니즘을 불러오게한 명작!! 꼭 보세요 ^^",
    "date": "10.08.12",
    "rating": "10",
    "author": "pass****",
    "review_id": "4737298",
    "movie_id": "42867"
  },
  {
    "review": "짱!! 정말 재미있게 봤습니다^^ 준이 짱!!",
    "date": "10.07.11",
    "rating": "10",
    "author": "anny****",
    "review_id": "4631165",
    "movie_id": "42867"
  },
  {
    "review": "쿠도 준.. 처음에 너무 멋지다고 생각했는데... 준 미워요!!",
    "date": "10.07.06",
    "rating": "10",
    "author": "sjun****",
    "review_id": "4616409",
    "movie_id": "42867"
  },
  {
    "review": "처음엔 제미없었는데 나중엔 울해지며 정말 감동적!!!!!!!!!!!!!",
    "date": "10.05.31",
    "rating": "10",
    "author": "alsr****",
    "review_id": "4534889",
    "movie_id": "42867"
  },
  {
    "review": "타베 미카코!! (쿠도 준 역) 정말 팬입니다.!! 이 영화 너무 다운받고 싶어욤!",
    "date": "10.03.17",
    "rating": "10",
    "author": "yjm4****",
    "review_id": "4363065",
    "movie_id": "42867"
  },
  {
    "review": "준과이와모토 사토루 정말감동스럼습니다",
    "date": "10.03.14",
    "rating": "10",
    "author": "hyun****",
    "review_id": "4357433",
    "movie_id": "42867"
  },
  {
    "review": "짱!!!!!",
    "date": "10.03.10",
    "rating": "10",
    "author": "mhle****",
    "review_id": "4348634",
    "movie_id": "42867"
  },
  {
    "review": "나 히노키오 봤는데...완전 재미있어",
    "date": "10.02.14",
    "rating": "10",
    "author": "stel****",
    "review_id": "4280594",
    "movie_id": "42867"
  },
  {
    "review": "애새끼들이 어른 가지고 노는 영화..",
    "date": "10.01.30",
    "rating": "1",
    "author": "tn99****",
    "review_id": "4222902",
    "movie_id": "42867"
  },
  {
    "review": "너무 감동적이예요 짱! 울었어요 보다가 유치하다고 말한사람은신고 해버릴꺼야",
    "date": "10.01.22",
    "rating": "10",
    "author": "lucy****",
    "review_id": "4199380",
    "movie_id": "42867"
  },
  {
    "review": "너무감동적이고맨날보고있어요컴퓨터에서요.이때까지영화본것중에이게1위갔아여",
    "date": "10.01.16",
    "rating": "10",
    "author": "suns****",
    "review_id": "4175771",
    "movie_id": "42867"
  },
  {
    "review": "집에서 티비로하길래 봤는데 정말 재미있어요 뒤에는 감동적이고ㅎ 준 마음에드네요ㅋ",
    "date": "10.01.05",
    "rating": "10",
    "author": "dlgy****",
    "review_id": "4139355",
    "movie_id": "42867"
  },
  {
    "review": "감동적입니다.",
    "date": "10.01.05",
    "rating": "10",
    "author": "hitt****",
    "review_id": "4136487",
    "movie_id": "42867"
  },
  {
    "review": "재밋어요.",
    "date": "10.01.04",
    "rating": "10",
    "author": "daae****",
    "review_id": "4132376",
    "movie_id": "42867"
  },
  {
    "review": "학교에서 친구들이랑 봤는데 너무 감동적...준이 여잔줄 몰랐는데ㅋㅋ 또 보고싶음..",
    "date": "09.12.24",
    "rating": "10",
    "author": "rkd6****",
    "review_id": "4077329",
    "movie_id": "42867"
  },
  {
    "review": "가족 어린이 영화에는 좋을거 같네여^^ㅎ",
    "date": "09.12.20",
    "rating": "10",
    "author": "wldn****",
    "review_id": "4062444",
    "movie_id": "42867"
  },
  {
    "review": "정말 가슴에 와닷는 영화 말이 필요없네요",
    "date": "09.12.03",
    "rating": "10",
    "author": "smjs****",
    "review_id": "4013156",
    "movie_id": "42867"
  },
  {
    "review": "ㅜㅜ말이필요없어요. 유치해도 너무 재밌고 마음이 편안해지는 영화ㅜㅜ",
    "date": "09.11.21",
    "rating": "10",
    "author": "leej****",
    "review_id": "3979085",
    "movie_id": "42867"
  },
  {
    "review": "얼핏 아동용 같지만 흥미롭고 정감있는 로봇 히노키오",
    "date": "09.11.20",
    "rating": "7",
    "author": "egyp****",
    "review_id": "3977635",
    "movie_id": "42867"
  },
  {
    "review": "쵝오네요,,켄타 넘 귀엽고 준 친구 넘 이쁘공''",
    "date": "09.11.14",
    "rating": "10",
    "author": "swee****",
    "review_id": "3960940",
    "movie_id": "42867"
  },
  {
    "review": "괜차네요..ㅋㅋ 암생각읎이 봣다가 감동",
    "date": "09.11.05",
    "rating": "10",
    "author": "iwis****",
    "review_id": "3938182",
    "movie_id": "42867"
  },
  {
    "review": "음.... 유치하면 보지않으면 되는데..  전 완전 감동깁었는데...",
    "date": "09.10.28",
    "rating": "10",
    "author": "uri9****",
    "review_id": "3922031",
    "movie_id": "42867"
  },
  {
    "review": "어른이 보기엔 너무 유치하고 뻔하다.. 어린이용 영화.",
    "date": "09.10.26",
    "rating": "4",
    "author": "vct0****",
    "review_id": "3917007",
    "movie_id": "42867"
  },
  {
    "review": "전반부터 중반까지는 괜찮았는데 후반부에 끝날때 안좋구 또, 쪼금 유치하네요...",
    "date": "09.10.22",
    "rating": "9",
    "author": "tpsl****",
    "review_id": "3908669",
    "movie_id": "42867"
  },
  {
    "review": "좋네 애들영화지만 잔잔한 감동도있고 일본식의 따뜻함도 있고 소재도 괘안코",
    "date": "09.10.22",
    "rating": "7",
    "author": "4san****",
    "review_id": "3907789",
    "movie_id": "42867"
  },
  {
    "review": "너무 풋풋하니 귀여운~ㅎ 아, 혼고카나타 귀엽다ㅠㅠㅎ",
    "date": "09.10.21",
    "rating": "10",
    "author": "pure****",
    "review_id": "3907377",
    "movie_id": "42867"
  },
  {
    "review": "너무재미있고 감동이예요!!",
    "date": "09.10.13",
    "rating": "10",
    "author": "rmfl****",
    "review_id": "3891053",
    "movie_id": "42867"
  },
  {
    "review": "완전재밌음 >ㅇ<",
    "date": "09.09.30",
    "rating": "10",
    "author": "gpwl****",
    "review_id": "3862214",
    "movie_id": "42867"
  },
  {
    "review": "감동이라는 코드 하나로 다 이해할수는 없다 일본식으로 잘 표현한 것 같다",
    "date": "09.09.22",
    "rating": "6",
    "author": "deff****",
    "review_id": "3844122",
    "movie_id": "42867"
  },
  {
    "review": "쿠토 준 완전 좋음",
    "date": "09.09.16",
    "rating": "10",
    "author": "kims****",
    "review_id": "3834688",
    "movie_id": "42867"
  },
  {
    "review": "쿠도 준 내 여친이었으면 ㅋㅋㅋ 귀엽게 생겻음",
    "date": "09.09.15",
    "rating": "10",
    "author": "cjsc****",
    "review_id": "3833395",
    "movie_id": "42867"
  },
  {
    "review": "너무감동눈물났당",
    "date": "09.09.10",
    "rating": "10",
    "author": "ekdh****",
    "review_id": "3822518",
    "movie_id": "42867"
  },
  {
    "review": "볼만은했는데 게임이랑 연관안지였다면...애니로 스토리좀더탄탄하게 했음 잼있었겟다",
    "date": "09.09.10",
    "rating": "7",
    "author": "j557****",
    "review_id": "3822406",
    "movie_id": "42867"
  },
  {
    "review": "사토루같이 생긴 애랑 평생 살았으면,, ㅠㅠ",
    "date": "09.09.05",
    "rating": "10",
    "author": "blue****",
    "review_id": "3813016",
    "movie_id": "42867"
  },
  {
    "review": "재밌습니당",
    "date": "09.08.30",
    "rating": "10",
    "author": "qjtj****",
    "review_id": "3799681",
    "movie_id": "42867"
  },
  {
    "review": "히노키오 완전짱",
    "date": "09.08.27",
    "rating": "10",
    "author": "xoru****",
    "review_id": "3790861",
    "movie_id": "42867"
  },
  {
    "review": "이영화는 별 10개를 주는게 당연하다.",
    "date": "09.08.24",
    "rating": "10",
    "author": "true****",
    "review_id": "3783391",
    "movie_id": "42867"
  },
  {
    "review": "억지로 눈물 짜내게 하려는 것만 빼면 좋았음, 근데 얘네는 일케 왕따가 심한가?",
    "date": "09.08.22",
    "rating": "7",
    "author": "hs00****",
    "review_id": "3778191",
    "movie_id": "42867"
  },
  {
    "review": "준 완전 짱임ㅋㅋ",
    "date": "09.08.15",
    "rating": "10",
    "author": "kill****",
    "review_id": "3752467",
    "movie_id": "42867"
  },
  {
    "review": "좋아요",
    "date": "09.08.13",
    "rating": "10",
    "author": "akfx****",
    "review_id": "3744909",
    "movie_id": "42867"
  },
  {
    "review": "뭔가 굉장히 와닿아요()",
    "date": "09.08.09",
    "rating": "10",
    "author": "mhy9****",
    "review_id": "3728064",
    "movie_id": "42867"
  },
  {
    "review": "방금봣는데젼나재미쯤 ㅎㅎ준이여자인지꿈에도몰랏는데 ㅎㅎ",
    "date": "09.08.09",
    "rating": "10",
    "author": "qpsi****",
    "review_id": "3727973",
    "movie_id": "42867"
  },
  {
    "review": "방금 S채널에서 봤는데 너무 재밌어요~~ㅎㅎ",
    "date": "09.08.09",
    "rating": "10",
    "author": "sdkl****",
    "review_id": "3727864",
    "movie_id": "42867"
  },
  {
    "review": "이영화너무나도재미가있어요...^_^ 히노키오.사토루화이팅~!화이팅",
    "date": "09.07.31",
    "rating": "10",
    "author": "godu****",
    "review_id": "3687956",
    "movie_id": "42867"
  },
  {
    "review": "정말짱이에요!너무감동적이구여! 마지막에 준과 사토루가 만나서 정말 잘된것 같아요!",
    "date": "09.07.31",
    "rating": "10",
    "author": "kasu****",
    "review_id": "3687929",
    "movie_id": "42867"
  },
  {
    "review": "대단하고 흥미롭다..",
    "date": "09.07.25",
    "rating": "10",
    "author": "sh97****",
    "review_id": "3666624",
    "movie_id": "42867"
  },
  {
    "review": "기발한 상상력과 아이디어가 돋보이는 미래사회영화로군요.",
    "date": "09.07.25",
    "rating": "10",
    "author": "skss****",
    "review_id": "3665818",
    "movie_id": "42867"
  },
  {
    "review": "제가 어제 tv로 '히노키오'를 보았는데 한번이라도 더 보고 싶은멋진영화입니다!^-^",
    "date": "09.07.22",
    "rating": "10",
    "author": "baru****",
    "review_id": "3655815",
    "movie_id": "42867"
  },
  {
    "review": "진짜 연기가 가슴을 울리게 만들었어요",
    "date": "09.07.21",
    "rating": "10",
    "author": "zndh****",
    "review_id": "3654669",
    "movie_id": "42867"
  },
  {
    "review": "재밋어요 ㅎㅎ 진짜 풋풋하고 잔잔하고 좋았음 ^^",
    "date": "09.07.15",
    "rating": "10",
    "author": "roue****",
    "review_id": "3633326",
    "movie_id": "42867"
  },
  {
    "review": "다시 보고싶기는 한데.......... 볼 수가 없으니까... 너무 감동적이에욧! ＞o＜",
    "date": "09.07.12",
    "rating": "10",
    "author": "09gp****",
    "review_id": "3626664",
    "movie_id": "42867"
  },
  {
    "review": "방금전에봤는데 너무재밌고 감동적이에요*^ㅇ^*",
    "date": "09.07.11",
    "rating": "10",
    "author": "car0****",
    "review_id": "3623728",
    "movie_id": "42867"
  },
  {
    "review": "준..완젼 잘생김..같은여잔데..머리기니깐 별로던데..",
    "date": "09.07.10",
    "rating": "10",
    "author": "kkub****",
    "review_id": "3622548",
    "movie_id": "42867"
  },
  {
    "review": "완전 짱 넘 넘 재미있어요^&^다시 보고싶은 영화 히노키오~!!",
    "date": "09.07.10",
    "rating": "10",
    "author": "sksk****",
    "review_id": "3622370",
    "movie_id": "42867"
  },
  {
    "review": "별백개라도 주고싶다.정말 오랜만에 본 감동넘치는 재밌는 영화!",
    "date": "09.07.03",
    "rating": "10",
    "author": "o0o1****",
    "review_id": "3608334",
    "movie_id": "42867"
  },
  {
    "review": "방금 보았습니다.음..머랄까?감동적이고..정말 기억에 남을 것같습니다.",
    "date": "09.06.25",
    "rating": "10",
    "author": "wnla****",
    "review_id": "3590346",
    "movie_id": "42867"
  },
  {
    "review": "이렇게 감동적인 영화 재미있어요",
    "date": "09.06.09",
    "rating": "10",
    "author": "son7****",
    "review_id": "3555221",
    "movie_id": "42867"
  },
  {
    "review": "보니까 좀감동받은영화<<",
    "date": "09.05.11",
    "rating": "10",
    "author": "dlfd****",
    "review_id": "3489379",
    "movie_id": "42867"
  },
  {
    "review": "흐흑 감동적인 영화",
    "date": "09.05.07",
    "rating": "10",
    "author": "eh14****",
    "review_id": "3477059",
    "movie_id": "42867"
  },
  {
    "review": "영화가 너무 재미있었어요!!^^여러번 봐도 질리지 않아요~~ㅋㅋ",
    "date": "09.03.15",
    "rating": "10",
    "author": "0575****",
    "review_id": "3367686",
    "movie_id": "42867"
  },
  {
    "review": "후반부에서 눈물이 멈추지 않는... 이 영화~!! 대체 정체가 머냐... 너무 좋아~^^",
    "date": "09.03.12",
    "rating": "10",
    "author": "0314****",
    "review_id": "3361457",
    "movie_id": "42867"
  },
  {
    "review": "담임이 보여줬는데 넘 잼있군ㅋㅋ",
    "date": "09.02.24",
    "rating": "10",
    "author": "hee7****",
    "review_id": "3329927",
    "movie_id": "42867"
  },
  {
    "review": "게임 내용만 없으면 일본영화특유의 재미가 있는 영화.",
    "date": "09.02.18",
    "rating": "8",
    "author": "007e****",
    "review_id": "3314216",
    "movie_id": "42867"
  },
  {
    "review": "좋아요",
    "date": "09.02.02",
    "rating": "10",
    "author": "vanh****",
    "review_id": "3271736",
    "movie_id": "42867"
  },
  {
    "review": "깔끔하지못한시나리오.",
    "date": "09.01.23",
    "rating": "4",
    "author": "1227****",
    "review_id": "3240818",
    "movie_id": "42867"
  }
]