[
  {
    "review": "삭제된 컷이 많은 느낌이다.",
    "date": "15.05.05",
    "rating": "5",
    "author": "come****",
    "review_id": "9895354",
    "movie_id": "42874"
  },
  {
    "review": "영화를 고혹만으로 만들면 이렇게 됨.",
    "date": "14.07.27",
    "rating": "5",
    "author": "dlwo****",
    "review_id": "8969465",
    "movie_id": "42874"
  },
  {
    "review": "킬링타임용에도 못 미치는 엉성한 스릴러",
    "date": "14.05.12",
    "rating": "4",
    "author": "guev****",
    "review_id": "8726600",
    "movie_id": "42874"
  },
  {
    "review": "왠지 능력이 안되는 아이가 수능만점 노리는 꼴.그냥,능력에 맞게 원서쓰자.꼴사납다.",
    "date": "11.04.29",
    "rating": "3",
    "author": "baks****",
    "review_id": "5396683",
    "movie_id": "42874"
  },
  {
    "review": "정말 흥미진진하게 봤는데;ㅋㅋ",
    "date": "11.02.28",
    "rating": "10",
    "author": "ssbi****",
    "review_id": "5283598",
    "movie_id": "42874"
  },
  {
    "review": "깔끔한 영상미와 매력적인 그녀가 인상적인 심플한 스릴러",
    "date": "11.01.16",
    "rating": "6",
    "author": "dizi****",
    "review_id": "5160853",
    "movie_id": "42874"
  },
  {
    "review": "평점이 너무 낮아서...",
    "date": "11.01.08",
    "rating": "10",
    "author": "peti****",
    "review_id": "5140193",
    "movie_id": "42874"
  },
  {
    "review": "하품나오는 영화. 소피마르소의 발목 클로즈업 장면이 하이라이트",
    "date": "10.08.12",
    "rating": "4",
    "author": "come****",
    "review_id": "4739325",
    "movie_id": "42874"
  },
  {
    "review": "예전에 영화관에서 봤는데 재미없었던 충격이 너무 커서 잊혀지지 않는 영화!!!",
    "date": "10.01.03",
    "rating": "1",
    "author": "hang****",
    "review_id": "4127333",
    "movie_id": "42874"
  },
  {
    "review": "잉,,평점 너무 낮다 ㅎㅎ",
    "date": "09.12.17",
    "rating": "8",
    "author": "sptl****",
    "review_id": "4050064",
    "movie_id": "42874"
  },
  {
    "review": "흐릿하고 지끈지끈 맹맹하다.",
    "date": "09.11.05",
    "rating": "4",
    "author": "evil****",
    "review_id": "3939281",
    "movie_id": "42874"
  },
  {
    "review": "헐..",
    "date": "09.08.22",
    "rating": "1",
    "author": "mr05****",
    "review_id": "3777784",
    "movie_id": "42874"
  },
  {
    "review": "안소니짐머를 너무 감추다보니 약간 반전이 좀 눈에 보였던... 볼만했다. 그래두",
    "date": "09.06.27",
    "rating": "7",
    "author": "gsm9****",
    "review_id": "3594806",
    "movie_id": "42874"
  },
  {
    "review": "여배우때문에 보다가 의외의 반전에 놀랐지만...",
    "date": "09.04.29",
    "rating": "6",
    "author": "nala****",
    "review_id": "3448847",
    "movie_id": "42874"
  },
  {
    "review": "살면서 가장재미없는영화 진심으로",
    "date": "09.03.21",
    "rating": "1",
    "author": "gnsw****",
    "review_id": "3378306",
    "movie_id": "42874"
  },
  {
    "review": "용두사미",
    "date": "08.09.28",
    "rating": "4",
    "author": "leh0****",
    "review_id": "2973819",
    "movie_id": "42874"
  },
  {
    "review": "소피 때문에라도 1점 주려다 3점준다.",
    "date": "08.09.28",
    "rating": "6",
    "author": "sopa****",
    "review_id": "2973623",
    "movie_id": "42874"
  },
  {
    "review": "나름",
    "date": "08.01.21",
    "rating": "8",
    "author": "lott****",
    "review_id": "2353040",
    "movie_id": "42874"
  },
  {
    "review": "주말의 영화로 보니까 재밌었다ㅋㅋ",
    "date": "07.10.28",
    "rating": "8",
    "author": "este****",
    "review_id": "2119278",
    "movie_id": "42874"
  },
  {
    "review": "정말 10점짜리 영화 배우들 대사 똑바로 읽으면 정말 재미있는 명작~",
    "date": "07.10.18",
    "rating": "10",
    "author": "rang****",
    "review_id": "2095964",
    "movie_id": "42874"
  },
  {
    "review": "내용이 다소어렵지만 이해시키면 볼만하다.우연일까 안소니는 프랑소와 였다",
    "date": "07.10.01",
    "rating": "7",
    "author": "part****",
    "review_id": "2064677",
    "movie_id": "42874"
  },
  {
    "review": "반전은오히려식상하던데;;",
    "date": "07.09.30",
    "rating": "6",
    "author": "pwl1****",
    "review_id": "2062998",
    "movie_id": "42874"
  },
  {
    "review": "이반 아탈이 멋있다 10점!",
    "date": "07.09.30",
    "rating": "10",
    "author": "ryou****",
    "review_id": "2062904",
    "movie_id": "42874"
  },
  {
    "review": "청초함의 대명사 소피의 원숙미의 푹 빠졌다..반전도 기대이상~",
    "date": "07.09.30",
    "rating": "10",
    "author": "gfph****",
    "review_id": "2062825",
    "movie_id": "42874"
  },
  {
    "review": "마지막 반전도 좋고 전개도 빠르고 재밌고 다 좋았다",
    "date": "07.09.30",
    "rating": "10",
    "author": "msl8****",
    "review_id": "2062428",
    "movie_id": "42874"
  },
  {
    "review": "소피마르소 넘 늙었다. 아, 슬퍼 ㅠㅠ",
    "date": "07.09.30",
    "rating": "5",
    "author": "ecla****",
    "review_id": "2062188",
    "movie_id": "42874"
  },
  {
    "review": "분위기는 좋았는데... 왠지 2% 부족한 느낌..",
    "date": "07.09.30",
    "rating": "7",
    "author": "hyw0****",
    "review_id": "2061300",
    "movie_id": "42874"
  },
  {
    "review": "스릴러라고 하기엔 부족하지만, 로맨틱 스릴러 정도? 괜찮은 영화였음..",
    "date": "07.09.30",
    "rating": "9",
    "author": "pear****",
    "review_id": "2061200",
    "movie_id": "42874"
  },
  {
    "review": "그냥 쓰레기, 스릴같은건 기대하지마라",
    "date": "07.09.29",
    "rating": "2",
    "author": "slam****",
    "review_id": "2060279",
    "movie_id": "42874"
  },
  {
    "review": "한마디로 재미없다 스릴적인 요소가없다 긴박감 제로",
    "date": "07.08.09",
    "rating": "3",
    "author": "tico****",
    "review_id": "1908423",
    "movie_id": "42874"
  },
  {
    "review": "킹콩다음으로 영화보다 졸아본경험 을 안겨준 영화인거다......",
    "date": "07.07.21",
    "rating": "3",
    "author": "wltn****",
    "review_id": "1797920",
    "movie_id": "42874"
  },
  {
    "review": "최근 본 영화중에 가장 후회되는 영화.. 시간이 아깝다고 느낀건 첨일지도",
    "date": "07.06.24",
    "rating": "2",
    "author": "hwan****",
    "review_id": "1719267",
    "movie_id": "42874"
  },
  {
    "review": "난 짐작을 못했는데;;;",
    "date": "07.06.12",
    "rating": "9",
    "author": "mapl****",
    "review_id": "1697903",
    "movie_id": "42874"
  },
  {
    "review": "말도안돼..어케 그남자가 그남자냐그",
    "date": "07.05.31",
    "rating": "9",
    "author": "sun5****",
    "review_id": "1673896",
    "movie_id": "42874"
  },
  {
    "review": "나름 괜찮았던, 마음에 들었던 스릴러,",
    "date": "07.05.28",
    "rating": "8",
    "author": "caca****",
    "review_id": "1669656",
    "movie_id": "42874"
  },
  {
    "review": "프랑스 영화는 다 이런가 싶을 정도로 느끼므리 죽죽한 분위기",
    "date": "07.05.07",
    "rating": "3",
    "author": "4646****",
    "review_id": "1626553",
    "movie_id": "42874"
  },
  {
    "review": "백지상태에서 봤지만 마지막 장면은 역시나. 시간이 철철 남는 분은 보시라",
    "date": "07.04.25",
    "rating": "1",
    "author": "ktgg****",
    "review_id": "1605778",
    "movie_id": "42874"
  },
  {
    "review": "악평을 봐서인가.. 초반의 뻔해보이는 반전에 뒤통수를 맞을 줄이야..",
    "date": "07.03.26",
    "rating": "8",
    "author": "limm****",
    "review_id": "1556657",
    "movie_id": "42874"
  },
  {
    "review": "소피마르소 보는 재미...그녀의 매력은 여전하다",
    "date": "07.03.16",
    "rating": "6",
    "author": "hurr****",
    "review_id": "1537565",
    "movie_id": "42874"
  },
  {
    "review": "시작 초반은 좋아는데 마무리가 영..",
    "date": "07.02.27",
    "rating": "6",
    "author": "nohy****",
    "review_id": "1505817",
    "movie_id": "42874"
  },
  {
    "review": "약간 지루했지만 소피 마르소를 보는 재미..",
    "date": "07.02.21",
    "rating": "6",
    "author": "blue****",
    "review_id": "1492051",
    "movie_id": "42874"
  },
  {
    "review": "이럴 순 없어.소피 마르소가 얼마나 이뻤는데.ㅠㅠ",
    "date": "07.01.26",
    "rating": "5",
    "author": "ansg****",
    "review_id": "1416507",
    "movie_id": "42874"
  },
  {
    "review": "소피마르소 때문에 봐준영화",
    "date": "07.01.07",
    "rating": "10",
    "author": "smdd****",
    "review_id": "1363637",
    "movie_id": "42874"
  },
  {
    "review": "그냥 느낌이 괜찮았던 영화",
    "date": "06.10.27",
    "rating": "10",
    "author": "whor****",
    "review_id": "1201145",
    "movie_id": "42874"
  },
  {
    "review": "하두 지루해서 짐머가 누굴까 궁금하지도 않는다.",
    "date": "06.09.06",
    "rating": "1",
    "author": "ko11****",
    "review_id": "1106970",
    "movie_id": "42874"
  },
  {
    "review": "프랑스 영화는 언제나처럼 매력이 있다",
    "date": "06.08.30",
    "rating": "8",
    "author": "joey****",
    "review_id": "1089615",
    "movie_id": "42874"
  },
  {
    "review": "소피마르소때문에 봤는데 별루네요.",
    "date": "06.08.05",
    "rating": "3",
    "author": "sosi****",
    "review_id": "973840",
    "movie_id": "42874"
  },
  {
    "review": "소피 마르소, 그녀의 매력 속으로",
    "date": "06.07.30",
    "rating": "6",
    "author": "komu****",
    "review_id": "942529",
    "movie_id": "42874"
  },
  {
    "review": "나름재밌다",
    "date": "06.07.24",
    "rating": "10",
    "author": "wjsw****",
    "review_id": "919073",
    "movie_id": "42874"
  },
  {
    "review": "뻔한영화 그래두 볼만하네여..",
    "date": "06.07.12",
    "rating": "7",
    "author": "naki****",
    "review_id": "886785",
    "movie_id": "42874"
  },
  {
    "review": "이것도 스릴러냐",
    "date": "06.07.02",
    "rating": "2",
    "author": "kjj2****",
    "review_id": "867173",
    "movie_id": "42874"
  },
  {
    "review": "스릴러의 꽃 반전이 좀 아쉽지만 나름대로 괜찮았던 영화",
    "date": "06.06.28",
    "rating": "9",
    "author": "japa****",
    "review_id": "860461",
    "movie_id": "42874"
  },
  {
    "review": "소피 마르소가 전부인 영화,다른거 바라면 간첩.",
    "date": "06.06.28",
    "rating": "7",
    "author": "araz****",
    "review_id": "860410",
    "movie_id": "42874"
  },
  {
    "review": "저는 반전이 마음에들던데.. 헤헤..",
    "date": "06.06.23",
    "rating": "6",
    "author": "sain****",
    "review_id": "854857",
    "movie_id": "42874"
  },
  {
    "review": "너무예상된다..-_-;;증말..",
    "date": "06.06.23",
    "rating": "5",
    "author": "fire****",
    "review_id": "853855",
    "movie_id": "42874"
  },
  {
    "review": "소피 마르소가 아쉬운 영화",
    "date": "06.06.20",
    "rating": "5",
    "author": "merc****",
    "review_id": "850857",
    "movie_id": "42874"
  },
  {
    "review": "소피마르소 괜찮았구, 막판 반전도 그런대로..",
    "date": "06.06.18",
    "rating": "8",
    "author": "ssoj****",
    "review_id": "849433",
    "movie_id": "42874"
  },
  {
    "review": "반전이라길래 기대했건만 예상 다됨 어이상실",
    "date": "06.06.16",
    "rating": "3",
    "author": "bjm1****",
    "review_id": "846430",
    "movie_id": "42874"
  },
  {
    "review": "소피와 함께 나름대로 볼만한 스릴러",
    "date": "06.06.10",
    "rating": "7",
    "author": "ks82****",
    "review_id": "838922",
    "movie_id": "42874"
  },
  {
    "review": "반전에 집착 하시네.. 좀 쉬웠으나 형편없는 영화는 아니다.",
    "date": "06.06.03",
    "rating": "8",
    "author": "scs0****",
    "review_id": "828862",
    "movie_id": "42874"
  },
  {
    "review": "스릴러가 왜 스릴러냐 스릴있으니까 스릴러지",
    "date": "06.05.31",
    "rating": "2",
    "author": "okjo****",
    "review_id": "823721",
    "movie_id": "42874"
  },
  {
    "review": "재미없으...",
    "date": "06.05.28",
    "rating": "2",
    "author": "gyur****",
    "review_id": "819425",
    "movie_id": "42874"
  },
  {
    "review": "'반전타령'만 아니라면 볼만해요. 소피마르소보는 맛도 솔솔~",
    "date": "06.05.26",
    "rating": "8",
    "author": "ghos****",
    "review_id": "817245",
    "movie_id": "42874"
  },
  {
    "review": "안소니 짐머를 위한 깔끔한 영화",
    "date": "06.05.26",
    "rating": "8",
    "author": "tucr****",
    "review_id": "817114",
    "movie_id": "42874"
  },
  {
    "review": "관람 후 너무나 오랫동안 기억나는 대표적인 스릴러",
    "date": "06.05.26",
    "rating": "10",
    "author": "ssoi****",
    "review_id": "816534",
    "movie_id": "42874"
  },
  {
    "review": "도대체 누가 안소니짐머라는거지?",
    "date": "06.05.25",
    "rating": "3",
    "author": "stun****",
    "review_id": "816027",
    "movie_id": "42874"
  },
  {
    "review": "긴장감이 팽팽해지기도 전도 잘리는 느낌",
    "date": "06.05.24",
    "rating": "3",
    "author": "life****",
    "review_id": "814429",
    "movie_id": "42874"
  },
  {
    "review": "소피 만큼이나..영화두...(소피땜에 1점 더 줌)",
    "date": "06.05.23",
    "rating": "6",
    "author": "ywko****",
    "review_id": "813848",
    "movie_id": "42874"
  },
  {
    "review": "처음만 흥미진진함..... 공짜로봐도 별로 썩보고싶지않은영화...",
    "date": "06.05.23",
    "rating": "4",
    "author": "m1n1****",
    "review_id": "813635",
    "movie_id": "42874"
  },
  {
    "review": "그냥 그런 영화....ㅡㅡ;;; 돈이 아까움,....",
    "date": "06.05.22",
    "rating": "6",
    "author": "dudw****",
    "review_id": "811830",
    "movie_id": "42874"
  },
  {
    "review": "이것도 반전이라고..ㅉㅉ 소피마르소 늙긴 늙었네",
    "date": "06.05.20",
    "rating": "3",
    "author": "bego****",
    "review_id": "808218",
    "movie_id": "42874"
  },
  {
    "review": "영화감독님 최고에요.. 저 이제 영화가 보기 싫어질라해요 ㅋ",
    "date": "06.05.20",
    "rating": "1",
    "author": "bany****",
    "review_id": "807468",
    "movie_id": "42874"
  },
  {
    "review": "전체적으로 지루하며, 대충갖다맞춘 스토리...",
    "date": "06.05.19",
    "rating": "5",
    "author": "chyu****",
    "review_id": "807307",
    "movie_id": "42874"
  },
  {
    "review": "보고나봐라 돈아까워서미친다",
    "date": "06.05.19",
    "rating": "1",
    "author": "yeon****",
    "review_id": "806647",
    "movie_id": "42874"
  },
  {
    "review": "도무지 뭘 봤는지 모르겠다. 영화 자체가 냉무",
    "date": "06.05.19",
    "rating": "1",
    "author": "wool****",
    "review_id": "806434",
    "movie_id": "42874"
  },
  {
    "review": "초반에만 약간 궁금.. 대략 내용 무",
    "date": "06.05.19",
    "rating": "3",
    "author": "yank****",
    "review_id": "806343",
    "movie_id": "42874"
  },
  {
    "review": "전체구성은 좋은듯하나 너무 지루한 전계",
    "date": "06.05.19",
    "rating": "2",
    "author": "qwsg****",
    "review_id": "806060",
    "movie_id": "42874"
  },
  {
    "review": "영화 초반에 맞혀버린 짐머.. 반전 없는 반전 영화..",
    "date": "06.05.18",
    "rating": "6",
    "author": "iz19****",
    "review_id": "804511",
    "movie_id": "42874"
  },
  {
    "review": "난 바보인가?반전에 제대로 뒷통수맞았음.",
    "date": "06.05.17",
    "rating": "8",
    "author": "s870****",
    "review_id": "803906",
    "movie_id": "42874"
  },
  {
    "review": "영화가 끝나는게 너무 아쉬워서 일어설수가 없었습니다.",
    "date": "06.05.17",
    "rating": "10",
    "author": "cran****",
    "review_id": "803778",
    "movie_id": "42874"
  },
  {
    "review": "안소니짐머가누굴까? 설마저렇게쉽진않겠지하며보는내내긴장.t.t",
    "date": "06.05.17",
    "rating": "5",
    "author": "jeas****",
    "review_id": "803542",
    "movie_id": "42874"
  },
  {
    "review": "1점을주기도아까운정말쓰레기같은영화",
    "date": "06.05.17",
    "rating": "1",
    "author": "lsh2****",
    "review_id": "802915",
    "movie_id": "42874"
  },
  {
    "review": "반전이라 할 수 없는 스토리와 소피마르소의 각진 턱",
    "date": "06.05.16",
    "rating": "3",
    "author": "boob****",
    "review_id": "802864",
    "movie_id": "42874"
  },
  {
    "review": "참 단순한 스릴러. 너무 쉽다.",
    "date": "06.05.16",
    "rating": "3",
    "author": "mist****",
    "review_id": "802834",
    "movie_id": "42874"
  },
  {
    "review": "용두사미? 로맨틱 스릴러로써 괜찮음.",
    "date": "06.05.16",
    "rating": "8",
    "author": "dand****",
    "review_id": "802358",
    "movie_id": "42874"
  },
  {
    "review": "어처구니 없는 영화.",
    "date": "06.05.16",
    "rating": "4",
    "author": "ppod****",
    "review_id": "802269",
    "movie_id": "42874"
  },
  {
    "review": "볼만한 반전영화,범죄 스릴러에 관심이 없는 분들은 비추",
    "date": "06.05.15",
    "rating": "9",
    "author": "dmfl****",
    "review_id": "801893",
    "movie_id": "42874"
  },
  {
    "review": "그냥 별생각 없이 보다보면 깜짝 놀라는데 반전에-_-",
    "date": "06.05.15",
    "rating": "8",
    "author": "tige****",
    "review_id": "801670",
    "movie_id": "42874"
  },
  {
    "review": "참 어이가 없더군요... 별 내용도 없는...",
    "date": "06.05.15",
    "rating": "1",
    "author": "lizz****",
    "review_id": "801450",
    "movie_id": "42874"
  },
  {
    "review": "늙어버린 소피보다 더 슬픈 엉성한 플롯....(ㅜ_ㅜ )",
    "date": "06.05.15",
    "rating": "5",
    "author": "yuka****",
    "review_id": "801441",
    "movie_id": "42874"
  },
  {
    "review": "영화보다..제일슬픈건소피가 늙었다는것이다..",
    "date": "06.05.15",
    "rating": "8",
    "author": "mil2****",
    "review_id": "801274",
    "movie_id": "42874"
  },
  {
    "review": "여지까지영화보다가뛰쳐나가고싶었던적처음입니다왠만한건보는데",
    "date": "06.05.15",
    "rating": "1",
    "author": "10dl****",
    "review_id": "800893",
    "movie_id": "42874"
  },
  {
    "review": "예상할수 있는 반전, 그래도 재밌다",
    "date": "06.05.15",
    "rating": "10",
    "author": "dark****",
    "review_id": "800661",
    "movie_id": "42874"
  },
  {
    "review": "괜찮던데? 모든 걸 한 방에 뒤집으려는 것은 좀 무리지만...",
    "date": "06.05.14",
    "rating": "10",
    "author": "tolb****",
    "review_id": "800459",
    "movie_id": "42874"
  },
  {
    "review": "보통.시간가는줄모르고 봤었어요. 잔잔한 질리지는 않았던듯.",
    "date": "06.05.14",
    "rating": "8",
    "author": "0728****",
    "review_id": "800391",
    "movie_id": "42874"
  },
  {
    "review": "자극적인것에 길들여진 분들은 별로라고 할수도 있지만, 강추!",
    "date": "06.05.14",
    "rating": "10",
    "author": "wild****",
    "review_id": "799770",
    "movie_id": "42874"
  },
  {
    "review": "재미없어요내용,스릴감전혀없구요어쩌라는건지돈아깝습니다",
    "date": "06.05.14",
    "rating": "1",
    "author": "como****",
    "review_id": "799696",
    "movie_id": "42874"
  },
  {
    "review": "이건 뭐 킬링타임용도 안되네",
    "date": "06.05.14",
    "rating": "1",
    "author": "hhah****",
    "review_id": "799519",
    "movie_id": "42874"
  },
  {
    "review": "너무재밌었어요ㅠㅠ재미없다는사람들이해가안가요ㅠㅠ",
    "date": "06.05.13",
    "rating": "10",
    "author": "jjja****",
    "review_id": "798885",
    "movie_id": "42874"
  },
  {
    "review": "조금 시시.....",
    "date": "06.05.13",
    "rating": "6",
    "author": "ye93****",
    "review_id": "798479",
    "movie_id": "42874"
  }
]