[
  {
    "review": "왜 이제서야 이 영화를 보았는지.최고입니다.그리고 조은숙.김유미씨 연기 너무 잘해요",
    "date": "15.07.18",
    "rating": "10",
    "author": "xzd9****",
    "review_id": "10117700",
    "movie_id": "42931"
  },
  {
    "review": "멋진 영화 짠하게 와닿네",
    "date": "15.06.18",
    "rating": "10",
    "author": "kids****",
    "review_id": "10009962",
    "movie_id": "42931"
  },
  {
    "review": "편안한 옛날 배경과 바닷가라 편안해지는 마음이였고 이야기속의 이야기 형태의 말로만 듣던 액자식구성?이란것에 흥미도있었다.무엇보다 짠하기도 하고 잔잔한 감동이 밀려와 좋았다. 초반 김종민의 싸이코같은 행태의 어리둥했으나 극적인요소를 넣기위함으로생각하겠다",
    "date": "15.02.21",
    "rating": "10",
    "author": "0411****",
    "review_id": "9721632",
    "movie_id": "42931"
  },
  {
    "review": "김민종 마지막영화네 언제다시영화찍나요",
    "date": "14.09.12",
    "rating": "10",
    "author": "cyh3****",
    "review_id": "9207374",
    "movie_id": "42931"
  },
  {
    "review": "한국영화계의 숨어있는 명작이라고 말하고 싶네요. 깡패가 나와서 욕이나하는 영화보다 수십배는 가치있는 작품이라고 봅니다.",
    "date": "14.02.16",
    "rating": "10",
    "author": "badb****",
    "review_id": "8512381",
    "movie_id": "42931"
  },
  {
    "review": "뭔가.. 독립영화를 본 느낌이 납니다.",
    "date": "14.01.07",
    "rating": "7",
    "author": "aziz****",
    "review_id": "8357556",
    "movie_id": "42931"
  },
  {
    "review": "8년전에 이정도면 지금 나오는 허접한 영화들보다 백배 나은듯 간만에 좋은영화였습니다",
    "date": "13.12.08",
    "rating": "9",
    "author": "love****",
    "review_id": "8199256",
    "movie_id": "42931"
  },
  {
    "review": "아~~~~엔딩 너무 멋지다,,,대사도 좋고,,,ㅜㅜ오래 기억될 영화로다,,",
    "date": "13.11.09",
    "rating": "9",
    "author": "sang****",
    "review_id": "8128682",
    "movie_id": "42931"
  },
  {
    "review": "각본 연출 구성 연기 어느것하나 볼것 없는데 그나마 거제도의 풍경땜시 3점을 주노라.",
    "date": "13.10.28",
    "rating": "3",
    "author": "sua9****",
    "review_id": "8097581",
    "movie_id": "42931"
  },
  {
    "review": "재미나게 봤는데 평점이 왜이리 후지지? ㅎㅎ",
    "date": "13.01.13",
    "rating": "10",
    "author": "lon2****",
    "review_id": "7108458",
    "movie_id": "42931"
  },
  {
    "review": "아련하고 왠지 모르게 따뜻한 영화 입니다. 좋아요!!",
    "date": "12.08.17",
    "rating": "10",
    "author": "jlnc****",
    "review_id": "6616926",
    "movie_id": "42931"
  },
  {
    "review": "졸네요 좋아~~~",
    "date": "12.07.16",
    "rating": "9",
    "author": "rlxo****",
    "review_id": "6486939",
    "movie_id": "42931"
  },
  {
    "review": "아름답고  아련하네요.....   좋은 영화입니다.  강추!!  자극적이지 않아서 좋아요!!",
    "date": "12.07.06",
    "rating": "10",
    "author": "play****",
    "review_id": "6452083",
    "movie_id": "42931"
  },
  {
    "review": "OST가 너무 좋네요... 좋은 사람 만나요!!! 크아ㅠㅠ",
    "date": "12.04.01",
    "rating": "10",
    "author": "ujfo****",
    "review_id": "6185915",
    "movie_id": "42931"
  },
  {
    "review": "진짜 TV단막극 필이 다분히..영화라고 생각하고 보기엔 시간이나 돈이 아까움.",
    "date": "12.01.17",
    "rating": "2",
    "author": "kis5****",
    "review_id": "5992115",
    "movie_id": "42931"
  },
  {
    "review": "무슨...베스트극장같아..씁",
    "date": "11.12.23",
    "rating": "1",
    "author": "ipra****",
    "review_id": "5926062",
    "movie_id": "42931"
  },
  {
    "review": "가슴에 여운이 남았습니다! 김민종의 마지막 대사에 여주인공과 같이 울었어요!",
    "date": "11.09.19",
    "rating": "10",
    "author": "susu****",
    "review_id": "5741162",
    "movie_id": "42931"
  },
  {
    "review": "민종형님 영화 중 가장 평가절하된 영화가 있다면 바로 나비와 종려나무숲이겠죠..",
    "date": "11.07.27",
    "rating": "10",
    "author": "gmpl****",
    "review_id": "5574243",
    "movie_id": "42931"
  },
  {
    "review": "좋은영화는 흥행에 대부분 실패. 그만큼 한국인들의 수준이 낮다는...",
    "date": "11.06.12",
    "rating": "10",
    "author": "kesk****",
    "review_id": "5478274",
    "movie_id": "42931"
  },
  {
    "review": "잔잔한 여운이 남는 영화....",
    "date": "11.04.01",
    "rating": "10",
    "author": "giad****",
    "review_id": "5347503",
    "movie_id": "42931"
  },
  {
    "review": "너무 배경과 스토리가 멋집니다.",
    "date": "11.03.12",
    "rating": "10",
    "author": "npt7****",
    "review_id": "5308079",
    "movie_id": "42931"
  },
  {
    "review": "어설퍼도 진지해서 좋아",
    "date": "10.12.02",
    "rating": "8",
    "author": "kidk****",
    "review_id": "5015029",
    "movie_id": "42931"
  },
  {
    "review": "80년대 TV문학관 스타일.. ;; 전형적인 신데렐라 스토리 그래서 평점이 높은 듯.. ;;",
    "date": "10.11.10",
    "rating": "6",
    "author": "tn99****",
    "review_id": "4948303",
    "movie_id": "42931"
  },
  {
    "review": "김민종 굿",
    "date": "10.08.29",
    "rating": "10",
    "author": "igua****",
    "review_id": "4803096",
    "movie_id": "42931"
  },
  {
    "review": "호... 감동!",
    "date": "10.07.15",
    "rating": "10",
    "author": "chae****",
    "review_id": "4641186",
    "movie_id": "42931"
  },
  {
    "review": "다시 한번 거제도에 가고싶다.",
    "date": "10.07.13",
    "rating": "9",
    "author": "marc****",
    "review_id": "4635331",
    "movie_id": "42931"
  },
  {
    "review": "좀만 더 매끄러웠으면 대작이 될 뻔했다.",
    "date": "10.04.14",
    "rating": "8",
    "author": "lead****",
    "review_id": "4431726",
    "movie_id": "42931"
  },
  {
    "review": "제작비를 상당히 안넣은듯..그치만 영화는 좋다",
    "date": "10.03.02",
    "rating": "10",
    "author": "ldg9****",
    "review_id": "4329109",
    "movie_id": "42931"
  },
  {
    "review": "연출 배우들의 연기 멋지고 감동적입니다",
    "date": "09.11.11",
    "rating": "10",
    "author": "area****",
    "review_id": "3952194",
    "movie_id": "42931"
  },
  {
    "review": "마지막 강의하는 장면에서 감동이 몰려왔다...",
    "date": "09.10.24",
    "rating": "9",
    "author": "dltb****",
    "review_id": "3912901",
    "movie_id": "42931"
  },
  {
    "review": "그냥 적당히 보는 영화..",
    "date": "09.09.17",
    "rating": "7",
    "author": "bkm1****",
    "review_id": "3836109",
    "movie_id": "42931"
  },
  {
    "review": "이런게 감동의영화지 워낭보다100배 아름답다",
    "date": "09.06.16",
    "rating": "10",
    "author": "banm****",
    "review_id": "3570749",
    "movie_id": "42931"
  },
  {
    "review": "예전에 봤는데 엄청 잼나게봐써여 사랑을놓치다 보고나니 딱떠오르네요",
    "date": "09.05.16",
    "rating": "10",
    "author": "smel****",
    "review_id": "3498678",
    "movie_id": "42931"
  },
  {
    "review": "100점짜리 영화였는데..인서역으로 김민종이 정말 안어울렸다...연기력...--;",
    "date": "09.03.09",
    "rating": "8",
    "author": "gold****",
    "review_id": "3355738",
    "movie_id": "42931"
  },
  {
    "review": "남자배우들 정말 미스캐스팅. 연기력 안습... 조은숙, 김유미 연기땜에 참고 봤다",
    "date": "09.01.26",
    "rating": "2",
    "author": "chop****",
    "review_id": "3249844",
    "movie_id": "42931"
  },
  {
    "review": "무책임한 남자들의 부질없는 약속...종려나무 숲...그리움...",
    "date": "09.01.25",
    "rating": "6",
    "author": "egyp****",
    "review_id": "3248056",
    "movie_id": "42931"
  },
  {
    "review": "소년 천국에 가다 이후로 2번...영화 보다 울었다. 단점 보이지만 아파봤다면 볼만함",
    "date": "08.12.27",
    "rating": "8",
    "author": "yssu****",
    "review_id": "3155938",
    "movie_id": "42931"
  },
  {
    "review": "멜로영화는 역시 스토리가 탄탄해야 한다. 영화 정말 너무너무 좋은데요.★",
    "date": "08.12.07",
    "rating": "10",
    "author": "smbo****",
    "review_id": "3098325",
    "movie_id": "42931"
  },
  {
    "review": "졸려나무숲",
    "date": "08.10.11",
    "rating": "5",
    "author": "vinc****",
    "review_id": "2993877",
    "movie_id": "42931"
  },
  {
    "review": "영화 좋았다. 마지막반전도 괜찮았고. 아쉬운 점은 남주인공의 연기.",
    "date": "08.10.11",
    "rating": "8",
    "author": "gian****",
    "review_id": "2993534",
    "movie_id": "42931"
  },
  {
    "review": "흡인력이 있는 영화 충붆시 아름답다",
    "date": "08.10.08",
    "rating": "10",
    "author": "n016****",
    "review_id": "2988536",
    "movie_id": "42931"
  },
  {
    "review": "무더기 10점 평점을 보고 눈치챘어야 했는데...",
    "date": "08.09.25",
    "rating": "1",
    "author": "idcr****",
    "review_id": "2968913",
    "movie_id": "42931"
  },
  {
    "review": "와!정말감동적이다 김민종이시대최고의배우",
    "date": "08.07.28",
    "rating": "10",
    "author": "atoz****",
    "review_id": "2812111",
    "movie_id": "42931"
  },
  {
    "review": "도시인들이 어려운사람들을 연기하려고 노력한거같다",
    "date": "08.05.15",
    "rating": "6",
    "author": "kj99****",
    "review_id": "2643220",
    "movie_id": "42931"
  },
  {
    "review": "강추...잔잔한 사랑 이야기~",
    "date": "08.05.06",
    "rating": "10",
    "author": "csj6****",
    "review_id": "2620928",
    "movie_id": "42931"
  },
  {
    "review": "거제도 여행을 결심하게 만든 영화.",
    "date": "08.04.28",
    "rating": "10",
    "author": "hide****",
    "review_id": "2604455",
    "movie_id": "42931"
  },
  {
    "review": "김유미 연기 놀랍군, 예쁘고.. 잘 만들어진 영화. 지루한거 뺴곤 흠잡기 어렵다.",
    "date": "08.02.20",
    "rating": "7",
    "author": "inki****",
    "review_id": "2466180",
    "movie_id": "42931"
  },
  {
    "review": "잔잔하고마무리도깔끔.종려나무가뭔지모르고살아온1人(ㅜ.ㅜ)",
    "date": "08.02.15",
    "rating": "8",
    "author": "hurr****",
    "review_id": "2447794",
    "movie_id": "42931"
  },
  {
    "review": "진부한 전개로 폄하되기엔 스토리가 탄탄하다. 우수한 영화",
    "date": "07.11.12",
    "rating": "10",
    "author": "burn****",
    "review_id": "2147358",
    "movie_id": "42931"
  },
  {
    "review": "lacking",
    "date": "07.10.23",
    "rating": "1",
    "author": "sury****",
    "review_id": "2107254",
    "movie_id": "42931"
  },
  {
    "review": "볼때에는 재미있는편이아니지만 잔잔한게 오래남음",
    "date": "07.10.12",
    "rating": "8",
    "author": "maze****",
    "review_id": "2084673",
    "movie_id": "42931"
  },
  {
    "review": "질질 끌다...마지막에 한방! 기대를안하고봣음 좋앗을텐뎅..",
    "date": "07.09.04",
    "rating": "7",
    "author": "han7****",
    "review_id": "2001119",
    "movie_id": "42931"
  },
  {
    "review": "아름다운 배경과 조은숙연기빼곤 볼게없다",
    "date": "07.08.14",
    "rating": "4",
    "author": "kiww****",
    "review_id": "1935192",
    "movie_id": "42931"
  },
  {
    "review": "좋은 영화네요... 이런 영화 많이 제작됐으면 좋겠어요.",
    "date": "07.07.18",
    "rating": "10",
    "author": "free****",
    "review_id": "1787591",
    "movie_id": "42931"
  },
  {
    "review": "조은숙 멋진배우다 잔잔한 감동~",
    "date": "07.07.16",
    "rating": "7",
    "author": "desp****",
    "review_id": "1780058",
    "movie_id": "42931"
  },
  {
    "review": "거제도와 강릉의 멋진바다... 그리고 잔잔히 흐르는 사랑..",
    "date": "07.07.12",
    "rating": "9",
    "author": "minj****",
    "review_id": "1767845",
    "movie_id": "42931"
  },
  {
    "review": "거제도 배경의 아름다운영화.김민종의 마지막 반전~감동 한방!!긴~여운이.",
    "date": "07.07.10",
    "rating": "10",
    "author": "nkot****",
    "review_id": "1763341",
    "movie_id": "42931"
  },
  {
    "review": "잔잔한 영화~ ....",
    "date": "07.07.08",
    "rating": "9",
    "author": "juya****",
    "review_id": "1756971",
    "movie_id": "42931"
  },
  {
    "review": "예전순수한여자들의이야기 슬프고볼만함",
    "date": "07.06.07",
    "rating": "8",
    "author": "zzzo****",
    "review_id": "1687411",
    "movie_id": "42931"
  },
  {
    "review": "김민종",
    "date": "07.05.24",
    "rating": "10",
    "author": "kais****",
    "review_id": "1657425",
    "movie_id": "42931"
  },
  {
    "review": "강한 임팩트는 없으나 잔잔한 파도는 있는영화 마지막에 감동이 있다",
    "date": "07.05.24",
    "rating": "9",
    "author": "voov****",
    "review_id": "1656305",
    "movie_id": "42931"
  },
  {
    "review": "배우만 보구 영화 판단했다가 훌륭한 영화 놓칩니다. 꼭 보셈.",
    "date": "07.05.24",
    "rating": "10",
    "author": "woot****",
    "review_id": "1654309",
    "movie_id": "42931"
  },
  {
    "review": "정말 대단한데요. 강력추천, 와 정말 왜 이제야 만났는지 와~!",
    "date": "07.05.21",
    "rating": "10",
    "author": "otor****",
    "review_id": "1649912",
    "movie_id": "42931"
  },
  {
    "review": "묻히기엔 아까운 영화.. 거제도의 신비를 살린 영화. 세대간 연결영화",
    "date": "07.05.08",
    "rating": "9",
    "author": "durr****",
    "review_id": "1628015",
    "movie_id": "42931"
  },
  {
    "review": "인서와 화연의 사랑이 억지스럽게 느껴진다.",
    "date": "07.05.01",
    "rating": "7",
    "author": "zxci****",
    "review_id": "1613883",
    "movie_id": "42931"
  },
  {
    "review": "이영화를 이제서야 보다니 화날려고 그러네. 홍보좀 하지 그랬어요.",
    "date": "07.05.01",
    "rating": "10",
    "author": "tjtk****",
    "review_id": "1613844",
    "movie_id": "42931"
  },
  {
    "review": "희망.. 불가능할것만같아서 설레는..그리고  거제도에 꼭 가봐야지.",
    "date": "07.03.14",
    "rating": "5",
    "author": "infi****",
    "review_id": "1534043",
    "movie_id": "42931"
  },
  {
    "review": "너무 잼있어요 감동 그자체 ㅜㅜ",
    "date": "07.03.10",
    "rating": "10",
    "author": "ych1****",
    "review_id": "1527848",
    "movie_id": "42931"
  },
  {
    "review": "오랜만에 마음에 와 닿는 영화를 보았다.",
    "date": "07.02.17",
    "rating": "10",
    "author": "kksx****",
    "review_id": "1478166",
    "movie_id": "42931"
  },
  {
    "review": "민종이형 출연작중 최고의 감동~! 잔잔한게 꽤 괜찮네요~ 추천~!",
    "date": "07.02.16",
    "rating": "10",
    "author": "love****",
    "review_id": "1474648",
    "movie_id": "42931"
  },
  {
    "review": "아무생각없이 보다 마지막에 감정 북받쳐오르네.",
    "date": "07.02.01",
    "rating": "10",
    "author": "xpax****",
    "review_id": "1431415",
    "movie_id": "42931"
  },
  {
    "review": "나 저종려나무숲에서 선깔았는데ㅋㅋ군시절가설병ㅋㅋ",
    "date": "07.01.30",
    "rating": "8",
    "author": "nom1****",
    "review_id": "1426049",
    "movie_id": "42931"
  },
  {
    "review": "꽤 괜찮은 영화..생각보다 흥행이 안된 영화..",
    "date": "07.01.30",
    "rating": "8",
    "author": "ifee****",
    "review_id": "1425997",
    "movie_id": "42931"
  },
  {
    "review": "좋은 소재거리인데 너무 못살린 감이 있다!",
    "date": "07.01.28",
    "rating": "7",
    "author": "koko****",
    "review_id": "1422027",
    "movie_id": "42931"
  },
  {
    "review": "지루한 감이 좀 있었지만..충분히 아름다운 영화..",
    "date": "07.01.24",
    "rating": "8",
    "author": "vust****",
    "review_id": "1410776",
    "movie_id": "42931"
  },
  {
    "review": "현실과의 괴리감이 상당하지만...",
    "date": "07.01.22",
    "rating": "8",
    "author": "thff****",
    "review_id": "1405204",
    "movie_id": "42931"
  },
  {
    "review": "흥행실패가 너무 안타까운영화~ 김유미씨의 재발견",
    "date": "07.01.22",
    "rating": "9",
    "author": "mona****",
    "review_id": "1404493",
    "movie_id": "42931"
  },
  {
    "review": "김민종대한 잘못된 관념이 없이 본다면 정말 풋풋한사랑 이야기",
    "date": "07.01.06",
    "rating": "10",
    "author": "kimh****",
    "review_id": "1361102",
    "movie_id": "42931"
  },
  {
    "review": "엔딩에자막이너무빨리나왔음 거빼고는정말굿!은숙언니의 재발견",
    "date": "06.12.01",
    "rating": "9",
    "author": "ac12****",
    "review_id": "1260985",
    "movie_id": "42931"
  },
  {
    "review": "민종이형 나온것만으로도 충분하다!!",
    "date": "06.11.25",
    "rating": "10",
    "author": "ybn1****",
    "review_id": "1250143",
    "movie_id": "42931"
  },
  {
    "review": "의외로 긴장감 있다",
    "date": "06.11.16",
    "rating": "6",
    "author": "sadd****",
    "review_id": "1235695",
    "movie_id": "42931"
  },
  {
    "review": "진부한 신데렐라 영화... 평점이 높은게 도저히 이해가..",
    "date": "06.11.13",
    "rating": "1",
    "author": "femf****",
    "review_id": "1231198",
    "movie_id": "42931"
  },
  {
    "review": "이런영화가왜묻혔을까?",
    "date": "06.11.10",
    "rating": "9",
    "author": "nimj****",
    "review_id": "1225540",
    "movie_id": "42931"
  },
  {
    "review": "연기자의열연....흥행실패로 우습게보지맙시다...강추영화",
    "date": "06.11.07",
    "rating": "9",
    "author": "youn****",
    "review_id": "1221594",
    "movie_id": "42931"
  },
  {
    "review": "김유미는 진짜 영화와 인연이 없나보다...",
    "date": "06.10.18",
    "rating": "8",
    "author": "comp****",
    "review_id": "1187287",
    "movie_id": "42931"
  },
  {
    "review": "보아가이영화를봤다고해서우연히봤는데,, 넘 굿~~",
    "date": "06.10.16",
    "rating": "8",
    "author": "wjdw****",
    "review_id": "1184253",
    "movie_id": "42931"
  },
  {
    "review": "청소년 성매매 이경영 복귀.왜? 김민종이랑 의형제니까!",
    "date": "06.10.15",
    "rating": "3",
    "author": "recr****",
    "review_id": "1182875",
    "movie_id": "42931"
  },
  {
    "review": "조은숙의 연기가 눈물나게한다.",
    "date": "06.10.06",
    "rating": "7",
    "author": "sshm****",
    "review_id": "1166033",
    "movie_id": "42931"
  },
  {
    "review": "당신이 영화보는 눈깔이 잘못된걸로 다른사람 평점을 논하지말라",
    "date": "06.10.05",
    "rating": "9",
    "author": "tmdw****",
    "review_id": "1162519",
    "movie_id": "42931"
  },
  {
    "review": "변호사가 그렇게 대단한지는 몰랐지만 부러웠어요 하하",
    "date": "06.09.27",
    "rating": "9",
    "author": "dino****",
    "review_id": "1144633",
    "movie_id": "42931"
  },
  {
    "review": "남자는배 여자는항구? 차라리 TV문학관의 담백함을 배웠더라면..",
    "date": "06.09.26",
    "rating": "6",
    "author": "fon9****",
    "review_id": "1143875",
    "movie_id": "42931"
  },
  {
    "review": "평점이 안맞는 영화 처음이네",
    "date": "06.09.26",
    "rating": "1",
    "author": "firs****",
    "review_id": "1143758",
    "movie_id": "42931"
  },
  {
    "review": "남자들은 여자에게 미안해할 때 뭔가를 주려한다.",
    "date": "06.09.25",
    "rating": "10",
    "author": "bang****",
    "review_id": "1142026",
    "movie_id": "42931"
  },
  {
    "review": "기다리는 사랑에 희망을 주는 영화",
    "date": "06.09.23",
    "rating": "9",
    "author": "luna****",
    "review_id": "1139102",
    "movie_id": "42931"
  },
  {
    "review": "백마탄 왕자를 꿈꾸는 여인들에게 바치는 영화...",
    "date": "06.09.23",
    "rating": "3",
    "author": "82em****",
    "review_id": "1137866",
    "movie_id": "42931"
  },
  {
    "review": "조은숙,김유미 연기 인상적이고,,잔잔하게 감동적인 영화",
    "date": "06.09.07",
    "rating": "8",
    "author": "kail****",
    "review_id": "1109370",
    "movie_id": "42931"
  },
  {
    "review": "약속들 중에서... 지키지 못할.. 사랑에 관한 약속은 하지 마소~",
    "date": "06.09.07",
    "rating": "7",
    "author": "urkn****",
    "review_id": "1109000",
    "movie_id": "42931"
  },
  {
    "review": "충분히 감동적인 영화",
    "date": "06.08.21",
    "rating": "7",
    "author": "eyes****",
    "review_id": "1064741",
    "movie_id": "42931"
  },
  {
    "review": "말죽거리잔혹사올리기,광복절특사도만쉐이!",
    "date": "06.08.17",
    "rating": "1",
    "author": "seol****",
    "review_id": "1046957",
    "movie_id": "42931"
  },
  {
    "review": "3점주려 들어왔다 평점에 놀란 영화.",
    "date": "06.08.15",
    "rating": "3",
    "author": "luna****",
    "review_id": "1033182",
    "movie_id": "42931"
  }
]