[
  {
    "review": "ㅋㅋ 그냥 벗기지.. 노래는 왜 불러?",
    "date": "12.07.04",
    "rating": "6",
    "author": "tn99****",
    "review_id": "6445280",
    "movie_id": "43061"
  },
  {
    "review": "음산하고 독특한건 좋은데 노래 부르는게 어색하다.",
    "date": "09.10.02",
    "rating": "6",
    "author": "bbq2****",
    "review_id": "3866613",
    "movie_id": "43061"
  },
  {
    "review": "황당했던 오페라버젼 대사,공포영화같은 장면들...정말 욕나온다...",
    "date": "09.04.18",
    "rating": "1",
    "author": "egyp****",
    "review_id": "3427197",
    "movie_id": "43061"
  },
  {
    "review": "원제는 요한나인데 왜 제목이 성녀 요한나가 됐을까? 여우주연상 탔구만.",
    "date": "09.03.24",
    "rating": "8",
    "author": "skss****",
    "review_id": "3385252",
    "movie_id": "43061"
  },
  {
    "review": "도전~~ 점수 깍기",
    "date": "07.09.30",
    "rating": "1",
    "author": "juji****",
    "review_id": "2062284",
    "movie_id": "43061"
  },
  {
    "review": "깊이 들어갈필요는 없구 \"그냥\"괜찮은 영화",
    "date": "07.08.26",
    "rating": "6",
    "author": "seok****",
    "review_id": "1980072",
    "movie_id": "43061"
  },
  {
    "review": "음 ... 어설픈 뮤지컬~오페라도 아닌... 매치가 잘안됨...",
    "date": "07.07.30",
    "rating": "7",
    "author": "kmhh****",
    "review_id": "1829464",
    "movie_id": "43061"
  },
  {
    "review": "아 이거 접근하기 너무 힘들다...",
    "date": "07.07.30",
    "rating": "5",
    "author": "altn****",
    "review_id": "1827674",
    "movie_id": "43061"
  },
  {
    "review": "뮤지컬? 오페라? 낯선 기류가 흐르는 영화.",
    "date": "07.07.19",
    "rating": "3",
    "author": "caca****",
    "review_id": "1789929",
    "movie_id": "43061"
  },
  {
    "review": "감독의 연출이 부재니 좋은 소재를 말아버린다",
    "date": "07.01.31",
    "rating": "2",
    "author": "okjo****",
    "review_id": "1430873",
    "movie_id": "43061"
  },
  {
    "review": "저급한 투사부하고는 비교도 안되는 걸작!",
    "date": "06.02.21",
    "rating": "10",
    "author": "lhcg****",
    "review_id": "683539",
    "movie_id": "43061"
  },
  {
    "review": "성.요.한.나. 이중적 성의 관념, 집요한 주의가 경의롭다.",
    "date": "06.02.21",
    "rating": "10",
    "author": "leeh****",
    "review_id": "683538",
    "movie_id": "43061"
  }
]