[
  {
    "review": "이거 자막 있으신 분 제 아뒤로 (네이버) 보내주시면 감사하겠습니다 ㅠ",
    "date": "10.07.16",
    "rating": "10",
    "author": "mant****",
    "review_id": "4643990",
    "movie_id": "43073"
  },
  {
    "review": "이 영화 너무 좋다. 소설가의 비밀이 고독한 진실이 아닌가..",
    "date": "09.12.28",
    "rating": "10",
    "author": "1wed****",
    "review_id": "4100458",
    "movie_id": "43073"
  },
  {
    "review": "독특한 분위기를 이끌어가는 연출",
    "date": "08.07.17",
    "rating": "7",
    "author": "leh0****",
    "review_id": "2770311",
    "movie_id": "43073"
  },
  {
    "review": "지루함",
    "date": "08.07.17",
    "rating": "5",
    "author": "qhde****",
    "review_id": "2769835",
    "movie_id": "43073"
  },
  {
    "review": "결국 모든 것을 밝혀주는 인간의 본능, 애증",
    "date": "07.03.05",
    "rating": "8",
    "author": "minj****",
    "review_id": "1520819",
    "movie_id": "43073"
  },
  {
    "review": "우울한 유럽영화 , 캐릭터도 스토리도 연기도 완벽하다 !",
    "date": "07.01.28",
    "rating": "10",
    "author": "demo****",
    "review_id": "1422189",
    "movie_id": "43073"
  },
  {
    "review": "지루하지 않은 프랑스 영화..매력적인 안나 무글라리스!!",
    "date": "06.12.19",
    "rating": "10",
    "author": "swee****",
    "review_id": "1304790",
    "movie_id": "43073"
  },
  {
    "review": "결말부분에서 이해가 잘 안됐다.",
    "date": "06.12.12",
    "rating": "7",
    "author": "dodo****",
    "review_id": "1286828",
    "movie_id": "43073"
  },
  {
    "review": "한 번 더 보고싶다.",
    "date": "06.12.10",
    "rating": "9",
    "author": "kyhk****",
    "review_id": "1281117",
    "movie_id": "43073"
  },
  {
    "review": "매혹적",
    "date": "06.12.06",
    "rating": "7",
    "author": "gubu****",
    "review_id": "1270036",
    "movie_id": "43073"
  },
  {
    "review": "괜찮다.",
    "date": "06.12.03",
    "rating": "9",
    "author": "ima7****",
    "review_id": "1263841",
    "movie_id": "43073"
  },
  {
    "review": "안녕",
    "date": "06.12.02",
    "rating": "10",
    "author": "nwj7****",
    "review_id": "1263565",
    "movie_id": "43073"
  },
  {
    "review": "멜로에서 미스테리(?)로 흐르는 바람에 많이 아쉽다",
    "date": "06.12.02",
    "rating": "7",
    "author": "cpck****",
    "review_id": "1263135",
    "movie_id": "43073"
  },
  {
    "review": "배우를 주목하면 연기가 살아난다",
    "date": "06.12.02",
    "rating": "8",
    "author": "kims****",
    "review_id": "1262705",
    "movie_id": "43073"
  },
  {
    "review": "여주인공 샤넬 모델인데 영화에도 진출했네요. 넘 세련~",
    "date": "06.12.01",
    "rating": "10",
    "author": "blue****",
    "review_id": "1261578",
    "movie_id": "43073"
  },
  {
    "review": "아래 모긴 모야..건축과라잖아..>,신고",
    "date": "06.12.01",
    "rating": "10",
    "author": "qord****",
    "review_id": "1261255",
    "movie_id": "43073"
  },
  {
    "review": "아름다운 그녀, 장면, 짜임새있는 스토리",
    "date": "06.12.01",
    "rating": "10",
    "author": "teep****",
    "review_id": "1260696",
    "movie_id": "43073"
  },
  {
    "review": "잼잇음",
    "date": "06.11.29",
    "rating": "10",
    "author": "sd36****",
    "review_id": "1257954",
    "movie_id": "43073"
  },
  {
    "review": "내가 1등이다~~~!!^^건축과 화이팅~~",
    "date": "06.11.29",
    "rating": "1",
    "author": "1983****",
    "review_id": "1257076",
    "movie_id": "43073"
  }
]