[
  {
    "review": "이런 쓰레기는 1점도 아깝다.",
    "date": "14.08.06",
    "rating": "1",
    "author": "hang****",
    "review_id": "9035693",
    "movie_id": "43111"
  },
  {
    "review": "세계 영화사에 남을 걸작",
    "date": "14.07.20",
    "rating": "10",
    "author": "yoon****",
    "review_id": "8932824",
    "movie_id": "43111"
  },
  {
    "review": "이건 뭐.. 영화도 아니고",
    "date": "14.04.13",
    "rating": "2",
    "author": "534k****",
    "review_id": "8646209",
    "movie_id": "43111"
  },
  {
    "review": "영화속 붉은 핏빛 색감과 마지막에 교미하면서 살해하는 파격적인 영상미가 압권!",
    "date": "11.06.16",
    "rating": "8",
    "author": "deka****",
    "review_id": "5484470",
    "movie_id": "43111"
  },
  {
    "review": "자네 영환가?",
    "date": "09.08.25",
    "rating": "1",
    "author": "dlwo****",
    "review_id": "3787064",
    "movie_id": "43111"
  },
  {
    "review": "뭐야 이게 ㅡㅡ",
    "date": "09.06.12",
    "rating": "1",
    "author": "allr****",
    "review_id": "3559779",
    "movie_id": "43111"
  },
  {
    "review": "영화의 재미와 묘미는 저멀리 떠나보내고~",
    "date": "09.06.10",
    "rating": "6",
    "author": "limj****",
    "review_id": "3556781",
    "movie_id": "43111"
  },
  {
    "review": "잔인하지 않다. 그냥 성적가학 재미는 있었는데.. 스토리가 없는 B급 영화다.",
    "date": "09.03.23",
    "rating": "1",
    "author": "djaa****",
    "review_id": "3382816",
    "movie_id": "43111"
  },
  {
    "review": "세련되어지고 영상미가 있고 아줌마배우도 괜찮았어",
    "date": "08.07.28",
    "rating": "5",
    "author": "almo****",
    "review_id": "2812701",
    "movie_id": "43111"
  },
  {
    "review": "너무 뻔해서 재미없는..아님 더 화끈하게 만들든가,,",
    "date": "08.07.10",
    "rating": "2",
    "author": "hurr****",
    "review_id": "2751260",
    "movie_id": "43111"
  },
  {
    "review": "전 보다가 징그러워서 채널돌림 ㅡㅡ",
    "date": "08.07.01",
    "rating": "5",
    "author": "cp51****",
    "review_id": "2733351",
    "movie_id": "43111"
  },
  {
    "review": "전형적인 B급영화, 등장인물들이 하나같이 정신이상자 혹은 저능아.",
    "date": "08.06.11",
    "rating": "3",
    "author": "daeu****",
    "review_id": "2693203",
    "movie_id": "43111"
  },
  {
    "review": "어제 해주는거 봤는데 이거 머 완전 미저리 일본판이더만 ㅡ.ㅡ",
    "date": "08.03.23",
    "rating": "2",
    "author": "okod****",
    "review_id": "2538066",
    "movie_id": "43111"
  },
  {
    "review": "완전한 사육중 제일 좋아하는 3탄에서 본 인물이 나오는 영화 근데 내용이~~~영",
    "date": "08.02.26",
    "rating": "1",
    "author": "bsjb****",
    "review_id": "2484828",
    "movie_id": "43111"
  },
  {
    "review": "그래요 처음엔 괜찮았는데 가면갈수록 더 보기 싫어 지는거예요",
    "date": "08.02.25",
    "rating": "2",
    "author": "cght****",
    "review_id": "2481536",
    "movie_id": "43111"
  },
  {
    "review": "아랫 의견에 동감함..",
    "date": "06.06.14",
    "rating": "2",
    "author": "lshp****",
    "review_id": "843818",
    "movie_id": "43111"
  },
  {
    "review": "공포를 조금 즐기는 편이나 이건,, 도대체 ... 휴~~",
    "date": "06.05.17",
    "rating": "2",
    "author": "labl****",
    "review_id": "802976",
    "movie_id": "43111"
  }
]