[
  {
    "review": "내 딸과 함께 보고 우리집 개 끌어 안고 펑펑 울었다. 나의 유년시절때의 강아지들 보고 싶어서 울고지금 울 집 강아지한테도 넘 못해줘서 울고 영화가 슬퍼서 또 울고... 슬프지만 정말 재밌는 영화~",
    "date": "15.08.05",
    "rating": "10",
    "author": "gree****",
    "review_id": "10188175",
    "movie_id": "43114"
  },
  {
    "review": "마지막 마리모 부분 진짜 슬픔.. 눈물이 주르륵",
    "date": "15.07.07",
    "rating": "10",
    "author": "apre****",
    "review_id": "10079144",
    "movie_id": "43114"
  },
  {
    "review": "제목만 읽어도 눈물이 나려고한다계속 울었다 일본영화는 정말 나의 마음을 암청 울린다아름다운 영화ㅠㅠ 뽀찌야...아 뽀찌..",
    "date": "14.05.24",
    "rating": "10",
    "author": "home****",
    "review_id": "8761422",
    "movie_id": "43114"
  },
  {
    "review": "실연하고 보지 마세요. 진짜 최악입니다.",
    "date": "14.04.20",
    "rating": "1",
    "author": "xeww****",
    "review_id": "8662404",
    "movie_id": "43114"
  },
  {
    "review": "나의 개에 관한 모든 것. 웃길 땐 댓나 웃기더니 슬픈 땐 눈물 나오게끔 댓나 슬프네유. 내가 개를 키우지 않는 이유는 어미 개와 새끼 개를 떼어놓기 미안해서. 어미 개와 새끼 개를 같이 데려오면 키우고 싶은 의향이 있지만.",
    "date": "14.02.19",
    "rating": "10",
    "author": "real****",
    "review_id": "8520907",
    "movie_id": "43114"
  },
  {
    "review": "ost가 너무 슬프네요 들을때마다 눈물나옴",
    "date": "13.10.09",
    "rating": "8",
    "author": "leve****",
    "review_id": "8048239",
    "movie_id": "43114"
  },
  {
    "review": "멍뭉아 오래오래 같이 살자 ㅠㅠㅠ",
    "date": "13.09.24",
    "rating": "10",
    "author": "eost****",
    "review_id": "8013861",
    "movie_id": "43114"
  },
  {
    "review": "진짜 슬프고 감동적이에요....",
    "date": "13.07.26",
    "rating": "10",
    "author": "0102****",
    "review_id": "7786149",
    "movie_id": "43114"
  },
  {
    "review": "사람과 동물의 교감을 감동적으로 그렸고, 무엇보다도 밋밋한 전개가 아닌 옴니버스 형식의 실험적 시도가 돋보였다. 특히 중반 이후부터 마지막 애니메이션과 미카&마리모의 이야기에서 자꾸 눈물이...",
    "date": "13.07.25",
    "rating": "8",
    "author": "deka****",
    "review_id": "7781865",
    "movie_id": "43114"
  },
  {
    "review": "개는 안키우지만 인간이 가져야 하는 가장 순수한 걸 본듯하다...보는 내내 따듯해서 좋았다...길위에 고생하는 유기견들을 다시보게 됐어",
    "date": "13.06.07",
    "rating": "10",
    "author": "epff****",
    "review_id": "7601003",
    "movie_id": "43114"
  },
  {
    "review": "나도 정말 동물좋아하는데 영화의 평은 별개다. 감독이 많은걸 시도한것같지만 결국 이도저도아닌ㄴ게 되버렷다. 전체적인 영화의 흐름도 그렇지만 개개의 이야기들도 별로엿다. 마지막장면에서 눈물흘린사람들이잇을것같은데 슬픈음악에 감동적글몇개 띄운다고해서 좋은영",
    "date": "13.05.29",
    "rating": "1",
    "author": "ssys****",
    "review_id": "7561922",
    "movie_id": "43114"
  },
  {
    "review": "ㅠㅜ강아지들 너무 귀엽고..ㅠㅜ 마리모이야기에서 도서관에서 보고있었는데  울어버림 ㅠㅜㅠ",
    "date": "13.03.29",
    "rating": "10",
    "author": "kce0****",
    "review_id": "7420166",
    "movie_id": "43114"
  },
  {
    "review": "차라리 'TV 동물농장'을 보겠소",
    "date": "13.02.17",
    "rating": "2",
    "author": "ykdi****",
    "review_id": "7274619",
    "movie_id": "43114"
  },
  {
    "review": "감동과 웃음이 모두 있는 영화!",
    "date": "12.12.10",
    "rating": "10",
    "author": "tour****",
    "review_id": "6990610",
    "movie_id": "43114"
  },
  {
    "review": "별로입니다.",
    "date": "12.11.22",
    "rating": "4",
    "author": "5cc9****",
    "review_id": "6912017",
    "movie_id": "43114"
  },
  {
    "review": "우리강아지들생각에펑펑울어버렸다ㅠㅠ",
    "date": "12.10.29",
    "rating": "9",
    "author": "tjsa****",
    "review_id": "6833908",
    "movie_id": "43114"
  },
  {
    "review": "그동안 보아왔던 개와 인간의 감동적인 이야기 외에도 재미있는 여러 에피소드가 담겨있어 색다르고 알찬 영화.. 애견인이 아니라도 누구나 재미있게 볼만함",
    "date": "12.10.21",
    "rating": "5",
    "author": "yols****",
    "review_id": "6818194",
    "movie_id": "43114"
  },
  {
    "review": "좋은 영화예요",
    "date": "12.10.13",
    "rating": "10",
    "author": "skya****",
    "review_id": "6795314",
    "movie_id": "43114"
  },
  {
    "review": "완전히 관객들 울리려는 계획적으로 만든 작품이네요...앤딩 후 먼저 마음이 아프고 그러는게 오래가네요.",
    "date": "12.07.15",
    "rating": "10",
    "author": "por_****",
    "review_id": "6482212",
    "movie_id": "43114"
  },
  {
    "review": "그냥 뭐 개보는 재미지 뭐..",
    "date": "12.06.30",
    "rating": "7",
    "author": "tn99****",
    "review_id": "6433397",
    "movie_id": "43114"
  },
  {
    "review": "전체적으로 미지근한것이 아쉽지만 애완견에 열심인 사람들은 명작이라 할수도있는 애완견에 대한 모든것",
    "date": "12.06.30",
    "rating": "8",
    "author": "kara****",
    "review_id": "6430641",
    "movie_id": "43114"
  },
  {
    "review": "마리모이야기 너무 감동적이에요ㅠㅠ",
    "date": "12.05.03",
    "rating": "10",
    "author": "tjgu****",
    "review_id": "6268325",
    "movie_id": "43114"
  },
  {
    "review": "포치랑 마리모이야기 진짜 감동ㅠㅠㅠㅠㅠ",
    "date": "11.12.29",
    "rating": "10",
    "author": "isg8****",
    "review_id": "5943942",
    "movie_id": "43114"
  },
  {
    "review": "우리집 강아지가 너무너무 생각 난다...........",
    "date": "11.12.18",
    "rating": "10",
    "author": "ygfa****",
    "review_id": "5913496",
    "movie_id": "43114"
  },
  {
    "review": "첫부분에 뮤지컬이 신선했고 웃겼다. 그리고 마지막 마리모 이야기에서 눈물이..ㅠㅠ",
    "date": "11.12.06",
    "rating": "7",
    "author": "sjy2****",
    "review_id": "5890404",
    "movie_id": "43114"
  },
  {
    "review": "뽀치 와 마리모 빼곤 그다지...",
    "date": "11.10.04",
    "rating": "7",
    "author": "marc****",
    "review_id": "5771283",
    "movie_id": "43114"
  },
  {
    "review": "뒤에 미야자키 아오이 부분만 감동있고 나머진 그냥 지루함",
    "date": "11.09.17",
    "rating": "6",
    "author": "7606****",
    "review_id": "5737749",
    "movie_id": "43114"
  },
  {
    "review": "강아지 정말 좋음 ㅠ",
    "date": "11.07.21",
    "rating": "8",
    "author": "sksm****",
    "review_id": "5558828",
    "movie_id": "43114"
  },
  {
    "review": "진짜 평점에 낚여서봤는데 1점도 아까운 쓰레기영화 한동안 일본영화 안볼듯 ㅡㅡ",
    "date": "11.07.15",
    "rating": "1",
    "author": "sunh****",
    "review_id": "5545883",
    "movie_id": "43114"
  },
  {
    "review": "아흑..",
    "date": "11.06.08",
    "rating": "10",
    "author": "cock****",
    "review_id": "5471583",
    "movie_id": "43114"
  },
  {
    "review": "완전 감동적 ㅠ.ㅠ 진짜 오늘 오랜만에 디비디 빌려서 다시봤는데 ㅠㅠ 진짜 감동적",
    "date": "11.05.25",
    "rating": "10",
    "author": "cone****",
    "review_id": "5448748",
    "movie_id": "43114"
  },
  {
    "review": "마지막 ..마리모 이야기 되게 감동적이였어요",
    "date": "11.05.15",
    "rating": "10",
    "author": "torc****",
    "review_id": "5429133",
    "movie_id": "43114"
  },
  {
    "review": "옆에 아픈 강아지와 같이 보니까..  눈물이 난다..",
    "date": "11.04.21",
    "rating": "10",
    "author": "qort****",
    "review_id": "5385188",
    "movie_id": "43114"
  },
  {
    "review": "어릴적 키우다 사라진 강아지가 생각난다.. 난 아직도 그 꼬마를 잊지 못하고 있어..",
    "date": "11.03.09",
    "rating": "10",
    "author": "5687****",
    "review_id": "5301737",
    "movie_id": "43114"
  },
  {
    "review": "우리집 개가 죽어가고 있어서 마리모 이야기를 보다가 울면서 실신할뻔 했다.",
    "date": "11.02.23",
    "rating": "10",
    "author": "kwan****",
    "review_id": "5268667",
    "movie_id": "43114"
  },
  {
    "review": "정말 어처구니없이 만든 영화로다~",
    "date": "11.02.05",
    "rating": "1",
    "author": "choi****",
    "review_id": "5216620",
    "movie_id": "43114"
  },
  {
    "review": "개가 좋아서 ...별 4개이상보고 다운받았는데....후후후...장난치지마라..",
    "date": "11.01.28",
    "rating": "1",
    "author": "hare****",
    "review_id": "5191805",
    "movie_id": "43114"
  },
  {
    "review": "정말 감동적인 영화입니다.가슴이 훈훈해져요.베리굿!!!!!!!!",
    "date": "11.01.24",
    "rating": "10",
    "author": "odjs****",
    "review_id": "5180008",
    "movie_id": "43114"
  },
  {
    "review": "너무 익숙해져버린건지...미야자키아오이편빼고는 그저그랬다.",
    "date": "11.01.24",
    "rating": "5",
    "author": "kent****",
    "review_id": "5179963",
    "movie_id": "43114"
  },
  {
    "review": "정말정말정말정말정말~! 감동적이예여ㅠㅠ",
    "date": "10.09.27",
    "rating": "10",
    "author": "soyu****",
    "review_id": "4873059",
    "movie_id": "43114"
  },
  {
    "review": "지루할때도 있고 재밌을때도 있는데 그럭저럭 볼만함",
    "date": "10.09.26",
    "rating": "8",
    "author": "ttty****",
    "review_id": "4869563",
    "movie_id": "43114"
  },
  {
    "review": "감동적인영화",
    "date": "10.09.24",
    "rating": "10",
    "author": "heew****",
    "review_id": "4865692",
    "movie_id": "43114"
  },
  {
    "review": "누구든 꼭 봐야할 영화!! 전 우리 강아지랑 집에서 비디오로 봤음.. 완전 감동!!",
    "date": "10.09.11",
    "rating": "10",
    "author": "k070****",
    "review_id": "4829300",
    "movie_id": "43114"
  },
  {
    "review": "강아지 오랜간 키웠고 떠나고 또 다른 강아지를 키우고있다.너무 공감하고 힘된 영화",
    "date": "10.09.09",
    "rating": "10",
    "author": "gomd****",
    "review_id": "4825089",
    "movie_id": "43114"
  },
  {
    "review": "이누도 잇신의 포치가 가장 좋았다~~",
    "date": "10.08.28",
    "rating": "7",
    "author": "kkk2****",
    "review_id": "4799665",
    "movie_id": "43114"
  },
  {
    "review": "마지막 가서 슬프네ㅠㅠ개 키우는 사람들은 한번볼만한 영화예요 보세요",
    "date": "10.08.27",
    "rating": "10",
    "author": "pass****",
    "review_id": "4796762",
    "movie_id": "43114"
  },
  {
    "review": "마리모이야기가 니를 살렸다잉",
    "date": "10.08.04",
    "rating": "5",
    "author": "cde3****",
    "review_id": "4706928",
    "movie_id": "43114"
  },
  {
    "review": "마지막에 너무 감동적이에요 ㅠ",
    "date": "10.07.29",
    "rating": "10",
    "author": "jhy9****",
    "review_id": "4684515",
    "movie_id": "43114"
  },
  {
    "review": "우리개 이야기는, 우리들 이야기네요...",
    "date": "10.05.17",
    "rating": "9",
    "author": "sssz****",
    "review_id": "4505766",
    "movie_id": "43114"
  },
  {
    "review": "마지막 마리모 이야기. 이것만으로도 충분한 영화",
    "date": "10.05.06",
    "rating": "8",
    "author": "soyb****",
    "review_id": "4482458",
    "movie_id": "43114"
  },
  {
    "review": "아아ㅜㅜ",
    "date": "10.05.05",
    "rating": "10",
    "author": "mumu****",
    "review_id": "4480635",
    "movie_id": "43114"
  },
  {
    "review": "정말 짠하다.......",
    "date": "10.04.24",
    "rating": "10",
    "author": "ljy2****",
    "review_id": "4453237",
    "movie_id": "43114"
  },
  {
    "review": "헐평점에낚여서봣는데진짜내용이없어요..많이허무합니다 내용거의없어요",
    "date": "10.04.24",
    "rating": "1",
    "author": "cpfl****",
    "review_id": "4451310",
    "movie_id": "43114"
  },
  {
    "review": "잘 만들었기도 하고 무엇보다 좋은^-^ 영화이기고 하고",
    "date": "10.04.13",
    "rating": "10",
    "author": "loos****",
    "review_id": "4431309",
    "movie_id": "43114"
  },
  {
    "review": "정말 키우는 강아지를 더이뻐해줘야겠다는 생각이드네요 계속울었습니다",
    "date": "10.03.27",
    "rating": "10",
    "author": "salo****",
    "review_id": "4391393",
    "movie_id": "43114"
  },
  {
    "review": "강아지를 키워본 사람이라면 누구나 공감하고 감동받는 이야기",
    "date": "10.03.15",
    "rating": "10",
    "author": "anna****",
    "review_id": "4359319",
    "movie_id": "43114"
  },
  {
    "review": "마지막 마리모 이야기 보면서 펑펑 울었다.",
    "date": "10.02.21",
    "rating": "9",
    "author": "gwen****",
    "review_id": "4306382",
    "movie_id": "43114"
  },
  {
    "review": "영화라는것을 보면서 처음으로 눈물을 흘렸습니다 .. 강추합니다",
    "date": "10.02.16",
    "rating": "10",
    "author": "rogk****",
    "review_id": "4288753",
    "movie_id": "43114"
  },
  {
    "review": "처름 퍼그 나오는 부분만 빼면 정말 눈물흘리며 봤던 영화...",
    "date": "10.02.10",
    "rating": "10",
    "author": "cool****",
    "review_id": "4266267",
    "movie_id": "43114"
  },
  {
    "review": "눈물이주루룩 ㅠㅠ",
    "date": "10.02.02",
    "rating": "9",
    "author": "nozo****",
    "review_id": "4237199",
    "movie_id": "43114"
  },
  {
    "review": "주인을기다리며 병원에서죽어가는장면 완전눈물펑펑.울집개한테도미안!",
    "date": "10.01.31",
    "rating": "8",
    "author": "oliv****",
    "review_id": "4229578",
    "movie_id": "43114"
  },
  {
    "review": "처음엔 막 재밌다가 마지막엔 진짜 폭풍 눈물콧물 ㄷㄷ",
    "date": "10.01.25",
    "rating": "10",
    "author": "kwj1****",
    "review_id": "4209268",
    "movie_id": "43114"
  },
  {
    "review": "울어 버렸어",
    "date": "10.01.25",
    "rating": "10",
    "author": "aer4****",
    "review_id": "4208746",
    "movie_id": "43114"
  },
  {
    "review": "광고 퍼니~~",
    "date": "10.01.14",
    "rating": "10",
    "author": "0614****",
    "review_id": "4168626",
    "movie_id": "43114"
  },
  {
    "review": "아... 맨 마지막 마리모이야기 보다가 울었어요. 개 기르시는 분들은 다 그랬을듯....",
    "date": "10.01.07",
    "rating": "10",
    "author": "aeon****",
    "review_id": "4143114",
    "movie_id": "43114"
  },
  {
    "review": "더 사랑해주지 못해 미안해",
    "date": "10.01.04",
    "rating": "10",
    "author": "anti****",
    "review_id": "4133550",
    "movie_id": "43114"
  },
  {
    "review": "울면서 봤어요ㅠㅠ 특히 마리모는 정말ㅠㅠㅠㅠ",
    "date": "09.12.29",
    "rating": "10",
    "author": "drea****",
    "review_id": "4105998",
    "movie_id": "43114"
  },
  {
    "review": "영화 수준의 스토리가 없다. 동물 다큐 만큼 재미있지도 않다. 평점을 낮추어 주마",
    "date": "09.12.29",
    "rating": "1",
    "author": "ligh****",
    "review_id": "4102845",
    "movie_id": "43114"
  },
  {
    "review": "마리모와 광고 에피소드에 각각 별 한개씩.",
    "date": "09.12.06",
    "rating": "4",
    "author": "sae1****",
    "review_id": "4021079",
    "movie_id": "43114"
  },
  {
    "review": "날 사랑해줘서 고마워.. 이걸로 모든걸 표현할수있다",
    "date": "09.12.05",
    "rating": "10",
    "author": "suri****",
    "review_id": "4018671",
    "movie_id": "43114"
  },
  {
    "review": "아~ 멋진영화! 특히 마지막 마리오이야기는 보는내내 눈시울이 뜨거워지는 영화!",
    "date": "09.12.01",
    "rating": "10",
    "author": "dami****",
    "review_id": "4007411",
    "movie_id": "43114"
  },
  {
    "review": "DOG..",
    "date": "09.11.25",
    "rating": "9",
    "author": "bkm1****",
    "review_id": "3989264",
    "movie_id": "43114"
  },
  {
    "review": "우리의 개..친근감을 느끼는",
    "date": "09.11.13",
    "rating": "9",
    "author": "bkm1****",
    "review_id": "3958205",
    "movie_id": "43114"
  },
  {
    "review": "나보다 아가였는데 먼저 엄마가되고 할머니가되고..  밤꼬야 엄마보다오래살아야되",
    "date": "09.11.11",
    "rating": "10",
    "author": "acac****",
    "review_id": "3951647",
    "movie_id": "43114"
  },
  {
    "review": "모든에피소드가 재밌었지만, 역시 마지막에 마리모이야기에서 울어버렸다.",
    "date": "09.10.14",
    "rating": "10",
    "author": "viva****",
    "review_id": "3892280",
    "movie_id": "43114"
  },
  {
    "review": ",,사랑해줘서 고마워란말이너무 마닫네요.. 우리몽이도 그런생각을할까요.",
    "date": "09.10.01",
    "rating": "10",
    "author": "teet****",
    "review_id": "3862994",
    "movie_id": "43114"
  },
  {
    "review": "이건 정말......감동입니다......(ㅜㅜ)",
    "date": "09.09.30",
    "rating": "10",
    "author": "jack****",
    "review_id": "3861752",
    "movie_id": "43114"
  },
  {
    "review": "마리모이야기...",
    "date": "09.08.10",
    "rating": "10",
    "author": "audt****",
    "review_id": "3734872",
    "movie_id": "43114"
  },
  {
    "review": "우리 주변에 쉽게 일어나는 일이...너무나도 슬펐습니다...",
    "date": "09.06.06",
    "rating": "10",
    "author": "mini****",
    "review_id": "3547110",
    "movie_id": "43114"
  },
  {
    "review": "앞내용이좀별로.....포치 불쌍해. 뒤에슬픔 ㅠ.ㅠ",
    "date": "09.05.29",
    "rating": "6",
    "author": "song****",
    "review_id": "3529060",
    "movie_id": "43114"
  },
  {
    "review": "앞부분은 코믹한데 뒤엔 너무 슬퍼요ㅠㅠㅠㅠㅠㅠㅠㅠㅠㅠㅠㅠㅠ",
    "date": "09.05.25",
    "rating": "10",
    "author": "klk0****",
    "review_id": "3522595",
    "movie_id": "43114"
  },
  {
    "review": "이쁜아 하늘나라에서 잘 살고 있니....",
    "date": "09.05.20",
    "rating": "10",
    "author": "hisw****",
    "review_id": "3509126",
    "movie_id": "43114"
  },
  {
    "review": "소재 특성상 아름다울 수 밖에 없는 내용이지만 그걸 다루는 방식은 작위적이었다",
    "date": "09.05.16",
    "rating": "3",
    "author": "kkot****",
    "review_id": "3498322",
    "movie_id": "43114"
  },
  {
    "review": "꼭 애견인이 아니라도 추천할 만하다.",
    "date": "09.05.03",
    "rating": "7",
    "author": "cube****",
    "review_id": "3463851",
    "movie_id": "43114"
  },
  {
    "review": "사랑해줘서 고마워.",
    "date": "09.04.13",
    "rating": "10",
    "author": "gpdu****",
    "review_id": "3418874",
    "movie_id": "43114"
  },
  {
    "review": "누구나 마지막 에피소드에서 펑펑운다.",
    "date": "09.04.02",
    "rating": "10",
    "author": "cnrr****",
    "review_id": "3400162",
    "movie_id": "43114"
  },
  {
    "review": "완전..봐야할 영화예요..ㅠㅠ",
    "date": "09.03.12",
    "rating": "10",
    "author": "agus****",
    "review_id": "3361865",
    "movie_id": "43114"
  },
  {
    "review": "최고, 꼭 봐야할 영화. 마지막 3분이 눈물바다",
    "date": "09.03.12",
    "rating": "10",
    "author": "diys****",
    "review_id": "3361604",
    "movie_id": "43114"
  },
  {
    "review": "영화보면서 난생 처음으로 눈물을 쏟아내보앗다 내인생에서 잊지못할영화",
    "date": "09.03.02",
    "rating": "10",
    "author": "gura****",
    "review_id": "3343900",
    "movie_id": "43114"
  },
  {
    "review": "강아지를 키워본 사람이라면 누구나 눈물짓는 이야기.",
    "date": "09.02.10",
    "rating": "8",
    "author": "mkin****",
    "review_id": "3292940",
    "movie_id": "43114"
  },
  {
    "review": "너무 감동적!!!!",
    "date": "09.02.10",
    "rating": "10",
    "author": "psha****",
    "review_id": "3292676",
    "movie_id": "43114"
  },
  {
    "review": "마리모보면서일년전죽은우리키노생각사랑해줘서고마워나도고마워키노야사랑해보고싶다",
    "date": "09.02.01",
    "rating": "10",
    "author": "qnpf****",
    "review_id": "3268680",
    "movie_id": "43114"
  },
  {
    "review": "마지막 10분이 나를 울렸다",
    "date": "09.01.31",
    "rating": "10",
    "author": "eost****",
    "review_id": "3265362",
    "movie_id": "43114"
  },
  {
    "review": "포치,마리모에서 펑펑울었다 정말.. 울음..강아지 떠나보낸경험있는사람은 더서럽고..",
    "date": "09.01.28",
    "rating": "10",
    "author": "akak****",
    "review_id": "3258726",
    "movie_id": "43114"
  },
  {
    "review": "아..........ㅠㅠㅠㅠㅠ넘울었어",
    "date": "09.01.28",
    "rating": "10",
    "author": "ehrr****",
    "review_id": "3257629",
    "movie_id": "43114"
  },
  {
    "review": "솔직히마리모빼고는 3류영화인지알앗삼",
    "date": "08.12.05",
    "rating": "6",
    "author": "gunb****",
    "review_id": "3092438",
    "movie_id": "43114"
  },
  {
    "review": "개와 나의10가지 약속을 보고나서일까?",
    "date": "08.11.15",
    "rating": "7",
    "author": "bigt****",
    "review_id": "3051328",
    "movie_id": "43114"
  },
  {
    "review": "잊엇던  .. 우리깜지 생각나게해줘  고마우면소도  미운영화 ...",
    "date": "08.11.04",
    "rating": "10",
    "author": "good****",
    "review_id": "3034216",
    "movie_id": "43114"
  },
  {
    "review": "개봉할때 봤는데.. 평점이 너무 높아ㅜ 나만 지루해ㅠ",
    "date": "08.10.30",
    "rating": "5",
    "author": "kaci****",
    "review_id": "3026349",
    "movie_id": "43114"
  },
  {
    "review": "마지막 마리모 이야기 진짜 눈물쏟게 만듬 ㅠㅠ",
    "date": "08.10.29",
    "rating": "10",
    "author": "adis****",
    "review_id": "3025656",
    "movie_id": "43114"
  }
]