[
  {
    "review": "닥터후 시리즈는 눈으로 보는게 아니라 마음으로 보는것이다!",
    "date": "15.03.03",
    "rating": "10",
    "author": "ske4****",
    "review_id": "9753919",
    "movie_id": "43147"
  },
  {
    "review": "진짜 다 좋지만 아쉬운 점이 있다면 처음 시즌1을 느꼈을때의 어색함(물론 거기에 길들여져 오히려 더 찾게 되지만)과 에클닥의 활동기간(양심적으로 넘 짧음)이다.",
    "date": "15.01.31",
    "rating": "10",
    "author": "osow****",
    "review_id": "9655567",
    "movie_id": "43147"
  },
  {
    "review": "내가 잊을수 없는 배우중 한명인 빌리 파이퍼 ㅠㅠ 너무좋다.  시작할때 사이렌소리만들어도 심장이 두근두근",
    "date": "14.10.10",
    "rating": "10",
    "author": "dms9****",
    "review_id": "9280156",
    "movie_id": "43147"
  },
  {
    "review": "닥터후 잘생김! 베네딕트컴버배치같음!",
    "date": "14.09.14",
    "rating": "10",
    "author": "kjkj****",
    "review_id": "9213931",
    "movie_id": "43147"
  },
  {
    "review": "로즈 하는짓보면 보는 내가 암걸린다",
    "date": "14.09.03",
    "rating": "8",
    "author": "kwhy****",
    "review_id": "9157542",
    "movie_id": "43147"
  },
  {
    "review": "에클닥은 정말 고독한 닥터였지..  1화 처음볼때 받은 충격을 아직도 잊을 수 없다 ㅋㅋㅋㅋ 근데 지금은 그런 아날로그함이 없어..ㅜㅜ",
    "date": "14.08.30",
    "rating": "10",
    "author": "maki****",
    "review_id": "9146403",
    "movie_id": "43147"
  },
  {
    "review": "애클닥에 판타스틱이 좋은데....시즌1에만 나와서 아쉽다ㅜ",
    "date": "14.05.08",
    "rating": "10",
    "author": "kkoc****",
    "review_id": "8716592",
    "movie_id": "43147"
  },
  {
    "review": "에클닥ㅠㅠ하 최고..",
    "date": "14.02.23",
    "rating": "10",
    "author": "ya84****",
    "review_id": "8532743",
    "movie_id": "43147"
  },
  {
    "review": "저기요;; 닥터후 1965년에 시작됬습니다만;; 뭔 ㅋㅋ",
    "date": "14.02.16",
    "rating": "10",
    "author": "ring****",
    "review_id": "8513273",
    "movie_id": "43147"
  },
  {
    "review": "에클닥은 뭔가 엉성하면서 재밋는... 그게 닥터후의 재미인듯ㅋㅋ",
    "date": "14.02.06",
    "rating": "10",
    "author": "44in****",
    "review_id": "8479712",
    "movie_id": "43147"
  },
  {
    "review": "닥터후와 20대를 보냈네요ㅎ 갠적으로 에클닥이 애틋하고 애잔함..시즌2까지 찍고 나가셨음 더 좋았을것을ㅠㅜ연기정말 좋았는데 ...",
    "date": "13.12.03",
    "rating": "9",
    "author": "flyy****",
    "review_id": "8186779",
    "movie_id": "43147"
  },
  {
    "review": "영드의지존이다...미드가 울고 간다...환상 특급 못지 않다.이 씨리즈 영화 언제 나와?",
    "date": "13.10.04",
    "rating": "10",
    "author": "baks****",
    "review_id": "8034154",
    "movie_id": "43147"
  },
  {
    "review": "최고다 최고",
    "date": "13.09.13",
    "rating": "10",
    "author": "tyza****",
    "review_id": "7974142",
    "movie_id": "43147"
  },
  {
    "review": "에클닥이 정말 시간전쟁의 아픔과 달렉에게 보여주는 분노란. 정말 ...",
    "date": "13.08.24",
    "rating": "9",
    "author": "rkfm****",
    "review_id": "7917484",
    "movie_id": "43147"
  },
  {
    "review": "완전 재미있음! 처음에는 좀 엉성한데 가면 갈수록 진짜... 심심할때 보면 시간 잘가네요!",
    "date": "13.08.16",
    "rating": "10",
    "author": "juj7****",
    "review_id": "7891230",
    "movie_id": "43147"
  },
  {
    "review": "추억이돋는다 돋아..!! 옛날에 본건데 아직도 장수하시고있다니 대단한 인기 !!",
    "date": "13.07.29",
    "rating": "10",
    "author": "kksu****",
    "review_id": "7797681",
    "movie_id": "43147"
  },
  {
    "review": "테닥도 맷닥도 훌륭했지만 전쟁의 아픔과 고독은 에클닥이 가장 잘 표현해줬다.",
    "date": "13.06.29",
    "rating": "10",
    "author": "jun9****",
    "review_id": "7689426",
    "movie_id": "43147"
  },
  {
    "review": "다 좋은데  어떻게  존  심이  시즌 1에 나온다는거지?",
    "date": "13.06.06",
    "rating": "10",
    "author": "roto****",
    "review_id": "7594210",
    "movie_id": "43147"
  },
  {
    "review": "굿굿",
    "date": "13.05.26",
    "rating": "10",
    "author": "kimy****",
    "review_id": "7556040",
    "movie_id": "43147"
  },
  {
    "review": "최고지 ㅋ",
    "date": "13.05.20",
    "rating": "10",
    "author": "gree****",
    "review_id": "7545026",
    "movie_id": "43147"
  },
  {
    "review": "독타! 독타!!",
    "date": "13.05.10",
    "rating": "10",
    "author": "aszx****",
    "review_id": "7518752",
    "movie_id": "43147"
  },
  {
    "review": "2005년씨짘ㅋㅋㅋㅋㅋㅋ나올때마닼ㅋㅋㅋㅋㅋㅋ으헠ㅋㅋㅋ근데재밌어요",
    "date": "13.04.03",
    "rating": "10",
    "author": "kims****",
    "review_id": "7433295",
    "movie_id": "43147"
  },
  {
    "review": "의사??? 의사 누구?!",
    "date": "13.02.27",
    "rating": "10",
    "author": "diso****",
    "review_id": "7306398",
    "movie_id": "43147"
  },
  {
    "review": "b급의 교과서~ 영국식 조크도 계속듣다보면 웃긴다",
    "date": "13.02.21",
    "rating": "8",
    "author": "kara****",
    "review_id": "7287885",
    "movie_id": "43147"
  },
  {
    "review": "돆타 내꺼",
    "date": "13.02.06",
    "rating": "10",
    "author": "jun9****",
    "review_id": "7232557",
    "movie_id": "43147"
  },
  {
    "review": "ㅋㅋㅋㅋㅋ닥터! ㅋㅋㅋㅋ 한편한편이 영화같음 ㅋㅋㅋ",
    "date": "13.01.30",
    "rating": "10",
    "author": "ghkd****",
    "review_id": "7199349",
    "movie_id": "43147"
  },
  {
    "review": "의사 누구 @@@@@@@@@@@",
    "date": "13.01.27",
    "rating": "10",
    "author": "bj_z****",
    "review_id": "7184838",
    "movie_id": "43147"
  },
  {
    "review": "진짜 재밋어요강추",
    "date": "13.01.01",
    "rating": "10",
    "author": "kimd****",
    "review_id": "7072419",
    "movie_id": "43147"
  },
  {
    "review": "최고",
    "date": "12.12.31",
    "rating": "10",
    "author": "kunh****",
    "review_id": "7068091",
    "movie_id": "43147"
  },
  {
    "review": "독터 후!",
    "date": "12.12.12",
    "rating": "10",
    "author": "suji****",
    "review_id": "6996206",
    "movie_id": "43147"
  },
  {
    "review": "테닥ㅠㅠㅠㅠㅠㅠㅠㅠㅠㅠ",
    "date": "12.11.10",
    "rating": "10",
    "author": "shfi****",
    "review_id": "6872364",
    "movie_id": "43147"
  },
  {
    "review": "12세 미만용 드라마",
    "date": "12.10.23",
    "rating": "1",
    "author": "ccpp****",
    "review_id": "6821695",
    "movie_id": "43147"
  },
  {
    "review": "남녀 주인공부터가 너무 매력이 없네",
    "date": "12.10.23",
    "rating": "1",
    "author": "rame****",
    "review_id": "6821692",
    "movie_id": "43147"
  },
  {
    "review": "내가 보기엔 너무 아동틱",
    "date": "12.10.23",
    "rating": "1",
    "author": "kpcc****",
    "review_id": "6821690",
    "movie_id": "43147"
  },
  {
    "review": "맷닥터와 카렌여신님은 사랑입니다 ㅠㅠㅠㅠㅠㅠㅠ카렌여신♥",
    "date": "12.09.24",
    "rating": "10",
    "author": "hwan****",
    "review_id": "6730278",
    "movie_id": "43147"
  },
  {
    "review": "굿!!!",
    "date": "12.08.21",
    "rating": "10",
    "author": "pism****",
    "review_id": "6632672",
    "movie_id": "43147"
  },
  {
    "review": "앞뒤안맞긴한데 결국솔직히  재밌어서 재밌다. 긴장감, 몰입도가 정말 최고인것같다..ㅋㅋㅋ",
    "date": "12.08.15",
    "rating": "10",
    "author": "fhrd****",
    "review_id": "6605629",
    "movie_id": "43147"
  },
  {
    "review": "테닥 최고  테닥만 기다리고 살고이씀",
    "date": "12.08.11",
    "rating": "10",
    "author": "blac****",
    "review_id": "6592325",
    "movie_id": "43147"
  },
  {
    "review": "왕잼이씀!",
    "date": "12.07.22",
    "rating": "10",
    "author": "xsic****",
    "review_id": "6514005",
    "movie_id": "43147"
  },
  {
    "review": "내가봣던 영국드라마중에 제일재밌게본듯 ㅋㅋㅋㅋ",
    "date": "12.07.13",
    "rating": "10",
    "author": "m132****",
    "review_id": "6474491",
    "movie_id": "43147"
  },
  {
    "review": "테닥짱",
    "date": "12.07.11",
    "rating": "10",
    "author": "try1****",
    "review_id": "6470322",
    "movie_id": "43147"
  },
  {
    "review": "닥터 좋아요 재미있어요ㅋㅋ",
    "date": "12.07.06",
    "rating": "10",
    "author": "audt****",
    "review_id": "6448642",
    "movie_id": "43147"
  },
  {
    "review": "닥터는 언제봐도 좋음ㅠㅠㅠ",
    "date": "12.07.05",
    "rating": "10",
    "author": "aml1****",
    "review_id": "6448520",
    "movie_id": "43147"
  },
  {
    "review": "근데 맷닥이 조연에 있다니!!!뭐지?",
    "date": "12.07.05",
    "rating": "10",
    "author": "kjwa****",
    "review_id": "6446458",
    "movie_id": "43147"
  },
  {
    "review": "Trust me I am a doctor",
    "date": "12.07.03",
    "rating": "10",
    "author": "kjgp****",
    "review_id": "6441987",
    "movie_id": "43147"
  },
  {
    "review": "doctor",
    "date": "12.06.29",
    "rating": "10",
    "author": "yjan****",
    "review_id": "6424703",
    "movie_id": "43147"
  },
  {
    "review": "몇번을 봐도 멋있는 테닥 맷닥 짜응~~!",
    "date": "12.06.23",
    "rating": "10",
    "author": "smj9****",
    "review_id": "6411386",
    "movie_id": "43147"
  },
  {
    "review": "몇년째 계속보고 있지만은 내가 죽어도 계속할꺼 같은 기분 ㅋㅋ",
    "date": "12.06.19",
    "rating": "10",
    "author": "cksd****",
    "review_id": "6402871",
    "movie_id": "43147"
  },
  {
    "review": "브릴리언트!",
    "date": "12.06.17",
    "rating": "10",
    "author": "gpfd****",
    "review_id": "6396899",
    "movie_id": "43147"
  },
  {
    "review": "앤드류 가필드 스파이더맨 주인공이 닥터후에 깜짝놀람 데이비드터넨트 굿",
    "date": "12.06.14",
    "rating": "10",
    "author": "hamc****",
    "review_id": "6390743",
    "movie_id": "43147"
  },
  {
    "review": "오잉ㅋㅋㅋ이거 영화도 있음??ㅋㅋㅋ",
    "date": "12.05.24",
    "rating": "10",
    "author": "duwk****",
    "review_id": "6328119",
    "movie_id": "43147"
  },
  {
    "review": "I am the doctor and i give you 10!!!!!!!!!!!!",
    "date": "12.04.30",
    "rating": "10",
    "author": "dann****",
    "review_id": "6258656",
    "movie_id": "43147"
  },
  {
    "review": "어린이용;;;;;;;",
    "date": "12.04.16",
    "rating": "1",
    "author": "logo****",
    "review_id": "6225694",
    "movie_id": "43147"
  },
  {
    "review": "역시 영드 하면 닥터 후!! 특히 데이빗닥터와 맷닥터는 위대했습니다.^^",
    "date": "12.04.14",
    "rating": "10",
    "author": "koma****",
    "review_id": "6219064",
    "movie_id": "43147"
  },
  {
    "review": "왠만함 다 보는데, 유치한 정도를 지나쳐 OO같은 느낌. 평점이 너~~~무 높네",
    "date": "12.03.25",
    "rating": "1",
    "author": "choo****",
    "review_id": "6166797",
    "movie_id": "43147"
  },
  {
    "review": "B급 영화같은 CG가 오히려 팬들을 붙잡는 느낌! 꼭 봤으면 좋겠다.시즌7은 멀었지만",
    "date": "12.03.24",
    "rating": "10",
    "author": "guse****",
    "review_id": "6165575",
    "movie_id": "43147"
  },
  {
    "review": "솔직히 닥터는 다 마음에들지만 역시 인기몰이는 테너트 몫이었나?",
    "date": "12.03.24",
    "rating": "10",
    "author": "doka****",
    "review_id": "6164161",
    "movie_id": "43147"
  },
  {
    "review": "I am the doctor",
    "date": "12.03.05",
    "rating": "10",
    "author": "bing****",
    "review_id": "6124663",
    "movie_id": "43147"
  },
  {
    "review": "이건 대작임!!!!!!!  꼭 봐야됨!.",
    "date": "12.01.27",
    "rating": "10",
    "author": "dara****",
    "review_id": "6027192",
    "movie_id": "43147"
  },
  {
    "review": "데이빗 테넌트만큼 완벽한 닥터는 없었다 ㅠ",
    "date": "12.01.24",
    "rating": "10",
    "author": "snao****",
    "review_id": "6013951",
    "movie_id": "43147"
  },
  {
    "review": "굳",
    "date": "12.01.19",
    "rating": "10",
    "author": "zxdr****",
    "review_id": "6000002",
    "movie_id": "43147"
  },
  {
    "review": "알롱 쥐~~~~~~~~~~~~~~~~~~",
    "date": "12.01.12",
    "rating": "10",
    "author": "tkdv****",
    "review_id": "5980152",
    "movie_id": "43147"
  },
  {
    "review": "Exterminate!!!!",
    "date": "12.01.10",
    "rating": "10",
    "author": "nonc****",
    "review_id": "5975667",
    "movie_id": "43147"
  },
  {
    "review": "뭐시라?싸구려?? 절대아님 완전 재미있음 최고야 이런드라마 본적없음 최고!!!!!",
    "date": "12.01.02",
    "rating": "10",
    "author": "whge****",
    "review_id": "5954721",
    "movie_id": "43147"
  },
  {
    "review": "싸구려같은 느낌이 강하지만 그 재미로 보는겁니다",
    "date": "11.12.25",
    "rating": "10",
    "author": "ctk9****",
    "review_id": "5934713",
    "movie_id": "43147"
  },
  {
    "review": "닥터후카페로 오세요 타디스크루,For Doctor Who's로 오세요!",
    "date": "11.12.12",
    "rating": "10",
    "author": "chlw****",
    "review_id": "5901860",
    "movie_id": "43147"
  },
  {
    "review": "말살하라!!!!!!!!!",
    "date": "11.12.02",
    "rating": "10",
    "author": "krle****",
    "review_id": "5881816",
    "movie_id": "43147"
  },
  {
    "review": "SF드라마의 최고봉 닥터후를 빼면 SF드라미를 논하지마라.",
    "date": "11.11.29",
    "rating": "10",
    "author": "crus****",
    "review_id": "5876735",
    "movie_id": "43147"
  },
  {
    "review": "원래 sf는 보지 않는 주의인데 보게된다. 이 정도가 드라마라니.ㅋㅋ 가끔은 공포임.",
    "date": "11.11.20",
    "rating": "10",
    "author": "ohki****",
    "review_id": "5862008",
    "movie_id": "43147"
  },
  {
    "review": "63년부터의 상상이라니.. 감안하면 상당한 편이다.",
    "date": "11.11.15",
    "rating": "8",
    "author": "tscm****",
    "review_id": "5851317",
    "movie_id": "43147"
  },
  {
    "review": "맷닥이 조연이라니",
    "date": "11.10.23",
    "rating": "10",
    "author": "rlej****",
    "review_id": "5806021",
    "movie_id": "43147"
  },
  {
    "review": "부녀자 새끼들아 조작좀 작작쳐해/유치하고 멍청함이 너무 강하다. 좋은게 좋은거냐?",
    "date": "11.10.12",
    "rating": "1",
    "author": "cord****",
    "review_id": "5785446",
    "movie_id": "43147"
  },
  {
    "review": "아이고 맙소사 이건 꼭봐야되",
    "date": "11.09.11",
    "rating": "10",
    "author": "jaso****",
    "review_id": "5721134",
    "movie_id": "43147"
  },
  {
    "review": "말도 안돼는... 이건 드라마도 아니다..ㅋㅋㅋ 뭐? 이딴게..... 이건 신의 작품이다",
    "date": "11.09.05",
    "rating": "10",
    "author": "doct****",
    "review_id": "5709249",
    "movie_id": "43147"
  },
  {
    "review": "말이 필요없다. 내가 이때껏 본 중 가장 최고의 드라마",
    "date": "11.08.30",
    "rating": "10",
    "author": "sist****",
    "review_id": "5698727",
    "movie_id": "43147"
  },
  {
    "review": "유일하게 좋아하는 SF",
    "date": "11.08.13",
    "rating": "10",
    "author": "uy12****",
    "review_id": "5645061",
    "movie_id": "43147"
  },
  {
    "review": "장수하는 드라마 만세 닥터 만세",
    "date": "11.07.29",
    "rating": "10",
    "author": "prob****",
    "review_id": "5581049",
    "movie_id": "43147"
  },
  {
    "review": "친구에게 에피소드 하나 보여줬더니 알아서 찾아서 다 보던 ㅋㅋ",
    "date": "11.07.19",
    "rating": "10",
    "author": "1251****",
    "review_id": "5555472",
    "movie_id": "43147"
  },
  {
    "review": "닥터후 시즌3 DVD가 KBS미디어에서 한정수량 예약판매중입니다~^^",
    "date": "11.06.19",
    "rating": "10",
    "author": "eriu****",
    "review_id": "5489614",
    "movie_id": "43147"
  },
  {
    "review": "데이비드의연기도좋았고 새로운맷스미스의연기또한 좋았다.",
    "date": "11.06.06",
    "rating": "10",
    "author": "ty04****",
    "review_id": "5469196",
    "movie_id": "43147"
  },
  {
    "review": "닥터후 정말 재밌어요!",
    "date": "11.05.06",
    "rating": "10",
    "author": "love****",
    "review_id": "5410531",
    "movie_id": "43147"
  },
  {
    "review": "은근히 유치한 맛도 재미로 승화된다. 계속 보게만드는 마력.",
    "date": "11.04.27",
    "rating": "9",
    "author": "wide****",
    "review_id": "5393837",
    "movie_id": "43147"
  },
  {
    "review": "데이비드 테넌트 닥터의 캐릭터가 좋다. 미친사람 같다!!! 귀엽기도 하고~~ㅋ",
    "date": "11.03.29",
    "rating": "8",
    "author": "yeah****",
    "review_id": "5341809",
    "movie_id": "43147"
  },
  {
    "review": "와 진짜 말이필요없음 ㅠㅠ신들린연기 ㅠㅠㅠ테넌닥 ㅠㅠㅠㅠㅠ",
    "date": "11.03.13",
    "rating": "10",
    "author": "akql****",
    "review_id": "5311438",
    "movie_id": "43147"
  },
  {
    "review": "바꾸고 싶은 역사! 를 보여주는 느낌을 받음",
    "date": "11.02.26",
    "rating": "6",
    "author": "rlad****",
    "review_id": "5278011",
    "movie_id": "43147"
  },
  {
    "review": "ㅠ.ㅠ왜 데이비드 테넌트가 시즌6 닥터 안하는 걸까요??ㅜ",
    "date": "11.02.25",
    "rating": "10",
    "author": "blue****",
    "review_id": "5275793",
    "movie_id": "43147"
  },
  {
    "review": "맷닥,에클닥 다 좋지만.. 역시 데이빗이 최고! 닥터후를 볼거라면 시즌2,3,4를 추천ㅋ",
    "date": "11.01.26",
    "rating": "10",
    "author": "no35****",
    "review_id": "5184575",
    "movie_id": "43147"
  },
  {
    "review": "토치우드가 닥터후에서 삐져나온걸로아는데 ㅋㅋ",
    "date": "11.01.17",
    "rating": "10",
    "author": "tkxk****",
    "review_id": "5164468",
    "movie_id": "43147"
  },
  {
    "review": "닥터후가본작이고 토치우드가 후속작아닌가요? =ㅅ=",
    "date": "11.01.14",
    "rating": "10",
    "author": "ass1****",
    "review_id": "5155498",
    "movie_id": "43147"
  },
  {
    "review": "Doctor Who is one of the greatest drama ever broadcasted",
    "date": "10.12.09",
    "rating": "10",
    "author": "delm****",
    "review_id": "5040457",
    "movie_id": "43147"
  },
  {
    "review": "어설픈게 매력이야 ㅋㅋㅋㅋㅋㅋㅋㅋ 최고 !!ㅠ",
    "date": "10.12.09",
    "rating": "10",
    "author": "bead****",
    "review_id": "5039113",
    "movie_id": "43147"
  },
  {
    "review": "유치하긴 하지만(뉴트리노라니!!) 진지할때는 진지한 영드임다.",
    "date": "10.10.21",
    "rating": "10",
    "author": "tidd****",
    "review_id": "4914280",
    "movie_id": "43147"
  },
  {
    "review": "어설픈영드.. 차라리 토치우드보지.. 아니면 미드나...",
    "date": "10.09.26",
    "rating": "5",
    "author": "mr05****",
    "review_id": "4869869",
    "movie_id": "43147"
  },
  {
    "review": "즐거운 상상을 할 수 있다.ㅋ",
    "date": "10.09.11",
    "rating": "10",
    "author": "kym2****",
    "review_id": "4829206",
    "movie_id": "43147"
  },
  {
    "review": "유치하기도 한데 은근히 잼있음 ㅋㅋㅋㅋ",
    "date": "10.08.26",
    "rating": "10",
    "author": "inse****",
    "review_id": "4793420",
    "movie_id": "43147"
  },
  {
    "review": "닥터가 최고임",
    "date": "10.04.18",
    "rating": "10",
    "author": "lamo****",
    "review_id": "4442020",
    "movie_id": "43147"
  },
  {
    "review": "테닥이 진리, ㅋㅋ",
    "date": "10.04.18",
    "rating": "10",
    "author": "hosi****",
    "review_id": "4441890",
    "movie_id": "43147"
  },
  {
    "review": "ㄱㄱ 닥터가 짜세..ㅋㅋ",
    "date": "10.04.18",
    "rating": "10",
    "author": "smar****",
    "review_id": "4440941",
    "movie_id": "43147"
  },
  {
    "review": "데이빗 ㅠㅜㅜㅜㅜㅜㅜㅜㅜㅜㅜㅜㅜㅜㅜㅜㅜㅜㅜㅜㅠㅡㅜㅠㅠㅠ",
    "date": "10.04.18",
    "rating": "10",
    "author": "mini****",
    "review_id": "4440814",
    "movie_id": "43147"
  },
  {
    "review": "데이비 테넌트 최고",
    "date": "10.04.18",
    "rating": "10",
    "author": "sezz****",
    "review_id": "4440493",
    "movie_id": "43147"
  }
]