[
  {
    "review": "언제봐도 유쾌한 영화. 최고의 히어로.",
    "date": "15.08.11",
    "rating": "10",
    "author": "lsh5****",
    "review_id": "10215632",
    "movie_id": "43157"
  },
  {
    "review": "여주가 죽엇으면 좋겟다는 생각이든  영화...엠제이 극혐",
    "date": "15.08.03",
    "rating": "10",
    "author": "king****",
    "review_id": "10180051",
    "movie_id": "43157"
  },
  {
    "review": "너무 많은 빌런을 보여주려 해서 그런지 전작들과 같은 진지함이 덜 보여 아쉬운 영화..",
    "date": "15.07.21",
    "rating": "8",
    "author": "blue****",
    "review_id": "10126464",
    "movie_id": "43157"
  },
  {
    "review": "아 정말 2편까지는 진짜 잘봤는데 갑자기 3편왜이래요....진짜ㅏ보다가 분노해서 글남기긴 처음이네 아니 아무리그래도그렇지 피터 춤추는거좀 뺴지",
    "date": "15.07.15",
    "rating": "5",
    "author": "wlkr****",
    "review_id": "10105683",
    "movie_id": "43157"
  },
  {
    "review": "내 인생 최고의 영화, 이영화는 일반 히어로 영화가 아닌 한 인간의 성장, 용서, 이해, 사랑, 또한 우리가 어떻게 인생을 살아가고 사랑해야할지 알려주는 영화다.피터의 인생의 멘토로써 숙모의 모든 대사가 명대사이고 명언이다.",
    "date": "15.07.13",
    "rating": "10",
    "author": "baul****",
    "review_id": "10102198",
    "movie_id": "43157"
  },
  {
    "review": "이 영화가 왜 7점 대밖에 안되는지 이해를 못하겠네요 스파이더맨은 역시 토비가 나오는 작품이 최고입니다 어메이징스파이더맨은 그냥 아류작일 뿐토비를 돌려놔~ 토비가 나오는 스파이더맨4가 보고싶다!",
    "date": "15.07.08",
    "rating": "10",
    "author": "sedy****",
    "review_id": "10080166",
    "movie_id": "43157"
  },
  {
    "review": "히어로 영화의 표본이 되다",
    "date": "15.06.27",
    "rating": "8",
    "author": "tlsq****",
    "review_id": "10040771",
    "movie_id": "43157"
  },
  {
    "review": "이상하다.. 다시보니 3편이 제일 재밌는것 같애. 3억불의 말도 안되는 제작비 덕인진 몰라도..1,2편을 너무 많이 봐서 질려서 그런지는 몰라도. 오늘 티비에서 보고 3편이 이렇게 재밌던 영화였나?  했음.ㅋ 그리고  쥬라기 월드 여주가 나온영화 ㅎ",
    "date": "15.06.25",
    "rating": "10",
    "author": "ajho****",
    "review_id": "10035820",
    "movie_id": "43157"
  },
  {
    "review": "너무 내용이 중구난방인거 같은 감이 있지만 역시 재밌긴 재밌다ㅎㅎ 다만 끝이 조금아쉬운게 확실히 보여주면 좋을텐데 애매모호하다",
    "date": "15.06.25",
    "rating": "9",
    "author": "kyj3****",
    "review_id": "10034527",
    "movie_id": "43157"
  },
  {
    "review": "이거 재밌는데 평점 누가 깍았냐?",
    "date": "15.06.15",
    "rating": "10",
    "author": "dbwh****",
    "review_id": "10002432",
    "movie_id": "43157"
  },
  {
    "review": "더이상 볼 수 없는 토미멕과이어의 스파이더맨",
    "date": "15.06.07",
    "rating": "7",
    "author": "milk****",
    "review_id": "9981658",
    "movie_id": "43157"
  },
  {
    "review": "배트맨은 크리스찬베일 아이언맨은 로다쥬 스파이더맨은 토비임.",
    "date": "15.06.06",
    "rating": "10",
    "author": "nam0****",
    "review_id": "9978260",
    "movie_id": "43157"
  },
  {
    "review": "나름 여운이 많이 남는영화... 해리 짠내 ㅠㅠ",
    "date": "15.06.03",
    "rating": "10",
    "author": "rlae****",
    "review_id": "9972464",
    "movie_id": "43157"
  },
  {
    "review": "어메이징보고 다시보니 급이 틀리구나 가필드가 낄데안낄데 분간을 못했구나",
    "date": "15.06.02",
    "rating": "10",
    "author": "cwi8****",
    "review_id": "9970132",
    "movie_id": "43157"
  },
  {
    "review": "토비맥과이어 돌아와요ㅠ",
    "date": "15.05.30",
    "rating": "10",
    "author": "ghks****",
    "review_id": "9963463",
    "movie_id": "43157"
  },
  {
    "review": "전편들과는 다르게 무리수를 남발하는 샘 레이미 감독",
    "date": "15.05.30",
    "rating": "6",
    "author": "sipj****",
    "review_id": "9962326",
    "movie_id": "43157"
  },
  {
    "review": "전편에 비해 스파이더맨 혼자 감당하기에는 어려운 점들이 너무 많다.",
    "date": "15.05.30",
    "rating": "6",
    "author": "dlax****",
    "review_id": "9961955",
    "movie_id": "43157"
  },
  {
    "review": "스파이더맨4가 보고싶다....",
    "date": "15.05.30",
    "rating": "10",
    "author": "tian****",
    "review_id": "9961180",
    "movie_id": "43157"
  },
  {
    "review": "감독과 제작사의 소통이 얼마나 중요한지 느끼게 해준 영화",
    "date": "15.05.23",
    "rating": "6",
    "author": "ashe****",
    "review_id": "9942068",
    "movie_id": "43157"
  },
  {
    "review": "토비맥과이어..돌아와ㅜㅜㅜ",
    "date": "15.05.23",
    "rating": "10",
    "author": "nsa1****",
    "review_id": "9941781",
    "movie_id": "43157"
  },
  {
    "review": "말이필요한가?....",
    "date": "15.05.23",
    "rating": "10",
    "author": "tmdr****",
    "review_id": "9940289",
    "movie_id": "43157"
  },
  {
    "review": "이게7점대영화임? 말도않되",
    "date": "15.05.22",
    "rating": "10",
    "author": "tbvj****",
    "review_id": "9939596",
    "movie_id": "43157"
  },
  {
    "review": "스파이더맨 영화중 가장 재미있는영화  이게왜 7점인지 게이버들 수준..",
    "date": "15.05.20",
    "rating": "10",
    "author": "wnst****",
    "review_id": "9933363",
    "movie_id": "43157"
  },
  {
    "review": "피터파커가 심비오트에 감염됬을떄가 더 좋은건 나뿐?ㅋㅋㅋ",
    "date": "15.05.18",
    "rating": "8",
    "author": "don0****",
    "review_id": "9930210",
    "movie_id": "43157"
  },
  {
    "review": "슈트에 지배당하지 말자. 파워의 가치를 아는 사람만이 그 슈트의 주인이고 슈퍼히어로다. (금빼찌를 단 슈트도)",
    "date": "15.05.17",
    "rating": "8",
    "author": "hell****",
    "review_id": "9926514",
    "movie_id": "43157"
  },
  {
    "review": "소재는 정말 훌륭한데 전개는 산만하고 거미줄보다 연애를 더 많이 뽑는다. 액션 기대했다면 좀 실망할 듯. 마지막 30분 굿.",
    "date": "15.05.17",
    "rating": "5",
    "author": "0bli****",
    "review_id": "9926503",
    "movie_id": "43157"
  },
  {
    "review": "소재는  괜찮은데 전개를 뭐 이따구로 이따구로 한건지.... 오글거리고 유치해 죽겠네...",
    "date": "15.05.17",
    "rating": "4",
    "author": "hanl****",
    "review_id": "9926355",
    "movie_id": "43157"
  },
  {
    "review": "최고최고최고최고최고",
    "date": "15.05.17",
    "rating": "10",
    "author": "cuzl****",
    "review_id": "9926196",
    "movie_id": "43157"
  },
  {
    "review": "dxjduwbdcucud",
    "date": "15.05.16",
    "rating": "10",
    "author": "joos****",
    "review_id": "9923573",
    "movie_id": "43157"
  },
  {
    "review": "매력적인빌런둘이빨리소모되버린감은있지만덕분에볼거리는풍성해서좋았음.두명의빌런스토리가교차로흐르는데산만하지않고잘조율된느낌.토비스파이디특유의찌질함이빛을발한듯.전개도,액션등등다좋은편이었음.다만굳이고블린을죽일필요가있었나싶음.베놈도좀아깝고.어쨌든재밌었음.굿",
    "date": "15.05.15",
    "rating": "8",
    "author": "dldl****",
    "review_id": "9918450",
    "movie_id": "43157"
  },
  {
    "review": "후반부로 갈수록 스토리가 빨라지나, 군데군데 어색한 느낌이 드는 건 왜일까. 많은 내용을 2시간 안에 담아내려고 흐름에 맞지 않게 억지로 집어넣은 느낌이 든다. 그래도 블랙 스파이더맨으로 변신한 나쁜 남자 토비의 매력을 볼 수 있어서 흥미롭긴 하다.",
    "date": "15.05.14",
    "rating": "8",
    "author": "jms5****",
    "review_id": "9915580",
    "movie_id": "43157"
  },
  {
    "review": "진짜재밌음 스파이더맨",
    "date": "15.05.12",
    "rating": "10",
    "author": "fres****",
    "review_id": "9913499",
    "movie_id": "43157"
  },
  {
    "review": "초2때보고 아무감흥도 없이 액션씬 재밋게봤는데...지금다시보니 소름...요즘 이런영화 자주안나오는데 진짜 재밋게 다시봤다",
    "date": "15.05.10",
    "rating": "10",
    "author": "mjh7****",
    "review_id": "9908883",
    "movie_id": "43157"
  },
  {
    "review": "저는 3편이 가장  재미있었고, 1편이 두번째 2편은 그냥 그랬습니다. 3편은 당시 에는 몰랐는데, 어메이징 스파이더맨을 보고 3편을 다시보니 스파이더맨(어메이징 말고)이 정말 잘 만들은 영화라고  생각이 됩니다.",
    "date": "15.05.10",
    "rating": "10",
    "author": "hell****",
    "review_id": "9908605",
    "movie_id": "43157"
  },
  {
    "review": "이게 왜 7점대인지 이해가 안가네;; 제일 재밌는 편이였는데",
    "date": "15.05.05",
    "rating": "10",
    "author": "nams****",
    "review_id": "9896805",
    "movie_id": "43157"
  },
  {
    "review": "난 아직 정신연령이 어려서 그런지 이게 최고로 재밌었다",
    "date": "15.05.05",
    "rating": "10",
    "author": "tjdm****",
    "review_id": "9895587",
    "movie_id": "43157"
  },
  {
    "review": "솔직히 이게 어메이징스파이더맨보다 나음;;",
    "date": "15.05.04",
    "rating": "10",
    "author": "jaey****",
    "review_id": "9893500",
    "movie_id": "43157"
  },
  {
    "review": "헐 이게 7점영화라니...",
    "date": "15.05.03",
    "rating": "10",
    "author": "sssy****",
    "review_id": "9891691",
    "movie_id": "43157"
  },
  {
    "review": "절대 가볍지 않았던 영화였다.",
    "date": "15.05.03",
    "rating": "10",
    "author": "0124****",
    "review_id": "9890859",
    "movie_id": "43157"
  },
  {
    "review": "해리화상 자국 입은상태서 등장할때 진짜 멋지네..",
    "date": "15.04.30",
    "rating": "9",
    "author": "blac****",
    "review_id": "9880049",
    "movie_id": "43157"
  },
  {
    "review": "색다른 모습의 토비 너무 좋았음ㅋㅋㅋ 막 춤추고ㅋㅋ 짱 귀여워",
    "date": "15.04.27",
    "rating": "10",
    "author": "wolf****",
    "review_id": "9874326",
    "movie_id": "43157"
  },
  {
    "review": "해리가 죽어서 지금도 생각만하면 슬프다ㅠㅠ",
    "date": "15.04.27",
    "rating": "10",
    "author": "andt****",
    "review_id": "9874301",
    "movie_id": "43157"
  },
  {
    "review": "샘레이미의 스파이더맨 시리즈 마지막 수작.",
    "date": "15.04.24",
    "rating": "9",
    "author": "sa02****",
    "review_id": "9864264",
    "movie_id": "43157"
  },
  {
    "review": "6,7점대가 적당한영화",
    "date": "15.04.23",
    "rating": "1",
    "author": "thwl****",
    "review_id": "9861107",
    "movie_id": "43157"
  },
  {
    "review": "그가 일어설 수 있었던 이유.",
    "date": "15.04.21",
    "rating": "8",
    "author": "woxn****",
    "review_id": "9856150",
    "movie_id": "43157"
  },
  {
    "review": "내가 영화보면서 처음 눈물 흘리고 본게 스파이더맨3다.나는 어메이징, 스파이더맨 다 좋다. 하지만 내가제일 감명 깊게 본건 스파이더맨 시리즈이면서스파이더맨3다. 할 말이 필요없다. 지금까지도계속 챙겨보고 있다. 이것만 100번은 넘게본거 같다",
    "date": "15.04.19",
    "rating": "10",
    "author": "mess****",
    "review_id": "9853101",
    "movie_id": "43157"
  },
  {
    "review": "졸작이라고 하기 보다는 조금 아쉬웠다. 악역을 좀 줄였더라면 더 좋았을텐데. 그래도 어메이징 스파이더맨보단 더 어메이징한건 사실.",
    "date": "15.04.16",
    "rating": "8",
    "author": "pkon****",
    "review_id": "9848531",
    "movie_id": "43157"
  },
  {
    "review": "[ 스토리 7, 비주얼 8, 연출 7, 연기 8 ]　여전히 비주얼은 훌륭하고, 소재는 좋았으나.. 너무 많은 걸 담으려는 건 아쉽다.",
    "date": "15.04.11",
    "rating": "7",
    "author": "eyeb****",
    "review_id": "9839559",
    "movie_id": "43157"
  },
  {
    "review": "영웅의 내적갈등의 절정을 보여준다.",
    "date": "15.04.06",
    "rating": "10",
    "author": "dino****",
    "review_id": "9832010",
    "movie_id": "43157"
  },
  {
    "review": "이게 왜이렇게 점수가 낮은지 모르겠습니다..",
    "date": "15.04.01",
    "rating": "10",
    "author": "dlck****",
    "review_id": "9819863",
    "movie_id": "43157"
  },
  {
    "review": "최고의 스파이더맨 수많은 시리즈들 중 최고~~~~!!!!",
    "date": "15.03.19",
    "rating": "10",
    "author": "elwl****",
    "review_id": "9793977",
    "movie_id": "43157"
  },
  {
    "review": "리부트 버전보다 인간적인 스파이더맨  토비의 스파이더맨이 그립다",
    "date": "15.03.09",
    "rating": "10",
    "author": "oppq****",
    "review_id": "9768261",
    "movie_id": "43157"
  },
  {
    "review": "나만그런가? 일단 어메이징은 ㄲㅈ고 오리지널 3개중에 3편이 제일 재밌던데... 베놈이 멋져보여서그런가? 어쨋든 난 3편이 제일 재밌었다 보고 나의 스파이더맨은 토비다. 토비가 아직 젊었으면 다시 나올수도 있었을텐데... 참 아쉽다..",
    "date": "15.03.06",
    "rating": "10",
    "author": "cppe****",
    "review_id": "9761088",
    "movie_id": "43157"
  },
  {
    "review": "토비의 스파이디가 진짜지!",
    "date": "15.03.01",
    "rating": "8",
    "author": "sink****",
    "review_id": "9751201",
    "movie_id": "43157"
  },
  {
    "review": "다른건 다 좋은데 우주에서 블랙스파이더맨이 나온다는 게 쫌..",
    "date": "15.02.22",
    "rating": "9",
    "author": "jaew****",
    "review_id": "9729042",
    "movie_id": "43157"
  },
  {
    "review": "소니픽쳐스의 압박으로 인해 3명의 악당이 나와서 전개가 산만하고 2편을 뛰어넘는 명작은 못나왔지만 나름 괜찮은속편. 당시 기대되서 잠도 안왔엇다. 또한 원작의 해리 오스본의 비극적인 인생을 영화상에서 재해석했기에 어메이징 시리즈보다 더 어메이징 했다.",
    "date": "15.02.20",
    "rating": "8",
    "author": "dusd****",
    "review_id": "9717753",
    "movie_id": "43157"
  },
  {
    "review": "영웅중 스파이더맨이 제일 나음, 솔직히!! 나의 영원한 히어로 스파이디 영원하라!!",
    "date": "15.02.18",
    "rating": "10",
    "author": "algk****",
    "review_id": "9710638",
    "movie_id": "43157"
  },
  {
    "review": "스파이더맨3가 아무리 망작이라 해도 어메이징스파이더맨보다는 100배 나음..어메이징 스파이더맨은 진부하고 어이없는 스토리전개..",
    "date": "15.02.18",
    "rating": "10",
    "author": "kbjh****",
    "review_id": "9708621",
    "movie_id": "43157"
  },
  {
    "review": "4가 안나오다니 아쉽다 명작",
    "date": "15.02.17",
    "rating": "10",
    "author": "cjst****",
    "review_id": "9706448",
    "movie_id": "43157"
  },
  {
    "review": "개봉해서 직접보고 TV로도 봐도 정말 재미있는 영화인데 7점대 영화라고 하기엔 점수가 너무 짜다. 난 10점줄래요.",
    "date": "15.02.10",
    "rating": "10",
    "author": "djmd****",
    "review_id": "9685414",
    "movie_id": "43157"
  },
  {
    "review": "별점올리자 이건 인간적으로 상위별점이다",
    "date": "15.02.10",
    "rating": "10",
    "author": "cyzh****",
    "review_id": "9684779",
    "movie_id": "43157"
  },
  {
    "review": "베놈 분량좀 늘리고 몸매가 만화처럼 우락부락했었으면..",
    "date": "15.02.08",
    "rating": "8",
    "author": "fprh****",
    "review_id": "9679442",
    "movie_id": "43157"
  },
  {
    "review": "진짜이게왜 7점대영화지",
    "date": "15.02.08",
    "rating": "10",
    "author": "tjda****",
    "review_id": "9677590",
    "movie_id": "43157"
  },
  {
    "review": "큰 힘에는 큰 책임이 따른다.",
    "date": "15.02.04",
    "rating": "10",
    "author": "jhbu****",
    "review_id": "9665800",
    "movie_id": "43157"
  },
  {
    "review": "최근에 어메리징시리즈 나와서 극장에서 봤는데 다소 실망스러웠다 그래서 다시 원조 스파이더맨을 봤는데 역시 원조가 진리다 개인적으로 3편이 가장 인상깊다 액션에만 치중하지 않고 스파이더맨 내면의 갈등을 잘 표현했다 마지막편인게 아쉬울 따름",
    "date": "15.01.22",
    "rating": "10",
    "author": "lky7****",
    "review_id": "9624064",
    "movie_id": "43157"
  },
  {
    "review": "레전드 어메이징 ㄲㅈ 진짜 왜 평점이래",
    "date": "14.12.06",
    "rating": "10",
    "author": "to62****",
    "review_id": "9453510",
    "movie_id": "43157"
  },
  {
    "review": "선과 악의 기로에 서는.스파이더맨...토비의 스파이더맨은 이런 인생에서 한번쯤 일어날 법한 일을 담고 있는 영화인 것 같음.",
    "date": "14.12.06",
    "rating": "10",
    "author": "seoj****",
    "review_id": "9451223",
    "movie_id": "43157"
  },
  {
    "review": "이거 왜 7점대임?ㅋㅋㅋ",
    "date": "14.12.05",
    "rating": "10",
    "author": "chlw****",
    "review_id": "9450222",
    "movie_id": "43157"
  },
  {
    "review": "왜 8점대를 못찍는건지 모르겠다 아쉽다...난 괜찮았는데...",
    "date": "14.11.29",
    "rating": "10",
    "author": "kbac****",
    "review_id": "9433635",
    "movie_id": "43157"
  },
  {
    "review": "토비가 역시 스파이더맨이지무슨 말이 필요해",
    "date": "14.11.23",
    "rating": "10",
    "author": "rize****",
    "review_id": "9416882",
    "movie_id": "43157"
  },
  {
    "review": "3편중에선 별로지만 그래도 재밌다",
    "date": "14.11.23",
    "rating": "8",
    "author": "kyd9****",
    "review_id": "9416712",
    "movie_id": "43157"
  },
  {
    "review": "나름 볼만 했고 더 이상 토비 맥과이어가 주인공이 아니란게아쉽다. ㅠ",
    "date": "14.11.23",
    "rating": "10",
    "author": "pc59****",
    "review_id": "9415960",
    "movie_id": "43157"
  },
  {
    "review": "나는  3편이 제일  재밌다.",
    "date": "14.11.09",
    "rating": "10",
    "author": "ggzc****",
    "review_id": "9359080",
    "movie_id": "43157"
  },
  {
    "review": "과유불급, 3부작 징크스의 교과서.",
    "date": "14.11.06",
    "rating": "5",
    "author": "this****",
    "review_id": "9344076",
    "movie_id": "43157"
  },
  {
    "review": "스파이더맨4 제작이 무산되면서 아이언맨이 떴는데, 원래 스파이더맨이 히어로 무비에 붐을 일으켰음. 너무 좋아 스파이더맨~ 어메이징은 그닥...",
    "date": "14.11.04",
    "rating": "10",
    "author": "alsc****",
    "review_id": "9341465",
    "movie_id": "43157"
  },
  {
    "review": "전작들에 비해 조금 부족하지만 어찌 이게 7점대 영화냐?? 쓰레기들!",
    "date": "14.10.17",
    "rating": "10",
    "author": "ske4****",
    "review_id": "9298493",
    "movie_id": "43157"
  },
  {
    "review": "솔찍히 1점주기도 아깝다 ㅋㅋ cg보고 욕나옴",
    "date": "14.10.11",
    "rating": "1",
    "author": "kcr9****",
    "review_id": "9283853",
    "movie_id": "43157"
  },
  {
    "review": "주관적으로 1편2편처럼 푹빠지게 보진 못했지만그래도 스파이더맨 시리즈 짱이네요",
    "date": "14.10.07",
    "rating": "10",
    "author": "dhdb****",
    "review_id": "9271036",
    "movie_id": "43157"
  },
  {
    "review": "1,2 편에 비해 너무 난잡했다.",
    "date": "14.10.05",
    "rating": "7",
    "author": "rand****",
    "review_id": "9265026",
    "movie_id": "43157"
  },
  {
    "review": "솔까 이건 8점대후반영화임 진짜 7점대는 아니다 평점조절을 위해 10점드립니다.글고 마지막 너무 슬픔ㅠㅠㅠ",
    "date": "14.10.03",
    "rating": "10",
    "author": "alch****",
    "review_id": "9259849",
    "movie_id": "43157"
  },
  {
    "review": "솔직히 이 점수대아니다",
    "date": "14.10.02",
    "rating": "10",
    "author": "jmc0****",
    "review_id": "9255922",
    "movie_id": "43157"
  },
  {
    "review": "여느 영웅영화들이 그렇듯..비슷한 구조. 하지만 그 비슷한 구조 안에서 이 정도의 재미를 이끌어냈다는 것",
    "date": "14.10.01",
    "rating": "8",
    "author": "mtmt****",
    "review_id": "9251956",
    "movie_id": "43157"
  },
  {
    "review": "스토리는 그저그렇다..그러나 액션 하나만큼은 2보다 더 좋다!어메이징은 유치하기만 하다!",
    "date": "14.09.28",
    "rating": "9",
    "author": "wlfw****",
    "review_id": "9245645",
    "movie_id": "43157"
  },
  {
    "review": "전작이랑 비교해도 나름 재밌게 봄",
    "date": "14.09.23",
    "rating": "10",
    "author": "rlas****",
    "review_id": "9236702",
    "movie_id": "43157"
  },
  {
    "review": "평점 왜이러지?? 이런 명작이 어딨다고...",
    "date": "14.09.23",
    "rating": "10",
    "author": "penn****",
    "review_id": "9236295",
    "movie_id": "43157"
  },
  {
    "review": "나의영원한 히어로 스파이더맨",
    "date": "14.09.13",
    "rating": "10",
    "author": "bec5****",
    "review_id": "9209467",
    "movie_id": "43157"
  },
  {
    "review": "해리와의 갈등과 복수가 약했고 전작보다는 아쉬움이 많이 남는 3편이다 하지만 액션신과 토비의 선과악을 매력있게 연출해냈고 마지막신까지 깔끔하게 정리했다.",
    "date": "14.09.01",
    "rating": "9",
    "author": "kmh0****",
    "review_id": "9153929",
    "movie_id": "43157"
  },
  {
    "review": "3편이 내 생각엔 가장 재미있는데... 왜 7점밖에 안줌?",
    "date": "14.08.26",
    "rating": "10",
    "author": "gwdi****",
    "review_id": "9135179",
    "movie_id": "43157"
  },
  {
    "review": "진짜 완벽한영화...",
    "date": "14.08.16",
    "rating": "10",
    "author": "yui4****",
    "review_id": "9095138",
    "movie_id": "43157"
  },
  {
    "review": "정말 재밌어요. 스무번도 넘게 봤는데 계속 봐도 잼나요",
    "date": "14.08.12",
    "rating": "10",
    "author": "hy82****",
    "review_id": "9073946",
    "movie_id": "43157"
  },
  {
    "review": "시리즈 영화 중에 걸작으로 남는 영화!!",
    "date": "14.08.12",
    "rating": "10",
    "author": "raph****",
    "review_id": "9071604",
    "movie_id": "43157"
  },
  {
    "review": "기대치가 높아서 조금 실망이 있지만 전체적으로 평균이상의 작품이다",
    "date": "14.08.05",
    "rating": "8",
    "author": "wind****",
    "review_id": "9030571",
    "movie_id": "43157"
  },
  {
    "review": "어메이징 스파이더맨 보단 낫다ㅋㅋ",
    "date": "14.08.04",
    "rating": "7",
    "author": "rkde****",
    "review_id": "9022476",
    "movie_id": "43157"
  },
  {
    "review": "잘봤습니다.잘봤습니다.",
    "date": "14.08.03",
    "rating": "8",
    "author": "sans****",
    "review_id": "9019016",
    "movie_id": "43157"
  },
  {
    "review": "평점이 왜 이따구야 그럼 어메이징은 6점 이하여야지",
    "date": "14.08.02",
    "rating": "10",
    "author": "22ye****",
    "review_id": "9011234",
    "movie_id": "43157"
  },
  {
    "review": "많은 이야기를 2시간 20분안에 담기란 쉽지 않죠...원작의 방대함을 고려해 봤을때...그래도 잼있게 잘 만든거 같아요...원작을 전혀 고려하지 않고 그린 그웬이 불쌍할뿐...ㅠ.ㅠ",
    "date": "14.07.31",
    "rating": "9",
    "author": "kobe****",
    "review_id": "8989019",
    "movie_id": "43157"
  },
  {
    "review": "솔직히 요즘 나온 흐졉스파이더맨 보니까 재평가의 필요성이 느껴지지 않냐?",
    "date": "14.07.29",
    "rating": "9",
    "author": "joon****",
    "review_id": "8977556",
    "movie_id": "43157"
  },
  {
    "review": "7점대는 좀 아닌듯...네이버 평점 못믿겠다 ㅋ",
    "date": "14.07.28",
    "rating": "10",
    "author": "sung****",
    "review_id": "8974082",
    "movie_id": "43157"
  },
  {
    "review": "겁나 재밌게 봣는데 평점 겁나 낮넹",
    "date": "14.07.22",
    "rating": "10",
    "author": "bsz3****",
    "review_id": "8940258",
    "movie_id": "43157"
  },
  {
    "review": "재미있음 명작입니다 ㅎㅎㄹ",
    "date": "14.07.21",
    "rating": "10",
    "author": "gong****",
    "review_id": "8938529",
    "movie_id": "43157"
  }
]