[
  {
    "review": "미루고 미루다 지금 봤는데, 완전 감동이다. 절망에 빠진 사람들을 위로하는 힐링무비. 수잔 서랜든의 탭댄스 장면과 아버지와 마지막으로 함께하는 여행...눈물나게 감동적이었다.",
    "date": "15.05.12",
    "rating": "10",
    "author": "bada****",
    "review_id": "9912207",
    "movie_id": "43158"
  },
  {
    "review": "이야기가 이리저리 옆길로 새는 느낌. 단순하지 않은 울림을 주는 등 주제나 감성은 훌륭한데 비해 애매한 구조를 보이는 영화같다",
    "date": "15.04.18",
    "rating": "5",
    "author": "wjsr****",
    "review_id": "9850852",
    "movie_id": "43158"
  },
  {
    "review": "<킹스맨> 보고 나오면서 이 영화를 다시 보고 싶어 근질근질했다. ㅋㅋ",
    "date": "15.03.26",
    "rating": "10",
    "author": "hwan****",
    "review_id": "9808032",
    "movie_id": "43158"
  },
  {
    "review": "내겐 너무 완벽한 영화, 이 영화 사랑합니다",
    "date": "15.03.22",
    "rating": "10",
    "author": "hans****",
    "review_id": "9798807",
    "movie_id": "43158"
  },
  {
    "review": "정말 와닿는 영화.. 처음으로 이 영화를 나만 알고싶다라는 기분이 들었네요",
    "date": "15.03.07",
    "rating": "10",
    "author": "mill****",
    "review_id": "9762173",
    "movie_id": "43158"
  },
  {
    "review": "이영화는 소장하고 두고두고 봐도 좋은 영화다.. 잔잔하지만, 인생에서 실패와 좌절감을 느낄때 보면 힐링되는 영화..영화를 보고있으면 켄터키에 가보고싶은 충동이 든다..그리고 빼놓을수없는 엘튼존의 ost는 영화를 더 알차게 해주는것 같다..진짜 음악 굿",
    "date": "15.01.31",
    "rating": "9",
    "author": "supe****",
    "review_id": "9655029",
    "movie_id": "43158"
  },
  {
    "review": "나도 저런 인연이 생기면 좋겠다...",
    "date": "14.12.27",
    "rating": "10",
    "author": "eden****",
    "review_id": "9525599",
    "movie_id": "43158"
  },
  {
    "review": "전 정말 잘봤어요!!~~~",
    "date": "14.12.19",
    "rating": "10",
    "author": "togl****",
    "review_id": "9489499",
    "movie_id": "43158"
  },
  {
    "review": "뭐지 이 충무로 스타일은? 간만에 프리버드 들었네",
    "date": "14.11.25",
    "rating": "3",
    "author": "pass****",
    "review_id": "9419981",
    "movie_id": "43158"
  },
  {
    "review": "커스틴 던스트 모스트 영화 오랫만에 다시보는데 정말 좋다나의 장례식 워너비.. 나를 기억하며 주위사람들이 웃으며 그래 너가 있어 재밌었다 하면서 가는 장례식 꿈꾼다..그리고 노래 프리버드 완전 짱",
    "date": "14.08.23",
    "rating": "10",
    "author": "yang****",
    "review_id": "9123185",
    "movie_id": "43158"
  },
  {
    "review": "10점 주기 위해 로그인 합니다... 아름답네요....",
    "date": "14.07.26",
    "rating": "10",
    "author": "baby****",
    "review_id": "8959482",
    "movie_id": "43158"
  },
  {
    "review": "learning to fly의 멜로디와 함께 기억되는 자동 미소 영화",
    "date": "14.07.22",
    "rating": "9",
    "author": "myon****",
    "review_id": "8940908",
    "movie_id": "43158"
  },
  {
    "review": "진짜 사람 마음이 편안해지고 좋아지는 영화",
    "date": "14.07.22",
    "rating": "10",
    "author": "ben5****",
    "review_id": "8940757",
    "movie_id": "43158"
  },
  {
    "review": "때로 어떤 영화는 단단하지 못해도 이상하게 좋은 영화가 있는데내겐 카메론 크로우의 이 영화가 그렇다! 난 왜 마지막에 그리 빙긋이 웃음이 나오던지...",
    "date": "14.04.21",
    "rating": "8",
    "author": "wjwj****",
    "review_id": "8664676",
    "movie_id": "43158"
  },
  {
    "review": "힘이되는 영화....",
    "date": "14.03.07",
    "rating": "10",
    "author": "niv9****",
    "review_id": "8561324",
    "movie_id": "43158"
  },
  {
    "review": "후반부가 더 좋았던 영화",
    "date": "14.01.22",
    "rating": "10",
    "author": "sin3****",
    "review_id": "8408495",
    "movie_id": "43158"
  },
  {
    "review": "최고의감독 카메론크로우와 멋진 배우들의 완벽한 하모니",
    "date": "13.12.10",
    "rating": "10",
    "author": "chun****",
    "review_id": "8202987",
    "movie_id": "43158"
  },
  {
    "review": "부담없이 잔잔하게 볼 수 있는 현대적인 로맨스물.. 크게 웃기지도 크게 슬프지도 않은데 여운은 오래 남음..",
    "date": "13.10.23",
    "rating": "10",
    "author": "love****",
    "review_id": "8081503",
    "movie_id": "43158"
  },
  {
    "review": "재밌다기보다는 잘 만든느낌이랄까..",
    "date": "13.10.05",
    "rating": "7",
    "author": "orph****",
    "review_id": "8037256",
    "movie_id": "43158"
  },
  {
    "review": "약간 우울할때 보면 좋은 로맨틱영화",
    "date": "13.09.28",
    "rating": "8",
    "author": "sumi****",
    "review_id": "8021118",
    "movie_id": "43158"
  },
  {
    "review": "So so. ~",
    "date": "13.09.13",
    "rating": "10",
    "author": "tjdg****",
    "review_id": "7972174",
    "movie_id": "43158"
  },
  {
    "review": "사랑은 어떠한것도 극복합니다.",
    "date": "13.08.19",
    "rating": "8",
    "author": "papa****",
    "review_id": "7903813",
    "movie_id": "43158"
  },
  {
    "review": "잔잔하지만 사랑스런 이야기.. 무난하게 그냥저냥 볼만한것 같네요",
    "date": "13.08.19",
    "rating": "7",
    "author": "ehwj****",
    "review_id": "7902847",
    "movie_id": "43158"
  },
  {
    "review": "감동있게  보았슺니다",
    "date": "13.07.18",
    "rating": "10",
    "author": "love****",
    "review_id": "7756549",
    "movie_id": "43158"
  },
  {
    "review": "대사가 참 좋은 영화다. 주연배우의 연기도 좋았지만, 수잔 서랜든의 탭댄스가 오랫동안 기억에 남는다...",
    "date": "13.06.17",
    "rating": "10",
    "author": "nane****",
    "review_id": "7650162",
    "movie_id": "43158"
  },
  {
    "review": "집중력이 좀 떨어지는 느낌의 영화 말하고자하는 바는 좋으나 관객이 몰입감이 떨어지니 무효",
    "date": "13.06.06",
    "rating": "5",
    "author": "zapp****",
    "review_id": "7589150",
    "movie_id": "43158"
  },
  {
    "review": "배우가 문제 or 쓴 사람이 문제...아, 이거 어렵네. 올랜도 블룸(-1)",
    "date": "13.06.05",
    "rating": "2",
    "author": "expr****",
    "review_id": "7584331",
    "movie_id": "43158"
  },
  {
    "review": "좋은영화이긴한데..힐링까지는 아닌듯한데??",
    "date": "13.06.01",
    "rating": "7",
    "author": "civi****",
    "review_id": "7570295",
    "movie_id": "43158"
  },
  {
    "review": "GOOD",
    "date": "13.05.26",
    "rating": "10",
    "author": "d026****",
    "review_id": "7556946",
    "movie_id": "43158"
  },
  {
    "review": "힐링이 되는영화...",
    "date": "13.05.25",
    "rating": "10",
    "author": "barr****",
    "review_id": "7552855",
    "movie_id": "43158"
  },
  {
    "review": "여기저기 방향상실의 스멜.. 커스틴이 참 사랑스럽고.감독이음악을사랑하는점은인정;; 라이언아담스짱팬",
    "date": "13.04.23",
    "rating": "6",
    "author": "pooh****",
    "review_id": "7477333",
    "movie_id": "43158"
  },
  {
    "review": "아 왜 이걸 이제봤지!! 정말 강추 !!",
    "date": "13.03.23",
    "rating": "10",
    "author": "riod****",
    "review_id": "7402645",
    "movie_id": "43158"
  },
  {
    "review": "정말 너무나도 사랑스러운 영화! DVD는 출시가 안된걸까? 구할수가 없다는게 안타까울 뿐이다.",
    "date": "13.02.19",
    "rating": "10",
    "author": "ushi****",
    "review_id": "7282738",
    "movie_id": "43158"
  },
  {
    "review": "추천으로 너무 기대를 하고 봤나? 공감도 안되고 그저 그런 듯...",
    "date": "13.02.04",
    "rating": "5",
    "author": "wonh****",
    "review_id": "7224245",
    "movie_id": "43158"
  },
  {
    "review": "애틋하고 잔잔한게 남는다. 중요한 관계들을 정말 부드럽게, 잘 엮어낸 것 같다.",
    "date": "13.01.15",
    "rating": "8",
    "author": "meth****",
    "review_id": "7117951",
    "movie_id": "43158"
  },
  {
    "review": "정서가 달라서 그런지.. 감동적으로 다가오진 않네요.",
    "date": "12.12.29",
    "rating": "7",
    "author": "hyem****",
    "review_id": "7060529",
    "movie_id": "43158"
  },
  {
    "review": "감정을 잘 못 살린 거 같다",
    "date": "12.10.15",
    "rating": "4",
    "author": "wodl****",
    "review_id": "6803292",
    "movie_id": "43158"
  },
  {
    "review": "커스틴 싫어서 의도적으로 그녀가 나오는 영화는 안봤었는데, 이번 영화는 좋았던 것 같다. 내용적으로는 연결고리가 너무 엉성하다.",
    "date": "12.07.27",
    "rating": "6",
    "author": "01aj****",
    "review_id": "6541351",
    "movie_id": "43158"
  },
  {
    "review": "영상이 아름답고 나름 감동도 있다",
    "date": "12.07.05",
    "rating": "7",
    "author": "alem****",
    "review_id": "6447920",
    "movie_id": "43158"
  },
  {
    "review": "극중 클레어에게 만점!",
    "date": "12.07.01",
    "rating": "10",
    "author": "ssuk****",
    "review_id": "6434721",
    "movie_id": "43158"
  },
  {
    "review": "몇 장면만 좋았음",
    "date": "12.06.23",
    "rating": "5",
    "author": "hyeo****",
    "review_id": "6410355",
    "movie_id": "43158"
  },
  {
    "review": "저는 재미있었는데요ㅎㅎ",
    "date": "12.05.31",
    "rating": "9",
    "author": "wooh****",
    "review_id": "6351586",
    "movie_id": "43158"
  },
  {
    "review": "그럭저럭",
    "date": "12.05.25",
    "rating": "5",
    "author": "firs****",
    "review_id": "6330188",
    "movie_id": "43158"
  },
  {
    "review": "아무리 마인드가 다르다고해도 아부지 장례식도 치르기전에 섹한다는게 이해가 안감;;",
    "date": "12.03.23",
    "rating": "5",
    "author": "tn99****",
    "review_id": "6162217",
    "movie_id": "43158"
  },
  {
    "review": "여배우의 재밌는 말들만 남는 영화. 유쾌한 건 순전히 여배우때문이다.",
    "date": "12.03.07",
    "rating": "7",
    "author": "jang****",
    "review_id": "6129334",
    "movie_id": "43158"
  },
  {
    "review": "커스트던스트의 명언만 기억에 남은 지루한영화",
    "date": "12.03.01",
    "rating": "4",
    "author": "jjcv****",
    "review_id": "6116149",
    "movie_id": "43158"
  },
  {
    "review": "실패의 끝에서 실을 찾은 기분의 영화!!!!",
    "date": "12.02.17",
    "rating": "8",
    "author": "inde****",
    "review_id": "6081715",
    "movie_id": "43158"
  },
  {
    "review": "아버지의 죽음과 그녀와의 사랑 두 가지 선이 맞물리지 않는다. 몰입이 안됨..",
    "date": "12.02.13",
    "rating": "5",
    "author": "qwer****",
    "review_id": "6071399",
    "movie_id": "43158"
  },
  {
    "review": "훈남훈녀가 나와서 눈이 즐겁고, 묘-하게 기분 좋아지는 영화!",
    "date": "12.02.09",
    "rating": "10",
    "author": "baya****",
    "review_id": "6063484",
    "movie_id": "43158"
  },
  {
    "review": "너무 평범한 내 일상에 한방울 진한 잉크처럼 퍼지는 영화.. 1년전에 봤어야 했음..",
    "date": "12.02.04",
    "rating": "10",
    "author": "jite****",
    "review_id": "6050073",
    "movie_id": "43158"
  },
  {
    "review": "별생각없이봤는데;;시간가는줄몰랐다;;",
    "date": "12.01.15",
    "rating": "10",
    "author": "yshs****",
    "review_id": "5986945",
    "movie_id": "43158"
  },
  {
    "review": "최고라는말밖에 나오지 않는 영화",
    "date": "12.01.05",
    "rating": "10",
    "author": "dnf7****",
    "review_id": "5961976",
    "movie_id": "43158"
  },
  {
    "review": "몰입도가 뛰어난 영화, 허나 약간 아쉽거나 억지스러운부분이, 허나 능가할만큼 좋다",
    "date": "12.01.03",
    "rating": "10",
    "author": "rnal****",
    "review_id": "5957533",
    "movie_id": "43158"
  },
  {
    "review": "뭔가를 채워 줄만한 건 없음",
    "date": "11.12.21",
    "rating": "5",
    "author": "milk****",
    "review_id": "5918373",
    "movie_id": "43158"
  },
  {
    "review": "실패는 새로운시작이라나??? 영화 매력있믐",
    "date": "11.12.05",
    "rating": "8",
    "author": "tjsa****",
    "review_id": "5889926",
    "movie_id": "43158"
  },
  {
    "review": "내인생에서 손꼽히는 최고의영화",
    "date": "11.12.01",
    "rating": "10",
    "author": "alst****",
    "review_id": "5880336",
    "movie_id": "43158"
  },
  {
    "review": "아니 왜 10점이 아니란 말인가?",
    "date": "11.09.28",
    "rating": "10",
    "author": "zxck****",
    "review_id": "5757640",
    "movie_id": "43158"
  },
  {
    "review": "간간이 흘러나오는 상쾌한 음악 때문에 1점은 못 주겠다.. 로맨틱 미저리..",
    "date": "11.08.25",
    "rating": "2",
    "author": "imf0****",
    "review_id": "5687782",
    "movie_id": "43158"
  },
  {
    "review": "커스틴 던스트: 당신을 찰칵!",
    "date": "11.08.14",
    "rating": "8",
    "author": "mobe****",
    "review_id": "5648135",
    "movie_id": "43158"
  },
  {
    "review": "커스틴 던스트 못생겼다고만 생각했는데, 은근 매력있네..",
    "date": "11.08.12",
    "rating": "5",
    "author": "pksj****",
    "review_id": "5641624",
    "movie_id": "43158"
  },
  {
    "review": "내인생을 바꿔준 영화입니다. 이영화 보고 여행과 사진을 알게 되었습니다.",
    "date": "11.08.08",
    "rating": "10",
    "author": "rain****",
    "review_id": "5624011",
    "movie_id": "43158"
  },
  {
    "review": "초반에 너무너무 지겨움 ㅡㅡ 으",
    "date": "11.07.28",
    "rating": "5",
    "author": "tlsw****",
    "review_id": "5575860",
    "movie_id": "43158"
  },
  {
    "review": "평범하면서 잔잔했던 영화.  연기가 너무 좋았던 두배우",
    "date": "11.07.23",
    "rating": "9",
    "author": "dire****",
    "review_id": "5562581",
    "movie_id": "43158"
  },
  {
    "review": "잘 그려진 평범하지만 평범하지 않은 사랑이야기",
    "date": "11.07.20",
    "rating": "7",
    "author": "kth3****",
    "review_id": "5556487",
    "movie_id": "43158"
  },
  {
    "review": "우리에게 소중한 것들 그리고 사랑스런 키얼스틴",
    "date": "11.07.17",
    "rating": "10",
    "author": "pers****",
    "review_id": "5549665",
    "movie_id": "43158"
  },
  {
    "review": "부모가 죽었는데 연애질이나 하고있네..",
    "date": "11.06.28",
    "rating": "6",
    "author": "dbzh****",
    "review_id": "5504282",
    "movie_id": "43158"
  },
  {
    "review": "꺄 ♥♥♥♥",
    "date": "11.06.13",
    "rating": "10",
    "author": "kkan****",
    "review_id": "5480389",
    "movie_id": "43158"
  },
  {
    "review": "캐머런 크로우 감독의 대표작들을 모두 섞어놓은 듯, 음악과 로드무비 맘에듬.",
    "date": "11.06.06",
    "rating": "9",
    "author": "mana****",
    "review_id": "5468527",
    "movie_id": "43158"
  },
  {
    "review": "나에겐 왠지 모를 감동을 줬다. 본지 꽤 됐지만 아직도 기억나는 영화",
    "date": "11.05.24",
    "rating": "9",
    "author": "boll****",
    "review_id": "5447192",
    "movie_id": "43158"
  },
  {
    "review": "My father's gun 이 흘러나올때와 드류의 자유로운 모습 캬~",
    "date": "11.04.03",
    "rating": "10",
    "author": "true****",
    "review_id": "5350781",
    "movie_id": "43158"
  },
  {
    "review": "매력적인 배우와 매력적인 배경과 매력적인 음악이 잘 어우러지는 영화",
    "date": "11.03.22",
    "rating": "7",
    "author": "sunn****",
    "review_id": "5328884",
    "movie_id": "43158"
  },
  {
    "review": "무엇이 우리를 살아가게 해주는 걸까?????????????????????ㅋㅋㅋㅋㅋㅋㅋ",
    "date": "11.02.27",
    "rating": "10",
    "author": "ds88****",
    "review_id": "5280826",
    "movie_id": "43158"
  },
  {
    "review": "비관적으로 보면 잡탕일수도 있다 하지만 나에겐 모든걸 담고있는 보물상자였다.",
    "date": "11.02.27",
    "rating": "9",
    "author": "wlfa****",
    "review_id": "5280397",
    "movie_id": "43158"
  },
  {
    "review": "어중이떠중이같은 영화",
    "date": "11.02.01",
    "rating": "6",
    "author": "gusw****",
    "review_id": "5202453",
    "movie_id": "43158"
  },
  {
    "review": "기분이 흐뭇해 지는 영화.",
    "date": "11.01.06",
    "rating": "8",
    "author": "marc****",
    "review_id": "5135120",
    "movie_id": "43158"
  },
  {
    "review": "별 기대없이 본 영화. 커스틴 던스트는 마지막까지 사랑스러웠다.",
    "date": "10.12.25",
    "rating": "10",
    "author": "ydh5****",
    "review_id": "5085849",
    "movie_id": "43158"
  },
  {
    "review": "정말 최고네요! 최고로 지루하네요.. 러닝타임을 30분정도 줄여도 됐을것을...",
    "date": "10.10.24",
    "rating": "4",
    "author": "sim0****",
    "review_id": "4917973",
    "movie_id": "43158"
  },
  {
    "review": "좋다.",
    "date": "10.09.20",
    "rating": "10",
    "author": "yjmy****",
    "review_id": "4850348",
    "movie_id": "43158"
  },
  {
    "review": "소소한웃음과 애잔한 감동이 주는 아름다운 사람들의 사랑이야기, 이런류의 영화 좋다",
    "date": "10.09.03",
    "rating": "9",
    "author": "srab****",
    "review_id": "4814402",
    "movie_id": "43158"
  },
  {
    "review": "반죽이 잘 뭉쳐지지않았다.",
    "date": "10.07.22",
    "rating": "10",
    "author": "mycy****",
    "review_id": "4662111",
    "movie_id": "43158"
  },
  {
    "review": "커스틴의 매력",
    "date": "10.07.20",
    "rating": "10",
    "author": "c42k****",
    "review_id": "4654561",
    "movie_id": "43158"
  },
  {
    "review": "행복할 수 있다고 말해주는 영화",
    "date": "10.07.13",
    "rating": "10",
    "author": "pink****",
    "review_id": "4636754",
    "movie_id": "43158"
  },
  {
    "review": "조용히 다가와서 크게 한방 먹이는",
    "date": "10.07.11",
    "rating": "8",
    "author": "hini****",
    "review_id": "4629526",
    "movie_id": "43158"
  },
  {
    "review": "바보같이 웃게 만들다가 생각지 못한 방법으로 눈물이 나게 한다",
    "date": "10.07.05",
    "rating": "10",
    "author": "gats****",
    "review_id": "4614064",
    "movie_id": "43158"
  },
  {
    "review": "다른 사람들이랑 보기 아까운 영화는 내 생애 처음이다.",
    "date": "10.07.05",
    "rating": "10",
    "author": "limp****",
    "review_id": "4613951",
    "movie_id": "43158"
  },
  {
    "review": "최고다.. 수잔서랜든의 탭댄스 장면에서는.. 눈물을 멈출수가 없었다.",
    "date": "10.06.27",
    "rating": "10",
    "author": "piyo****",
    "review_id": "4595243",
    "movie_id": "43158"
  },
  {
    "review": "인생에 중요한 우선순위가 뭔지 생각하게 해주는 이야기",
    "date": "10.05.30",
    "rating": "10",
    "author": "morn****",
    "review_id": "4532801",
    "movie_id": "43158"
  },
  {
    "review": "마음에 잔잔한 여운을 남기는 영화",
    "date": "10.05.21",
    "rating": "8",
    "author": "jmou****",
    "review_id": "4512257",
    "movie_id": "43158"
  },
  {
    "review": "누구나 인생에 실패는 있다..그걸 극복하는 자와 못하는 자로 나누어질 뿐..",
    "date": "10.05.19",
    "rating": "7",
    "author": "agaw****",
    "review_id": "4509691",
    "movie_id": "43158"
  },
  {
    "review": "지루하다가 나중엔 짜증날 정도. 클레어 캐릭 실상 허세에 쩔어보임-_-",
    "date": "10.04.13",
    "rating": "4",
    "author": "junu****",
    "review_id": "4430141",
    "movie_id": "43158"
  },
  {
    "review": "정말 잔자아아아아안~~~함-ㅅ- 잘뻔했음,, 끝에가니까 괜찮았음, 정말 끝에가니까 ;",
    "date": "10.04.01",
    "rating": "6",
    "author": "lllm****",
    "review_id": "4400763",
    "movie_id": "43158"
  },
  {
    "review": "처음에는 알 수 없는 영화 였지만 보면 볼 수록 빠져든 영화다...",
    "date": "10.03.29",
    "rating": "10",
    "author": "susi****",
    "review_id": "4395810",
    "movie_id": "43158"
  },
  {
    "review": "보는 내내 훈훈한",
    "date": "10.03.25",
    "rating": "10",
    "author": "shim****",
    "review_id": "4386369",
    "movie_id": "43158"
  },
  {
    "review": "freebird 가 내 마음을 울리다",
    "date": "10.03.22",
    "rating": "10",
    "author": "alre****",
    "review_id": "4377244",
    "movie_id": "43158"
  },
  {
    "review": "내 기억속  인상적인 키스신 중 한장면이 될것이다.",
    "date": "10.03.19",
    "rating": "9",
    "author": "kyh_****",
    "review_id": "4368295",
    "movie_id": "43158"
  },
  {
    "review": "너무 예쁜 그녀라서 너무 잘난 그라서 좋았던 영화",
    "date": "10.03.18",
    "rating": "10",
    "author": "hyh1****",
    "review_id": "4365470",
    "movie_id": "43158"
  },
  {
    "review": "내가 본 최고의 멜로영화.. 그 잔잔한 여운은 다른 영화에서 찾아볼 수 없었다.",
    "date": "10.03.17",
    "rating": "10",
    "author": "suga****",
    "review_id": "4363110",
    "movie_id": "43158"
  },
  {
    "review": "삶에대한영화... 라는것따위는 못느꼈고, 그저 잔잔하고 편안한 영화. 커스틴 이쁨.",
    "date": "10.03.12",
    "rating": "10",
    "author": "mada****",
    "review_id": "4351267",
    "movie_id": "43158"
  },
  {
    "review": "가볍지않으면서 무겁지도않은",
    "date": "10.03.05",
    "rating": "10",
    "author": "2ue1****",
    "review_id": "4335680",
    "movie_id": "43158"
  },
  {
    "review": "내겐 좋았던 영화... 특별하기도하고 인상적이었던 몇몇장면들... 좋았다!!!",
    "date": "10.02.17",
    "rating": "10",
    "author": "pari****",
    "review_id": "4292469",
    "movie_id": "43158"
  }
]