[
  {
    "review": "웃김 중간에 아담샌들러 미치겠다 ㅋ",
    "date": "15.01.14",
    "rating": "8",
    "author": "ny__****",
    "review_id": "9591954",
    "movie_id": "43152"
  },
  {
    "review": "더럽고 난잡하며 막무가내로 진행하는데, 가장 나쁜 점은 전혀 재밌지 않고 불쾌하기만 한 것이다.",
    "date": "14.10.12",
    "rating": "3",
    "author": "zxc1****",
    "review_id": "9287323",
    "movie_id": "43152"
  },
  {
    "review": "아주  재미없는 것 같지는 않다",
    "date": "14.02.20",
    "rating": "5",
    "author": "daze****",
    "review_id": "8521862",
    "movie_id": "43152"
  },
  {
    "review": "각본이 전작과 비슷하단거만 뺀다면야",
    "date": "13.10.26",
    "rating": "7",
    "author": "last****",
    "review_id": "8091451",
    "movie_id": "43152"
  },
  {
    "review": "푸하핫..레전드일세",
    "date": "13.07.15",
    "rating": "8",
    "author": "pass****",
    "review_id": "7746352",
    "movie_id": "43152"
  },
  {
    "review": "롭 + 아담 = 최강코미디!!!!!!!!!!!!!!!!!!",
    "date": "13.06.03",
    "rating": "10",
    "author": "newn****",
    "review_id": "7575455",
    "movie_id": "43152"
  },
  {
    "review": "역시 재미있네요 ㅋ",
    "date": "13.03.17",
    "rating": "8",
    "author": "kym2****",
    "review_id": "7355739",
    "movie_id": "43152"
  },
  {
    "review": "롭슈나이더팬으로서 넘 재밌었다.",
    "date": "12.10.30",
    "rating": "10",
    "author": "fors****",
    "review_id": "6836495",
    "movie_id": "43152"
  },
  {
    "review": "역시 롭슈나이더 이양반 영화는 병맛이라좋아 여자주인공도이쁘고 아담샌들러랑 서로 까메오해주고ㅋ",
    "date": "12.08.12",
    "rating": "10",
    "author": "rosy****",
    "review_id": "6595535",
    "movie_id": "43152"
  },
  {
    "review": "롭슈나이더팬으로서좋아요",
    "date": "11.12.15",
    "rating": "10",
    "author": "2005****",
    "review_id": "5906629",
    "movie_id": "43152"
  },
  {
    "review": "그럭저럭..",
    "date": "11.10.31",
    "rating": "7",
    "author": "srid****",
    "review_id": "5821916",
    "movie_id": "43152"
  },
  {
    "review": "내가 어지간하면 영화보다가 졸지는 않는데...",
    "date": "11.10.24",
    "rating": "1",
    "author": "ofth****",
    "review_id": "5808079",
    "movie_id": "43152"
  },
  {
    "review": "아 에미 웃다가 똥쌋다 ㅋㅋㅋㅋㅋㅋㅋㅋㅋㅋㅋㅋㅋㅋㅋㅋㅋㅋㅋㅋㅋㅋㅋㅋㅋㅋㅋㅋㅋ",
    "date": "10.12.15",
    "rating": "10",
    "author": "alse****",
    "review_id": "5055468",
    "movie_id": "43152"
  },
  {
    "review": "전작에서 억지스러운 연결로 인해 좀 실망이지만 전체적으로 웃기다.",
    "date": "10.11.25",
    "rating": "10",
    "author": "r_ed****",
    "review_id": "4990959",
    "movie_id": "43152"
  },
  {
    "review": "섹스코미디의 진수... 생각하지말고 그냥 웃으면됌.ㅋㅋ",
    "date": "10.11.01",
    "rating": "9",
    "author": "love****",
    "review_id": "4932105",
    "movie_id": "43152"
  },
  {
    "review": "멋진데?ㅎㅎ",
    "date": "09.11.18",
    "rating": "10",
    "author": "quil****",
    "review_id": "3973846",
    "movie_id": "43152"
  },
  {
    "review": "평점이 왜케 낮아",
    "date": "09.11.03",
    "rating": "10",
    "author": "nomz****",
    "review_id": "3934866",
    "movie_id": "43152"
  },
  {
    "review": "재밋더만 뭐",
    "date": "09.10.10",
    "rating": "10",
    "author": "alie****",
    "review_id": "3884795",
    "movie_id": "43152"
  },
  {
    "review": "잼있음 ㅋㅋ",
    "date": "09.09.10",
    "rating": "10",
    "author": "lush****",
    "review_id": "3821673",
    "movie_id": "43152"
  },
  {
    "review": "잼있어요...",
    "date": "09.08.14",
    "rating": "10",
    "author": "qhde****",
    "review_id": "3746421",
    "movie_id": "43152"
  },
  {
    "review": "볼만함",
    "date": "09.05.28",
    "rating": "10",
    "author": "jjw1****",
    "review_id": "3528039",
    "movie_id": "43152"
  },
  {
    "review": "이라크침공 얘기가 왜 나옴? 풍자?",
    "date": "09.05.19",
    "rating": "6",
    "author": "gbeo****",
    "review_id": "3507114",
    "movie_id": "43152"
  },
  {
    "review": "솔직히 이영화는 진짜 졸라 웃기다. 후회안함.",
    "date": "08.05.16",
    "rating": "10",
    "author": "toki****",
    "review_id": "2644123",
    "movie_id": "43152"
  },
  {
    "review": "어른도 가끔 생각없이 웃고 싶을때가 있다.",
    "date": "08.05.13",
    "rating": "9",
    "author": "rain****",
    "review_id": "2638111",
    "movie_id": "43152"
  },
  {
    "review": "평점낮은이유가 뭔지,,,, 최고 웃김 ㅋㅋㅋㅋ 영화볼줄 모르는년들",
    "date": "08.04.18",
    "rating": "10",
    "author": "smar****",
    "review_id": "2587530",
    "movie_id": "43152"
  },
  {
    "review": "쓰레기같은영화..",
    "date": "08.01.19",
    "rating": "1",
    "author": "pooh****",
    "review_id": "2345498",
    "movie_id": "43152"
  },
  {
    "review": "저질 코메디ㅋㅋ웃겨 죽는줄 알앗다 난 1편보다 웃긴거는 더 잇는거 같은데..",
    "date": "08.01.04",
    "rating": "8",
    "author": "wond****",
    "review_id": "2298033",
    "movie_id": "43152"
  },
  {
    "review": "롭슈나이더 짱",
    "date": "07.10.26",
    "rating": "10",
    "author": "slal****",
    "review_id": "2111934",
    "movie_id": "43152"
  },
  {
    "review": "1편 만큼은 아니지만 역시나 롭만의 방식으로 웃겼다 !",
    "date": "07.10.14",
    "rating": "9",
    "author": "korn****",
    "review_id": "2089927",
    "movie_id": "43152"
  },
  {
    "review": "롭 슈나이더는 좋지만 영화는 더러움만 강해진 것 같아 아쉬울뿐.",
    "date": "07.10.06",
    "rating": "3",
    "author": "paci****",
    "review_id": "2074603",
    "movie_id": "43152"
  },
  {
    "review": "아무생각없이 보세요 ..근데 여자주인공 너무 매력적이어서 계속생각나네..",
    "date": "07.09.21",
    "rating": "7",
    "author": "bate****",
    "review_id": "2034185",
    "movie_id": "43152"
  },
  {
    "review": "1편보다 더 가혹하게 웃긴다. 만족.",
    "date": "07.07.31",
    "rating": "9",
    "author": "seun****",
    "review_id": "1830142",
    "movie_id": "43152"
  },
  {
    "review": "신나게 웃고 즐겼음으로 9점!!  진짜 흑인이 더 웃기네요 ㅋㅋ",
    "date": "07.07.27",
    "rating": "9",
    "author": "jewe****",
    "review_id": "1815631",
    "movie_id": "43152"
  },
  {
    "review": "풍자가 있는 유치코미디.. 웃기긴하다.",
    "date": "07.07.26",
    "rating": "7",
    "author": "magi****",
    "review_id": "1810174",
    "movie_id": "43152"
  },
  {
    "review": "흑인이 더 웃겼다...ㅋㅋ 그런데 정말 말 안되는 영화;;",
    "date": "07.07.14",
    "rating": "8",
    "author": "bomi****",
    "review_id": "1775094",
    "movie_id": "43152"
  },
  {
    "review": "그냥 그런 코메디",
    "date": "07.06.04",
    "rating": "7",
    "author": "free****",
    "review_id": "1680760",
    "movie_id": "43152"
  },
  {
    "review": "적절한 재미가 있는... 코미디.",
    "date": "07.05.29",
    "rating": "6",
    "author": "caca****",
    "review_id": "1671244",
    "movie_id": "43152"
  },
  {
    "review": "정말 잠깐씩 잼있는 장면이 있을뿐...별루네...",
    "date": "07.03.31",
    "rating": "4",
    "author": "choi****",
    "review_id": "1564739",
    "movie_id": "43152"
  },
  {
    "review": "숨을 쉴 수가 없었습니다.",
    "date": "07.03.13",
    "rating": "10",
    "author": "rach****",
    "review_id": "1532087",
    "movie_id": "43152"
  },
  {
    "review": "1편보단 못하지만 정말 웃겨",
    "date": "07.01.31",
    "rating": "9",
    "author": "mrdo****",
    "review_id": "1429074",
    "movie_id": "43152"
  },
  {
    "review": "기본은 한다",
    "date": "06.08.01",
    "rating": "7",
    "author": "zeed****",
    "review_id": "952559",
    "movie_id": "43152"
  },
  {
    "review": "전작보다 훨씬 어수선하다",
    "date": "06.07.31",
    "rating": "5",
    "author": "outf****",
    "review_id": "947726",
    "movie_id": "43152"
  },
  {
    "review": "롭슈나이더 좋아하지만.. 이게뭐야 이게",
    "date": "06.07.21",
    "rating": "3",
    "author": "kimd****",
    "review_id": "912386",
    "movie_id": "43152"
  },
  {
    "review": "심했다 이건...ㅋㅋㅋ",
    "date": "06.06.28",
    "rating": "3",
    "author": "sbh7****",
    "review_id": "860903",
    "movie_id": "43152"
  },
  {
    "review": "1편보단 좀 웃겼음 ㅎㅎ",
    "date": "06.06.27",
    "rating": "7",
    "author": "36ya****",
    "review_id": "859284",
    "movie_id": "43152"
  },
  {
    "review": "유치함과 저질사이에 교양이 있다. 잘봐라.",
    "date": "06.06.22",
    "rating": "10",
    "author": "ggol****",
    "review_id": "853430",
    "movie_id": "43152"
  },
  {
    "review": "듀스비갈로에 비해 너무너무 저질이네요. 롭은 좋지만...",
    "date": "06.06.02",
    "rating": "5",
    "author": "kjy9****",
    "review_id": "827522",
    "movie_id": "43152"
  },
  {
    "review": "롭슈나이더 최고~ ㅋㅋ",
    "date": "06.05.14",
    "rating": "10",
    "author": "kill****",
    "review_id": "799329",
    "movie_id": "43152"
  },
  {
    "review": "2뭐하로 만들었니?ㅋ",
    "date": "06.05.12",
    "rating": "4",
    "author": "nwhg****",
    "review_id": "796251",
    "movie_id": "43152"
  },
  {
    "review": "왜평점이높은지이해할수없네..난쫌역겹던데..",
    "date": "06.04.26",
    "rating": "3",
    "author": "jjyj****",
    "review_id": "776441",
    "movie_id": "43152"
  },
  {
    "review": "멀더 바래~ 롭슈나이더 보는재미만으로도 굿~ 유쾌하게 잘봤네요",
    "date": "06.04.12",
    "rating": "7",
    "author": "kidm****",
    "review_id": "758728",
    "movie_id": "43152"
  },
  {
    "review": "왜 이런 속편을 만든걸까? 도대체 왜! 왜!",
    "date": "06.04.11",
    "rating": "2",
    "author": "inpm****",
    "review_id": "757405",
    "movie_id": "43152"
  },
  {
    "review": "즐거워요 ㅎ",
    "date": "06.04.04",
    "rating": "10",
    "author": "adum****",
    "review_id": "748514",
    "movie_id": "43152"
  },
  {
    "review": "확실히 전편 보다 못함..",
    "date": "06.03.22",
    "rating": "6",
    "author": "sabu****",
    "review_id": "727882",
    "movie_id": "43152"
  },
  {
    "review": "쓰레기 같은 영화!골든 라즈베리의 후회없는 선택",
    "date": "06.03.12",
    "rating": "1",
    "author": "ky21****",
    "review_id": "713368",
    "movie_id": "43152"
  },
  {
    "review": "조낸 웃기다. 웃음으로 전편보다 절대 OOO 않는다.",
    "date": "06.03.02",
    "rating": "10",
    "author": "ilos****",
    "review_id": "701602",
    "movie_id": "43152"
  },
  {
    "review": "반미,반부시영화입니다. 그리고 웃음가득 친미들은 싫을듯...",
    "date": "06.02.11",
    "rating": "7",
    "author": "mp58****",
    "review_id": "661012",
    "movie_id": "43152"
  },
  {
    "review": "1편에 비해 영 실망했지만..",
    "date": "06.01.23",
    "rating": "7",
    "author": "anju****",
    "review_id": "613949",
    "movie_id": "43152"
  },
  {
    "review": "개코메디를 원하신다면!!",
    "date": "06.01.16",
    "rating": "10",
    "author": "chor****",
    "review_id": "591691",
    "movie_id": "43152"
  },
  {
    "review": "지나치게 과장된 캐릭터로 전편을 뛰어넘지 못함",
    "date": "06.01.15",
    "rating": "8",
    "author": "nhnm****",
    "review_id": "591579",
    "movie_id": "43152"
  },
  {
    "review": "1편보고 실망했는데, 2편 내가 왜 봤을까?",
    "date": "06.01.10",
    "rating": "5",
    "author": "gall****",
    "review_id": "577930",
    "movie_id": "43152"
  },
  {
    "review": "이영화 재밌기만 하던데... 1점이나 3점은 넘한듯.....",
    "date": "06.01.04",
    "rating": "10",
    "author": "klst****",
    "review_id": "559825",
    "movie_id": "43152"
  },
  {
    "review": "잼있었는데 평점이..왜이리 나쁘죠??",
    "date": "06.01.03",
    "rating": "10",
    "author": "f00g****",
    "review_id": "555967",
    "movie_id": "43152"
  },
  {
    "review": "화장실유머 이해해주고 싶지만..... 으~~~",
    "date": "05.12.28",
    "rating": "3",
    "author": "eint****",
    "review_id": "535218",
    "movie_id": "43152"
  },
  {
    "review": "1편이 오억만배 재밌는 영화 2편도 나름대로는 재밌지만...",
    "date": "05.12.26",
    "rating": "1",
    "author": "city****",
    "review_id": "530245",
    "movie_id": "43152"
  },
  {
    "review": "웃깁니다..",
    "date": "05.12.15",
    "rating": "8",
    "author": "n407****",
    "review_id": "505744",
    "movie_id": "43152"
  },
  {
    "review": "1편보다 더 많이 거슬리면서 덜 재밌었던 영화.",
    "date": "05.12.06",
    "rating": "3",
    "author": "kami****",
    "review_id": "495657",
    "movie_id": "43152"
  },
  {
    "review": "전편의 웃긴장면을 차용했지만 별로 새롭지도 않고 허탈한 웃음",
    "date": "05.12.05",
    "rating": "5",
    "author": "hye5****",
    "review_id": "495019",
    "movie_id": "43152"
  },
  {
    "review": "스릴러와 코미디가 아주 잘 어울린다.",
    "date": "05.12.03",
    "rating": "7",
    "author": "kws7****",
    "review_id": "492782",
    "movie_id": "43152"
  },
  {
    "review": "신나게 웃고 즐기기 좋은 영화",
    "date": "05.12.01",
    "rating": "7",
    "author": "joll****",
    "review_id": "490053",
    "movie_id": "43152"
  },
  {
    "review": "그저그런 슈나이더식 코미디",
    "date": "05.11.27",
    "rating": "1",
    "author": "smin****",
    "review_id": "486607",
    "movie_id": "43152"
  },
  {
    "review": "10",
    "date": "05.11.26",
    "rating": "10",
    "author": "gotw****",
    "review_id": "485834",
    "movie_id": "43152"
  },
  {
    "review": "재밌네요",
    "date": "05.11.26",
    "rating": "10",
    "author": "gwen****",
    "review_id": "485093",
    "movie_id": "43152"
  }
]