[
  {
    "review": "병맛 아류작일줄 알았는데 음악도 영상미도 좋았고.불안불안한 그들의 삶도 잘 그려내줘서  좋았다능",
    "date": "14.08.17",
    "rating": "7",
    "author": "gree****",
    "review_id": "9104019",
    "movie_id": "43184"
  },
  {
    "review": "쓰레기 영화라고 본다. 예술성도 없고 OO들의정당성도 없음. 걍 섹스와 살인... 그게 전부. 2점",
    "date": "12.11.26",
    "rating": "2",
    "author": "hoon****",
    "review_id": "6927778",
    "movie_id": "43184"
  },
  {
    "review": "타락 고통 애증 욕망 .... 인간의가장어두운면들을잘묘사해주고있는영화",
    "date": "11.03.29",
    "rating": "10",
    "author": "irig****",
    "review_id": "5341496",
    "movie_id": "43184"
  },
  {
    "review": "의도한 바를 완전히 다 이해하진 못한것 같지만...  배경음악은 무척 좋던데,,",
    "date": "11.02.06",
    "rating": "8",
    "author": "tmlw****",
    "review_id": "5222168",
    "movie_id": "43184"
  },
  {
    "review": "돈,호기심,욕망,고독,타락,사랑,우정,질투,배신...불안한 10대의 감정이 모두 표현됨",
    "date": "10.03.20",
    "rating": "8",
    "author": "hsfa****",
    "review_id": "4369100",
    "movie_id": "43184"
  },
  {
    "review": "자극적인 소재와 무난한 구성..",
    "date": "10.02.20",
    "rating": "6",
    "author": "wind****",
    "review_id": "4304253",
    "movie_id": "43184"
  },
  {
    "review": "잼있어요...",
    "date": "09.12.28",
    "rating": "4",
    "author": "qhde****",
    "review_id": "4100410",
    "movie_id": "43184"
  },
  {
    "review": "살인, 섹스, 마약의 폭력성. 그러나 혼란 속 건재한 남성중심사회가 진짜 하드코어다.",
    "date": "09.11.08",
    "rating": "5",
    "author": "hele****",
    "review_id": "3946573",
    "movie_id": "43184"
  },
  {
    "review": "외로움",
    "date": "09.10.10",
    "rating": "10",
    "author": "supo****",
    "review_id": "3883645",
    "movie_id": "43184"
  },
  {
    "review": "그래서 하고 싶은 얘기가 뭐야~",
    "date": "09.08.16",
    "rating": "7",
    "author": "para****",
    "review_id": "3756364",
    "movie_id": "43184"
  },
  {
    "review": "글쎼.. 열등감?",
    "date": "09.06.27",
    "rating": "6",
    "author": "dlwh****",
    "review_id": "3594803",
    "movie_id": "43184"
  },
  {
    "review": "무서운 10대.. 행복의 다리를 떠난지 오래된 씁쓸한 모습..",
    "date": "08.11.04",
    "rating": "7",
    "author": "urkn****",
    "review_id": "3034972",
    "movie_id": "43184"
  },
  {
    "review": "오프닝구성과 화려한색채가 머리속에서남는.",
    "date": "08.10.07",
    "rating": "7",
    "author": "bnve****",
    "review_id": "2987793",
    "movie_id": "43184"
  },
  {
    "review": "섹스만 하드코어가 아냐",
    "date": "08.10.02",
    "rating": "6",
    "author": "bbq2****",
    "review_id": "2977989",
    "movie_id": "43184"
  },
  {
    "review": "서글프지만 가슴에 깊이 남는 영화",
    "date": "08.09.09",
    "rating": "7",
    "author": "zito****",
    "review_id": "2931914",
    "movie_id": "43184"
  },
  {
    "review": "간만에 짜릿하는 느낌을 받아보네요~! 정말 신선하고 충격적입니다",
    "date": "08.07.09",
    "rating": "10",
    "author": "hopa****",
    "review_id": "2749710",
    "movie_id": "43184"
  },
  {
    "review": "먹고살기힘드네.. 에효 무서운여자 난 싫다~~~",
    "date": "08.06.28",
    "rating": "9",
    "author": "kick****",
    "review_id": "2726478",
    "movie_id": "43184"
  },
  {
    "review": "말그대로 하드코어",
    "date": "08.04.29",
    "rating": "10",
    "author": "dhtj****",
    "review_id": "2605052",
    "movie_id": "43184"
  },
  {
    "review": "뭔지 모르겠지만.. 슬프다. 안쓰러워",
    "date": "08.03.19",
    "rating": "7",
    "author": "sung****",
    "review_id": "2529517",
    "movie_id": "43184"
  },
  {
    "review": "Very different from the usual Greek movies.  Interesting story and performances",
    "date": "08.02.10",
    "rating": "10",
    "author": "thal****",
    "review_id": "2429342",
    "movie_id": "43184"
  },
  {
    "review": "나디아가 남자친구 죽인 후 복도에서 걸어나오는 장면, 와...",
    "date": "08.02.06",
    "rating": "10",
    "author": "noth****",
    "review_id": "2413675",
    "movie_id": "43184"
  },
  {
    "review": "공감할수 없는 부적절한 내용에 공감할수있는 두여주인공의 외로움..",
    "date": "08.01.31",
    "rating": "7",
    "author": "jjan****",
    "review_id": "2389799",
    "movie_id": "43184"
  },
  {
    "review": "10대의 어두운 단면을 색채와 편집으로만 노력했을뿐, 상상과는 다르다.",
    "date": "08.01.14",
    "rating": "6",
    "author": "glob****",
    "review_id": "2330491",
    "movie_id": "43184"
  },
  {
    "review": "전체적인 분위기는 익숙하지만 이야기 자체는 신선하고 충격적임.",
    "date": "08.01.07",
    "rating": "7",
    "author": "jinh****",
    "review_id": "2304133",
    "movie_id": "43184"
  },
  {
    "review": "산만한 구성... 점점 지루해진다...",
    "date": "07.12.24",
    "rating": "4",
    "author": "caca****",
    "review_id": "2260712",
    "movie_id": "43184"
  }
]