[
  {
    "review": "선더빙 후상영인가?ㅋㅋㅋ",
    "date": "15.03.08",
    "rating": "1",
    "author": "cogh****",
    "review_id": "9765817",
    "movie_id": "43199"
  },
  {
    "review": "비록 재개봉한 거지만 꿀잼! 추천합니당!!!!",
    "date": "15.01.31",
    "rating": "10",
    "author": "thek****",
    "review_id": "9655096",
    "movie_id": "43199"
  },
  {
    "review": "역시 재미 있는 만화입니다.",
    "date": "14.12.07",
    "rating": "10",
    "author": "dong****",
    "review_id": "9456259",
    "movie_id": "43199"
  },
  {
    "review": "지라치  받았는데일본은  디안시  배포했는데 ...디안시  7개니까 교환하실  분  친구코드  이름  주세요",
    "date": "14.10.30",
    "rating": "9",
    "author": "hyeo****",
    "review_id": "9329936",
    "movie_id": "43199"
  },
  {
    "review": "이거 일본성우가 이거 만든후 7월7일에 가셨다는데..지라치는 죽음의 포켓몬이 아닐가 생각중..",
    "date": "14.10.14",
    "rating": "1",
    "author": "loo6****",
    "review_id": "9292675",
    "movie_id": "43199"
  },
  {
    "review": "딸애와 즐겁게 잘 보았습니다.",
    "date": "14.10.04",
    "rating": "8",
    "author": "kobo****",
    "review_id": "9262784",
    "movie_id": "43199"
  },
  {
    "review": "진짜 재밌고 감동적이에요 만화에 감동 말이 안되지만",
    "date": "14.09.28",
    "rating": "10",
    "author": "bjy7****",
    "review_id": "9247198",
    "movie_id": "43199"
  },
  {
    "review": "포켓몬을 좋아하시는 아이들이나  부모님도 같이 보면  괜찮을듯..^^",
    "date": "14.09.08",
    "rating": "6",
    "author": "ar14****",
    "review_id": "9184337",
    "movie_id": "43199"
  },
  {
    "review": "너무재밌엉ㅛ 피카츄 오예",
    "date": "14.08.27",
    "rating": "10",
    "author": "jhdw****",
    "review_id": "9137582",
    "movie_id": "43199"
  },
  {
    "review": "사실 10년쯤 전에 이미 일본판 봤지만... 정말 명작임",
    "date": "14.08.27",
    "rating": "9",
    "author": "kkmk****",
    "review_id": "9136650",
    "movie_id": "43199"
  },
  {
    "review": "정말 재미있어요 또 보고싶어요 ^^",
    "date": "14.08.26",
    "rating": "10",
    "author": "god8****",
    "review_id": "9135027",
    "movie_id": "43199"
  },
  {
    "review": "영화보는 내내 지라치가 현실세계에도 있으면 얼마나 좋을까 하는 상상을 하면서 영화를 보았어요 모습만큼이나 목소리와 모든것이 사랑스런 지라치를 보고싶으시면 영화꼭 보세요 완전 강추네요 7살 먹은 둘째아이는 영화를 보면서 함께 지라치가되어 열심히싸웠답니다",
    "date": "14.08.26",
    "rating": "10",
    "author": "cat0****",
    "review_id": "9135006",
    "movie_id": "43199"
  },
  {
    "review": "왜 2004년에 개봉한 영화를 이미 인터넷에 더빙판 일어판 널려있는데 굳이 지라치 얻으려고 돈을 쓰는가",
    "date": "14.08.24",
    "rating": "4",
    "author": "acej****",
    "review_id": "9128633",
    "movie_id": "43199"
  },
  {
    "review": "지라치 목소리가 넘 귀엽네요.^^포켓몬스터 화이팅!",
    "date": "14.08.22",
    "rating": "10",
    "author": "peh4****",
    "review_id": "9121712",
    "movie_id": "43199"
  },
  {
    "review": "우후!!!이거내일보러간다!!!신나라!지우 봄이 정인이 웅이 그리고 xy영화에 세레나 시트론 유리카 지우(또 나옴)화이팅!!!!",
    "date": "14.08.22",
    "rating": "10",
    "author": "sara****",
    "review_id": "9120846",
    "movie_id": "43199"
  },
  {
    "review": "옛날 추억을 떠올리며 즐겁게 봐서요.안타가운건 지라치를 선물로 주어도 다시 보는 사람이 대부분 없다.따라서 대부분CGV는 5일, 일부 CGV는 12일,후 영상시간을 볼수 없다.재밌게 봤으니까 되고,인기 없어도 괜찬다.",
    "date": "14.08.22",
    "rating": "10",
    "author": "ming****",
    "review_id": "9120516",
    "movie_id": "43199"
  },
  {
    "review": "돈을 목적으로 또보여주는건 싫다~!",
    "date": "14.08.22",
    "rating": "1",
    "author": "note****",
    "review_id": "9120250",
    "movie_id": "43199"
  },
  {
    "review": "포켓몬들이 너무 귀여워서 좋아요♡",
    "date": "14.08.22",
    "rating": "10",
    "author": "shin****",
    "review_id": "9119966",
    "movie_id": "43199"
  },
  {
    "review": "포켓몬 시리즈는 발전이란게 없다.",
    "date": "14.08.21",
    "rating": "1",
    "author": "donf****",
    "review_id": "9119405",
    "movie_id": "43199"
  },
  {
    "review": "너와나함께라면 우린 최고야",
    "date": "14.08.20",
    "rating": "10",
    "author": "hpig****",
    "review_id": "9112733",
    "movie_id": "43199"
  },
  {
    "review": "역시..폿몬...짱~~*^^*",
    "date": "14.08.19",
    "rating": "10",
    "author": "0784****",
    "review_id": "9112206",
    "movie_id": "43199"
  },
  {
    "review": "지라치 영화 저도 보러 갈 거에요.",
    "date": "14.08.19",
    "rating": "10",
    "author": "koo0****",
    "review_id": "9111594",
    "movie_id": "43199"
  },
  {
    "review": "영화관에서 봣는데 마지막 엔딩곡도 좋고 여자얘가 노래부른것도 좋아요ㅎㅎ",
    "date": "14.08.18",
    "rating": "10",
    "author": "porc****",
    "review_id": "9108330",
    "movie_id": "43199"
  },
  {
    "review": "잼써ㅋㅋㅋㅋ우앙지라치",
    "date": "14.08.18",
    "rating": "10",
    "author": "skks****",
    "review_id": "9107598",
    "movie_id": "43199"
  },
  {
    "review": "소원의별지라치는 예전에도했었지만 재미가있네요",
    "date": "14.08.18",
    "rating": "10",
    "author": "akiv****",
    "review_id": "9106553",
    "movie_id": "43199"
  },
  {
    "review": "포켓몬 띠부띠부쉘 모으던 이후로 개꿀잼이네요 ^^",
    "date": "14.08.18",
    "rating": "10",
    "author": "sond****",
    "review_id": "9106448",
    "movie_id": "43199"
  },
  {
    "review": "완전 재밌었어요.특히 그란돈이 왠지 변한거 같았는데 입이 찰흙같이 됬어요 ㅋㅋ어쨌든 강추드립니다. 꼭 보세요!(일본판이랑 또 다른 재미)",
    "date": "14.08.18",
    "rating": "10",
    "author": "boun****",
    "review_id": "9105899",
    "movie_id": "43199"
  },
  {
    "review": "포켓몬은 게임으로 만 햇고 만화도 잘 않봣는데 이 영화를 봄으로써 재밋는걸 알앗다.",
    "date": "14.08.17",
    "rating": "9",
    "author": "lju1****",
    "review_id": "9104538",
    "movie_id": "43199"
  },
  {
    "review": "나온지 꽤 오래 된 영화라 기대한 건 없었지만 3세대와 AG시절의 추억을 느낄 수 있었습니다. 지라치 목소리가 귀여웠어요!! 꽤나 재밌게 봤네요~~ 다만 아쉬운 건 시리얼 코드 사태가 일어났었다는 점입니다. 다음 영화배포는 무선이나 적외선으로 해주세요",
    "date": "14.08.17",
    "rating": "8",
    "author": "soon****",
    "review_id": "9101552",
    "movie_id": "43199"
  },
  {
    "review": "기대기대했는데..역시..ㅎㅎ",
    "date": "14.08.16",
    "rating": "10",
    "author": "kkok****",
    "review_id": "9096946",
    "movie_id": "43199"
  },
  {
    "review": "그란돈 촉수를 보니까 미역줄기가 생각났다....",
    "date": "14.08.16",
    "rating": "10",
    "author": "inho****",
    "review_id": "9096603",
    "movie_id": "43199"
  },
  {
    "review": "재밌다고 하네요. 행사를 정확히 안내해줬으면 합니다.",
    "date": "14.08.16",
    "rating": "7",
    "author": "bing****",
    "review_id": "9096444",
    "movie_id": "43199"
  },
  {
    "review": "뭐여 이거시간낭비 돈낭비 유치찬란 못봐주겠다",
    "date": "14.08.16",
    "rating": "1",
    "author": "kwon****",
    "review_id": "9096414",
    "movie_id": "43199"
  },
  {
    "review": "스릴넘치고 뜨거워었요",
    "date": "14.08.16",
    "rating": "10",
    "author": "yyop****",
    "review_id": "9095582",
    "movie_id": "43199"
  },
  {
    "review": "너무너무재미있었어요 다음에계봉할  파괴의포켓몬도기대할겧요^^",
    "date": "14.08.16",
    "rating": "10",
    "author": "9809****",
    "review_id": "9095511",
    "movie_id": "43199"
  },
  {
    "review": "봤지만 또보고 싶은 영화, 수수한 감동을 남기는 최고의 가족영화! 재미있었습니다. (지라치에게 빌고 싶은 소원; 다음에도 즐거운 영화를 만들어 주시길)",
    "date": "14.08.15",
    "rating": "10",
    "author": "harr****",
    "review_id": "9092385",
    "movie_id": "43199"
  },
  {
    "review": "몇번을 봐도 명작은 아니어도 걸작인 극장판입니다",
    "date": "14.08.15",
    "rating": "10",
    "author": "omeg****",
    "review_id": "9091945",
    "movie_id": "43199"
  },
  {
    "review": "일단 영화 자체는 괜찮아요. 초반은 뭔가 조금 부족했지만 후반은 스토리가 탄탄해서 좋았고 마지막 OST가 진짜 좋아요",
    "date": "14.08.15",
    "rating": "9",
    "author": "song****",
    "review_id": "9091442",
    "movie_id": "43199"
  },
  {
    "review": "완전 짱 역시 포켓몬이예요!!!",
    "date": "14.08.15",
    "rating": "10",
    "author": "vlzk****",
    "review_id": "9091227",
    "movie_id": "43199"
  },
  {
    "review": "최고의 영화 좋은 영화이다",
    "date": "14.08.15",
    "rating": "10",
    "author": "ninj****",
    "review_id": "9090812",
    "movie_id": "43199"
  },
  {
    "review": "파카츄 씹귀야ㅠㅠ 예전꺼지만 포켓몬은 예전꺼가더 재미있음간단하게 보기 좋았음ㅋㅋㅋ",
    "date": "14.08.15",
    "rating": "10",
    "author": "3dls****",
    "review_id": "9089656",
    "movie_id": "43199"
  },
  {
    "review": "너무옛날꺼이고...이제xy영화나올떼됬는데..이걸 개봉시키니좀 그렇네요...",
    "date": "14.08.15",
    "rating": "1",
    "author": "imar****",
    "review_id": "9089001",
    "movie_id": "43199"
  },
  {
    "review": "제미있었고 마지막에는 감동적이었다.",
    "date": "14.08.15",
    "rating": "10",
    "author": "zami****",
    "review_id": "9088937",
    "movie_id": "43199"
  },
  {
    "review": "포켓몬스터 AG 아름다운 소원의 별 지라치를 보았다. 아주아주 재미있었다.",
    "date": "14.08.15",
    "rating": "10",
    "author": "k366****",
    "review_id": "9088909",
    "movie_id": "43199"
  },
  {
    "review": "넘 편한곳에  재미있게 봤어요^^",
    "date": "14.08.15",
    "rating": "10",
    "author": "zzin****",
    "review_id": "9088798",
    "movie_id": "43199"
  },
  {
    "review": "지라치짱짱짱  와  대박 대박나길 기원",
    "date": "14.08.15",
    "rating": "6",
    "author": "bear****",
    "review_id": "9086616",
    "movie_id": "43199"
  },
  {
    "review": "해해 난 친구랑 토요일에 가서 보는데 재미 있겠다~꼭 봐야지",
    "date": "14.08.15",
    "rating": "10",
    "author": "icon****",
    "review_id": "9086510",
    "movie_id": "43199"
  },
  {
    "review": "그냥 집에서 나중에 극장판으로 보여줄때 티비로 보세요화질도 너무 떨어지고 지루했어요 아이들도 후반부에 한번 잠깐 집중하고 산만해지더라구요 돈이 너무 아까웠습니다  완전 비츄",
    "date": "14.08.14",
    "rating": "3",
    "author": "gkdi****",
    "review_id": "9086207",
    "movie_id": "43199"
  },
  {
    "review": "엄청 흥미진진하고 재미있습니다",
    "date": "14.08.14",
    "rating": "10",
    "author": "x539****",
    "review_id": "9085853",
    "movie_id": "43199"
  },
  {
    "review": "영화도 재밌었고 노래도 좋았어요 짱~!",
    "date": "14.08.14",
    "rating": "10",
    "author": "zxcv****",
    "review_id": "9085384",
    "movie_id": "43199"
  },
  {
    "review": "옛날에 그냥 닌텐도 않하고 했던 시기 에 본 영화라  내용 이 잘 기억이않났죠!!ㅋㅋ?그리고 이번엔 지라치까지 받고좋았어요 표는 포켓몬타운에서 퀴즈를 맟쳐 받은예매권으로 보아서 더욱 즐거웠어요 앞으로도 더 젛은 영화만드시고 열심히 보러 다니겠습니다",
    "date": "14.08.14",
    "rating": "10",
    "author": "rntt****",
    "review_id": "9085220",
    "movie_id": "43199"
  },
  {
    "review": "서울에 왜 없어요? 서울에 있으면 더 좋을것 같아요",
    "date": "14.08.14",
    "rating": "1",
    "author": "sons****",
    "review_id": "9085207",
    "movie_id": "43199"
  },
  {
    "review": "전에 본거 같은데 10년전에 나왔던 극장판을 이제와서 개봉하는 이유는 뭐지? 재개봉? 극장에서 상영해준 건만으로도 좋지만^^",
    "date": "14.08.14",
    "rating": "10",
    "author": "inuy****",
    "review_id": "9081254",
    "movie_id": "43199"
  },
  {
    "review": "확실히 최근 BW 비크티니,케르디오,게노섹트 영화보다는 볼만하다. 그래도 난 1기와 12기가 제일 볼만하더라. 이번 재개봉은 12년만인가? 지라치 배포때문이겠지만... 그래도 내가 4번째로 좋아하는 포켓몬, 앱솔을 볼 수 있어서 좋았고... 만족한다.",
    "date": "14.08.13",
    "rating": "10",
    "author": "dudw****",
    "review_id": "9080411",
    "movie_id": "43199"
  },
  {
    "review": "나왔던게 또나옴? WHY?",
    "date": "14.08.13",
    "rating": "1",
    "author": "jjha****",
    "review_id": "9079564",
    "movie_id": "43199"
  },
  {
    "review": "영화보고 페이스북 오박사의 포켓몬 10주완성이나 보쇼 애기친구드라 ^-^",
    "date": "14.08.13",
    "rating": "10",
    "author": "bxhx****",
    "review_id": "9078705",
    "movie_id": "43199"
  },
  {
    "review": "저의 소원을 이루고 싶어서 봤는데오늘 소모된 에너지의 밧데리가 100%충전되었어요.감사합니다.아리가또 지라치♡",
    "date": "14.08.13",
    "rating": "10",
    "author": "1116****",
    "review_id": "9078380",
    "movie_id": "43199"
  },
  {
    "review": "앱솔덕후가 될 위기에 빠졌다...!",
    "date": "14.08.13",
    "rating": "10",
    "author": "kohh****",
    "review_id": "9078187",
    "movie_id": "43199"
  },
  {
    "review": "하하하유치하다캬캬캬2점주기도아깝다",
    "date": "14.08.13",
    "rating": "1",
    "author": "cjwy****",
    "review_id": "9077850",
    "movie_id": "43199"
  },
  {
    "review": "방금 첫 개봉 보고 왔습니다. 3세대고 이미 나왔던 포켓몬 6기 극장판이었기 때문에 새롭기 보다는 옛 추억 생각나는 스토리였습니다. 다만 너무 시간이 짧아서 아쉬웠으나 지라치 선물로 만족해요! :D",
    "date": "14.08.13",
    "rating": "6",
    "author": "gora****",
    "review_id": "9076844",
    "movie_id": "43199"
  },
  {
    "review": "포켓몬스터가 또 나왔네??",
    "date": "14.08.13",
    "rating": "10",
    "author": "534k****",
    "review_id": "9076080",
    "movie_id": "43199"
  },
  {
    "review": "최대한 내용은 BW 14,15,16기보단 훨씬 낫다. 1기 , 10기 등이 더 볼만했지만...",
    "date": "14.08.13",
    "rating": "10",
    "author": "dudw****",
    "review_id": "9076078",
    "movie_id": "43199"
  }
]