[
  {
    "review": "곳곳에 유머코드 너무 좋네요:) 착한눈으로 바라본 그들...마음이 따뜻해지는 영화 추천합니당",
    "date": "15.04.02",
    "rating": "9",
    "author": "ttim****",
    "review_id": "9821190",
    "movie_id": "43190"
  },
  {
    "review": "진정성이 느껴진다 이 영화는.",
    "date": "15.03.21",
    "rating": "9",
    "author": "ha_e****",
    "review_id": "9798232",
    "movie_id": "43190"
  },
  {
    "review": "억지스럽지 않고 마냥 우울하지만은 않아서 더 좋았던영화 중간중간 나오는 노래와 영상이 너무좋다",
    "date": "15.01.25",
    "rating": "9",
    "author": "dlwh****",
    "review_id": "9634661",
    "movie_id": "43190"
  },
  {
    "review": "최고의 연기. 최고의 영화.",
    "date": "15.01.11",
    "rating": "10",
    "author": "lsh5****",
    "review_id": "9584693",
    "movie_id": "43190"
  },
  {
    "review": "기대안하고봤다가 점점 빠져들었다. 내용도 허접하지않았고 마지막 대사가 해피해서 좋았다.  가슴에 콕 와닿은 영화.",
    "date": "14.11.06",
    "rating": "10",
    "author": "twee****",
    "review_id": "9346355",
    "movie_id": "43190"
  },
  {
    "review": "브리역의 연기도, 독립적인 그들의 삶도 인상적이네요. 무엇보다 평범하다는 것이 오히려 편견일 수 있다는 것을 역으로 잘 그려낸 영화.",
    "date": "14.11.05",
    "rating": "10",
    "author": "heps****",
    "review_id": "9342995",
    "movie_id": "43190"
  },
  {
    "review": "성소수자를 완벽히 이해한 작품",
    "date": "14.10.31",
    "rating": "10",
    "author": "gkst****",
    "review_id": "9332214",
    "movie_id": "43190"
  },
  {
    "review": "억지스런 해피엔딩이 아니여서",
    "date": "14.06.07",
    "rating": "7",
    "author": "toto****",
    "review_id": "8805878",
    "movie_id": "43190"
  },
  {
    "review": "브리의 감정변화와 심정을 통해 트렌스젠더을 이해하는데 한발자국 더 가까이 갈수있게 된것 같다. 부모자식간의 따듯한 정도 감동적이였지만 토비는 잘생겼다.",
    "date": "14.05.21",
    "rating": "8",
    "author": "hanp****",
    "review_id": "8752326",
    "movie_id": "43190"
  },
  {
    "review": "같은 부모, 다른 이해.",
    "date": "13.10.10",
    "rating": "10",
    "author": "sp81****",
    "review_id": "8049728",
    "movie_id": "43190"
  },
  {
    "review": "모든 차이와 차별을 초월, 해탈의 경지... 마음이 따뜻",
    "date": "13.06.17",
    "rating": "7",
    "author": "yols****",
    "review_id": "7653159",
    "movie_id": "43190"
  },
  {
    "review": "진한 감동이 밀려오네...",
    "date": "13.03.01",
    "rating": "9",
    "author": "ykdi****",
    "review_id": "7312858",
    "movie_id": "43190"
  },
  {
    "review": "세상은 넓고 그들이 감당하기엔 너무 큰 편견",
    "date": "13.02.24",
    "rating": "9",
    "author": "c_k1****",
    "review_id": "7295581",
    "movie_id": "43190"
  },
  {
    "review": "그녀의 삶에 한줌의 햇살이 비추는 행복의 가능성",
    "date": "13.02.10",
    "rating": "10",
    "author": "jjcv****",
    "review_id": "7248040",
    "movie_id": "43190"
  },
  {
    "review": "좋은 영화",
    "date": "13.01.10",
    "rating": "10",
    "author": "nick****",
    "review_id": "7097886",
    "movie_id": "43190"
  },
  {
    "review": "와우...미국도 편견쩌는구나...",
    "date": "13.01.10",
    "rating": "10",
    "author": "kil4****",
    "review_id": "7097379",
    "movie_id": "43190"
  },
  {
    "review": "영화안에서만 괜찮은 거지..",
    "date": "12.10.29",
    "rating": "6",
    "author": "tn99****",
    "review_id": "6834671",
    "movie_id": "43190"
  },
  {
    "review": "소소하게 웃긴 장면들도 있고, 종종 보이는 주인공의 강박을 보면서 느끼는 것이 많았다",
    "date": "12.10.13",
    "rating": "10",
    "author": "uniq****",
    "review_id": "6796606",
    "movie_id": "43190"
  },
  {
    "review": "진실은 자신에게 있다지요. 그럼으로 하여 말 못할 고민들에 대해 생각할 수 있는 좋은 영화입니다. 우리가 진정 봐야 할 사람들은 실은 브리가 아닌 그녀의 주변 모든 사람들입니다. 이해하는 사람과 이해 못하는 사람. 그들의 생각과시점을 볼 수 있어요",
    "date": "12.09.12",
    "rating": "10",
    "author": "merc****",
    "review_id": "6689573",
    "movie_id": "43190"
  },
  {
    "review": "마무리가 엉성하긴 했지만 내가 가진 편견에 대해 다시금 생각해보게 해줬던 영화.",
    "date": "12.08.05",
    "rating": "8",
    "author": "wint****",
    "review_id": "6574184",
    "movie_id": "43190"
  },
  {
    "review": "감동적인 영화",
    "date": "12.07.26",
    "rating": "10",
    "author": "alem****",
    "review_id": "6538435",
    "movie_id": "43190"
  },
  {
    "review": "개인적으로 9점은 되어야 한다고 생각합니다 연기력 bb",
    "date": "12.07.10",
    "rating": "10",
    "author": "qnad****",
    "review_id": "6468679",
    "movie_id": "43190"
  },
  {
    "review": "호기심으로만 보고 넘기기엔 우리주위엔 트레스젠더가 너무 많다",
    "date": "12.06.18",
    "rating": "7",
    "author": "habb****",
    "review_id": "6400810",
    "movie_id": "43190"
  },
  {
    "review": "다르다는 것을 인정하는 전개가 좋았다",
    "date": "12.06.07",
    "rating": "9",
    "author": "tony****",
    "review_id": "6374920",
    "movie_id": "43190"
  },
  {
    "review": "내용도 재밌지만, 여주 연기가 너무 좋았음.",
    "date": "12.05.21",
    "rating": "10",
    "author": "hase****",
    "review_id": "6317770",
    "movie_id": "43190"
  },
  {
    "review": "의외로 좋네. 여주 연기가 굉장히 인상깊고 매력적이다.스토리도 괜찮고",
    "date": "11.12.25",
    "rating": "9",
    "author": "dlat****",
    "review_id": "5934133",
    "movie_id": "43190"
  },
  {
    "review": "무거운 소재와 가족이란 단어 까지 합하였지만 소소하고 덤덤히 풀어 나가는 영화",
    "date": "11.12.21",
    "rating": "10",
    "author": "soni****",
    "review_id": "5918405",
    "movie_id": "43190"
  },
  {
    "review": "다들 대단하심~ 개인적으로 보지말았어야할 영화네요. 감당키어려운 소재였음..ㅡㅡ;",
    "date": "11.10.16",
    "rating": "4",
    "author": "chsm****",
    "review_id": "5791021",
    "movie_id": "43190"
  },
  {
    "review": "좋다..",
    "date": "11.09.10",
    "rating": "7",
    "author": "1979****",
    "review_id": "5720491",
    "movie_id": "43190"
  },
  {
    "review": "거부반응이 일어날수있는 소재를 작품성으로 해소.",
    "date": "11.08.19",
    "rating": "7",
    "author": "wlfa****",
    "review_id": "5669878",
    "movie_id": "43190"
  },
  {
    "review": "연기 굿......진짜 트랜스젠더나 남자인줄 알았음; 남주도ㅋ굿ㅋ",
    "date": "11.05.02",
    "rating": "10",
    "author": "ehsa****",
    "review_id": "5402781",
    "movie_id": "43190"
  },
  {
    "review": "괜찮은 영화같아요",
    "date": "11.03.06",
    "rating": "10",
    "author": "eye0****",
    "review_id": "5297808",
    "movie_id": "43190"
  },
  {
    "review": "재밋다 ㅋㅋ",
    "date": "11.02.17",
    "rating": "8",
    "author": "qmam****",
    "review_id": "5250211",
    "movie_id": "43190"
  },
  {
    "review": "영화도 좋고 남주도 귀엽고....",
    "date": "11.02.12",
    "rating": "10",
    "author": "jsuk****",
    "review_id": "5237083",
    "movie_id": "43190"
  },
  {
    "review": "소재,연기,연출 다방면에서 잘만들어진 수작.잔잔한듯하면서두 꽤 흥미로웠음.",
    "date": "10.11.11",
    "rating": "10",
    "author": "kis5****",
    "review_id": "4952101",
    "movie_id": "43190"
  },
  {
    "review": "Felicity! 성전환자, 게이, 인디언 등 소수집단을 어루만지는 엉뚱하고 따스한 매력.",
    "date": "10.10.28",
    "rating": "9",
    "author": "hele****",
    "review_id": "4925621",
    "movie_id": "43190"
  },
  {
    "review": "시간이 지나도 여운이 그대로인 영화. 펠리시티 허프먼 만세~",
    "date": "10.10.08",
    "rating": "10",
    "author": "exhi****",
    "review_id": "4890541",
    "movie_id": "43190"
  },
  {
    "review": "지루하기가 이루 말할 데가 없음.",
    "date": "10.08.29",
    "rating": "1",
    "author": "rain****",
    "review_id": "4802761",
    "movie_id": "43190"
  },
  {
    "review": "힘들 때 문득 떠올리며 다시 꺼내보곤 하는 영화. 브리의 강인함을 배우고 싶다.",
    "date": "10.07.21",
    "rating": "10",
    "author": "tiat****",
    "review_id": "4656022",
    "movie_id": "43190"
  },
  {
    "review": "자극적인 소재? 인듯 하지만 잔잔하게 오래남는 영화..결말이 너무 좋았다는",
    "date": "10.07.03",
    "rating": "10",
    "author": "rkdm****",
    "review_id": "4609066",
    "movie_id": "43190"
  },
  {
    "review": "여주인공의 연기는 브리 그 자체였다",
    "date": "10.06.02",
    "rating": "7",
    "author": "soyb****",
    "review_id": "4539873",
    "movie_id": "43190"
  },
  {
    "review": "불쾌하지만 신선하다. 풍자도 비꼬기도 아닌 있는 그대로의 미국 비주류 바라보기",
    "date": "10.05.04",
    "rating": "8",
    "author": "inpm****",
    "review_id": "4478428",
    "movie_id": "43190"
  },
  {
    "review": "트랜스젠더의 삶과 정체성, 관계에 대한 유쾌한 소극, 하지만 너무 가벼운 느낌",
    "date": "10.03.25",
    "rating": "7",
    "author": "yosh****",
    "review_id": "4384630",
    "movie_id": "43190"
  },
  {
    "review": "마음이 따뜻해지는 영화",
    "date": "10.03.17",
    "rating": "10",
    "author": "jayu****",
    "review_id": "4363279",
    "movie_id": "43190"
  },
  {
    "review": "많은 생각을 하게 하는 작품!",
    "date": "10.01.27",
    "rating": "10",
    "author": "lemo****",
    "review_id": "4215152",
    "movie_id": "43190"
  },
  {
    "review": "펠리시티허프만...진짜 ... 완소배우",
    "date": "10.01.10",
    "rating": "10",
    "author": "sdsi****",
    "review_id": "4154952",
    "movie_id": "43190"
  },
  {
    "review": "자극적인소재지만 한결같이 따뜻하면서 가끔씩 피식 거릴 수 있는 영화 ^^",
    "date": "09.10.08",
    "rating": "10",
    "author": "gree****",
    "review_id": "3880640",
    "movie_id": "43190"
  },
  {
    "review": "재밌어요!!!!!!!!!!!!!!. 남주 잘생겼어요 ^^",
    "date": "09.09.30",
    "rating": "10",
    "author": "midn****",
    "review_id": "3862250",
    "movie_id": "43190"
  },
  {
    "review": "그녀의 중성적 매력",
    "date": "09.08.17",
    "rating": "7",
    "author": "bbq2****",
    "review_id": "3758827",
    "movie_id": "43190"
  },
  {
    "review": "울고웃고.......",
    "date": "09.08.14",
    "rating": "10",
    "author": "zkfk****",
    "review_id": "3748145",
    "movie_id": "43190"
  },
  {
    "review": "기억에 깊게 남는 영화. 자신을 찾자!",
    "date": "09.05.12",
    "rating": "8",
    "author": "godn****",
    "review_id": "3491312",
    "movie_id": "43190"
  },
  {
    "review": "너무나 따뜻한 작품.",
    "date": "09.04.24",
    "rating": "10",
    "author": "fuha****",
    "review_id": "3438793",
    "movie_id": "43190"
  },
  {
    "review": "어느 트렌스젠더의 유쾌한 정체성 극복기",
    "date": "09.02.27",
    "rating": "3",
    "author": "evil****",
    "review_id": "3337692",
    "movie_id": "43190"
  },
  {
    "review": "잘 알지도 못한채 편견을 갖고 있던 이웃들에게 미안한 맘이 들게 만든 영화",
    "date": "09.02.23",
    "rating": "10",
    "author": "oran****",
    "review_id": "3326168",
    "movie_id": "43190"
  },
  {
    "review": "내겐 너무 괜찮은 작품.",
    "date": "09.02.09",
    "rating": "10",
    "author": "fogg****",
    "review_id": "3290838",
    "movie_id": "43190"
  },
  {
    "review": "오랜만에 괜찮은 영화를 보고 난 좋은기분이란....",
    "date": "09.01.04",
    "rating": "10",
    "author": "link****",
    "review_id": "3187044",
    "movie_id": "43190"
  },
  {
    "review": "이거 반전영화내 펠리시티 허프만 검색하니 여자내.... 충격적이다.. 완전 안습..",
    "date": "08.12.31",
    "rating": "10",
    "author": "choj****",
    "review_id": "3171671",
    "movie_id": "43190"
  },
  {
    "review": "난 이렇게 여운을 남겨주는 영화가 정말 좋더라...^^",
    "date": "08.12.10",
    "rating": "10",
    "author": "vust****",
    "review_id": "3105474",
    "movie_id": "43190"
  },
  {
    "review": "싱겁지만 감칠맛나는 음식처럼....잔잔하게 스며드는 영화",
    "date": "08.09.21",
    "rating": "9",
    "author": "adns****",
    "review_id": "2962579",
    "movie_id": "43190"
  },
  {
    "review": "끝나면 미소짓게 되는 로드무비",
    "date": "08.09.15",
    "rating": "8",
    "author": "devo****",
    "review_id": "2948046",
    "movie_id": "43190"
  },
  {
    "review": "심각한 주제를 유쾌하게, 그러나 무게를 잃지 않고 부드럽게 표현한 영화",
    "date": "08.09.10",
    "rating": "9",
    "author": "jinz****",
    "review_id": "2933213",
    "movie_id": "43190"
  },
  {
    "review": "젠더영화를 조금은 따뜻한유머와 자연스러움을 담아 풀어가는 영화.",
    "date": "08.08.14",
    "rating": "8",
    "author": "iras****",
    "review_id": "2871214",
    "movie_id": "43190"
  },
  {
    "review": "억지스럽게 무조건 이해하라 강요하지도 포장하지도 않는 자연스러움.",
    "date": "08.08.12",
    "rating": "7",
    "author": "hadl****",
    "review_id": "2865278",
    "movie_id": "43190"
  },
  {
    "review": "볼만함... 목소리 듣구 허프먼인줄 알았음.. 꽤나 잘어울리는거 같다는 ㅋㅋㅋ",
    "date": "08.07.27",
    "rating": "6",
    "author": "mukd****",
    "review_id": "2809518",
    "movie_id": "43190"
  },
  {
    "review": "펠리시티허프먼이 너무 좋아진 영화 대단해..",
    "date": "08.07.19",
    "rating": "9",
    "author": "mooo****",
    "review_id": "2781959",
    "movie_id": "43190"
  },
  {
    "review": "性은 트랜스했으나..자식에 대한 애정은 변하지 않는다..^&^",
    "date": "08.07.08",
    "rating": "8",
    "author": "minu****",
    "review_id": "2748127",
    "movie_id": "43190"
  },
  {
    "review": "수업땜에 봤는데 의외로 재밌었음. 특히 여자애들 너무 좋아하더만ㅋㅋㅋ",
    "date": "08.07.06",
    "rating": "10",
    "author": "ddab****",
    "review_id": "2743103",
    "movie_id": "43190"
  },
  {
    "review": "감동은 있지만...",
    "date": "08.06.30",
    "rating": "6",
    "author": "lgsh****",
    "review_id": "2731551",
    "movie_id": "43190"
  },
  {
    "review": "멋있는 영화입니다.",
    "date": "08.06.30",
    "rating": "10",
    "author": "stud****",
    "review_id": "2731159",
    "movie_id": "43190"
  },
  {
    "review": "웃기면서도, 잔인하면서도, 따뜻한영화.",
    "date": "08.06.30",
    "rating": "8",
    "author": "yoma****",
    "review_id": "2730410",
    "movie_id": "43190"
  },
  {
    "review": "정말 최고 ㅠㅠ  정말 멋진 모자야 !",
    "date": "08.05.30",
    "rating": "10",
    "author": "sigo****",
    "review_id": "2671492",
    "movie_id": "43190"
  },
  {
    "review": "정말 너무 좋은 영화!!! 펠리시티에게 반했어요~",
    "date": "08.05.29",
    "rating": "10",
    "author": "ssav****",
    "review_id": "2669857",
    "movie_id": "43190"
  },
  {
    "review": "너무 좋은영화입니다 특히 펠리시티의 연기는 ㄷㄷㄷ",
    "date": "08.05.06",
    "rating": "10",
    "author": "7621****",
    "review_id": "2620615",
    "movie_id": "43190"
  },
  {
    "review": "생각을 조금만 바꾸면 인생은 아주 행복해질거라는..",
    "date": "08.04.18",
    "rating": "10",
    "author": "yuji****",
    "review_id": "2586404",
    "movie_id": "43190"
  },
  {
    "review": "난 스파이더맨,슈퍼맨같은 영웅블록버스터 이런 영화가 더 미국적인 영화라 생각해",
    "date": "08.04.07",
    "rating": "10",
    "author": "blue****",
    "review_id": "2565841",
    "movie_id": "43190"
  },
  {
    "review": "당신이 원하면 당신이랑 결혼할꺼에요. 그냥같이있고싶어요",
    "date": "08.03.30",
    "rating": "10",
    "author": "shin****",
    "review_id": "2550222",
    "movie_id": "43190"
  },
  {
    "review": "마이너 이야기의 사랑스러움",
    "date": "08.03.23",
    "rating": "10",
    "author": "grie****",
    "review_id": "2538658",
    "movie_id": "43190"
  },
  {
    "review": "스탠리에서 브리로, 부자에서 모자로.. 가시 난장에 완만한 아량.",
    "date": "08.03.08",
    "rating": "5",
    "author": "paci****",
    "review_id": "2508552",
    "movie_id": "43190"
  },
  {
    "review": "화려하지 않아도 몰입하게 만드는 힘",
    "date": "08.01.30",
    "rating": "9",
    "author": "heim****",
    "review_id": "2389314",
    "movie_id": "43190"
  },
  {
    "review": "Felicity 연기 잘한다 다시 봐써~",
    "date": "08.01.25",
    "rating": "8",
    "author": "0119****",
    "review_id": "2368397",
    "movie_id": "43190"
  },
  {
    "review": "바뀔수 없는 건 가족애.",
    "date": "08.01.25",
    "rating": "8",
    "author": "love****",
    "review_id": "2367861",
    "movie_id": "43190"
  },
  {
    "review": "쵝오!! 코메디인줄 알고 봤더니 로드성장무비넹^^",
    "date": "08.01.21",
    "rating": "9",
    "author": "nado****",
    "review_id": "2356074",
    "movie_id": "43190"
  },
  {
    "review": "감동과 재미..ㅠㅠ",
    "date": "08.01.08",
    "rating": "10",
    "author": "love****",
    "review_id": "2308421",
    "movie_id": "43190"
  },
  {
    "review": "성전환한 아버지와 게이 아들.. 재미있게 봤다.",
    "date": "08.01.03",
    "rating": "10",
    "author": "dbsf****",
    "review_id": "2295184",
    "movie_id": "43190"
  },
  {
    "review": "연기도좋고 스토리도 좋음",
    "date": "07.12.24",
    "rating": "10",
    "author": "saun****",
    "review_id": "2261724",
    "movie_id": "43190"
  },
  {
    "review": "6점",
    "date": "07.12.19",
    "rating": "6",
    "author": "klov****",
    "review_id": "2247197",
    "movie_id": "43190"
  },
  {
    "review": "일단 신은 없지만",
    "date": "07.12.03",
    "rating": "9",
    "author": "flam****",
    "review_id": "2204248",
    "movie_id": "43190"
  },
  {
    "review": "지금 6번째 보고 있다........ 최고b",
    "date": "07.11.18",
    "rating": "10",
    "author": "ksk2****",
    "review_id": "2161631",
    "movie_id": "43190"
  },
  {
    "review": "굿",
    "date": "07.11.13",
    "rating": "9",
    "author": "su1s****",
    "review_id": "2149250",
    "movie_id": "43190"
  },
  {
    "review": "두고두고 꺼내 봐야지.",
    "date": "07.11.06",
    "rating": "10",
    "author": "9763****",
    "review_id": "2136173",
    "movie_id": "43190"
  },
  {
    "review": "진실하기, 믿어주기, 그리고 용서하기",
    "date": "07.11.01",
    "rating": "10",
    "author": "kism****",
    "review_id": "2126882",
    "movie_id": "43190"
  },
  {
    "review": "good",
    "date": "07.10.22",
    "rating": "7",
    "author": "cles****",
    "review_id": "2105832",
    "movie_id": "43190"
  },
  {
    "review": "최고",
    "date": "07.10.20",
    "rating": "10",
    "author": "umny****",
    "review_id": "2099867",
    "movie_id": "43190"
  },
  {
    "review": "르넷의 원맨쇼에 그냥 감탄만 지를 뿐이다..",
    "date": "07.10.15",
    "rating": "9",
    "author": "cong****",
    "review_id": "2092332",
    "movie_id": "43190"
  },
  {
    "review": "두고두고 보고싶은 영화:)♥",
    "date": "07.10.14",
    "rating": "10",
    "author": "judy****",
    "review_id": "2090049",
    "movie_id": "43190"
  },
  {
    "review": "난 펠리시티가좋당,,,,",
    "date": "07.10.08",
    "rating": "9",
    "author": "yihy****",
    "review_id": "2078183",
    "movie_id": "43190"
  },
  {
    "review": "마지막이 좀 허전하지만,놀라운 유머가...",
    "date": "07.10.02",
    "rating": "8",
    "author": "drd1****",
    "review_id": "2065485",
    "movie_id": "43190"
  },
  {
    "review": "기억에 많이 남는 영화..",
    "date": "07.09.25",
    "rating": "10",
    "author": "tnst****",
    "review_id": "2048481",
    "movie_id": "43190"
  },
  {
    "review": "펠리시티호프먼...기록으로 남길만한 완벽한연기에 박수를!!!",
    "date": "07.09.10",
    "rating": "10",
    "author": "bebe****",
    "review_id": "2012343",
    "movie_id": "43190"
  },
  {
    "review": "의미있는 영화!!!",
    "date": "07.08.24",
    "rating": "10",
    "author": "ihoz****",
    "review_id": "1974471",
    "movie_id": "43190"
  }
]