[
  {
    "review": "한쪽의 입장에서 만든 편협된 영화들과 달리 이스라엘과 아랍 모두의 입장에서 설명하는 것 같아 좋았습니다. 많은 생각을 해볼 수 있게 하는 영화네요.",
    "date": "15.08.16",
    "rating": "8",
    "author": "odsm****",
    "review_id": "10238728",
    "movie_id": "43209"
  },
  {
    "review": "스필버그가 이런 영화는 재미없어야 한다고 재미없게 연출을 했다는데도 이상하게도 재밌다는게 유일한 문제(?).",
    "date": "15.08.14",
    "rating": "10",
    "author": "joon****",
    "review_id": "10227885",
    "movie_id": "43209"
  },
  {
    "review": "갈등과 복수는 연쇄처럼 돌고 도는 것임을 느끼게 해준 작품. 작품 결말 부분에 저멀리 보여지는 쌍둥이 빌딩의 모습에서 안타까운 미래를 암시한다.",
    "date": "15.07.30",
    "rating": "8",
    "author": "leah****",
    "review_id": "10159545",
    "movie_id": "43209"
  },
  {
    "review": "평은 10점짜리로 쓰고 평점은 8점미만으로 매긴 인간들은 부화뇌동이라 봐야지",
    "date": "15.07.15",
    "rating": "9",
    "author": "yeda****",
    "review_id": "10107359",
    "movie_id": "43209"
  },
  {
    "review": "뛰어난 연출역을 보여 주었다.",
    "date": "15.06.15",
    "rating": "10",
    "author": "marc****",
    "review_id": "10003179",
    "movie_id": "43209"
  },
  {
    "review": "바이에른 뮌헨 다이스키",
    "date": "15.06.04",
    "rating": "7",
    "author": "lees****",
    "review_id": "9974020",
    "movie_id": "43209"
  },
  {
    "review": "현실적인 첩보영화 액션도 스토리도 군더더기없고  이게왜7점짜리 평점인지 모르겠음..",
    "date": "15.05.20",
    "rating": "9",
    "author": "rlaw****",
    "review_id": "9932957",
    "movie_id": "43209"
  },
  {
    "review": "스필버그의  폭력의 악순환에 대한 깊은성찰  난 이영화가 맘에든다  만점이다",
    "date": "15.05.19",
    "rating": "10",
    "author": "1326****",
    "review_id": "9931092",
    "movie_id": "43209"
  },
  {
    "review": "수천년간 이어져온 폭력의 악순환. 수천년이 더 지나야 끝이날듯.",
    "date": "15.05.05",
    "rating": "7",
    "author": "sipj****",
    "review_id": "9896669",
    "movie_id": "43209"
  },
  {
    "review": "폭력의 연쇄반응...영화 개봉 후 9년이 지났지만  전혀 해결되지 못하고 있는 분쟁.",
    "date": "15.03.30",
    "rating": "8",
    "author": "ayhh****",
    "review_id": "9816427",
    "movie_id": "43209"
  },
  {
    "review": "3시간에 가까운 러닝타임이 짧게 느껴질 정도로 재밌다.",
    "date": "15.03.29",
    "rating": "9",
    "author": "kimg****",
    "review_id": "9814087",
    "movie_id": "43209"
  },
  {
    "review": "만약 무식하다면, 그리고 생각같은 걸 하는게 싫은 사람이라면 이 영화를 보지 않길 바란다. 저기 명량이나 보시길..",
    "date": "15.03.20",
    "rating": "10",
    "author": "swee****",
    "review_id": "9794923",
    "movie_id": "43209"
  },
  {
    "review": "국가, 이념이 있기 전에 인간이 있다.",
    "date": "15.03.07",
    "rating": "8",
    "author": "blue****",
    "review_id": "9764303",
    "movie_id": "43209"
  },
  {
    "review": "지금도 이어지는 피의 복수가해자가 되어가는 이스라엘 중에도 이 잔인함을부정하는 사람이 있지 않을까",
    "date": "15.03.05",
    "rating": "10",
    "author": "kman****",
    "review_id": "9758831",
    "movie_id": "43209"
  },
  {
    "review": "이 영화가 7점짜리라고?",
    "date": "15.03.05",
    "rating": "9",
    "author": "beat****",
    "review_id": "9757233",
    "movie_id": "43209"
  },
  {
    "review": "위선과 가식으로 점철된 쓰레기 영화. 내가 널 죽이는데 얼마나 힘들었는지 아냐고 묻는 위선. 그들이 무슨 감정을 느끼건 상관이 없다. 필요한건 사과이지 알량한 반성이 아니다. 철저하게 가해자의 입장에서 만든 영화. 유대인의 독선이 잘 녹아있다.",
    "date": "15.03.03",
    "rating": "2",
    "author": "solz****",
    "review_id": "9755084",
    "movie_id": "43209"
  },
  {
    "review": "스티븐 스필버그의 정수. 정치성과 사회적 이슈도 이렇게 노련하게 다루는구나.",
    "date": "15.03.01",
    "rating": "8",
    "author": "tear****",
    "review_id": "9749857",
    "movie_id": "43209"
  },
  {
    "review": "멋지네요 멋진영화입니다 잘봤어요",
    "date": "15.02.25",
    "rating": "9",
    "author": "2_dp****",
    "review_id": "9736034",
    "movie_id": "43209"
  },
  {
    "review": "긴 시간이 지루하지 않을 정도로 몰입은 되지만 실화를 배경으로 해서 그런지 액션보다는 생각할 거리를 던져준 영화다. 복수만이 정답은 아니라는 메시지가 전해져 왔다.",
    "date": "15.02.23",
    "rating": "7",
    "author": "cksd****",
    "review_id": "9733374",
    "movie_id": "43209"
  },
  {
    "review": "노잼.... 10자....",
    "date": "15.02.20",
    "rating": "1",
    "author": "fcba****",
    "review_id": "9720301",
    "movie_id": "43209"
  },
  {
    "review": "굳 너무 재미 이 디러러러",
    "date": "15.02.04",
    "rating": "10",
    "author": "qkrd****",
    "review_id": "9666905",
    "movie_id": "43209"
  },
  {
    "review": "스필버그감독 본인이 유대인이라서 그런지 영화속에서도이스라엘을 까야하나 말아야하나 고뇌하는 느낌을 받았다그렇다고 팔레스타인을 막 옹호해주는것도 아니고..대사로 옹호하는장면이 있기는하지만..그럼에도 영화는긴장감있게 흘러간다 재밌게봤다",
    "date": "15.01.22",
    "rating": "9",
    "author": "ji00****",
    "review_id": "9622271",
    "movie_id": "43209"
  },
  {
    "review": "스필버그가 내놓은 마지막 수작",
    "date": "15.01.18",
    "rating": "7",
    "author": "nba3****",
    "review_id": "9607590",
    "movie_id": "43209"
  },
  {
    "review": "복수는 복수를 부르고 계속되는 살인은 살인의 죄책감을 무디게 만든다. 남에게 끼친 피해는 자기에게 돌아 온다는걸 잘 느끼게 해준다. 이스라엘이 피해자 코스프레하는 영화는 아닌것 같아 좋았고 여러가지 느끼게 해준거같다. 이스라엘에서 일제의 냄새가 난다",
    "date": "14.12.10",
    "rating": "8",
    "author": "nura****",
    "review_id": "9462189",
    "movie_id": "43209"
  },
  {
    "review": "평점이 없어지는이유는 뭘까?",
    "date": "14.12.04",
    "rating": "7",
    "author": "2328****",
    "review_id": "9445878",
    "movie_id": "43209"
  },
  {
    "review": "늙어버린 뇌세포는 더 이상 흥행돌풍을 일으키지 않는다",
    "date": "14.11.27",
    "rating": "1",
    "author": "jsga****",
    "review_id": "9425737",
    "movie_id": "43209"
  },
  {
    "review": "현재도 피가 피를 부르는 악순환을 하고 있는 이스라엘과 팔레스타인. 결국은 에릭 바나처럼 피폐해 질 수 밖에 없을 것을.",
    "date": "14.10.12",
    "rating": "7",
    "author": "cont****",
    "review_id": "9288690",
    "movie_id": "43209"
  },
  {
    "review": "와 평점 왜 이따구냐 이런 명작을 지금 보다니... 대박",
    "date": "14.09.28",
    "rating": "9",
    "author": "mrls****",
    "review_id": "9246411",
    "movie_id": "43209"
  },
  {
    "review": "총칼로 힘없는 팔레스타인들 몰아내고 땅 차지하는 악랄한 유태인들.. 기독교 믿지만 유태인들은 싫다..",
    "date": "14.09.19",
    "rating": "6",
    "author": "duda****",
    "review_id": "9226537",
    "movie_id": "43209"
  },
  {
    "review": "스필버그가 이정도로 중립적인 시각을 통해 '뮌헨사태'를 그려낼 줄은 예상하지 못했다. 시대와 국가에 상관없이 우리는 '복수는 복수를 낳는다'는 진리를 모두 알고 있다. 하지만 집단간 피의 악순환이 얼마나 개인을 피폐하게 만드는지 볼 수 있다",
    "date": "14.08.26",
    "rating": "8",
    "author": "dltk****",
    "review_id": "9135416",
    "movie_id": "43209"
  },
  {
    "review": "작품성있네요. 진지한 성찰이 가능한 작품.",
    "date": "14.08.09",
    "rating": "10",
    "author": "annk****",
    "review_id": "9053036",
    "movie_id": "43209"
  },
  {
    "review": "전쟁이란 명분아래 치루어진 살인의 행동들을 너무도 생생히 그린 작품. 보는내내 먹먹했다는...",
    "date": "14.07.28",
    "rating": "9",
    "author": "69dl****",
    "review_id": "8972647",
    "movie_id": "43209"
  },
  {
    "review": "당시 극장에서 봤을때 역겨웠다. 복수의 악순환? 잘포장된 변명 아닌가? 힘없는 자의 저항이 테러밖에 더있냐? 그런 테러에 대해 복수라는 거짓논리로 합리화시켜 이기적인 침략에 정당성을 부여하며 그것을 근원적인 비극이고 숙명인양 변명하고있다. 공정한척은.",
    "date": "14.07.26",
    "rating": "4",
    "author": "okst****",
    "review_id": "8963359",
    "movie_id": "43209"
  },
  {
    "review": "163분이나 되는 러닝 타임이 가끔 지루하고 버거울 때도 있다. 하지만 무자비한 테러, 폭력의 순환 등 진지하게 고민해 볼 주제들은 인상적으로 다가온다.",
    "date": "14.07.26",
    "rating": "7",
    "author": "zxc1****",
    "review_id": "8960071",
    "movie_id": "43209"
  },
  {
    "review": "중학생때 보고 충격을 받앗던 영화. 지금도 풀리지안고잇는 팔레스타인과 이스라엘의사람들 사이에 악순환의 고리를 엿볼수잇던 슬픈영화",
    "date": "14.07.20",
    "rating": "10",
    "author": "whgu****",
    "review_id": "8935746",
    "movie_id": "43209"
  },
  {
    "review": "소음기 속 세상이란 이런 것.조용히 묻힌 총성 속  세상-알려지지 않은 세상, 테러, 피, 아무것도 그리고 HOME. 복수, 복수의 복수, 테러, 테러의 테러. 화해, 평화, 가족 그리고 집.",
    "date": "14.07.20",
    "rating": "8",
    "author": "dan_****",
    "review_id": "8933049",
    "movie_id": "43209"
  },
  {
    "review": "돌아갈 집이 없다...그들에게 국가란 무엇인지 잘 알게 되었다",
    "date": "14.06.24",
    "rating": "9",
    "author": "okok****",
    "review_id": "8851218",
    "movie_id": "43209"
  },
  {
    "review": "다시 돌아보며 생각해보고 역사자료 OO보지만 좋은 영화였다. 나름 교훈도 있었고...",
    "date": "14.05.23",
    "rating": "9",
    "author": "best****",
    "review_id": "8758387",
    "movie_id": "43209"
  },
  {
    "review": "ㅈㄴ 재밌었음 ㅇㅇ 마지막에 같이 밥먹자는데 거절한거는 인간성의 상실을 잘 보여주는 것 같음ㅇㅇ",
    "date": "14.05.17",
    "rating": "10",
    "author": "barl****",
    "review_id": "8739133",
    "movie_id": "43209"
  },
  {
    "review": "유대인 스필버그가 내놓을 수 있는 최대한도의 성찰. 폭력의 연쇄와 마모되어가는 인간들.",
    "date": "14.05.07",
    "rating": "10",
    "author": "azur****",
    "review_id": "8713096",
    "movie_id": "43209"
  },
  {
    "review": "7점대 영화는 아니에요 못 보신 분들은 한번 보세요",
    "date": "14.04.25",
    "rating": "9",
    "author": "king****",
    "review_id": "8672355",
    "movie_id": "43209"
  },
  {
    "review": "악몽이네요..좋은일이든나쁜일이든 사람죽이는것은..",
    "date": "14.04.09",
    "rating": "10",
    "author": "seon****",
    "review_id": "8637961",
    "movie_id": "43209"
  },
  {
    "review": "죤내 어지러움;; .,.,.,.",
    "date": "14.03.16",
    "rating": "6",
    "author": "wjaw****",
    "review_id": "8581266",
    "movie_id": "43209"
  },
  {
    "review": "시작 1분만에 집중할 수밖에 없었다",
    "date": "14.03.01",
    "rating": "10",
    "author": "gogo****",
    "review_id": "8548266",
    "movie_id": "43209"
  },
  {
    "review": "끝도 없이 이어지는 복수.영화 마지막 장면에서 멀리 보이는 세계무역센터는 영화를보고난 뒤에도 찝찝함을 남긴다.",
    "date": "14.02.04",
    "rating": "10",
    "author": "hsw7****",
    "review_id": "8475642",
    "movie_id": "43209"
  },
  {
    "review": "이런 영화는 심적으로 힘들다...",
    "date": "14.02.02",
    "rating": "7",
    "author": "come****",
    "review_id": "8464323",
    "movie_id": "43209"
  },
  {
    "review": "지루한 영화네요.  뮌헨",
    "date": "13.12.30",
    "rating": "5",
    "author": "kbc1****",
    "review_id": "8325112",
    "movie_id": "43209"
  },
  {
    "review": "편점 상향을 위한 점수. 복수는 복수를 부른다.. 죄를 지으면 안된다 왜? 짓기 전엔 모르지만 감수할 부분이 상상을 초월하며 자신 뿐만이 아니라 내 가족과 지인들에게도 피해가 간다. 팬심으로 다니엘 비중이 좀 작아 아쉽네요",
    "date": "13.12.03",
    "rating": "10",
    "author": "pkh0****",
    "review_id": "8187387",
    "movie_id": "43209"
  },
  {
    "review": "뭘 말하려는 건진 알겠는데 좀 진부하고 예측가능함. 에릭 바나 개잘생김.",
    "date": "13.12.03",
    "rating": "6",
    "author": "zzan****",
    "review_id": "8186334",
    "movie_id": "43209"
  },
  {
    "review": "지독하게 숨막히고 지독하게 집중하게만드는...",
    "date": "13.11.29",
    "rating": "10",
    "author": "djki****",
    "review_id": "8175947",
    "movie_id": "43209"
  },
  {
    "review": "재밌게 잘 보았지만 최고는 아닌듯",
    "date": "13.11.16",
    "rating": "7",
    "author": "jin1****",
    "review_id": "8145509",
    "movie_id": "43209"
  },
  {
    "review": "시간가는줄 모르고 봤네요. KGB요원은 옷장에서 잔다는 농담이 주인공 자신이 옷장에서 자는 처지에 놓인 모습이 아직도 기억에 남네요. 생각을 많이하게 하는 영화입니다.",
    "date": "13.10.18",
    "rating": "9",
    "author": "bbb3****",
    "review_id": "8068883",
    "movie_id": "43209"
  },
  {
    "review": "말이필요함?최고의영화",
    "date": "13.10.18",
    "rating": "10",
    "author": "moto****",
    "review_id": "8067482",
    "movie_id": "43209"
  },
  {
    "review": "영화는 재미있지만 이스라엘의 보복은 별로다",
    "date": "13.09.02",
    "rating": "8",
    "author": "cles****",
    "review_id": "7943142",
    "movie_id": "43209"
  },
  {
    "review": "반복되는 역사 끊을 수없는 악연 헛된 죽음들",
    "date": "13.08.04",
    "rating": "10",
    "author": "kang****",
    "review_id": "7838840",
    "movie_id": "43209"
  },
  {
    "review": "복수는 복수를 낳고... 세상은 돌고 돈다.",
    "date": "13.07.27",
    "rating": "9",
    "author": "virt****",
    "review_id": "7791346",
    "movie_id": "43209"
  },
  {
    "review": "첩보세계와 정치테러에 대한 냉소만 남을 뿐..",
    "date": "13.07.26",
    "rating": "7",
    "author": "pont****",
    "review_id": "7785702",
    "movie_id": "43209"
  },
  {
    "review": "결국 절대악도 절대선도 없으며 생존을 위한 서로간의 투쟁만이 있을 뿐이며 생존이 아니면 죽음이기에 멈출 수 없는 순환의 고리는 핏빛속에도 달린다",
    "date": "13.07.08",
    "rating": "9",
    "author": "bloo****",
    "review_id": "7717719",
    "movie_id": "43209"
  },
  {
    "review": "폭력의  악순환  고리를  말하다",
    "date": "13.07.08",
    "rating": "9",
    "author": "jky0****",
    "review_id": "7716217",
    "movie_id": "43209"
  },
  {
    "review": "엄청잼있게 봤는데..;;;돌아갈 집이 없다는 대사는..;;;일제시대를 겪었던 우리나라정서에도 맞을듯..;;;",
    "date": "13.06.26",
    "rating": "8",
    "author": "do11****",
    "review_id": "7680724",
    "movie_id": "43209"
  },
  {
    "review": "긴장과 스릴이 빠진 J-특공대",
    "date": "13.05.16",
    "rating": "4",
    "author": "expr****",
    "review_id": "7530254",
    "movie_id": "43209"
  },
  {
    "review": "피는피를부르지만  가만히잇으면 호구",
    "date": "13.05.09",
    "rating": "10",
    "author": "hpwh****",
    "review_id": "7516917",
    "movie_id": "43209"
  },
  {
    "review": "자신의 민족의 죄악에 대한 현실적인 비판이지만, 자칫 전후 사정을 모르고 보면 오해할 수 있는 영화, 피는 피를 부를 뿐이라는 자명한 진리로 부터, 남북의 문제의 실마리를 다시 생각해 보게 되는 계기였다.",
    "date": "13.05.05",
    "rating": "9",
    "author": "lect****",
    "review_id": "7510439",
    "movie_id": "43209"
  },
  {
    "review": "9점.",
    "date": "13.03.30",
    "rating": "9",
    "author": "jjon****",
    "review_id": "7421284",
    "movie_id": "43209"
  },
  {
    "review": "굉장히 마음졸이며 봤던 영화.. 보고나서 찝찝한 기분을 떨쳐버리기 어려웠지만 영화가 주는 메시지는 좋았어요",
    "date": "13.03.23",
    "rating": "9",
    "author": "hero****",
    "review_id": "7401500",
    "movie_id": "43209"
  },
  {
    "review": "네이버 평점이 왜이리 낮은지 이해 할 수 없는 영화. 세련된 영상미와 사실감넘치는 긴장감에 2시간이 넘는 런닝타임이 지루할 틈 이 없었다.",
    "date": "13.02.26",
    "rating": "10",
    "author": "dugh****",
    "review_id": "7304799",
    "movie_id": "43209"
  },
  {
    "review": "에릭바나의 연기가 인상적",
    "date": "13.02.24",
    "rating": "8",
    "author": "lsh5****",
    "review_id": "7296676",
    "movie_id": "43209"
  },
  {
    "review": "역사속에 영원히 있을 뮌헨의 총성",
    "date": "13.02.22",
    "rating": "7",
    "author": "airk****",
    "review_id": "7290084",
    "movie_id": "43209"
  },
  {
    "review": "명작.",
    "date": "13.02.15",
    "rating": "9",
    "author": "rjsw****",
    "review_id": "7266796",
    "movie_id": "43209"
  },
  {
    "review": "인간의 복수심은 어디 까지 일까?",
    "date": "13.01.27",
    "rating": "8",
    "author": "cowv****",
    "review_id": "7182674",
    "movie_id": "43209"
  },
  {
    "review": "조용하면서 강한 스케일이란 무엇인지 보여주는 영화 거기엔 독보적이고 거대한 거장이 함께하며 만들어낸 진지하고도 장엄한 첩보 스릴러",
    "date": "13.01.26",
    "rating": "8",
    "author": "resp****",
    "review_id": "7175644",
    "movie_id": "43209"
  },
  {
    "review": "70년대 첩보스릴러의 분위기를  흥미롭게 재현하는군",
    "date": "13.01.15",
    "rating": "7",
    "author": "guev****",
    "review_id": "7118023",
    "movie_id": "43209"
  },
  {
    "review": "완벽하진 않지만 괜찮은 영화다",
    "date": "12.12.09",
    "rating": "9",
    "author": "hynw****",
    "review_id": "6986392",
    "movie_id": "43209"
  },
  {
    "review": "그저그러네",
    "date": "12.09.27",
    "rating": "5",
    "author": "dbzh****",
    "review_id": "6737603",
    "movie_id": "43209"
  },
  {
    "review": "배경지식없이는 묻힐 수도 있는 그런 영화 감정이입은 잘 됬던 것 같다.... 근데 이게 왜 15세여!!",
    "date": "12.08.29",
    "rating": "8",
    "author": "f4u4****",
    "review_id": "6654039",
    "movie_id": "43209"
  },
  {
    "review": "복수의 원죄의식..어쨌거나 그닥 뒷심이 강한 영화는 아닌 것 같다.",
    "date": "12.08.17",
    "rating": "7",
    "author": "gksq****",
    "review_id": "6619225",
    "movie_id": "43209"
  },
  {
    "review": "마지막 쌍둥이 빌딩의 모습이 모든 것을 말해주는 것 같다.",
    "date": "12.07.15",
    "rating": "7",
    "author": "kusa****",
    "review_id": "6481432",
    "movie_id": "43209"
  },
  {
    "review": "좋은영화",
    "date": "12.06.25",
    "rating": "7",
    "author": "audr****",
    "review_id": "6415485",
    "movie_id": "43209"
  },
  {
    "review": "아무도 다루지 않았던 이스라엘과 팔레스타인의 분쟁을 소재로 한 좋은 영화 입니다.",
    "date": "12.05.17",
    "rating": "8",
    "author": "obri****",
    "review_id": "6306330",
    "movie_id": "43209"
  },
  {
    "review": "모든 유대인이 같은 생각을 하는건 아니라서 다행이다",
    "date": "12.05.10",
    "rating": "10",
    "author": "wjdc****",
    "review_id": "6286044",
    "movie_id": "43209"
  },
  {
    "review": "보는내내 긴장하면서 봤어요 주인공 패션죽임",
    "date": "12.05.05",
    "rating": "10",
    "author": "sinj****",
    "review_id": "6272754",
    "movie_id": "43209"
  },
  {
    "review": "그냥 그저 그런영화. 볼만하다.",
    "date": "12.03.04",
    "rating": "1",
    "author": "1020****",
    "review_id": "6122554",
    "movie_id": "43209"
  },
  {
    "review": "재미는 없었다",
    "date": "12.02.23",
    "rating": "10",
    "author": "syog****",
    "review_id": "6097416",
    "movie_id": "43209"
  },
  {
    "review": "암만 건강을 생각해도 소금기가 전혀 없는 음식은 물려서 못먹는 법.",
    "date": "12.02.21",
    "rating": "5",
    "author": "claz****",
    "review_id": "6093828",
    "movie_id": "43209"
  },
  {
    "review": "유일하게 보다 짜증나서 눈감고 잔 영화. 기분 나쁜 영화였다, 짐승들같은영화",
    "date": "12.02.16",
    "rating": "1",
    "author": "srwk****",
    "review_id": "6079398",
    "movie_id": "43209"
  },
  {
    "review": "무엇보다 재미가 없다",
    "date": "12.02.14",
    "rating": "6",
    "author": "kth3****",
    "review_id": "6074848",
    "movie_id": "43209"
  },
  {
    "review": "탄탄한 스토리와 실화를 배경으로한 영화 하지만 한국인에겐 생소한 대작",
    "date": "12.02.12",
    "rating": "8",
    "author": "xlas****",
    "review_id": "6069203",
    "movie_id": "43209"
  },
  {
    "review": "스필버그 이미지 같지 않지만 소재, 긴장 등 대가의 작품이기는 함",
    "date": "12.02.09",
    "rating": "8",
    "author": "nkot****",
    "review_id": "6063763",
    "movie_id": "43209"
  },
  {
    "review": "아래의 잡종이라는 말이 적당한듯 그래도 볼만한",
    "date": "12.02.08",
    "rating": "7",
    "author": "fren****",
    "review_id": "6060357",
    "movie_id": "43209"
  },
  {
    "review": "유대인이 만들었지만 유대인 입장에서만 그리지 않은 것 같아 다행이다",
    "date": "12.01.29",
    "rating": "6",
    "author": "nala****",
    "review_id": "6032157",
    "movie_id": "43209"
  },
  {
    "review": "증오와 복수의 악순환에 대한 유태인 스필버그의 깊은고뇌. 결국 끝은 있는것인가?",
    "date": "12.01.19",
    "rating": "10",
    "author": "xogn****",
    "review_id": "5999691",
    "movie_id": "43209"
  },
  {
    "review": "잘난 유대인들 칼라똥이나 싸세요..",
    "date": "12.01.16",
    "rating": "1",
    "author": "itsm****",
    "review_id": "5989006",
    "movie_id": "43209"
  },
  {
    "review": "내용은 괜찮은데... 먼가 부족함...",
    "date": "11.11.23",
    "rating": "5",
    "author": "ilho****",
    "review_id": "5866872",
    "movie_id": "43209"
  },
  {
    "review": "의 가장 큰 힘은 스크린 너머로 울려오는 진정성이다",
    "date": "11.11.17",
    "rating": "8",
    "author": "skyb****",
    "review_id": "5854718",
    "movie_id": "43209"
  },
  {
    "review": "역사, 작품성, 고뇌 여러가지에 신경쓰다보니 잡종이 됐네",
    "date": "11.10.23",
    "rating": "2",
    "author": "ccpp****",
    "review_id": "5804982",
    "movie_id": "43209"
  },
  {
    "review": "긴박감과 스릴없는 첩보영화",
    "date": "11.10.23",
    "rating": "2",
    "author": "rame****",
    "review_id": "5804981",
    "movie_id": "43209"
  },
  {
    "review": "클라이막스가 없는 것 같다",
    "date": "11.10.23",
    "rating": "2",
    "author": "kpcc****",
    "review_id": "5804979",
    "movie_id": "43209"
  },
  {
    "review": "이렇게 재밌는영화가 왜케 평점이 이모양?? ㅋ",
    "date": "11.10.09",
    "rating": "10",
    "author": "hkn2****",
    "review_id": "5780057",
    "movie_id": "43209"
  },
  {
    "review": "역시 스필버그는 연출의 귀재다. 유태인의 또다른 에고 트립",
    "date": "11.10.06",
    "rating": "7",
    "author": "reno****",
    "review_id": "5773262",
    "movie_id": "43209"
  },
  {
    "review": "테러리즘이 사라지지 않는 이유",
    "date": "11.09.05",
    "rating": "7",
    "author": "rd72****",
    "review_id": "5710272",
    "movie_id": "43209"
  }
]