[
  {
    "review": "이도저도 아닌내용. 다만 샤를리즈 테론의 외모만 빛을 발한다.",
    "date": "15.08.21",
    "rating": "8",
    "author": "heim****",
    "review_id": "10256684",
    "movie_id": "43205"
  },
  {
    "review": "샤를리즈 테론의 섹시미와 화려한 액션을 볼 수 있다.",
    "date": "15.05.04",
    "rating": "10",
    "author": "bsm9****",
    "review_id": "9894693",
    "movie_id": "43205"
  },
  {
    "review": "여주인공 개 쩌네 참말로마맛있긋데이 ㅎ",
    "date": "15.03.28",
    "rating": "9",
    "author": "yyho****",
    "review_id": "9811136",
    "movie_id": "43205"
  },
  {
    "review": "그냥 대충 액션연기 펼치다 마무리하는 영화.",
    "date": "15.03.14",
    "rating": "3",
    "author": "kxvt****",
    "review_id": "9780558",
    "movie_id": "43205"
  },
  {
    "review": "차라리 원작 애니를 보셈 진짜 샤를리즈 테론 이뻐서 4점 준다 스토리로 보나 연출로 보나 2류 영화.ㅜ그냥 틀어놓고 딴짓하면서 여주인공 나올때만 봐도 충분함.",
    "date": "15.03.07",
    "rating": "4",
    "author": "crit****",
    "review_id": "9762291",
    "movie_id": "43205"
  },
  {
    "review": "2006년도영화라10점준다2013년정도의b급영화인줄;",
    "date": "15.03.04",
    "rating": "10",
    "author": "ehdb****",
    "review_id": "9756449",
    "movie_id": "43205"
  },
  {
    "review": "몸매 감상하다보면 허술한 이야기 쯤은 용서가...",
    "date": "15.02.16",
    "rating": "7",
    "author": "tear****",
    "review_id": "9700921",
    "movie_id": "43205"
  },
  {
    "review": "굿입니다볼만합니다  상상력짱",
    "date": "15.02.05",
    "rating": "10",
    "author": "tomo****",
    "review_id": "9670968",
    "movie_id": "43205"
  },
  {
    "review": "샤를리즈 테론의 섹시한 몸매로 펼치는 액션만으로도 볼만하다!!!",
    "date": "15.01.03",
    "rating": "7",
    "author": "tran****",
    "review_id": "9554759",
    "movie_id": "43205"
  },
  {
    "review": "여주인공만 보인다는건 이런것, 좋게 말하자면",
    "date": "14.12.09",
    "rating": "5",
    "author": "thdq****",
    "review_id": "9459695",
    "movie_id": "43205"
  },
  {
    "review": "샤를리즈테론의 극강의 미모와 몸매 감상에 감사하며",
    "date": "14.11.09",
    "rating": "6",
    "author": "ujum****",
    "review_id": "9362682",
    "movie_id": "43205"
  },
  {
    "review": "내용 편집 액션 주인공 다 매력적이야.",
    "date": "14.11.09",
    "rating": "10",
    "author": "juny****",
    "review_id": "9362301",
    "movie_id": "43205"
  },
  {
    "review": "평점이 낮은 이유를 알 수 가없네..  SF 영화중 아주 짜임새있고 퀄리티있는 영화라고 봅니다 저는",
    "date": "14.09.23",
    "rating": "10",
    "author": "kdy0****",
    "review_id": "9236460",
    "movie_id": "43205"
  },
  {
    "review": "어휴...92분 짜리를 이렇게 재미없게 만들 수도 있구나ㅋㅋㅋㅋ그나마 마지막 멘트는 건졌네",
    "date": "14.06.07",
    "rating": "6",
    "author": "chek****",
    "review_id": "8809697",
    "movie_id": "43205"
  },
  {
    "review": "볼만한영화볼만한영화",
    "date": "14.05.31",
    "rating": "7",
    "author": "2328****",
    "review_id": "8779833",
    "movie_id": "43205"
  },
  {
    "review": "역시 여자는 단발이 예뻐....",
    "date": "14.04.27",
    "rating": "10",
    "author": "vedd****",
    "review_id": "8675926",
    "movie_id": "43205"
  },
  {
    "review": "뭘 대단한 메세지를 기대하고 보지 마시고 그저  즐긴다 생각하시면 아주 만족스러운 영화네요...재미있게 잘 봤습니다.",
    "date": "13.11.11",
    "rating": "10",
    "author": "khse****",
    "review_id": "8132239",
    "movie_id": "43205"
  },
  {
    "review": "여류 코믹스출신 주인공인 영화는 내용과는 상관없이 어느정도의 폄하받는 한계가 있긴 하다. 하지만 이영화는 반대인듯 하다. 이전 영화였던 몬스터의 그 샬리즈가 진정 맞는것인가 할정도로 이영화의 여주인공의 비중은 대단하다. 샬리즈는 남고 영화는 죽었다.",
    "date": "13.08.11",
    "rating": "7",
    "author": "road****",
    "review_id": "7867506",
    "movie_id": "43205"
  },
  {
    "review": "여주인공의 매력은 쩌는 영화",
    "date": "13.07.21",
    "rating": "7",
    "author": "meta****",
    "review_id": "7770468",
    "movie_id": "43205"
  },
  {
    "review": "Elektra, Ultraviolet, Aeon  Flux ...비슷한 시기 3인3색 SF 여전사 중에 젤 낫다",
    "date": "13.07.05",
    "rating": "9",
    "author": "hybr****",
    "review_id": "7706220",
    "movie_id": "43205"
  },
  {
    "review": "시간때우기용으로 좋음. 액션하나만은 볼만함",
    "date": "13.06.15",
    "rating": "7",
    "author": "adiv****",
    "review_id": "7642970",
    "movie_id": "43205"
  },
  {
    "review": "샤를리즈테론이랑 사귈래",
    "date": "13.04.21",
    "rating": "10",
    "author": "haid****",
    "review_id": "7472719",
    "movie_id": "43205"
  },
  {
    "review": "샤를리즈 테론의 몸매가 죽이는데",
    "date": "13.04.20",
    "rating": "10",
    "author": "mey4****",
    "review_id": "7470580",
    "movie_id": "43205"
  },
  {
    "review": "흥미진진한 내용, 강력한 액션 샤를리즈 테론의 냉혹한 매력에 빠져들었다!!",
    "date": "13.02.22",
    "rating": "10",
    "author": "hyuk****",
    "review_id": "7288877",
    "movie_id": "43205"
  },
  {
    "review": "자유에 대한 갈망은 인간의 원초적 본능이다. 그것을 한 여자를 통해 구현해낼려니 강력한 힘을 갖춰야하는건 당연지사...섹시여전사 샤를리스테론의 액션연기가 볼만하다.",
    "date": "13.02.08",
    "rating": "9",
    "author": "bajj****",
    "review_id": "7236777",
    "movie_id": "43205"
  },
  {
    "review": "흥미로운 소재, 샤를리즈가 정말 인상적이었다.",
    "date": "13.01.19",
    "rating": "9",
    "author": "6gra****",
    "review_id": "7133096",
    "movie_id": "43205"
  },
  {
    "review": "연기잘하는 배우 테른의 색다른 도전.. 그녀에게 상영내내 매료되었다.",
    "date": "12.12.18",
    "rating": "10",
    "author": "ict2****",
    "review_id": "7015212",
    "movie_id": "43205"
  },
  {
    "review": "남자가 이 영화를 보면 이상형이 바뀐다. 거대한 샤를리즈 테론의 육감적 매력에 빠져 키 작고 다리 짧은 여자와는 헤어지게 된다. 영화 자체도 스토리도 좋고 환상적인 장면들이 많다. SF매니아에겐 필수.",
    "date": "12.10.29",
    "rating": "9",
    "author": "ktjm****",
    "review_id": "6833751",
    "movie_id": "43205"
  },
  {
    "review": "긴장감없고 소재에 비해 심심하며 미래적모습과 여주인공의 매력만 살린 영화.",
    "date": "12.10.25",
    "rating": "1",
    "author": "bj_w****",
    "review_id": "6825041",
    "movie_id": "43205"
  },
  {
    "review": "매트릭스 같은 쓰레기 영화도 박스오피스 1등햇는데, 이정도면 솔직히 감지덕지 아닌가? 스토리 없다는 분들은 원작비교해서?",
    "date": "12.09.27",
    "rating": "10",
    "author": "skin****",
    "review_id": "6736587",
    "movie_id": "43205"
  },
  {
    "review": "평점 낮은 이유가 뭐지?,.,,테론의 새로운 도전 보기 좋았음.. 영화 재밌어요 평점 7.5는 되는 영환데.. 흠..",
    "date": "12.09.17",
    "rating": "10",
    "author": "nam0****",
    "review_id": "6706776",
    "movie_id": "43205"
  },
  {
    "review": "스토리 좋고 메시지도 좋고 다만 미래의상이 너무 촌스러 -0.5",
    "date": "12.08.16",
    "rating": "9",
    "author": "my49****",
    "review_id": "6614543",
    "movie_id": "43205"
  },
  {
    "review": "스토리는 괜찮은데 연출이 별로다. 감독능력이 더 좋았으면 괜찮았을 영화인데ㅋ",
    "date": "12.07.07",
    "rating": "7",
    "author": "glor****",
    "review_id": "6456607",
    "movie_id": "43205"
  },
  {
    "review": "평점이 너무 낮아서 평점 1번 더 추천",
    "date": "12.06.09",
    "rating": "10",
    "author": "sh15****",
    "review_id": "6379262",
    "movie_id": "43205"
  },
  {
    "review": "솔직히 6점보단 나은 영화인거 같은데 평이 너무 안 좋네",
    "date": "12.06.09",
    "rating": "10",
    "author": "shsh****",
    "review_id": "6379261",
    "movie_id": "43205"
  },
  {
    "review": "여주인공이 이뻐서 10점",
    "date": "12.06.08",
    "rating": "10",
    "author": "iiii****",
    "review_id": "6376351",
    "movie_id": "43205"
  },
  {
    "review": "맨 마지막에 갑자기 미래와는 동떨어진 거리에서 헤어지는 모습이 어이없었습니다.",
    "date": "12.06.04",
    "rating": "6",
    "author": "lksh****",
    "review_id": "6364232",
    "movie_id": "43205"
  },
  {
    "review": "평이 시원찮네요.이 영화는 모딜리아니같은 느낌입니다. 고운선과 엘레강스한 배경 굿",
    "date": "12.05.29",
    "rating": "10",
    "author": "dudo****",
    "review_id": "6344191",
    "movie_id": "43205"
  },
  {
    "review": "이 영화 좋다는 사람은 원작 보고 하는 소리냐?",
    "date": "12.05.16",
    "rating": "4",
    "author": "neoi****",
    "review_id": "6302243",
    "movie_id": "43205"
  },
  {
    "review": "좋음굿",
    "date": "12.04.01",
    "rating": "10",
    "author": "fire****",
    "review_id": "6184565",
    "movie_id": "43205"
  },
  {
    "review": "평이 시원찮네요. 이 영화는 레지던트이블같은 느낌입니다.섹시하면서 화끈한 액션굳.",
    "date": "12.02.14",
    "rating": "10",
    "author": "gjk1****",
    "review_id": "6075267",
    "movie_id": "43205"
  },
  {
    "review": "평이 시원찮네요. 이 영화는 클림트같은 느낌입니다. 에로틱하면서 약빤듯한 배경 굿.",
    "date": "12.02.14",
    "rating": "8",
    "author": "vang****",
    "review_id": "6075222",
    "movie_id": "43205"
  },
  {
    "review": "여주인공만 이쁨",
    "date": "11.11.09",
    "rating": "6",
    "author": "marc****",
    "review_id": "5837583",
    "movie_id": "43205"
  },
  {
    "review": "피터 정이 아무리 그러려니 했다쳐도 흑- 나의 트레버를 돌려줘..ㅠㅠ",
    "date": "11.08.23",
    "rating": "5",
    "author": "spik****",
    "review_id": "5681682",
    "movie_id": "43205"
  },
  {
    "review": "보면 꽤 좋은 영화입니다. 교훈도 있고 말이죠.",
    "date": "11.08.16",
    "rating": "6",
    "author": "ylee****",
    "review_id": "5658701",
    "movie_id": "43205"
  },
  {
    "review": "시리즈로 제작되었다면 더 좋았을 영화.",
    "date": "11.07.16",
    "rating": "6",
    "author": "slee****",
    "review_id": "5548552",
    "movie_id": "43205"
  },
  {
    "review": "주인공이 무척 맘에 든다.. 나름 재미있는 스토리..",
    "date": "11.06.21",
    "rating": "7",
    "author": "kumi****",
    "review_id": "5492613",
    "movie_id": "43205"
  },
  {
    "review": "샤를리즈 좋아함. 그러나, 인물보고 영화를 골라서는 안된다는 교훈을 준 영화",
    "date": "11.05.22",
    "rating": "5",
    "author": "brav****",
    "review_id": "5442355",
    "movie_id": "43205"
  },
  {
    "review": "할 말 없는 영화...",
    "date": "11.02.14",
    "rating": "1",
    "author": "togg****",
    "review_id": "5244226",
    "movie_id": "43205"
  },
  {
    "review": "너무 과소평가 받았구나. 비주얼은 최강이다.",
    "date": "11.01.28",
    "rating": "8",
    "author": "kuik****",
    "review_id": "5191742",
    "movie_id": "43205"
  },
  {
    "review": "레지던트이블 이상의 심오한 여전사 영화. 400년 후의 잡다한 스킬 묘사도 인상적이다",
    "date": "11.01.10",
    "rating": "10",
    "author": "1231****",
    "review_id": "5145101",
    "movie_id": "43205"
  },
  {
    "review": "흥미로운 SF",
    "date": "10.12.24",
    "rating": "9",
    "author": "yser****",
    "review_id": "5079359",
    "movie_id": "43205"
  },
  {
    "review": "좋아",
    "date": "10.12.09",
    "rating": "10",
    "author": "fhdn****",
    "review_id": "5038524",
    "movie_id": "43205"
  },
  {
    "review": "자연의섭리,인간의 삶 등 본질적인 문제를 묻고있다.",
    "date": "10.10.30",
    "rating": "10",
    "author": "qkqk****",
    "review_id": "4928853",
    "movie_id": "43205"
  },
  {
    "review": "카메라, 색감 다좋은데~ 내용은 OOO~~",
    "date": "10.09.25",
    "rating": "1",
    "author": "golg****",
    "review_id": "4868487",
    "movie_id": "43205"
  },
  {
    "review": "이 정도면 충분히 잘했다",
    "date": "10.09.19",
    "rating": "7",
    "author": "yaky****",
    "review_id": "4848398",
    "movie_id": "43205"
  },
  {
    "review": "쓰.레.기. 샤를리즈테론을 보기엔 너무 늙어버린 그녀...",
    "date": "10.09.03",
    "rating": "10",
    "author": "mani****",
    "review_id": "4814165",
    "movie_id": "43205"
  },
  {
    "review": "나름 매력있는 스토리!!",
    "date": "10.08.23",
    "rating": "9",
    "author": "ukis****",
    "review_id": "4784616",
    "movie_id": "43205"
  },
  {
    "review": "볼만함ㅇㅇ 쥔공완전예쁨 그런머리어울리는사람얼마없는데,ㅋㅋㅋ",
    "date": "10.08.22",
    "rating": "8",
    "author": "gugu****",
    "review_id": "4778047",
    "movie_id": "43205"
  },
  {
    "review": "방금 케이블서봤는데 샤를리즈테론 여동생으로나오는분 완죤 예쁘던데요..ㅋ",
    "date": "10.08.21",
    "rating": "10",
    "author": "sant****",
    "review_id": "4772660",
    "movie_id": "43205"
  },
  {
    "review": "여자가 뛰어다니면서 멋있는 포즈 취하는 작품",
    "date": "10.07.13",
    "rating": "3",
    "author": "oowh****",
    "review_id": "4636420",
    "movie_id": "43205"
  },
  {
    "review": "2006개봉이라 조금 진부할줄알았으나,상당히 재밋게 봤다.스토리도 뭐 갠찬",
    "date": "10.06.04",
    "rating": "8",
    "author": "rlad****",
    "review_id": "4543797",
    "movie_id": "43205"
  },
  {
    "review": "눈을 즐겁게 해준 샤를리즈 테론~",
    "date": "10.05.01",
    "rating": "7",
    "author": "cont****",
    "review_id": "4470474",
    "movie_id": "43205"
  },
  {
    "review": "꽤나 잘 만든 영화.",
    "date": "10.04.30",
    "rating": "10",
    "author": "alsl****",
    "review_id": "4467280",
    "movie_id": "43205"
  },
  {
    "review": "400년간 지배했는데 이렇게 빨리 무너지나",
    "date": "10.03.27",
    "rating": "4",
    "author": "whee****",
    "review_id": "4391504",
    "movie_id": "43205"
  },
  {
    "review": "간만에 정말 잘만든 영화를 보게되서 좋았음",
    "date": "10.01.01",
    "rating": "10",
    "author": "comi****",
    "review_id": "4117229",
    "movie_id": "43205"
  },
  {
    "review": "평점이 너무 낮아서 이해가 안되네요 역시 아는 만큼 보이나봐? ㅋㅋㅋ",
    "date": "10.01.01",
    "rating": "10",
    "author": "tlsr****",
    "review_id": "4116928",
    "movie_id": "43205"
  },
  {
    "review": "샤를이즈 테론......이영화 왜 찍었을까....엄청팬인데..",
    "date": "09.12.09",
    "rating": "1",
    "author": "shim****",
    "review_id": "4030335",
    "movie_id": "43205"
  },
  {
    "review": "평범한 영화,,,눈요깃꺼리도없고~~~~~~",
    "date": "09.11.29",
    "rating": "5",
    "author": "fnsk****",
    "review_id": "4001393",
    "movie_id": "43205"
  },
  {
    "review": "나름 재밌네요. 진작볼걸",
    "date": "09.11.25",
    "rating": "10",
    "author": "a1fo****",
    "review_id": "3989333",
    "movie_id": "43205"
  },
  {
    "review": "친구랑보다가지루해서때려쳤는데 혼자있을때보니까 아왜이리재밌엉 여주인공이뿌넹",
    "date": "09.11.22",
    "rating": "10",
    "author": "minu****",
    "review_id": "3982008",
    "movie_id": "43205"
  },
  {
    "review": "이온이 잔디에 찔려 죽었다면,차라리 관객을 구원했을것이다.아니면 시청자거나...",
    "date": "09.11.12",
    "rating": "1",
    "author": "baks****",
    "review_id": "3956045",
    "movie_id": "43205"
  },
  {
    "review": "마튼 크소카스 보는 재미로 봤다.",
    "date": "09.11.11",
    "rating": "10",
    "author": "chtj****",
    "review_id": "3953319",
    "movie_id": "43205"
  },
  {
    "review": "차라이 완전 심오했다면 좋았을텐데",
    "date": "09.09.24",
    "rating": "5",
    "author": "rlad****",
    "review_id": "3846515",
    "movie_id": "43205"
  },
  {
    "review": "재미 없음.",
    "date": "09.09.23",
    "rating": "5",
    "author": "dlwo****",
    "review_id": "3845333",
    "movie_id": "43205"
  },
  {
    "review": "억지로 끼워맞춘 스토리에 기가찰노릇, 정말 재미없다",
    "date": "09.09.23",
    "rating": "1",
    "author": "goms****",
    "review_id": "3845068",
    "movie_id": "43205"
  },
  {
    "review": "감독은 테론이 어떻게 하면 멋진 포즈를 취할지를 궁리하는데만 시간을 보낸 것 같다",
    "date": "09.09.22",
    "rating": "1",
    "author": "dg_d****",
    "review_id": "3843573",
    "movie_id": "43205"
  },
  {
    "review": "원작의 충실함이 배제된 영화 .",
    "date": "09.09.21",
    "rating": "4",
    "author": "evil****",
    "review_id": "3841863",
    "movie_id": "43205"
  },
  {
    "review": "주제는 좋았으나 방향을 잘못 잡았다",
    "date": "09.09.20",
    "rating": "5",
    "author": "nala****",
    "review_id": "3840815",
    "movie_id": "43205"
  },
  {
    "review": "이게 왜 재미없다는거야?난 세번이나봤는데도재밌구만",
    "date": "09.09.11",
    "rating": "10",
    "author": "oosu****",
    "review_id": "3824708",
    "movie_id": "43205"
  },
  {
    "review": "이도저도 아닌... 뭘 말하겠다는 건지...",
    "date": "09.09.03",
    "rating": "3",
    "author": "milk****",
    "review_id": "3808262",
    "movie_id": "43205"
  },
  {
    "review": "진짜 재미없다 시나리오랑 여러가지등이..",
    "date": "09.07.13",
    "rating": "2",
    "author": "glay****",
    "review_id": "3629464",
    "movie_id": "43205"
  },
  {
    "review": "이런 스토리를 담기에는 짧은 러닝타임.. 세밀한 구성이 필요할 듯...",
    "date": "09.06.26",
    "rating": "7",
    "author": "blue****",
    "review_id": "3592876",
    "movie_id": "43205"
  },
  {
    "review": "오직 볼것은 여주인공의 몸매뿐. 영화는 재미가잇어야 볼만해요",
    "date": "09.04.27",
    "rating": "1",
    "author": "tod1****",
    "review_id": "3443862",
    "movie_id": "43205"
  },
  {
    "review": "허접한 액션..",
    "date": "09.04.11",
    "rating": "6",
    "author": "bkm1****",
    "review_id": "3415239",
    "movie_id": "43205"
  },
  {
    "review": "울트라바이올렛 과 비슷한영화..",
    "date": "09.03.13",
    "rating": "6",
    "author": "bkm1****",
    "review_id": "3363246",
    "movie_id": "43205"
  },
  {
    "review": "단 한 번 밖에 살 수 없지만, 희망을 가지고 사는 것이다.",
    "date": "09.02.12",
    "rating": "9",
    "author": "tlaa****",
    "review_id": "3296049",
    "movie_id": "43205"
  },
  {
    "review": "왠지좀 어색하다; 팍와닿는 느낌은 정말 아니다; 걍 그럭저럭이다; 옷부터시작해서",
    "date": "09.01.31",
    "rating": "6",
    "author": "sksk****",
    "review_id": "3265327",
    "movie_id": "43205"
  },
  {
    "review": "나름 볼 만했다. 허나 마지막 총격신은 긴박함이 덜함. 스토리도 두서가 좀 없었다.",
    "date": "08.12.17",
    "rating": "7",
    "author": "kimb****",
    "review_id": "3123819",
    "movie_id": "43205"
  },
  {
    "review": "샤를리즈 테론의 매력은 실컷 볼 수 있다..^&^",
    "date": "08.12.16",
    "rating": "6",
    "author": "minu****",
    "review_id": "3122713",
    "movie_id": "43205"
  },
  {
    "review": "전하려는 내용면에서 감독의 기교가 약했음",
    "date": "08.12.08",
    "rating": "7",
    "author": "lail****",
    "review_id": "3100677",
    "movie_id": "43205"
  },
  {
    "review": "간만에보는 액션~재밌었는데",
    "date": "08.11.28",
    "rating": "10",
    "author": "tnsg****",
    "review_id": "3076876",
    "movie_id": "43205"
  },
  {
    "review": "토나와...스토리도 망치고 액션도망치고 암튼 ㅄ",
    "date": "08.11.25",
    "rating": "1",
    "author": "capg****",
    "review_id": "3071684",
    "movie_id": "43205"
  },
  {
    "review": "평범한 킬링타임용",
    "date": "08.11.02",
    "rating": "6",
    "author": "vct0****",
    "review_id": "3032327",
    "movie_id": "43205"
  },
  {
    "review": "샤를리즈테론만 볼만함...솔직하게 내용은 재미없다",
    "date": "08.10.25",
    "rating": "4",
    "author": "sget****",
    "review_id": "3017843",
    "movie_id": "43205"
  },
  {
    "review": "테론때문에 본거긴 한데.. 그래도 어느정도 재미는 있어야지...",
    "date": "08.10.18",
    "rating": "5",
    "author": "jkr2****",
    "review_id": "3006858",
    "movie_id": "43205"
  },
  {
    "review": "그냥 볼만하다 근데 이거볼바에 울트라 바이올렛을 ㅋ",
    "date": "08.10.08",
    "rating": "7",
    "author": "kore****",
    "review_id": "2989724",
    "movie_id": "43205"
  },
  {
    "review": "스타일이 좋잖아!!...샤를리즈도 나오고...",
    "date": "08.09.27",
    "rating": "8",
    "author": "adns****",
    "review_id": "2971709",
    "movie_id": "43205"
  },
  {
    "review": "샤를리즈테론 최고!!!",
    "date": "08.09.22",
    "rating": "10",
    "author": "gauz****",
    "review_id": "2964614",
    "movie_id": "43205"
  },
  {
    "review": "원작을 너무나 망가뜨려서...",
    "date": "08.09.18",
    "rating": "6",
    "author": "tank****",
    "review_id": "2955437",
    "movie_id": "43205"
  }
]