[
  {
    "review": "이 영화를 보고 끊었던 담배를 다시 물었다!!",
    "date": "15.06.16",
    "rating": "1",
    "author": "ske4****",
    "review_id": "10004065",
    "movie_id": "43203"
  },
  {
    "review": "내가 고자라니!!! 심영(김영인)이 나오는 영화ㅋㅋ",
    "date": "15.04.01",
    "rating": "10",
    "author": "ysj0****",
    "review_id": "9820328",
    "movie_id": "43203"
  },
  {
    "review": "은근볼만한영화엿다음",
    "date": "14.01.01",
    "rating": "10",
    "author": "gaga****",
    "review_id": "8333136",
    "movie_id": "43203"
  },
  {
    "review": "심영나오니까 10점ㅋ",
    "date": "13.03.20",
    "rating": "10",
    "author": "g642****",
    "review_id": "7379343",
    "movie_id": "43203"
  },
  {
    "review": "엉화 재밌는데(...) 욕하지마요!",
    "date": "12.05.19",
    "rating": "10",
    "author": "dydw****",
    "review_id": "6312578",
    "movie_id": "43203"
  },
  {
    "review": "심영 아저씨 나오니까 별 10점 드릴게요.^^",
    "date": "11.08.24",
    "rating": "10",
    "author": "ligh****",
    "review_id": "5685266",
    "movie_id": "43203"
  },
  {
    "review": "갈갈이 시리즈중 가장 충격적",
    "date": "10.02.11",
    "rating": "1",
    "author": "dbtn****",
    "review_id": "4268344",
    "movie_id": "43203"
  },
  {
    "review": "ㅋㅋㅋㅋ어쩔거임ㅋㅋㅋ ㅇ              ㅅ아 ㅋㅋㅋ",
    "date": "09.11.07",
    "rating": "1",
    "author": "jull****",
    "review_id": "3943938",
    "movie_id": "43203"
  },
  {
    "review": "정말 최고다 웃다가 날이저물엇다",
    "date": "09.08.14",
    "rating": "10",
    "author": "dell****",
    "review_id": "3748414",
    "movie_id": "43203"
  },
  {
    "review": "수고하셨을 개그맨들을 위해...",
    "date": "09.06.17",
    "rating": "2",
    "author": "mem9****",
    "review_id": "3570954",
    "movie_id": "43203"
  },
  {
    "review": "혼자 보는데 민망한 이 기분... 어째... 아무리 애들꺼지만 너무 대충 만든다",
    "date": "08.08.23",
    "rating": "1",
    "author": "mrmc****",
    "review_id": "2897091",
    "movie_id": "43203"
  },
  {
    "review": "개콘팀이 나와서 끝까지 보긴 했고 완전 옛날 영화!!!",
    "date": "08.05.05",
    "rating": "2",
    "author": "oh75****",
    "review_id": "2618259",
    "movie_id": "43203"
  },
  {
    "review": "조카한테 틀어줬더니 눈치 보면서 끄더라",
    "date": "08.05.05",
    "rating": "1",
    "author": "vldk****",
    "review_id": "2617892",
    "movie_id": "43203"
  },
  {
    "review": "80년대 영화를 보는것 같았어요^^",
    "date": "08.04.03",
    "rating": "1",
    "author": "sung****",
    "review_id": "2555695",
    "movie_id": "43203"
  },
  {
    "review": "재밌다",
    "date": "08.03.16",
    "rating": "10",
    "author": "gkgk****",
    "review_id": "2523903",
    "movie_id": "43203"
  },
  {
    "review": "가면 갈수록 돈되는 영화만 찍는 남감독 예전의 수작은 묻혀 가는건가 !!",
    "date": "08.01.29",
    "rating": "1",
    "author": "evil****",
    "review_id": "2382361",
    "movie_id": "43203"
  },
  {
    "review": "멀게만 느껴졌던 영화감독의 꿈... 나도 할 수 있다!!!",
    "date": "07.10.22",
    "rating": "2",
    "author": "tekk****",
    "review_id": "2104769",
    "movie_id": "43203"
  },
  {
    "review": "어린이용 버라이어티 영화 강력추천~!!!@",
    "date": "07.09.02",
    "rating": "10",
    "author": "hyd6****",
    "review_id": "1996489",
    "movie_id": "43203"
  },
  {
    "review": "정말 아이들이 보기에 딱인영화죠^^",
    "date": "07.08.07",
    "rating": "3",
    "author": "days****",
    "review_id": "1899441",
    "movie_id": "43203"
  },
  {
    "review": "전형적인유독성코미디영화",
    "date": "07.08.06",
    "rating": "1",
    "author": "i971****",
    "review_id": "1894132",
    "movie_id": "43203"
  },
  {
    "review": "이거 뭐 , 할말이 없다 ; ... 예전에 키드캅은 이러지 않았는데...",
    "date": "07.08.03",
    "rating": "1",
    "author": "llki****",
    "review_id": "1858231",
    "movie_id": "43203"
  },
  {
    "review": "화려한 액션씬과 기막힌 반전까지 보는동안 한눈을 못팔앗어요",
    "date": "07.08.02",
    "rating": "10",
    "author": "2wjd****",
    "review_id": "1850376",
    "movie_id": "43203"
  },
  {
    "review": "호러영화의 대명사. 역사상 최고의 서스펜스 스릴러",
    "date": "07.08.02",
    "rating": "10",
    "author": "qkrw****",
    "review_id": "1846796",
    "movie_id": "43203"
  },
  {
    "review": "디워의 스펙타클한 CG를 능가한다.... 정말 10점 주고싶다.....",
    "date": "07.08.01",
    "rating": "10",
    "author": "znfz****",
    "review_id": "1842812",
    "movie_id": "43203"
  },
  {
    "review": "보는 내가 민망하네.",
    "date": "07.07.24",
    "rating": "2",
    "author": "sant****",
    "review_id": "1804608",
    "movie_id": "43203"
  },
  {
    "review": "요즘... 초딩들이 얼마나 대가리 굵은데... ㅇㅋ?",
    "date": "07.06.10",
    "rating": "1",
    "author": "urkn****",
    "review_id": "1693205",
    "movie_id": "43203"
  },
  {
    "review": "저걸 찍은 개그맨들은 자기가 찍힌걸 보고 어떻게생각할까",
    "date": "07.02.22",
    "rating": "1",
    "author": "xodd****",
    "review_id": "1493848",
    "movie_id": "43203"
  },
  {
    "review": "유치함의 극치.",
    "date": "07.02.17",
    "rating": "1",
    "author": "salm****",
    "review_id": "1478465",
    "movie_id": "43203"
  },
  {
    "review": "다세포가 재밌어졌다",
    "date": "07.01.02",
    "rating": "1",
    "author": "tkfc****",
    "review_id": "1351325",
    "movie_id": "43203"
  },
  {
    "review": "이런영화가있엇나? ㅋㅋㅋㅋ",
    "date": "06.08.21",
    "rating": "10",
    "author": "dkfd****",
    "review_id": "1065130",
    "movie_id": "43203"
  },
  {
    "review": "감독이 거장 남기남이네..",
    "date": "06.08.20",
    "rating": "10",
    "author": "fujo****",
    "review_id": "1059891",
    "movie_id": "43203"
  },
  {
    "review": "3점대 유지 대작전",
    "date": "06.08.19",
    "rating": "1",
    "author": "hige****",
    "review_id": "1055464",
    "movie_id": "43203"
  },
  {
    "review": "다세포를 생각하세요님들",
    "date": "06.08.18",
    "rating": "10",
    "author": "anqk****",
    "review_id": "1052177",
    "movie_id": "43203"
  },
  {
    "review": "다세포 소녀에 비하면 최우수영화다",
    "date": "06.08.18",
    "rating": "10",
    "author": "gggg****",
    "review_id": "1051148",
    "movie_id": "43203"
  },
  {
    "review": "단세포소녀 보고나서 이거 보시면 10점 주고싶어집니다.",
    "date": "06.08.12",
    "rating": "10",
    "author": "fudo****",
    "review_id": "1003589",
    "movie_id": "43203"
  },
  {
    "review": "갈갈이패밀리가너무너무좋아요.",
    "date": "06.07.29",
    "rating": "10",
    "author": "hell****",
    "review_id": "936458",
    "movie_id": "43203"
  },
  {
    "review": "어른들하고같이보는어린이들은무시해?",
    "date": "06.07.27",
    "rating": "10",
    "author": "j728****",
    "review_id": "925937",
    "movie_id": "43203"
  },
  {
    "review": "이것을영화라고찍나요",
    "date": "06.07.21",
    "rating": "1",
    "author": "qkrw****",
    "review_id": "912438",
    "movie_id": "43203"
  },
  {
    "review": "0점기능추가해주셈....",
    "date": "06.07.10",
    "rating": "1",
    "author": "jins****",
    "review_id": "883072",
    "movie_id": "43203"
  },
  {
    "review": "10세이상 관람불가. 그래도 어린이영화 계속 만들어져야 한다",
    "date": "06.06.07",
    "rating": "10",
    "author": "azir****",
    "review_id": "835958",
    "movie_id": "43203"
  },
  {
    "review": "애들보라고 만든영화가지고 너무들하시네~",
    "date": "06.05.01",
    "rating": "10",
    "author": "thfl****",
    "review_id": "782260",
    "movie_id": "43203"
  },
  {
    "review": "어른들보라고만든영화는 개뿔 12세이상시청영화거든?",
    "date": "06.03.18",
    "rating": "1",
    "author": "dkrm****",
    "review_id": "721234",
    "movie_id": "43203"
  },
  {
    "review": "어른들보라고만든영화아닙니다.어린이영화입니다.어른은평가 노",
    "date": "06.03.15",
    "rating": "10",
    "author": "empi****",
    "review_id": "717177",
    "movie_id": "43203"
  },
  {
    "review": "진짜짱~~!!!!!!",
    "date": "06.03.09",
    "rating": "9",
    "author": "gpal****",
    "review_id": "710089",
    "movie_id": "43203"
  },
  {
    "review": "0점을 줄수는 없는건가...",
    "date": "06.03.09",
    "rating": "1",
    "author": "robe****",
    "review_id": "709866",
    "movie_id": "43203"
  },
  {
    "review": "이렇게 퍼다버릴돈 있으면, 사회에 환원하라!",
    "date": "06.02.15",
    "rating": "1",
    "author": "kwan****",
    "review_id": "672489",
    "movie_id": "43203"
  },
  {
    "review": "감독에게 왜이영화를 만들었는지 묻고싶은영화...",
    "date": "06.02.15",
    "rating": "1",
    "author": "bcsj****",
    "review_id": "672027",
    "movie_id": "43203"
  },
  {
    "review": "그래도 OOO살래와 긴급조치19호와 비교하면 양반급 영화",
    "date": "06.02.03",
    "rating": "1",
    "author": "exel****",
    "review_id": "645328",
    "movie_id": "43203"
  },
  {
    "review": "아...진짜 재미없네...",
    "date": "06.01.25",
    "rating": "2",
    "author": "min0****",
    "review_id": "620835",
    "movie_id": "43203"
  },
  {
    "review": "하품만나온다.",
    "date": "06.01.25",
    "rating": "2",
    "author": "xx41****",
    "review_id": "620833",
    "movie_id": "43203"
  },
  {
    "review": "내가 잠시 미쳤나 보다....",
    "date": "06.01.06",
    "rating": "1",
    "author": "baga****",
    "review_id": "563407",
    "movie_id": "43203"
  },
  {
    "review": "7주일도 안걸린 영화 이정도면 최고죠",
    "date": "05.12.22",
    "rating": "8",
    "author": "astr****",
    "review_id": "521373",
    "movie_id": "43203"
  },
  {
    "review": "ㅡㅡㅡㅡㅡㅡㅡㅡㅡㅡ아 시간 베리게 만드네",
    "date": "05.12.18",
    "rating": "1",
    "author": "cutm****",
    "review_id": "511889",
    "movie_id": "43203"
  },
  {
    "review": "돈 주고 보는 개콘. 개콘보다 못 해.",
    "date": "05.12.17",
    "rating": "1",
    "author": "ohat****",
    "review_id": "510577",
    "movie_id": "43203"
  },
  {
    "review": "참..1점 주기도 아깝다.. 젠장..80년대 우뢰매1탄보다 못하다",
    "date": "05.12.13",
    "rating": "1",
    "author": "abow****",
    "review_id": "502699",
    "movie_id": "43203"
  },
  {
    "review": "유치함의 극치, 웃음을 빼앗아 버리는 영화",
    "date": "05.12.12",
    "rating": "1",
    "author": "xlxl****",
    "review_id": "502136",
    "movie_id": "43203"
  },
  {
    "review": "증말 개나소나 영화찍는단 말이 맞구나 ㅡㅡ; 개콘그마해라",
    "date": "05.11.25",
    "rating": "1",
    "author": "drap****",
    "review_id": "484137",
    "movie_id": "43203"
  },
  {
    "review": "이게 영화냐. 동생때문에 봤지만.. 어휴..-_-6",
    "date": "05.10.01",
    "rating": "1",
    "author": "aqha****",
    "review_id": "429557",
    "movie_id": "43203"
  },
  {
    "review": "어이없다........왜 만들었을까",
    "date": "05.09.12",
    "rating": "1",
    "author": "popc****",
    "review_id": "402835",
    "movie_id": "43203"
  },
  {
    "review": "애들마져 억지웃음 짓는 쓸쓸한 영화..",
    "date": "05.08.30",
    "rating": "1",
    "author": "dice****",
    "review_id": "388496",
    "movie_id": "43203"
  },
  {
    "review": "이렇게만들려면 왜만들었냐ㅡㅡ",
    "date": "05.08.23",
    "rating": "1",
    "author": "lion****",
    "review_id": "380984",
    "movie_id": "43203"
  },
  {
    "review": "불상하잖어..갈갈이...개념들 없잖어..",
    "date": "05.08.23",
    "rating": "10",
    "author": "dowk****",
    "review_id": "380620",
    "movie_id": "43203"
  },
  {
    "review": "아이들보라고만든영화인데어른들이점수떨어뜨려서...10점주마...",
    "date": "05.08.22",
    "rating": "10",
    "author": "lall****",
    "review_id": "380193",
    "movie_id": "43203"
  },
  {
    "review": "영화는 안보고 포스터만 봐도 1점주기 아까움",
    "date": "05.08.22",
    "rating": "1",
    "author": "wild****",
    "review_id": "380142",
    "movie_id": "43203"
  },
  {
    "review": "왜 만들었지?!",
    "date": "05.08.22",
    "rating": "1",
    "author": "no1a****",
    "review_id": "380082",
    "movie_id": "43203"
  },
  {
    "review": "크헉 재미있다고 한 사람들 초등학생인가....딱 그수준.",
    "date": "05.08.22",
    "rating": "1",
    "author": "oke0****",
    "review_id": "379477",
    "movie_id": "43203"
  },
  {
    "review": "아오 진짜 디질래@!!! 갈갈인지 개똥인지 개그나하던지",
    "date": "05.08.22",
    "rating": "1",
    "author": "imd2****",
    "review_id": "379042",
    "movie_id": "43203"
  },
  {
    "review": "이게 모야.. -_-;;;",
    "date": "05.08.21",
    "rating": "1",
    "author": "smz1****",
    "review_id": "378628",
    "movie_id": "43203"
  },
  {
    "review": "돈 많이 벌었나 보지..망할걸 뻔히 알면서 만들다니..쯔쯔",
    "date": "05.08.21",
    "rating": "1",
    "author": "penn****",
    "review_id": "378325",
    "movie_id": "43203"
  },
  {
    "review": "보는 사람 이해 안됨 영화관 왜가지 ...",
    "date": "05.08.21",
    "rating": "1",
    "author": "chc8****",
    "review_id": "376974",
    "movie_id": "43203"
  },
  {
    "review": "뿔쌍하자나요",
    "date": "05.08.21",
    "rating": "10",
    "author": "snow****",
    "review_id": "376800",
    "movie_id": "43203"
  },
  {
    "review": "재미있는데여",
    "date": "05.08.20",
    "rating": "10",
    "author": "wlgn****",
    "review_id": "376428",
    "movie_id": "43203"
  },
  {
    "review": "아이들 영화에 소재가 조폭이라니.. 유치하고 지겨운 개그 영화.",
    "date": "05.08.20",
    "rating": "1",
    "author": "litt****",
    "review_id": "376309",
    "movie_id": "43203"
  },
  {
    "review": "재밌는것같아요^^~마니웃엇어요ㅋㅋ",
    "date": "05.08.20",
    "rating": "10",
    "author": "gaza****",
    "review_id": "376292",
    "movie_id": "43203"
  },
  {
    "review": "정말잼씁니다",
    "date": "05.08.20",
    "rating": "10",
    "author": "ganz****",
    "review_id": "376283",
    "movie_id": "43203"
  },
  {
    "review": "재미없는 것들은 가라면서;;이 영화야말로 재미없다..",
    "date": "05.08.20",
    "rating": "1",
    "author": "cret****",
    "review_id": "375902",
    "movie_id": "43203"
  },
  {
    "review": "꽤 재밌는 영화. 그러나 유치한 영화",
    "date": "05.08.20",
    "rating": "7",
    "author": "chri****",
    "review_id": "375580",
    "movie_id": "43203"
  },
  {
    "review": "12세이상 관람금지!!!!!!!!!!",
    "date": "05.08.20",
    "rating": "1",
    "author": "gkse****",
    "review_id": "375475",
    "movie_id": "43203"
  },
  {
    "review": "원래애들영화잔아 안볼거면서.",
    "date": "05.08.20",
    "rating": "10",
    "author": "jjl0****",
    "review_id": "375357",
    "movie_id": "43203"
  },
  {
    "review": "정말, 첨으로 영화보다 졸앗다",
    "date": "05.08.20",
    "rating": "1",
    "author": "kdkc****",
    "review_id": "375343",
    "movie_id": "43203"
  },
  {
    "review": "패밀리1보단 훨났네",
    "date": "05.08.19",
    "rating": "3",
    "author": "ksy2****",
    "review_id": "374828",
    "movie_id": "43203"
  },
  {
    "review": "재밌는데",
    "date": "05.08.19",
    "rating": "10",
    "author": "kjh9****",
    "review_id": "374562",
    "movie_id": "43203"
  },
  {
    "review": "가족과 동반 아주 재미있음...",
    "date": "05.08.19",
    "rating": "10",
    "author": "ykmm****",
    "review_id": "373780",
    "movie_id": "43203"
  },
  {
    "review": "추억을 공유하게끔 해주는 감독에게 10점.. 한우물 파는 감독..!",
    "date": "05.08.19",
    "rating": "10",
    "author": "soma****",
    "review_id": "373633",
    "movie_id": "43203"
  },
  {
    "review": "0점이 없어서 1점 줬따 +_=  개콘만으론 돈이 안되냐?",
    "date": "05.08.17",
    "rating": "1",
    "author": "ltal****",
    "review_id": "371884",
    "movie_id": "43203"
  },
  {
    "review": "영구 시리즈를 14살에 본 나로써는 이 영화나 그 영화나...",
    "date": "05.08.16",
    "rating": "1",
    "author": "sunb****",
    "review_id": "370618",
    "movie_id": "43203"
  },
  {
    "review": "아이고..아이고... 이런 영화도 나오는구나; 영구보다 더 유치..",
    "date": "05.08.16",
    "rating": "1",
    "author": "djql****",
    "review_id": "370097",
    "movie_id": "43203"
  },
  {
    "review": "불쌍하잖아 그냥좀주자ㅋㅋ",
    "date": "05.08.16",
    "rating": "10",
    "author": "lden****",
    "review_id": "369928",
    "movie_id": "43203"
  },
  {
    "review": "건성건성이게뭐니이게",
    "date": "05.08.16",
    "rating": "1",
    "author": "la66****",
    "review_id": "369868",
    "movie_id": "43203"
  },
  {
    "review": "이런영화 원래 다 망하는거 알잖아 ㅡㅡ;",
    "date": "05.08.16",
    "rating": "1",
    "author": "pks3****",
    "review_id": "369676",
    "movie_id": "43203"
  },
  {
    "review": "이제 그마~~안",
    "date": "05.08.13",
    "rating": "5",
    "author": "hw98****",
    "review_id": "364723",
    "movie_id": "43203"
  },
  {
    "review": "다른 사람 대신 봐는데 재미도 있고... 여기까지 ^^;;",
    "date": "05.08.11",
    "rating": "5",
    "author": "tgd8****",
    "review_id": "362187",
    "movie_id": "43203"
  },
  {
    "review": "넘 재미있다~",
    "date": "05.08.04",
    "rating": "9",
    "author": "leez****",
    "review_id": "351362",
    "movie_id": "43203"
  },
  {
    "review": "초딩영화는 그만깝치라고!! 갈갈이들아!!",
    "date": "05.08.03",
    "rating": "1",
    "author": "rlag****",
    "review_id": "349967",
    "movie_id": "43203"
  },
  {
    "review": "재미있음",
    "date": "05.08.03",
    "rating": "10",
    "author": "kik0****",
    "review_id": "349572",
    "movie_id": "43203"
  },
  {
    "review": "남기남 감독 그 이름 하나 만으로도 10점",
    "date": "05.08.02",
    "rating": "10",
    "author": "iskr****",
    "review_id": "348586",
    "movie_id": "43203"
  }
]