[
  {
    "review": "여전히 훌륭한 공포 스릴러",
    "date": "15.06.18",
    "rating": "9",
    "author": "gold****",
    "review_id": "10007279",
    "movie_id": "43210"
  },
  {
    "review": "오비는 왜 직쏘를 도와 다른 사람을 납치했는가?",
    "date": "15.06.15",
    "rating": "9",
    "author": "bunc****",
    "review_id": "10001695",
    "movie_id": "43210"
  },
  {
    "review": "개인적으로 1편보다 2편 반전이 훨씬 충격적이고 설득력 있었다. 그런데 2편에서 딱 끝냈으면 두고두고 명작 소리를 들었을 것이다.",
    "date": "15.06.09",
    "rating": "10",
    "author": "rlgu****",
    "review_id": "9986771",
    "movie_id": "43210"
  },
  {
    "review": "[ 스토리 8, 비주얼 8, 연출 8, 연기 7 ]　반전은 여전하고 전편보다 자극적이다.",
    "date": "15.06.05",
    "rating": "8",
    "author": "eyeb****",
    "review_id": "9976673",
    "movie_id": "43210"
  },
  {
    "review": "찍쏘가죽고새로운찍소가등장하네",
    "date": "15.05.27",
    "rating": "10",
    "author": "dnjs****",
    "review_id": "9953397",
    "movie_id": "43210"
  },
  {
    "review": "감독이 고문관 출신인가...사람 괴롭히는 아이디어가 참신함.",
    "date": "15.05.12",
    "rating": "5",
    "author": "wllt****",
    "review_id": "9912612",
    "movie_id": "43210"
  },
  {
    "review": "2편까지는 명작 3편부터는 매니아물",
    "date": "15.04.29",
    "rating": "8",
    "author": "ksa2****",
    "review_id": "9876863",
    "movie_id": "43210"
  },
  {
    "review": "뽕을 뽑으려는 노력이 가상",
    "date": "15.04.18",
    "rating": "6",
    "author": "west****",
    "review_id": "9850585",
    "movie_id": "43210"
  },
  {
    "review": "왜이렇게 루즈하냐ㅜㅜ 개노잼ㅜㅜㅜㅜ",
    "date": "15.04.14",
    "rating": "1",
    "author": "aass****",
    "review_id": "9845875",
    "movie_id": "43210"
  },
  {
    "review": "명작. 죽기전에 봐야함.",
    "date": "15.02.20",
    "rating": "10",
    "author": "igel****",
    "review_id": "9719548",
    "movie_id": "43210"
  },
  {
    "review": "사람의 심리를 잘 '이용'",
    "date": "15.02.15",
    "rating": "9",
    "author": "jhbu****",
    "review_id": "9699322",
    "movie_id": "43210"
  },
  {
    "review": "전작에 비해 좀 더 볼거리가 많아졌다만 결말이 거기서 거기라 좀...",
    "date": "15.01.25",
    "rating": "7",
    "author": "jiyu****",
    "review_id": "9633002",
    "movie_id": "43210"
  },
  {
    "review": "1편못지않은속편,1편보단강렬하고 후속이 전편과 대등한 아주 흔치 않은 훌륭한속편이다.개인적으로 1편보다 훨씬 재밌었고 스릴있었다고 생각한다. 지금의 삶에 대해 다시한번 돌아보게하는 메세지가 더욱더와닿았다. 정말 트랩도 갈수록 기발.도발적이고인상적이다",
    "date": "15.01.17",
    "rating": "9",
    "author": "equa****",
    "review_id": "9606833",
    "movie_id": "43210"
  },
  {
    "review": "솔직히 쏘우는 2까지는 전설 아닌가?",
    "date": "14.11.11",
    "rating": "10",
    "author": "a191****",
    "review_id": "9371331",
    "movie_id": "43210"
  },
  {
    "review": "한 치의 오차도 없는 직쏘의 비현실적 각본",
    "date": "14.10.29",
    "rating": "2",
    "author": "goms****",
    "review_id": "9326311",
    "movie_id": "43210"
  },
  {
    "review": "이거까진 괜찮음.. 캬.ㅎ",
    "date": "14.10.06",
    "rating": "10",
    "author": "hiph****",
    "review_id": "9269200",
    "movie_id": "43210"
  },
  {
    "review": "ㅅㅂ 1편 못지않은 개반전,,    진짜 전혀 예상못했음 ㅡㅡ;",
    "date": "14.09.06",
    "rating": "9",
    "author": "fghy****",
    "review_id": "9172170",
    "movie_id": "43210"
  },
  {
    "review": "폐쇄 오락의 재미는 1편보다 업, 스릴은 다운.",
    "date": "14.08.23",
    "rating": "6",
    "author": "this****",
    "review_id": "9123443",
    "movie_id": "43210"
  },
  {
    "review": "전편과의 연결고리와 끊임없는 긴장감과 기대를 저버리지 않는  반전 , 전작을 잘 계승한 후속작",
    "date": "14.08.16",
    "rating": "8",
    "author": "the0****",
    "review_id": "9098208",
    "movie_id": "43210"
  },
  {
    "review": "크게 변화한 부분은 없지만 역시 기대를 져버리지 않는 작품",
    "date": "14.08.09",
    "rating": "8",
    "author": "wind****",
    "review_id": "9052763",
    "movie_id": "43210"
  },
  {
    "review": "전체적 스토리를 보면 상당히 흥미로움. 반전이면 반전 스릴이면 스릴. 다만 좀 잔인하다는 점. 그래도 역시 공포 스릴러로서 만점임. 거기에다가 후속편과의 연결고리이며 전체스토리의 일부로서 파악하고 보면 더 재미있다는 사실.",
    "date": "14.07.26",
    "rating": "10",
    "author": "jjaj****",
    "review_id": "8960208",
    "movie_id": "43210"
  },
  {
    "review": "쏘우시리즈의 마지막 편.",
    "date": "14.07.23",
    "rating": "9",
    "author": "heot****",
    "review_id": "8942313",
    "movie_id": "43210"
  },
  {
    "review": "1편 보다는 조금 떨어지지만 역시 실망 시키지는 않는다.",
    "date": "14.07.21",
    "rating": "7",
    "author": "adiv****",
    "review_id": "8936719",
    "movie_id": "43210"
  },
  {
    "review": "1보단 못하지만 흥미로운전개와 역시나오는반전덕분에 괜찮았음",
    "date": "14.07.20",
    "rating": "10",
    "author": "gusc****",
    "review_id": "8933837",
    "movie_id": "43210"
  },
  {
    "review": "전편을 그대로 따라하기에 급급하다",
    "date": "14.07.13",
    "rating": "5",
    "author": "tumb****",
    "review_id": "8911425",
    "movie_id": "43210"
  },
  {
    "review": "평론가 평점에 비해서 너무 높다 낮추자",
    "date": "14.06.03",
    "rating": "1",
    "author": "hang****",
    "review_id": "8789178",
    "movie_id": "43210"
  },
  {
    "review": "정말좋음. 1의 부족한면을 채워주는 2",
    "date": "14.06.02",
    "rating": "10",
    "author": "hanl****",
    "review_id": "8788913",
    "movie_id": "43210"
  },
  {
    "review": "쏘우2가 1보다 훨씬 괜찮음. 쏘우1이 갑이다라고 하는 인간들은 영화 뉴비들임. ㅋㅋㅋ",
    "date": "14.05.24",
    "rating": "10",
    "author": "yas0****",
    "review_id": "8759150",
    "movie_id": "43210"
  },
  {
    "review": "여전히 최고다! 최고의 스릴러!",
    "date": "14.05.23",
    "rating": "10",
    "author": "thdw****",
    "review_id": "8757561",
    "movie_id": "43210"
  },
  {
    "review": "팬티가 축축하다...",
    "date": "14.05.23",
    "rating": "10",
    "author": "scen****",
    "review_id": "8756195",
    "movie_id": "43210"
  },
  {
    "review": "원작에 이어서 이작품도 상당히 괜찮게 봤다",
    "date": "14.05.12",
    "rating": "10",
    "author": "dkdl****",
    "review_id": "8725959",
    "movie_id": "43210"
  },
  {
    "review": "그냥죤의말을들었으면될것을ㅉㅉㅉ",
    "date": "14.04.12",
    "rating": "10",
    "author": "strb****",
    "review_id": "8645919",
    "movie_id": "43210"
  },
  {
    "review": "이번 편까지는 상당히 괜찮음.",
    "date": "14.03.31",
    "rating": "8",
    "author": "ldj0****",
    "review_id": "8619397",
    "movie_id": "43210"
  },
  {
    "review": "그러나 직쏘는 그저 규칙을 기억하라는 얘기만 되풀이 하는데...ㅋㅋㅋㅋ",
    "date": "14.03.29",
    "rating": "8",
    "author": "coco****",
    "review_id": "8614402",
    "movie_id": "43210"
  },
  {
    "review": "쏘우2가 쏘우시리즈 중 최고인듯. 밑도끝도 없는 반전이 아니라 치밀한 반전ㄷㄷ",
    "date": "14.02.12",
    "rating": "10",
    "author": "shss****",
    "review_id": "8501360",
    "movie_id": "43210"
  },
  {
    "review": "이번에는 속지 않아야지 속지 않아야지 하면서도 뒷통수 맞은 느낌이 든 시리즈",
    "date": "14.01.27",
    "rating": "8",
    "author": "yong****",
    "review_id": "8436850",
    "movie_id": "43210"
  },
  {
    "review": "이거 뭐 갈수록 잔인해지네",
    "date": "13.12.22",
    "rating": "8",
    "author": "534k****",
    "review_id": "8272258",
    "movie_id": "43210"
  },
  {
    "review": "아직2까진여러모로 좋았다",
    "date": "13.12.08",
    "rating": "10",
    "author": "doo2****",
    "review_id": "8199038",
    "movie_id": "43210"
  },
  {
    "review": "이정도면 전통 스릴러의 교과서지...연출에 있어서 타의추종을 불허하네...이런 스릴러를 극장에서 다시보고 싶다.",
    "date": "13.09.28",
    "rating": "9",
    "author": "ehdn****",
    "review_id": "8019793",
    "movie_id": "43210"
  },
  {
    "review": "쏘우가 반전시리즈는 최고",
    "date": "13.09.06",
    "rating": "10",
    "author": "anar****",
    "review_id": "7952573",
    "movie_id": "43210"
  },
  {
    "review": "1편에 이어 연출과 반전이 좋았다.",
    "date": "13.08.26",
    "rating": "8",
    "author": "xogu****",
    "review_id": "7924559",
    "movie_id": "43210"
  },
  {
    "review": "쏘우의 반전은 아직 건재하다",
    "date": "13.07.22",
    "rating": "8",
    "author": "dnls****",
    "review_id": "7772914",
    "movie_id": "43210"
  },
  {
    "review": "짱짱이군",
    "date": "13.07.21",
    "rating": "10",
    "author": "j908****",
    "review_id": "7772255",
    "movie_id": "43210"
  },
  {
    "review": "내게는 너무도 신선했던 영화. 군대에서 봤던 기억이.",
    "date": "13.07.18",
    "rating": "10",
    "author": "saro****",
    "review_id": "7754202",
    "movie_id": "43210"
  },
  {
    "review": "사람 타죽어가는데 하지말라고 소리나지르고 보고만잇는 여자들땜에 기분나빠짐 OO릴레이 보다 꺼버림",
    "date": "13.05.29",
    "rating": "1",
    "author": "taek****",
    "review_id": "7561474",
    "movie_id": "43210"
  },
  {
    "review": "반전땜에 3점...옛날에 봤으면 재미있었을텐데...지금보니깐 별로네....",
    "date": "13.05.24",
    "rating": "3",
    "author": "x_me****",
    "review_id": "7552213",
    "movie_id": "43210"
  },
  {
    "review": "쏘우는 2가 갑이다. 그리고 여기서 끝냈어야 했다.",
    "date": "13.03.23",
    "rating": "9",
    "author": "ldy6****",
    "review_id": "7401066",
    "movie_id": "43210"
  },
  {
    "review": "반전의반전 재밋게봤음!",
    "date": "13.03.18",
    "rating": "10",
    "author": "sun6****",
    "review_id": "7360190",
    "movie_id": "43210"
  },
  {
    "review": "쏘우",
    "date": "13.03.17",
    "rating": "10",
    "author": "tqek****",
    "review_id": "7356393",
    "movie_id": "43210"
  },
  {
    "review": "전편과 아주 치밀하게 연결되있는 스토리",
    "date": "13.02.14",
    "rating": "8",
    "author": "wldh****",
    "review_id": "7265031",
    "movie_id": "43210"
  },
  {
    "review": "쏘우란 무엇인가. 시리즈의 연계성의 세밀함을 엿볼수가 있다. 생존을 게임으로하는 풀어야하는 이 영화의 매력. 또 하나의 매력은 반전이다.",
    "date": "13.02.02",
    "rating": "8",
    "author": "fove****",
    "review_id": "7214600",
    "movie_id": "43210"
  },
  {
    "review": "그래도 2까진 괜찮았다",
    "date": "13.01.20",
    "rating": "8",
    "author": "jwjw****",
    "review_id": "7136550",
    "movie_id": "43210"
  },
  {
    "review": "가볍게 볼만했던 반전.",
    "date": "13.01.16",
    "rating": "7",
    "author": "bubr****",
    "review_id": "7120423",
    "movie_id": "43210"
  },
  {
    "review": "속편의 법칙을 깬 작품",
    "date": "13.01.15",
    "rating": "10",
    "author": "sh15****",
    "review_id": "7118601",
    "movie_id": "43210"
  },
  {
    "review": "2편도 반전이 만만치 않네",
    "date": "13.01.15",
    "rating": "10",
    "author": "shsh****",
    "review_id": "7118598",
    "movie_id": "43210"
  },
  {
    "review": "쏘우2까진 바줄만 했다",
    "date": "13.01.15",
    "rating": "10",
    "author": "iiii****",
    "review_id": "7118536",
    "movie_id": "43210"
  },
  {
    "review": "쏘우1보다못함",
    "date": "13.01.12",
    "rating": "6",
    "author": "tjwj****",
    "review_id": "7105283",
    "movie_id": "43210"
  },
  {
    "review": "심장이 벌렁하긴 하구만",
    "date": "13.01.10",
    "rating": "7",
    "author": "choc****",
    "review_id": "7099070",
    "movie_id": "43210"
  },
  {
    "review": "반전좋다. 3를 기대하게한다.",
    "date": "13.01.10",
    "rating": "9",
    "author": "ytg4****",
    "review_id": "7098384",
    "movie_id": "43210"
  },
  {
    "review": "쏘우1을 본 사람들이라면 반전 예상할듯?",
    "date": "13.01.01",
    "rating": "10",
    "author": "ruli****",
    "review_id": "7071031",
    "movie_id": "43210"
  },
  {
    "review": "잘 짜여진 반전",
    "date": "12.12.04",
    "rating": "8",
    "author": "many****",
    "review_id": "6968447",
    "movie_id": "43210"
  },
  {
    "review": "반전도 반전이지만 반전 보다 더 중요한건 정말 교훈적이죠.쏘우를 단지 반전만으로 보지는 말고 각편 마다 주는 교훈이 있으니까 그걸 중심으로 보는거죠.",
    "date": "12.11.24",
    "rating": "10",
    "author": "sams****",
    "review_id": "6922667",
    "movie_id": "43210"
  },
  {
    "review": "반전만 강한 만큼 잔인함도 강해졌다",
    "date": "12.11.21",
    "rating": "10",
    "author": "haid****",
    "review_id": "6910250",
    "movie_id": "43210"
  },
  {
    "review": "2편까지는 명작",
    "date": "12.11.06",
    "rating": "10",
    "author": "tpxk****",
    "review_id": "6859845",
    "movie_id": "43210"
  },
  {
    "review": "개인적으로 1이 더 재밋엇음..",
    "date": "12.10.29",
    "rating": "9",
    "author": "swim****",
    "review_id": "6835178",
    "movie_id": "43210"
  },
  {
    "review": "게임의 진행",
    "date": "12.10.29",
    "rating": "8",
    "author": "kimj****",
    "review_id": "6833622",
    "movie_id": "43210"
  },
  {
    "review": "1보다는 조금 아쉽네. 그래도 나름 선방했다고 생각한다. 근데 어디서 돌대갈들만 뽑아오네.. 걔중에 한넘은 똑똑해야 겜이 더 재미있을텐데... 3탄부터 재미없다는데.. 어쩔까싶다.",
    "date": "12.10.26",
    "rating": "6",
    "author": "ll3l****",
    "review_id": "6827709",
    "movie_id": "43210"
  },
  {
    "review": "1과 세트 영화 둘다 최고 ㅋㅋ",
    "date": "12.10.21",
    "rating": "10",
    "author": "park****",
    "review_id": "6816542",
    "movie_id": "43210"
  },
  {
    "review": "쏘우 1,2 가 좋네요",
    "date": "12.10.12",
    "rating": "10",
    "author": "qwed****",
    "review_id": "6784925",
    "movie_id": "43210"
  },
  {
    "review": "잼따",
    "date": "12.09.29",
    "rating": "10",
    "author": "yeop****",
    "review_id": "6742782",
    "movie_id": "43210"
  },
  {
    "review": "재밌음",
    "date": "12.09.20",
    "rating": "10",
    "author": "kdhd****",
    "review_id": "6715801",
    "movie_id": "43210"
  },
  {
    "review": "쏘우1에 이어 역시 최고의 스릴러반전영화.굿굿",
    "date": "12.09.10",
    "rating": "10",
    "author": "qhdc****",
    "review_id": "6684656",
    "movie_id": "43210"
  },
  {
    "review": "좋아",
    "date": "12.09.10",
    "rating": "9",
    "author": "ryuc****",
    "review_id": "6684214",
    "movie_id": "43210"
  },
  {
    "review": "역시",
    "date": "12.08.28",
    "rating": "10",
    "author": "olll****",
    "review_id": "6649473",
    "movie_id": "43210"
  },
  {
    "review": "씨리즈중단연최고는쏘우2지",
    "date": "12.08.21",
    "rating": "10",
    "author": "dbs3****",
    "review_id": "6632207",
    "movie_id": "43210"
  },
  {
    "review": "굳",
    "date": "12.08.14",
    "rating": "9",
    "author": "hanl****",
    "review_id": "6602151",
    "movie_id": "43210"
  },
  {
    "review": "쏘우시리즈중에 쏘우2가 젤잼는듯 적당히 잔인하고",
    "date": "12.08.07",
    "rating": "8",
    "author": "gold****",
    "review_id": "6580935",
    "movie_id": "43210"
  },
  {
    "review": "1,2는 참 좋았어. 흥미진진한 전개에 깜짝 놀랄만한 반전까지 갖추고 있으니까 말이지. 계속 만들려면 제대로 좀 만들었음 했는데.... 3부터는 그냥 고기를 씹고 뜯고 지지고...... 쯧",
    "date": "12.07.31",
    "rating": "8",
    "author": "dlrm****",
    "review_id": "6557455",
    "movie_id": "43210"
  },
  {
    "review": "그만 나와라 감독은 쏘우2까지 만족해야했다 ㅡㅡ",
    "date": "12.07.28",
    "rating": "10",
    "author": "moti****",
    "review_id": "6547975",
    "movie_id": "43210"
  },
  {
    "review": "이 작품 이후부터 스릴러가 아니라 슬래셔 호러로 전락..",
    "date": "12.07.16",
    "rating": "7",
    "author": "spaw****",
    "review_id": "6484771",
    "movie_id": "43210"
  },
  {
    "review": "쏘우시리즈는 2부작으로 종결해야 했다.",
    "date": "12.07.14",
    "rating": "9",
    "author": "jhvi****",
    "review_id": "6478020",
    "movie_id": "43210"
  },
  {
    "review": "직쏘는 프로게이머네 임요환급 정도 되는듯",
    "date": "12.07.02",
    "rating": "10",
    "author": "opop****",
    "review_id": "6439433",
    "movie_id": "43210"
  },
  {
    "review": "좋은 울궈먹기 시리즈가 갈수록 망해가는게 쏘우 시리즈 포인트",
    "date": "12.06.19",
    "rating": "9",
    "author": "vgks****",
    "review_id": "6401929",
    "movie_id": "43210"
  },
  {
    "review": "말이 필요없다 마지막 반전 ㅎㄷ",
    "date": "12.06.15",
    "rating": "10",
    "author": "soo2****",
    "review_id": "6393310",
    "movie_id": "43210"
  },
  {
    "review": "이토록 재밌는 속편도 있을까?",
    "date": "12.06.14",
    "rating": "7",
    "author": "leme****",
    "review_id": "6390813",
    "movie_id": "43210"
  },
  {
    "review": "생각보다 괜찮은 속편",
    "date": "12.05.21",
    "rating": "6",
    "author": "dudd****",
    "review_id": "6319665",
    "movie_id": "43210"
  },
  {
    "review": "마지막에 1편과 2편이 연결되어 있어 무척 신기하였고 재미있었습니다 =)",
    "date": "12.05.21",
    "rating": "8",
    "author": "kalt****",
    "review_id": "6319407",
    "movie_id": "43210"
  },
  {
    "review": "생각치도 못한 반전",
    "date": "12.05.12",
    "rating": "10",
    "author": "kimm****",
    "review_id": "6292780",
    "movie_id": "43210"
  },
  {
    "review": "볼만한 공포와 스릴러 하지만 전작에 비해 감흥은 덜한듯",
    "date": "12.05.12",
    "rating": "6",
    "author": "dan_****",
    "review_id": "6291007",
    "movie_id": "43210"
  },
  {
    "review": "직쏘는 뒤에 숨어서 말도 안되는 아집을 미화시켜 변명하는 심술궂은 노친네일 뿐이다",
    "date": "12.05.06",
    "rating": "6",
    "author": "gjin****",
    "review_id": "6278510",
    "movie_id": "43210"
  },
  {
    "review": "나름 철학적인 면도 있고 반전도 있고 나쁘지 않았지만 또라이 한명땜에 개고생",
    "date": "12.05.01",
    "rating": "7",
    "author": "jeon****",
    "review_id": "6261853",
    "movie_id": "43210"
  },
  {
    "review": "게임 중독자군.",
    "date": "12.04.30",
    "rating": "8",
    "author": "giga****",
    "review_id": "6258409",
    "movie_id": "43210"
  },
  {
    "review": "저는 오히려 이게 좋은데???",
    "date": "12.04.23",
    "rating": "10",
    "author": "mey4****",
    "review_id": "6242148",
    "movie_id": "43210"
  },
  {
    "review": "기껏 직쏘 잡았더니 잡지도못하고 무능한 경찰들 ㅉㅉ 개 쓰레기영화",
    "date": "12.04.18",
    "rating": "1",
    "author": "taes****",
    "review_id": "6230997",
    "movie_id": "43210"
  },
  {
    "review": "1편만큼의 임팩트는 아니지만, 충분히 재미를 느낄 만한 작품",
    "date": "12.02.28",
    "rating": "7",
    "author": "mygr****",
    "review_id": "6109818",
    "movie_id": "43210"
  },
  {
    "review": "1편과 2편은 진짜 대박 .. 왕 ..",
    "date": "12.02.24",
    "rating": "10",
    "author": "gca1****",
    "review_id": "6100377",
    "movie_id": "43210"
  },
  {
    "review": "이것은 자신의삶에반성하라는교훈을준다 어린것들이봐서 뭘알겠나 딴사람이한말만따라하지",
    "date": "12.02.24",
    "rating": "10",
    "author": "bb79****",
    "review_id": "6099571",
    "movie_id": "43210"
  },
  {
    "review": "볼만합니다.. 킬링타임용으로 함 봐보시는것도.. ㅎㅎ",
    "date": "12.02.14",
    "rating": "8",
    "author": "jnwk****",
    "review_id": "6074399",
    "movie_id": "43210"
  },
  {
    "review": "김이 쫌 빠지네........반전 알면서도 소름.....",
    "date": "12.01.07",
    "rating": "8",
    "author": "mins****",
    "review_id": "5967076",
    "movie_id": "43210"
  },
  {
    "review": "고어 의존도가 높다.",
    "date": "11.12.26",
    "rating": "5",
    "author": "pria****",
    "review_id": "5935469",
    "movie_id": "43210"
  }
]