[
  {
    "review": "흥미 위주를 목적으로 한 드라마... 결론은 별로라는 말씀...",
    "date": "07.10.26",
    "rating": "2",
    "author": "king****",
    "review_id": "2112908",
    "movie_id": "43256"
  },
  {
    "review": "드라마가 이러케 지루할수 있낭?",
    "date": "07.08.04",
    "rating": "3",
    "author": "yo13****",
    "review_id": "1871222",
    "movie_id": "43256"
  },
  {
    "review": "30대 사이에 김흥수가 낀 것부터 안 맞어..",
    "date": "06.10.20",
    "rating": "3",
    "author": "abou****",
    "review_id": "1190334",
    "movie_id": "43256"
  },
  {
    "review": "스토리가 이상하다?",
    "date": "06.08.01",
    "rating": "7",
    "author": "zeed****",
    "review_id": "953507",
    "movie_id": "43256"
  },
  {
    "review": "최강조합..굿..굿..!!",
    "date": "06.07.17",
    "rating": "1",
    "author": "iz20****",
    "review_id": "900281",
    "movie_id": "43256"
  },
  {
    "review": "이상해- - 스토리가자연스럽지가않고 결말이 압박",
    "date": "06.05.16",
    "rating": "1",
    "author": "cooo****",
    "review_id": "802522",
    "movie_id": "43256"
  },
  {
    "review": "포장마차서 카드 꺼내는 장면 압권",
    "date": "06.05.02",
    "rating": "1",
    "author": "qaaz****",
    "review_id": "783200",
    "movie_id": "43256"
  },
  {
    "review": "너무 광고 마니함..",
    "date": "06.03.05",
    "rating": "1",
    "author": "aw23****",
    "review_id": "705610",
    "movie_id": "43256"
  },
  {
    "review": "나와서도, 나왔어도 안 될 호로졸작.",
    "date": "06.03.02",
    "rating": "1",
    "author": "wons****",
    "review_id": "700815",
    "movie_id": "43256"
  },
  {
    "review": "너무 재미있게 봤고요 ost도 너무 좋았고...^^!!!",
    "date": "06.02.28",
    "rating": "10",
    "author": "5735****",
    "review_id": "697262",
    "movie_id": "43256"
  },
  {
    "review": "너무 재밌게 봤던 드라마^_^",
    "date": "06.02.22",
    "rating": "10",
    "author": "gywj****",
    "review_id": "685685",
    "movie_id": "43256"
  },
  {
    "review": "뒤로갈수록 점점 괜찮아지는 드라마.. 아쉽다",
    "date": "06.02.04",
    "rating": "10",
    "author": "juhy****",
    "review_id": "646692",
    "movie_id": "43256"
  },
  {
    "review": "콧소리에 세상물정모르고 예쁜척 요즘 그런 공주는 인기없는데..",
    "date": "06.01.29",
    "rating": "6",
    "author": "yeni****",
    "review_id": "630448",
    "movie_id": "43256"
  },
  {
    "review": "뒤로 갈수록 정말 재밌음!",
    "date": "06.01.28",
    "rating": "10",
    "author": "zoas****",
    "review_id": "628042",
    "movie_id": "43256"
  },
  {
    "review": "식상식상",
    "date": "06.01.15",
    "rating": "7",
    "author": "pika****",
    "review_id": "590560",
    "movie_id": "43256"
  },
  {
    "review": "한군데도 재미를 찾아보기가 너무나 힘겨웠던 드라마.",
    "date": "05.12.28",
    "rating": "4",
    "author": "jcr3****",
    "review_id": "534142",
    "movie_id": "43256"
  },
  {
    "review": "비데공주로 화재가 되었던 그 드라마.",
    "date": "05.12.25",
    "rating": "1",
    "author": "blue****",
    "review_id": "528711",
    "movie_id": "43256"
  },
  {
    "review": "캐스팅에 비하면 내용은 최악이다",
    "date": "05.11.06",
    "rating": "5",
    "author": "desp****",
    "review_id": "466663",
    "movie_id": "43256"
  },
  {
    "review": "재밌었음 ^^",
    "date": "05.10.27",
    "rating": "10",
    "author": "dksw****",
    "review_id": "455991",
    "movie_id": "43256"
  },
  {
    "review": "정말 좋아여^^",
    "date": "05.10.13",
    "rating": "10",
    "author": "whtj****",
    "review_id": "441621",
    "movie_id": "43256"
  },
  {
    "review": "너무 좋아요",
    "date": "05.10.12",
    "rating": "10",
    "author": "qufs****",
    "review_id": "440927",
    "movie_id": "43256"
  },
  {
    "review": "정말 재밌었어요.",
    "date": "05.10.12",
    "rating": "10",
    "author": "want****",
    "review_id": "440744",
    "movie_id": "43256"
  },
  {
    "review": "좋아요",
    "date": "05.09.30",
    "rating": "10",
    "author": "skfk****",
    "review_id": "428568",
    "movie_id": "43256"
  },
  {
    "review": "이런거 진짜 식상해..",
    "date": "05.09.26",
    "rating": "1",
    "author": "bayg****",
    "review_id": "423433",
    "movie_id": "43256"
  },
  {
    "review": "누가뭐래도 재밌고 즐겁게 봤습니다",
    "date": "05.09.23",
    "rating": "10",
    "author": "hina****",
    "review_id": "419262",
    "movie_id": "43256"
  },
  {
    "review": "장난쳐요~??",
    "date": "05.09.17",
    "rating": "1",
    "author": "xyto****",
    "review_id": "409325",
    "movie_id": "43256"
  },
  {
    "review": "진짜 재미있어요., ㅋㅋㅋ 알려뷰 ㅋㅋ",
    "date": "05.09.16",
    "rating": "10",
    "author": "miso****",
    "review_id": "407681",
    "movie_id": "43256"
  },
  {
    "review": "정은이 언니이쁘당..ㅎ",
    "date": "05.09.12",
    "rating": "10",
    "author": "kang****",
    "review_id": "403097",
    "movie_id": "43256"
  },
  {
    "review": "정준호멋있어",
    "date": "05.09.11",
    "rating": "10",
    "author": "dnss****",
    "review_id": "401697",
    "movie_id": "43256"
  },
  {
    "review": "정말 정준호씨 연기 너무 잘하세요",
    "date": "05.09.09",
    "rating": "10",
    "author": "viii****",
    "review_id": "398504",
    "movie_id": "43256"
  },
  {
    "review": "정말 재미 있고 좋다.",
    "date": "05.08.29",
    "rating": "10",
    "author": "tjdt****",
    "review_id": "388212",
    "movie_id": "43256"
  },
  {
    "review": "부자들 얘기 드라마 아니면 어디서 접하겠어요? 루루공주 홧팅!!",
    "date": "05.08.29",
    "rating": "10",
    "author": "ange****",
    "review_id": "388195",
    "movie_id": "43256"
  },
  {
    "review": "기대에못미치는두스타의부진한연기력.억지스러운스토리전개",
    "date": "05.08.29",
    "rating": "1",
    "author": "fria****",
    "review_id": "388007",
    "movie_id": "43256"
  },
  {
    "review": "넘 잼있어",
    "date": "05.08.21",
    "rating": "10",
    "author": "yoon****",
    "review_id": "377701",
    "movie_id": "43256"
  },
  {
    "review": "생각보다 너무 슬프고 재밌다. 이 정도로 폐인 될 줄 몰랐음",
    "date": "05.08.20",
    "rating": "10",
    "author": "yang****",
    "review_id": "375499",
    "movie_id": "43256"
  },
  {
    "review": "굿입니다.",
    "date": "05.08.11",
    "rating": "10",
    "author": "akqk****",
    "review_id": "361503",
    "movie_id": "43256"
  },
  {
    "review": "앞으로가 더욱 기대됩니다.",
    "date": "05.08.07",
    "rating": "10",
    "author": "1tbm****",
    "review_id": "357201",
    "movie_id": "43256"
  },
  {
    "review": "대박이요김정은언니정준호 오빠?,김흥수오빠너무 너무 좋아요♥",
    "date": "05.08.06",
    "rating": "10",
    "author": "aksl****",
    "review_id": "354694",
    "movie_id": "43256"
  },
  {
    "review": "루루공주 너무 좋아요~^0^ㅎㅎ//",
    "date": "05.07.29",
    "rating": "10",
    "author": "klms****",
    "review_id": "340653",
    "movie_id": "43256"
  },
  {
    "review": "너무 재미 잇어요 >   신고",
    "date": "05.07.29",
    "rating": "10",
    "author": "wkdd****",
    "review_id": "340367",
    "movie_id": "43256"
  },
  {
    "review": "뭐 이런 !@$!!##%$%@# 같은 드라마가 다있어? 최악!!",
    "date": "05.07.29",
    "rating": "1",
    "author": "bong****",
    "review_id": "340194",
    "movie_id": "43256"
  }
]