[
  {
    "review": "홍콩의 진가신 할리웃을 돌고 돌아 홍콩 뮤지컬로 돌아오다!",
    "date": "14.10.09",
    "rating": "10",
    "author": "haen****",
    "review_id": "9278194",
    "movie_id": "43254"
  },
  {
    "review": "배우들의 연기가 정말 잘 어우러졌던 영화. 가슴이 절절했다. 뮤직컬 영화로써 이질감도 전혀 나지 않았다. 감독만의 분위기를 잘 살린 듯.",
    "date": "14.06.29",
    "rating": "10",
    "author": "i3bi****",
    "review_id": "8869598",
    "movie_id": "43254"
  },
  {
    "review": "볼 만 한  영화다. 음악  넘 좋고 특히 결말에 나온 음악이 좋았음.  저우쉰과 금성무 연기 잘했다.",
    "date": "14.06.26",
    "rating": "10",
    "author": "melo****",
    "review_id": "8858071",
    "movie_id": "43254"
  },
  {
    "review": "평점 왜 이러지? 주신 짱!",
    "date": "13.10.10",
    "rating": "8",
    "author": "come****",
    "review_id": "8049514",
    "movie_id": "43254"
  },
  {
    "review": "홍콩에서도 수준 있는 뮤지컬 영화를 만들어 냈다.",
    "date": "13.07.07",
    "rating": "7",
    "author": "cont****",
    "review_id": "7713468",
    "movie_id": "43254"
  },
  {
    "review": "뮤지컬 잘 봤다",
    "date": "13.07.03",
    "rating": "10",
    "author": "haid****",
    "review_id": "7700268",
    "movie_id": "43254"
  },
  {
    "review": "지진희 ♥♥♥♥♥♥♥",
    "date": "13.06.19",
    "rating": "10",
    "author": "mey4****",
    "review_id": "7656936",
    "movie_id": "43254"
  },
  {
    "review": "평점이 왜 낮게 나오지?",
    "date": "13.06.13",
    "rating": "10",
    "author": "sh15****",
    "review_id": "7634287",
    "movie_id": "43254"
  },
  {
    "review": "이런 영화는 볼만 했다",
    "date": "13.06.13",
    "rating": "10",
    "author": "shsh****",
    "review_id": "7634207",
    "movie_id": "43254"
  },
  {
    "review": "결말이 너무 아쉬웠다",
    "date": "13.05.13",
    "rating": "7",
    "author": "iiii****",
    "review_id": "7526574",
    "movie_id": "43254"
  },
  {
    "review": "진정성과 개연성 있는 전개",
    "date": "12.12.29",
    "rating": "10",
    "author": "sylv****",
    "review_id": "7061823",
    "movie_id": "43254"
  },
  {
    "review": "중국판 물랑루주같음..물랑루주에 비할게 못되긴하지만배우들의 연기도굿 스토리도 나름 굿..",
    "date": "12.05.14",
    "rating": "7",
    "author": "yehb****",
    "review_id": "6297781",
    "movie_id": "43254"
  },
  {
    "review": "폭풍수면하기.좋은영화",
    "date": "12.04.01",
    "rating": "2",
    "author": "rlax****",
    "review_id": "6185814",
    "movie_id": "43254"
  },
  {
    "review": "끝이 조금 아쉽지만.. 그래도 괜찮은 영화 ㅎㅎㅎ",
    "date": "12.01.18",
    "rating": "7",
    "author": "pupa****",
    "review_id": "5995257",
    "movie_id": "43254"
  },
  {
    "review": "난... 이 영화를 아름답다고 하고 싶다. 그리고... 따뜻하다.",
    "date": "12.01.03",
    "rating": "10",
    "author": "luci****",
    "review_id": "5956322",
    "movie_id": "43254"
  },
  {
    "review": "많은 생각을 하게 해 주는 영화였습니당..",
    "date": "11.12.22",
    "rating": "10",
    "author": "kim_****",
    "review_id": "5922837",
    "movie_id": "43254"
  },
  {
    "review": "어설픈연출",
    "date": "11.08.22",
    "rating": "3",
    "author": "naeg****",
    "review_id": "5680557",
    "movie_id": "43254"
  },
  {
    "review": "금성무의 숨막히는 미모 + 게리 올드먼을 떠올리게 하는 장학우.",
    "date": "11.07.16",
    "rating": "7",
    "author": "pink****",
    "review_id": "5547323",
    "movie_id": "43254"
  },
  {
    "review": "노래도 배우도 모두 좋았던 영화였어요~ 추천합니다^^",
    "date": "11.02.26",
    "rating": "10",
    "author": "gard****",
    "review_id": "5277120",
    "movie_id": "43254"
  },
  {
    "review": "후반부 전개가 좀 늘어지긴 하지만 감성적대사&남여주연배우&화면클로즈업이 훌륭했다",
    "date": "10.12.20",
    "rating": "9",
    "author": "mice****",
    "review_id": "5067139",
    "movie_id": "43254"
  },
  {
    "review": "중국어로 뮤지컬듣는기분이란...닭장앞에서 하루종일 쪼그리고 앉아있으면 이런 느낌?",
    "date": "10.09.14",
    "rating": "3",
    "author": "baks****",
    "review_id": "4835564",
    "movie_id": "43254"
  },
  {
    "review": "생각보다 꽤 괜찮은 영화다....리뷰만 보고 못볼 뻔한영화였다...기대이상이었음",
    "date": "10.04.16",
    "rating": "10",
    "author": "kime****",
    "review_id": "4434696",
    "movie_id": "43254"
  },
  {
    "review": "난 좋아, 좋았다고! 중국판 물랑루즈라 해도 아깝지않을정도!",
    "date": "10.03.27",
    "rating": "10",
    "author": "snf5****",
    "review_id": "4391239",
    "movie_id": "43254"
  },
  {
    "review": "쓰레기 중국 영화",
    "date": "10.01.27",
    "rating": "1",
    "author": "edan****",
    "review_id": "4212786",
    "movie_id": "43254"
  },
  {
    "review": "조금 아쉽긴 하지만 명감독과 대배우들, 감미로운 노래들로 충분히 좋음",
    "date": "09.06.26",
    "rating": "7",
    "author": "jhjk****",
    "review_id": "3593238",
    "movie_id": "43254"
  },
  {
    "review": "라스트씬(주신,금성무 전화하고 우는)에서 나도 울었다...",
    "date": "09.05.23",
    "rating": "10",
    "author": "dusu****",
    "review_id": "3516837",
    "movie_id": "43254"
  },
  {
    "review": "ost가 돋보이는 영화..",
    "date": "09.04.18",
    "rating": "7",
    "author": "bkm1****",
    "review_id": "3427255",
    "movie_id": "43254"
  },
  {
    "review": "너무 좋아서 OST, DVD까지 다 샀어요. 결말이 아쉽긴하지만 그 외엔 다 완벽.",
    "date": "09.03.30",
    "rating": "10",
    "author": "tear****",
    "review_id": "3396108",
    "movie_id": "43254"
  },
  {
    "review": "중국영화중 볼만한 무대영화..",
    "date": "09.03.21",
    "rating": "7",
    "author": "bkm1****",
    "review_id": "3378538",
    "movie_id": "43254"
  },
  {
    "review": "짜임새가 부실하고 감정에 몰입하기 힘들다. 배우들이 아깝다",
    "date": "09.03.06",
    "rating": "5",
    "author": "kamj****",
    "review_id": "3349362",
    "movie_id": "43254"
  },
  {
    "review": "잘 만들었다는 생각이 듭니다.",
    "date": "09.03.02",
    "rating": "10",
    "author": "agap****",
    "review_id": "3343362",
    "movie_id": "43254"
  },
  {
    "review": "평점 너무 낮다;.허접한 면이 가끔 보이긴 하지만 섬세하고 아름답게 잘 묘사한 듯",
    "date": "09.02.25",
    "rating": "9",
    "author": "yoon****",
    "review_id": "3331277",
    "movie_id": "43254"
  },
  {
    "review": "평점 이상하다. 사랑해본 사람이라면 오신다. 그분이..",
    "date": "09.02.08",
    "rating": "10",
    "author": "bdch****",
    "review_id": "3287256",
    "movie_id": "43254"
  },
  {
    "review": "잔잔하고 음악좋고 연기좋고",
    "date": "09.02.05",
    "rating": "10",
    "author": "jjok****",
    "review_id": "3279360",
    "movie_id": "43254"
  },
  {
    "review": "금성무♥그의..사랑에대한느낌표현들.너무슬프고아름다웠다.내생의최고의멜로영화다.",
    "date": "09.01.25",
    "rating": "10",
    "author": "toto****",
    "review_id": "3247454",
    "movie_id": "43254"
  },
  {
    "review": "이상하게도, 여운이 남는 영화.  배우,스토리,노래는 좋다. 하지만 뭔가부족허다",
    "date": "08.11.30",
    "rating": "8",
    "author": "bong****",
    "review_id": "3080935",
    "movie_id": "43254"
  },
  {
    "review": "속지말자. 원래 딱6점. 노력은 가상하나 역시 미흡하다.",
    "date": "08.11.19",
    "rating": "6",
    "author": "wony****",
    "review_id": "3059636",
    "movie_id": "43254"
  },
  {
    "review": "이 영화 정말 마음에 와닿았는데 평점이 낮아서 슬프네요 ㅠㅠ",
    "date": "08.11.15",
    "rating": "10",
    "author": "inda****",
    "review_id": "3051216",
    "movie_id": "43254"
  },
  {
    "review": "주연배우들 연기도 좋고, 노래도 좋고 그러나 스토리가 설득력이 부족?",
    "date": "08.09.15",
    "rating": "9",
    "author": "woxi****",
    "review_id": "2947656",
    "movie_id": "43254"
  },
  {
    "review": "의외로 평점이 많이 낮네; 평점 올리자는 의미에서 10점. 난 좋았어",
    "date": "08.08.19",
    "rating": "10",
    "author": "dlwl****",
    "review_id": "2886303",
    "movie_id": "43254"
  },
  {
    "review": "너무 재밌어요,,.,, 노래도 좋고,,,,",
    "date": "08.08.08",
    "rating": "10",
    "author": "cje6****",
    "review_id": "2848886",
    "movie_id": "43254"
  },
  {
    "review": "난 재밌게 봤는데... 야밤에 불 다끄고 혼자 보는데 진짜 여운이 남더라",
    "date": "08.08.04",
    "rating": "10",
    "author": "hoja****",
    "review_id": "2834790",
    "movie_id": "43254"
  },
  {
    "review": "장면장면 카메라도 잘잡힌듯 하고, 배우들의 연기가 감동적이네요!",
    "date": "08.08.02",
    "rating": "10",
    "author": "knai****",
    "review_id": "2828933",
    "movie_id": "43254"
  },
  {
    "review": "왜 돌아왔을까? 그냥 가버리시지... 화려함에도 불구하고 뭔가 부족한 듯한.",
    "date": "08.05.30",
    "rating": "7",
    "author": "wodl****",
    "review_id": "2671414",
    "movie_id": "43254"
  },
  {
    "review": "재밌어요~!",
    "date": "08.05.04",
    "rating": "10",
    "author": "kwon****",
    "review_id": "2615301",
    "movie_id": "43254"
  },
  {
    "review": "광팬이지만 이건 아니다 진짜 허접해",
    "date": "08.02.25",
    "rating": "1",
    "author": "dlag****",
    "review_id": "2482553",
    "movie_id": "43254"
  },
  {
    "review": "물에 풍덩풍덩 빠지는 장면들이 좋았음. 연결이 슈슉 되는게.",
    "date": "08.02.11",
    "rating": "10",
    "author": "chun****",
    "review_id": "2434423",
    "movie_id": "43254"
  },
  {
    "review": "뮤지컬적인 면보다는, 탄탄한 연기와 잔잔한 여운에 감동.",
    "date": "08.02.03",
    "rating": "9",
    "author": "sexy****",
    "review_id": "2400760",
    "movie_id": "43254"
  },
  {
    "review": "뒷심 부족. 뒤로 갈수록 약해지는 몰입도. 연출의 문제? 시나리오의 문제?",
    "date": "08.02.02",
    "rating": "5",
    "author": "laks****",
    "review_id": "2397574",
    "movie_id": "43254"
  },
  {
    "review": "시도는 좋았다 허나 서양뮤지컬에 길들여진 나로써는 허접해만 보였다",
    "date": "07.12.18",
    "rating": "5",
    "author": "okjo****",
    "review_id": "2242784",
    "movie_id": "43254"
  },
  {
    "review": "금성무 광팬이지만 이건 좀 아니다.. 영화가 너무 허접해.... ㅠ.ㅠ",
    "date": "07.12.15",
    "rating": "1",
    "author": "iamj****",
    "review_id": "2233010",
    "movie_id": "43254"
  },
  {
    "review": "장난하냐? 물랑루즈 짝퉁. 스토리 약간 다르게 한거 말고 뭐가 다른데?",
    "date": "07.12.15",
    "rating": "1",
    "author": "gatt****",
    "review_id": "2233007",
    "movie_id": "43254"
  },
  {
    "review": "너무조아요 음악도 좋구요....",
    "date": "07.12.09",
    "rating": "9",
    "author": "lett****",
    "review_id": "2218834",
    "movie_id": "43254"
  },
  {
    "review": "매력적인 서사긴 한데, 버무리는 솜씨가 시원찮다.",
    "date": "07.10.01",
    "rating": "5",
    "author": "ghdl****",
    "review_id": "2063379",
    "movie_id": "43254"
  },
  {
    "review": "오랜만에 현실적인 사랑의 한편의 영화를 본거같아 기분이 좋습니다 ㅋ",
    "date": "07.09.30",
    "rating": "10",
    "author": "rtyf****",
    "review_id": "2062272",
    "movie_id": "43254"
  },
  {
    "review": "ㅋ그냥 화려하고 볼만했던 영화 이런 로맨스는 원츄~!",
    "date": "07.08.06",
    "rating": "7",
    "author": "aprl****",
    "review_id": "1891393",
    "movie_id": "43254"
  },
  {
    "review": "잘만들었어요~^^",
    "date": "07.07.19",
    "rating": "10",
    "author": "ande****",
    "review_id": "1790063",
    "movie_id": "43254"
  },
  {
    "review": "사랑. 세 사람의 복잡하게 얽혀있는 감정. 노래와 춤. 볼만하다!",
    "date": "07.07.06",
    "rating": "8",
    "author": "kana****",
    "review_id": "1751638",
    "movie_id": "43254"
  },
  {
    "review": "동양의 수준이기에.. 여주인공 귀여웠음",
    "date": "07.06.21",
    "rating": "8",
    "author": "bo58****",
    "review_id": "1712869",
    "movie_id": "43254"
  },
  {
    "review": "솔직히 다른 뮤지컬 영화보다는 조금 어색했어요;;",
    "date": "07.05.12",
    "rating": "5",
    "author": "aqua****",
    "review_id": "1633522",
    "movie_id": "43254"
  },
  {
    "review": "금성무최고.... 끝에결말이쫌....-_-;;",
    "date": "07.03.14",
    "rating": "7",
    "author": "cute****",
    "review_id": "1534117",
    "movie_id": "43254"
  },
  {
    "review": "너무식상하다. 지진희좋아라하는데 ..여기웨나왔을까?;;",
    "date": "07.03.06",
    "rating": "4",
    "author": "ebbi****",
    "review_id": "1520876",
    "movie_id": "43254"
  },
  {
    "review": "우리나라에서 뮤지컬 만들면 이것보단 더 잘만들겠다!",
    "date": "07.03.05",
    "rating": "6",
    "author": "lhcg****",
    "review_id": "1520347",
    "movie_id": "43254"
  },
  {
    "review": "1점준사람들 이건헐리우드영화가아니라동양영화라는 걸",
    "date": "07.02.08",
    "rating": "10",
    "author": "sksn****",
    "review_id": "1454212",
    "movie_id": "43254"
  },
  {
    "review": "좋은 영화,,,본 다음 생각해보면 정멀 좋은 뮤지컬영화",
    "date": "07.01.07",
    "rating": "9",
    "author": "surp****",
    "review_id": "1364743",
    "movie_id": "43254"
  },
  {
    "review": "아름답고 섬세한거 다 둘째치고 재미가 없다. 지루해..ㅠㅠ",
    "date": "07.01.06",
    "rating": "5",
    "author": "juin****",
    "review_id": "1362512",
    "movie_id": "43254"
  },
  {
    "review": "지루해서 미치는 줄 알았음......",
    "date": "06.12.24",
    "rating": "5",
    "author": "find****",
    "review_id": "1319657",
    "movie_id": "43254"
  },
  {
    "review": "그냥 볼만했는데 회상장면 너무 길다...",
    "date": "06.12.19",
    "rating": "7",
    "author": "lady****",
    "review_id": "1304516",
    "movie_id": "43254"
  },
  {
    "review": "영화관 뛰쳐나오고 싶은 충동을 일으킨 최초영화",
    "date": "06.11.10",
    "rating": "6",
    "author": "juyi****",
    "review_id": "1225532",
    "movie_id": "43254"
  },
  {
    "review": "퍼햅스러브가 물랑루즈 리메이크판도 아닌데 참..",
    "date": "06.10.12",
    "rating": "7",
    "author": "quad****",
    "review_id": "1176628",
    "movie_id": "43254"
  },
  {
    "review": "물랑루즈좀...",
    "date": "06.10.04",
    "rating": "1",
    "author": "hjki****",
    "review_id": "1159295",
    "movie_id": "43254"
  },
  {
    "review": "이건 아니잖아",
    "date": "06.10.02",
    "rating": "1",
    "author": "twoc****",
    "review_id": "1154383",
    "movie_id": "43254"
  },
  {
    "review": "무슨영화인지도 모르게 봣던 이상한 영화",
    "date": "06.09.10",
    "rating": "3",
    "author": "mlhs****",
    "review_id": "1116219",
    "movie_id": "43254"
  },
  {
    "review": "물랑루즈에 길들여진 탓인지 평범해 보이기까지했다",
    "date": "06.09.10",
    "rating": "8",
    "author": "2030****",
    "review_id": "1115212",
    "movie_id": "43254"
  },
  {
    "review": "내 감성에 딱 맞는 영화,오래도록 여운이 가시질 않는다",
    "date": "06.09.10",
    "rating": "10",
    "author": "cjon****",
    "review_id": "1114851",
    "movie_id": "43254"
  },
  {
    "review": "...",
    "date": "06.09.05",
    "rating": "10",
    "author": "ckd7****",
    "review_id": "1105710",
    "movie_id": "43254"
  },
  {
    "review": "내 스타일 영화-물랑루즈는 진행이 너무 빨라 정신없었던 기억-",
    "date": "06.09.04",
    "rating": "9",
    "author": "qlxo****",
    "review_id": "1103650",
    "movie_id": "43254"
  },
  {
    "review": "영화가 끝났는줄 모르고 계속 앉아 있던 영화-_-;",
    "date": "06.08.31",
    "rating": "6",
    "author": "like****",
    "review_id": "1092009",
    "movie_id": "43254"
  },
  {
    "review": "이거보고 감동받을 빠에 물랑루즈 한번 더보겠다.",
    "date": "06.08.31",
    "rating": "3",
    "author": "goya****",
    "review_id": "1091158",
    "movie_id": "43254"
  },
  {
    "review": "물랑루즈 때문에 더 저평가 받는 듯...",
    "date": "06.08.18",
    "rating": "8",
    "author": "soci****",
    "review_id": "1049863",
    "movie_id": "43254"
  },
  {
    "review": "스토리는 쫌 완벽보다는 딸리지만 그래도 볼거리는 풍부했다",
    "date": "06.08.12",
    "rating": "9",
    "author": "roug****",
    "review_id": "1012567",
    "movie_id": "43254"
  },
  {
    "review": "연기력들은 좋은데..여기저기 많이 배낀 흔적이...",
    "date": "06.07.26",
    "rating": "6",
    "author": "21ab****",
    "review_id": "922865",
    "movie_id": "43254"
  },
  {
    "review": "물랑루즈의 힘보다 진한 감정연기 !",
    "date": "06.07.18",
    "rating": "9",
    "author": "blue****",
    "review_id": "903599",
    "movie_id": "43254"
  },
  {
    "review": "물랑루즈를 따라갈수 없는...가창력도 부족한...ㅠㅠ",
    "date": "06.07.03",
    "rating": "5",
    "author": "slla****",
    "review_id": "868230",
    "movie_id": "43254"
  },
  {
    "review": "금성무의 눈빛은 여전했다.  심동의 감동을 다시한번.",
    "date": "06.05.27",
    "rating": "10",
    "author": "tucr****",
    "review_id": "819006",
    "movie_id": "43254"
  },
  {
    "review": "새로운 시도배우들의 연기력.처음와닿는 영화! 그느낌에 9점",
    "date": "06.05.20",
    "rating": "9",
    "author": "11jy****",
    "review_id": "807571",
    "movie_id": "43254"
  },
  {
    "review": "지진희 맨처음 춤 웃기다  그뿐이다. 별로 화려하지않음",
    "date": "06.05.17",
    "rating": "6",
    "author": "kjy3****",
    "review_id": "803649",
    "movie_id": "43254"
  },
  {
    "review": "지진희나오는 처음 부분만 좋았어",
    "date": "06.05.05",
    "rating": "4",
    "author": "choa****",
    "review_id": "786803",
    "movie_id": "43254"
  },
  {
    "review": "지진희씨의 출연이 생각보다 많지 않아서..",
    "date": "06.04.23",
    "rating": "9",
    "author": "wjdt****",
    "review_id": "772154",
    "movie_id": "43254"
  },
  {
    "review": "잘생긴금성무",
    "date": "06.04.10",
    "rating": "8",
    "author": "thaz****",
    "review_id": "756822",
    "movie_id": "43254"
  },
  {
    "review": "새로운 시도에 7점",
    "date": "06.04.09",
    "rating": "7",
    "author": "531k****",
    "review_id": "754695",
    "movie_id": "43254"
  },
  {
    "review": "정말 감동적이었어요개인마다 평이 다르긴하겠지만",
    "date": "06.04.01",
    "rating": "10",
    "author": "empu****",
    "review_id": "744636",
    "movie_id": "43254"
  },
  {
    "review": "그냥 그랬다. 노래는 좋았지만.",
    "date": "06.04.01",
    "rating": "6",
    "author": "kero****",
    "review_id": "743425",
    "movie_id": "43254"
  },
  {
    "review": "역시 진가신이다! 의미있는 시도와 가능성.",
    "date": "06.03.24",
    "rating": "10",
    "author": "tjda****",
    "review_id": "730898",
    "movie_id": "43254"
  },
  {
    "review": "이게 2005년 중국최고영화? 지진희는 엑스트라? ㅡㅡ;",
    "date": "06.03.22",
    "rating": "4",
    "author": "gall****",
    "review_id": "728408",
    "movie_id": "43254"
  },
  {
    "review": "이미테이션의 한계 혹은 헐리우드를 능가하는 동양적 감수성",
    "date": "06.03.02",
    "rating": "8",
    "author": "taeg****",
    "review_id": "701655",
    "movie_id": "43254"
  },
  {
    "review": "다른 뮤직컬영화보다는 좀 떨어진다...-.-;;",
    "date": "06.03.01",
    "rating": "7",
    "author": "shom****",
    "review_id": "698088",
    "movie_id": "43254"
  },
  {
    "review": "동양적인맛을빼니 물랑루즈아류작으로밖에 안보인다.",
    "date": "06.02.28",
    "rating": "3",
    "author": "dele****",
    "review_id": "696055",
    "movie_id": "43254"
  },
  {
    "review": "뮤지컬영화라고 하기엔 상당히 졸리다...",
    "date": "06.02.27",
    "rating": "3",
    "author": "kmgu****",
    "review_id": "695210",
    "movie_id": "43254"
  },
  {
    "review": "한번몰만하지만시카고 중국화엔실페 기대마삼",
    "date": "06.02.26",
    "rating": "10",
    "author": "even****",
    "review_id": "692585",
    "movie_id": "43254"
  }
]