[
  {
    "review": "나는 이런 정적인 영화와는 맞지 않는가 보다.",
    "date": "15.04.24",
    "rating": "3",
    "author": "jame****",
    "review_id": "9863614",
    "movie_id": "43369"
  },
  {
    "review": "감사합니다. 에밀리 아담스 보러 왔음",
    "date": "15.02.20",
    "rating": "6",
    "author": "ggol****",
    "review_id": "9716542",
    "movie_id": "43369"
  },
  {
    "review": "지루한 영상의 연속이라 보기 힘든 영화",
    "date": "14.12.25",
    "rating": "1",
    "author": "mara****",
    "review_id": "9514227",
    "movie_id": "43369"
  },
  {
    "review": "let it be의 영상화. 가정을 상대로 미시적 관점에서의 진보적 성찰이 힘 들이지 않고 펼쳐진다.",
    "date": "14.08.07",
    "rating": "7",
    "author": "tear****",
    "review_id": "9045494",
    "movie_id": "43369"
  },
  {
    "review": "이 영화를 어떻게 받아들여야하지??",
    "date": "14.06.30",
    "rating": "5",
    "author": "kara****",
    "review_id": "8869784",
    "movie_id": "43369"
  },
  {
    "review": "영화 분위기도 좋고, 배우도 좋은데... 뭔가 아쉽다. 벤 맥켄지 멋있다.",
    "date": "14.06.06",
    "rating": "7",
    "author": "come****",
    "review_id": "8801453",
    "movie_id": "43369"
  },
  {
    "review": "영화가 과장돼지 않고 꾸밈없다",
    "date": "14.03.31",
    "rating": "8",
    "author": "euns****",
    "review_id": "8621094",
    "movie_id": "43369"
  },
  {
    "review": "다 그냥 준벅 모두가 다 한철 다녀가는",
    "date": "14.01.04",
    "rating": "6",
    "author": "yols****",
    "review_id": "8346156",
    "movie_id": "43369"
  },
  {
    "review": "지루하지는 않지만 흥미로울것도 없군",
    "date": "13.10.16",
    "rating": "4",
    "author": "guev****",
    "review_id": "8063459",
    "movie_id": "43369"
  },
  {
    "review": "도무지 이해 안되는 씬들의 연속이네. 내가 멍청한 걸까?",
    "date": "13.09.02",
    "rating": "6",
    "author": "ykdi****",
    "review_id": "7944202",
    "movie_id": "43369"
  },
  {
    "review": "여운을 남는 건 우리네모습을 본거 같아서일까",
    "date": "13.06.04",
    "rating": "8",
    "author": "jjcv****",
    "review_id": "7578710",
    "movie_id": "43369"
  },
  {
    "review": "의외로 별로...",
    "date": "13.05.09",
    "rating": "6",
    "author": "dlwo****",
    "review_id": "7516457",
    "movie_id": "43369"
  },
  {
    "review": "역시 에이미아담스",
    "date": "12.05.30",
    "rating": "10",
    "author": "c42k****",
    "review_id": "6349654",
    "movie_id": "43369"
  },
  {
    "review": "잘못골랏다...",
    "date": "12.01.14",
    "rating": "2",
    "author": "zzzt****",
    "review_id": "5984229",
    "movie_id": "43369"
  },
  {
    "review": "가족 관계는 꽤 파헤칠게 많은 소재다.",
    "date": "11.10.16",
    "rating": "6",
    "author": "tabu****",
    "review_id": "5791350",
    "movie_id": "43369"
  },
  {
    "review": "우리는 서로 사랑하는데 우리는 혼자서 울어야 하고 혼자서 힘들어해야 하는가.",
    "date": "11.07.24",
    "rating": "8",
    "author": "seef****",
    "review_id": "5566156",
    "movie_id": "43369"
  },
  {
    "review": "사랑한다면..조금씩만노력해도큰변화가될수있는것같음...",
    "date": "11.02.28",
    "rating": "8",
    "author": "ehdq****",
    "review_id": "5282109",
    "movie_id": "43369"
  },
  {
    "review": "섬세하긴 했으나 현실적이진 않다.",
    "date": "11.01.25",
    "rating": "6",
    "author": "ejia****",
    "review_id": "5182945",
    "movie_id": "43369"
  },
  {
    "review": "굉장히 사소한 필링들.. 은유와 상징들 속에 현실적인 가족의 이야기를 그렸다.",
    "date": "10.01.29",
    "rating": "7",
    "author": "gkdi****",
    "review_id": "4220835",
    "movie_id": "43369"
  },
  {
    "review": "또 하나의 가족... ㅋ 가족이란 과연 무엇인가?",
    "date": "09.09.06",
    "rating": "6",
    "author": "jjis****",
    "review_id": "3814890",
    "movie_id": "43369"
  },
  {
    "review": "있는 그대로의 가족을 보여주는 영화 보고있자니 점점 빠져드네요",
    "date": "09.09.06",
    "rating": "9",
    "author": "maro****",
    "review_id": "3814584",
    "movie_id": "43369"
  },
  {
    "review": "이런 영화 와방 좋음! 에이미 아담스 연기 짱!",
    "date": "09.07.06",
    "rating": "9",
    "author": "garo****",
    "review_id": "3615352",
    "movie_id": "43369"
  },
  {
    "review": "에이미 에덤스 !",
    "date": "09.07.05",
    "rating": "8",
    "author": "chan****",
    "review_id": "3611381",
    "movie_id": "43369"
  },
  {
    "review": "섬세한시선으로 본 불안한 가족의이야기 마무리가아쉽지만,에이미의 연기는눈길을끈다",
    "date": "09.03.09",
    "rating": "8",
    "author": "cool****",
    "review_id": "3356124",
    "movie_id": "43369"
  },
  {
    "review": "어쩔수없는 현대가족상..",
    "date": "09.03.07",
    "rating": "8",
    "author": "bbq2****",
    "review_id": "3352798",
    "movie_id": "43369"
  },
  {
    "review": "짠-하다. 나도 한 가족이 된 기분",
    "date": "09.02.11",
    "rating": "8",
    "author": "5292****",
    "review_id": "3294409",
    "movie_id": "43369"
  },
  {
    "review": "무엇보다 마지막에 어거지로 화해시키거나 감동을 주는게 없어서 더 좋았음",
    "date": "08.12.28",
    "rating": "8",
    "author": "happ****",
    "review_id": "3160741",
    "movie_id": "43369"
  },
  {
    "review": "미묘하고 소소한 가족관계...그러나 지루한 것은 어쩔 수가 없다~!!",
    "date": "08.12.21",
    "rating": "7",
    "author": "snbr****",
    "review_id": "3137385",
    "movie_id": "43369"
  },
  {
    "review": "영화같지 않아 더 자연스럽고 괜찮은 미국식 가족영화",
    "date": "08.12.01",
    "rating": "7",
    "author": "si2p****",
    "review_id": "3084569",
    "movie_id": "43369"
  },
  {
    "review": "포스터가 영화보다 훨 낫다..좋은영화지만 다시보고싶지는 않은...",
    "date": "08.11.16",
    "rating": "6",
    "author": "whia****",
    "review_id": "3055249",
    "movie_id": "43369"
  },
  {
    "review": "에밀리 아담스의 귀여운 연기 ㅋ",
    "date": "08.09.19",
    "rating": "10",
    "author": "dj16****",
    "review_id": "2957538",
    "movie_id": "43369"
  },
  {
    "review": "어긋난 관계속 가족",
    "date": "08.08.08",
    "rating": "5",
    "author": "leh0****",
    "review_id": "2851750",
    "movie_id": "43369"
  },
  {
    "review": "좋았다. 저예산의 담백한 화면에 그려지는 현실성- 이런게 영화다.",
    "date": "08.08.05",
    "rating": "10",
    "author": "brig****",
    "review_id": "2837571",
    "movie_id": "43369"
  },
  {
    "review": "가족의 무게는 결코 나부끼지 않는 것",
    "date": "08.05.02",
    "rating": "5",
    "author": "paci****",
    "review_id": "2610516",
    "movie_id": "43369"
  },
  {
    "review": "내영화... 모두의 영화..",
    "date": "08.04.14",
    "rating": "10",
    "author": "saxy****",
    "review_id": "2580440",
    "movie_id": "43369"
  },
  {
    "review": "에이미 아담스의 침잠",
    "date": "08.03.13",
    "rating": "9",
    "author": "mind****",
    "review_id": "2517661",
    "movie_id": "43369"
  },
  {
    "review": "과연 그들이 '말하지 않은 비밀' 은 무엇일까. 포스터가 영화의 분위기를 대변해준다.",
    "date": "08.03.04",
    "rating": "7",
    "author": "fall****",
    "review_id": "2503809",
    "movie_id": "43369"
  },
  {
    "review": "의도와는 다르게 계속 어긋나는 사람들... 현실이란 그런 것일까....",
    "date": "08.03.02",
    "rating": "7",
    "author": "sepe****",
    "review_id": "2497634",
    "movie_id": "43369"
  },
  {
    "review": "느낌이 너무 갑갑하다 꼭 어딘가에 갇혀져 있는 느낌이다",
    "date": "08.02.14",
    "rating": "4",
    "author": "okjo****",
    "review_id": "2444433",
    "movie_id": "43369"
  },
  {
    "review": "사랑은 있으나 진짜 자기몫이 뭔지모르는 가족의 이야기..",
    "date": "08.02.03",
    "rating": "7",
    "author": "jaux****",
    "review_id": "2404241",
    "movie_id": "43369"
  },
  {
    "review": "욜라탱고의 음악과 뛰어난 연기 연출을 보는 감동만으로도 업",
    "date": "07.11.30",
    "rating": "8",
    "author": "donj****",
    "review_id": "2193849",
    "movie_id": "43369"
  },
  {
    "review": "어렵다. 가족이란 관계란...",
    "date": "07.11.12",
    "rating": "7",
    "author": "jhga****",
    "review_id": "2147047",
    "movie_id": "43369"
  },
  {
    "review": "아무생각없이 봐서그런지 별다른 내용은 없는..",
    "date": "07.10.12",
    "rating": "6",
    "author": "mika****",
    "review_id": "2084891",
    "movie_id": "43369"
  },
  {
    "review": "조금더 나이를 먹고 봤으면 더 맘에 와닿았을지 모르는 가족이야기.",
    "date": "07.08.18",
    "rating": "8",
    "author": "flud****",
    "review_id": "1955042",
    "movie_id": "43369"
  },
  {
    "review": "사소하고, 구질구질한 우리들 가족이야기.",
    "date": "07.08.15",
    "rating": "6",
    "author": "korn****",
    "review_id": "1939802",
    "movie_id": "43369"
  },
  {
    "review": "우리집,우리옆집 가족이야기",
    "date": "07.08.11",
    "rating": "10",
    "author": "kino****",
    "review_id": "1921069",
    "movie_id": "43369"
  },
  {
    "review": "관계를맺어감이 때로는 시간,지켜봄과 기다림이 필요함을 말해주는 영화",
    "date": "07.07.19",
    "rating": "9",
    "author": "kome****",
    "review_id": "1790288",
    "movie_id": "43369"
  },
  {
    "review": "영화는 재밌게 봤는데 이해할 수 없는 것들이 여럿 존재한다.",
    "date": "07.07.17",
    "rating": "9",
    "author": "chao****",
    "review_id": "1784175",
    "movie_id": "43369"
  },
  {
    "review": "특별할 거 하나 없는 소재지만, 몹시 새롭게 와닿는 영화!",
    "date": "07.07.15",
    "rating": "9",
    "author": "caca****",
    "review_id": "1779512",
    "movie_id": "43369"
  },
  {
    "review": "느릿느릿해보이는 영화지만 모든 것을 말하는,따끈함이 올라오는 영화.",
    "date": "07.07.09",
    "rating": "10",
    "author": "grin****",
    "review_id": "1762000",
    "movie_id": "43369"
  },
  {
    "review": "전정말 이영화 너무 좋은데요? 역시 한편의 영화에는 한명의 천재가..",
    "date": "07.07.09",
    "rating": "10",
    "author": "unla****",
    "review_id": "1759674",
    "movie_id": "43369"
  },
  {
    "review": "가족이란 그런거다  덮어주고 모르는체하고, 약간 지루한 전개가...",
    "date": "07.07.08",
    "rating": "7",
    "author": "aw23****",
    "review_id": "1756340",
    "movie_id": "43369"
  },
  {
    "review": "뭔가 수작이라고 말하긴 어렵다",
    "date": "07.07.05",
    "rating": "6",
    "author": "tolb****",
    "review_id": "1749204",
    "movie_id": "43369"
  },
  {
    "review": "미국의 가정을 모르는지라, 딱히 와닿지는 않는.. 그냥 미국민의 이야기.",
    "date": "07.07.04",
    "rating": "6",
    "author": "writ****",
    "review_id": "1747100",
    "movie_id": "43369"
  },
  {
    "review": "가족관계를 솔직하고 현실적으로 묘사한 작품입니다. 수작이네요.",
    "date": "07.07.03",
    "rating": "8",
    "author": "paul****",
    "review_id": "1744816",
    "movie_id": "43369"
  },
  {
    "review": "애슐리역..너무 튀고 연기한다는 느낌만 있던데..",
    "date": "07.07.02",
    "rating": "6",
    "author": "cath****",
    "review_id": "1739555",
    "movie_id": "43369"
  },
  {
    "review": "나쁘진 않지만 과대평가 됐다고 본다",
    "date": "07.06.30",
    "rating": "6",
    "author": "okyk****",
    "review_id": "1733591",
    "movie_id": "43369"
  },
  {
    "review": "최근 본 영화중에 가장 좋았다.내용은 약간 뻔하지만,연출 등에 점수를 주고 싶음",
    "date": "07.06.30",
    "rating": "9",
    "author": "star****",
    "review_id": "1731606",
    "movie_id": "43369"
  },
  {
    "review": "아무리 생각해봐도 뭘 말하려 하는지 도무지 모르겠다;;",
    "date": "07.06.29",
    "rating": "1",
    "author": "xjqh****",
    "review_id": "1729702",
    "movie_id": "43369"
  },
  {
    "review": "시사회로도 굉장히 훌륭한 영화임을 알 수 있었지만 어설픈 편집으로 인해 뒸",
    "date": "07.06.29",
    "rating": "10",
    "author": "kwj6****",
    "review_id": "1729432",
    "movie_id": "43369"
  },
  {
    "review": "진짜 어렵네..근데 가족관계가 참 어려운것 같아여",
    "date": "07.06.28",
    "rating": "8",
    "author": "lloo****",
    "review_id": "1726688",
    "movie_id": "43369"
  },
  {
    "review": "전..기대안하고봤는데..내용이어렵긴했지만좋았어요..",
    "date": "07.06.28",
    "rating": "7",
    "author": "rose****",
    "review_id": "1725051",
    "movie_id": "43369"
  },
  {
    "review": "모르겠다.깨어질듯한 순간들",
    "date": "07.06.25",
    "rating": "5",
    "author": "erhe****",
    "review_id": "1721560",
    "movie_id": "43369"
  },
  {
    "review": "잘 모르겠는 영화입니다! 좀 어렵고 조용하지만 의미있어요",
    "date": "07.06.23",
    "rating": "5",
    "author": "vmff****",
    "review_id": "1715401",
    "movie_id": "43369"
  },
  {
    "review": "에이미 아담스 \"You are not...\" ㅋㅋㅋ 푼수연기 최고.",
    "date": "07.06.22",
    "rating": "10",
    "author": "moon****",
    "review_id": "1714590",
    "movie_id": "43369"
  },
  {
    "review": "친절하진 않지만 가족의 단면을 섬세하게 보여주는~사람을 위한 영화...",
    "date": "07.06.22",
    "rating": "8",
    "author": "tls7****",
    "review_id": "1714441",
    "movie_id": "43369"
  },
  {
    "review": "볼만한 수작이네요",
    "date": "07.06.19",
    "rating": "10",
    "author": "gamm****",
    "review_id": "1723809",
    "movie_id": "43369"
  },
  {
    "review": "심심한 느낌의 영화이긴 하지만..나름 괜찮았다",
    "date": "07.06.18",
    "rating": "7",
    "author": "sch1****",
    "review_id": "1723808",
    "movie_id": "43369"
  },
  {
    "review": "이것도 영화라고.. 보는내내 짜쯩났습니다..",
    "date": "07.06.17",
    "rating": "1",
    "author": "spir****",
    "review_id": "1723805",
    "movie_id": "43369"
  },
  {
    "review": "이질적인 것들을 한곳에 모아두면 항상 흥미로운 일들이 벌어진다",
    "date": "07.06.17",
    "rating": "7",
    "author": "unde****",
    "review_id": "1723806",
    "movie_id": "43369"
  },
  {
    "review": "가족의 소중함을 알려주는 영화....^^",
    "date": "07.06.16",
    "rating": "8",
    "author": "syhw****",
    "review_id": "1723804",
    "movie_id": "43369"
  },
  {
    "review": "가족관계에서 필요한 것이 정말 무엇인지 일깨워 주는 영화였습니다.",
    "date": "07.06.15",
    "rating": "7",
    "author": "john****",
    "review_id": "1723800",
    "movie_id": "43369"
  },
  {
    "review": "가족의 의미를 다시금 생각하게 했고, 개성강한 가족의 소소한 웃음유발!",
    "date": "07.06.15",
    "rating": "7",
    "author": "spac****",
    "review_id": "1723801",
    "movie_id": "43369"
  },
  {
    "review": "가족의의미를다시한번상기시켜준영화! 억지웃음이아닌수준있는웃음전달과대사처리 ^^",
    "date": "07.06.15",
    "rating": "10",
    "author": "love****",
    "review_id": "1723802",
    "movie_id": "43369"
  },
  {
    "review": "우울하고 답답한 현대사회속의 가정의 일상",
    "date": "07.06.15",
    "rating": "7",
    "author": "ky21****",
    "review_id": "1723803",
    "movie_id": "43369"
  },
  {
    "review": "가족의 소중함을 다시 한번 일깨워준 영화",
    "date": "07.06.14",
    "rating": "8",
    "author": "forn****",
    "review_id": "1723794",
    "movie_id": "43369"
  },
  {
    "review": "지금 방금 시사회에서 보고 왔습니다. 꽤 괜찮네요. 좋아요 ,",
    "date": "07.06.14",
    "rating": "10",
    "author": "piso****",
    "review_id": "1723795",
    "movie_id": "43369"
  },
  {
    "review": "그냥 소소한 삶 속에서, 의미를 직접 찾아내야하는 영화라고나 할까..? 쉽진 않은 듯.",
    "date": "07.06.14",
    "rating": "5",
    "author": "orew****",
    "review_id": "1723797",
    "movie_id": "43369"
  },
  {
    "review": "연기 작품성 모두 좋아요.잔잔한분위도 위트도 갈등과극복 ..잔잔한가족드라마",
    "date": "07.06.14",
    "rating": "8",
    "author": "satu****",
    "review_id": "1723798",
    "movie_id": "43369"
  },
  {
    "review": "잔잔한게 생각보다 볼만한 영화인거 같습니다 ㅋ",
    "date": "07.06.14",
    "rating": "10",
    "author": "yjos****",
    "review_id": "1723799",
    "movie_id": "43369"
  }
]