[
  {
    "review": "군인들도 자더라ㅎㅎㅎㅎ",
    "date": "15.07.09",
    "rating": "1",
    "author": "blue****",
    "review_id": "10082010",
    "movie_id": "43368"
  },
  {
    "review": "재밌게 봤습니다. 권상우, 이하늘 콤비는 역시...잘어울리네요. 후반부로 갈수록 약간 지루한 면이 있지만, 그래도 전체적으로 괜잖네요.",
    "date": "15.04.19",
    "rating": "9",
    "author": "geen****",
    "review_id": "9853570",
    "movie_id": "43368"
  },
  {
    "review": "권상우, 김하늘 출연 영화는 글쎄. 동갑내기 과외하기의 재탕. 역시 로맨스 코미디와 나랑 안 맞음",
    "date": "15.02.26",
    "rating": "1",
    "author": "jjaj****",
    "review_id": "9738626",
    "movie_id": "43368"
  },
  {
    "review": "김하늘 권상우 나오는 영화라 기대하고 봤다... 오랜만에  눈물을 펑펑 흘린 영화.. 돈 아까워서.. 미안한 말씀이지만 이런 영화 만들라고 권상우, 김하늘 같은 비싼 배우 캐스팅했나? 시나리오 쓴 사람은 재기하기 어려울 듯..",
    "date": "15.02.25",
    "rating": "1",
    "author": "inke****",
    "review_id": "9736555",
    "movie_id": "43368"
  },
  {
    "review": "[IMDB  6.8/10 ] 본심이 착한 듯 하여 이번만 봐줄께.",
    "date": "15.01.30",
    "rating": "7",
    "author": "feel****",
    "review_id": "9651413",
    "movie_id": "43368"
  },
  {
    "review": "2% 아쉬운 영화. 조금 더 이어갈 수 있는 표현력이 부족했다.",
    "date": "14.11.27",
    "rating": "6",
    "author": "yong****",
    "review_id": "9427446",
    "movie_id": "43368"
  },
  {
    "review": "진짜좋아하는영화에요!",
    "date": "14.01.09",
    "rating": "10",
    "author": "rrhd****",
    "review_id": "8362668",
    "movie_id": "43368"
  },
  {
    "review": "평점 너무 낮다 재밌는데",
    "date": "13.11.18",
    "rating": "10",
    "author": "ddrc****",
    "review_id": "8149178",
    "movie_id": "43368"
  },
  {
    "review": "너무 너무 재미있는 영화같다",
    "date": "13.10.07",
    "rating": "8",
    "author": "flix****",
    "review_id": "8041128",
    "movie_id": "43368"
  },
  {
    "review": "영화가 좀 재미있게 진행되다가 갈수록 너무 식상한 스토리로 샌다.",
    "date": "13.05.23",
    "rating": "6",
    "author": "adiv****",
    "review_id": "7549919",
    "movie_id": "43368"
  },
  {
    "review": "전반부는 에피소드로 진행되는데 재밌거나 오글거리고, 후반부는 진부한 신파로 질질 끌기만 해서 지루하다. 두 주연 배우는 잘 어울리지만, 생각만큼 매력적이진 않다.",
    "date": "13.05.09",
    "rating": "4",
    "author": "zxc1****",
    "review_id": "7517577",
    "movie_id": "43368"
  },
  {
    "review": "저학년에게 유용하다.",
    "date": "13.05.03",
    "rating": "2",
    "author": "pria****",
    "review_id": "7504297",
    "movie_id": "43368"
  },
  {
    "review": "감동적이다. 짠하고",
    "date": "13.05.02",
    "rating": "10",
    "author": "sinj****",
    "review_id": "7500323",
    "movie_id": "43368"
  },
  {
    "review": "기분좋은영화 인거같어요 권상우 캐릭터도 재밌고요",
    "date": "13.03.16",
    "rating": "10",
    "author": "usm1****",
    "review_id": "7354030",
    "movie_id": "43368"
  },
  {
    "review": "너무 억지스러운 전개빼면 괜찮음",
    "date": "13.02.25",
    "rating": "7",
    "author": "gsg0****",
    "review_id": "7300441",
    "movie_id": "43368"
  },
  {
    "review": "아...진심 평점이 왜 이러나 하고 생각하면서 봤다...초중반까지는 그럭저럭 괜찮았다...다만 후반부터..이건뭐......하...보면 알거다.....그나마 후하게 4점준다....",
    "date": "13.02.19",
    "rating": "4",
    "author": "jiho****",
    "review_id": "7282833",
    "movie_id": "43368"
  },
  {
    "review": "정말 풋풋하고 재밌는 멜로영화다.",
    "date": "13.01.24",
    "rating": "10",
    "author": "odjs****",
    "review_id": "7164775",
    "movie_id": "43368"
  },
  {
    "review": "영화 해리와샐리가 만났을 때랑 비슷한 내용 인데 그 영화따라갈려면 한참멀었다.",
    "date": "13.01.24",
    "rating": "6",
    "author": "a109****",
    "review_id": "7163630",
    "movie_id": "43368"
  },
  {
    "review": "풋풋한영화 겁나재미있었는데 재미없다는사람은 뭐얔ㅋ권상우 대사랑 말투 웃김.",
    "date": "13.01.22",
    "rating": "10",
    "author": "khn0****",
    "review_id": "7143327",
    "movie_id": "43368"
  },
  {
    "review": "잔잔하고 스위트함",
    "date": "13.01.12",
    "rating": "10",
    "author": "sbbr****",
    "review_id": "7104102",
    "movie_id": "43368"
  },
  {
    "review": "완전 좋은데 수채화같은 영화♥",
    "date": "12.12.03",
    "rating": "10",
    "author": "dlwl****",
    "review_id": "6963725",
    "movie_id": "43368"
  },
  {
    "review": "천원주고 다운받아 봤다 ㅡ 천원도 아까워서 죽을꺼같다 ㅡ",
    "date": "12.10.31",
    "rating": "1",
    "author": "cury****",
    "review_id": "6837591",
    "movie_id": "43368"
  },
  {
    "review": "굳굳",
    "date": "12.10.22",
    "rating": "10",
    "author": "su_m****",
    "review_id": "6819925",
    "movie_id": "43368"
  },
  {
    "review": "그냥 평점 오르기",
    "date": "12.10.16",
    "rating": "10",
    "author": "haid****",
    "review_id": "6806374",
    "movie_id": "43368"
  },
  {
    "review": "왜 이제야 보았을까??",
    "date": "12.10.16",
    "rating": "10",
    "author": "iiii****",
    "review_id": "6806349",
    "movie_id": "43368"
  },
  {
    "review": "이제야 봤지만, 참 괜찮은 영화. 배우들도 좋고. 둘이 사랑에 빠진 이유를 충분히 느끼게 해주는 영화.",
    "date": "12.09.19",
    "rating": "8",
    "author": "sile****",
    "review_id": "6711943",
    "movie_id": "43368"
  },
  {
    "review": "권상우 연기는 왜 늘지 않고 영화 재미도 없음",
    "date": "12.09.10",
    "rating": "1",
    "author": "aodp****",
    "review_id": "6685534",
    "movie_id": "43368"
  },
  {
    "review": "권상우는 왜 연기가 늘지를 않을까?",
    "date": "12.08.29",
    "rating": "1",
    "author": "ccpp****",
    "review_id": "6653679",
    "movie_id": "43368"
  },
  {
    "review": "때아닌 바가지 머리, 철지난 신파극",
    "date": "12.08.29",
    "rating": "1",
    "author": "rame****",
    "review_id": "6653676",
    "movie_id": "43368"
  },
  {
    "review": "코미디부분은 유치하고, 멜로부분은 민망하고",
    "date": "12.08.29",
    "rating": "1",
    "author": "kpcc****",
    "review_id": "6653675",
    "movie_id": "43368"
  },
  {
    "review": "괜찮은 영화였어요",
    "date": "12.07.18",
    "rating": "6",
    "author": "emil****",
    "review_id": "6490648",
    "movie_id": "43368"
  },
  {
    "review": "별로 재미는 없음",
    "date": "12.05.20",
    "rating": "6",
    "author": "dnf7****",
    "review_id": "6315450",
    "movie_id": "43368"
  },
  {
    "review": "더 이상의 동갑내기과외하기는 없었다..",
    "date": "12.02.16",
    "rating": "5",
    "author": "crui****",
    "review_id": "6077795",
    "movie_id": "43368"
  },
  {
    "review": "청춘만화-제목처럼 재미있는 만화같은 영화.",
    "date": "12.02.01",
    "rating": "10",
    "author": "sung****",
    "review_id": "6041583",
    "movie_id": "43368"
  },
  {
    "review": "재밌는것도..재미없는것도..둘다아니야..",
    "date": "11.08.19",
    "rating": "6",
    "author": "2109****",
    "review_id": "5668510",
    "movie_id": "43368"
  },
  {
    "review": "볼만했음",
    "date": "11.08.14",
    "rating": "10",
    "author": "japo****",
    "review_id": "5650432",
    "movie_id": "43368"
  },
  {
    "review": "그냥 친구로 지내는게 좋을것 같은데",
    "date": "11.08.08",
    "rating": "8",
    "author": "chee****",
    "review_id": "5618681",
    "movie_id": "43368"
  },
  {
    "review": "초반,중반은 괜찮았는데 후반은 너무 억지 설정이라 좀 짜증났어",
    "date": "11.06.03",
    "rating": "5",
    "author": "mike****",
    "review_id": "5462760",
    "movie_id": "43368"
  },
  {
    "review": "다시 봐도 어릴적 순수함이 절실하게 느껴지네요 잘봤습니다.",
    "date": "11.06.02",
    "rating": "10",
    "author": "ds3o****",
    "review_id": "5460880",
    "movie_id": "43368"
  },
  {
    "review": "20살시절 순수함을 오랜만에 느껴서 너무 행복했어요 ...",
    "date": "11.03.05",
    "rating": "10",
    "author": "sset****",
    "review_id": "5294795",
    "movie_id": "43368"
  },
  {
    "review": "멜로, 애정, 로맨스, 코메디.. 전부 어중간하다.. ;;",
    "date": "10.11.24",
    "rating": "7",
    "author": "tn99****",
    "review_id": "4986474",
    "movie_id": "43368"
  },
  {
    "review": "예전에 나름 재밌었음 ㅋ 괜찮았음",
    "date": "10.11.19",
    "rating": "7",
    "author": "rudd****",
    "review_id": "4971338",
    "movie_id": "43368"
  },
  {
    "review": "이영화 괜찮다..",
    "date": "10.11.01",
    "rating": "10",
    "author": "luvd****",
    "review_id": "4932924",
    "movie_id": "43368"
  },
  {
    "review": "김하늘 누님보고 처음 반한 영화라 5개줌. 원래는 3개.ㅋ",
    "date": "10.08.08",
    "rating": "10",
    "author": "ldh0****",
    "review_id": "4724188",
    "movie_id": "43368"
  },
  {
    "review": "이렇게 지루한영화처음봄",
    "date": "10.08.06",
    "rating": "1",
    "author": "wjde****",
    "review_id": "4715275",
    "movie_id": "43368"
  },
  {
    "review": "훈훈한 영화 ~ 배울것이 많은 영화 이런 영화 너무 좋아 ~",
    "date": "10.06.16",
    "rating": "10",
    "author": "ollq****",
    "review_id": "4570325",
    "movie_id": "43368"
  },
  {
    "review": "주제도 장르도 없는 한마디로 OOO기",
    "date": "10.06.03",
    "rating": "1",
    "author": "yjhs****",
    "review_id": "4541076",
    "movie_id": "43368"
  },
  {
    "review": "유치함의 강도는 인도네시아 쓰나미급, 배우들의 연기는 유치원 재롱잔치급",
    "date": "10.05.10",
    "rating": "4",
    "author": "mygr****",
    "review_id": "4490467",
    "movie_id": "43368"
  },
  {
    "review": "보다가 그만둔 영화는 처음..",
    "date": "10.05.04",
    "rating": "3",
    "author": "pjh8****",
    "review_id": "4478656",
    "movie_id": "43368"
  },
  {
    "review": "때아닌 바가지 머리, 철지난 신파극",
    "date": "10.04.28",
    "rating": "1",
    "author": "ccpk****",
    "review_id": "4461275",
    "movie_id": "43368"
  },
  {
    "review": "뭐가 이래",
    "date": "10.04.23",
    "rating": "5",
    "author": "jyj8****",
    "review_id": "4450672",
    "movie_id": "43368"
  },
  {
    "review": "보면시간과돈이아깝게만드는 영화극장에서봣는데 7000언뱉어라",
    "date": "10.04.17",
    "rating": "1",
    "author": "eunj****",
    "review_id": "4437981",
    "movie_id": "43368"
  },
  {
    "review": "김하늘이 선택했을땐 그만한 이유가 있다.. 최고의 감동영화",
    "date": "10.02.06",
    "rating": "10",
    "author": "rapa****",
    "review_id": "4251640",
    "movie_id": "43368"
  },
  {
    "review": "머리스타일 하나로 권상우가 진짜 멍청해보일수가",
    "date": "10.01.14",
    "rating": "4",
    "author": "psp2****",
    "review_id": "4170328",
    "movie_id": "43368"
  },
  {
    "review": "설마하던 예상을 전혀 빗나가지 않던 전개. 이것이 이영화 최고의 반전 포인트다.",
    "date": "09.12.16",
    "rating": "2",
    "author": "reco****",
    "review_id": "4047229",
    "movie_id": "43368"
  },
  {
    "review": "재미있고... 이상적으로 생각하는(소꿉친구)관계에 대한 동화같은 영화라서 맘에 듦",
    "date": "09.12.10",
    "rating": "10",
    "author": "owen****",
    "review_id": "4031841",
    "movie_id": "43368"
  },
  {
    "review": "감상직후, 사랑하며 살아가고 있는 현재가 너무 행복하다는 생각이 문득 드네요. Good",
    "date": "09.12.07",
    "rating": "9",
    "author": "outs****",
    "review_id": "4025823",
    "movie_id": "43368"
  },
  {
    "review": "로맨틱코미디물이 멜로로 바뀌는 순간...뻔하고 유치하고 허무하다...",
    "date": "09.11.30",
    "rating": "4",
    "author": "egyp****",
    "review_id": "4003895",
    "movie_id": "43368"
  },
  {
    "review": "귀여버 ㅎㅎㅎㅎ",
    "date": "09.11.25",
    "rating": "9",
    "author": "snob****",
    "review_id": "3989290",
    "movie_id": "43368"
  },
  {
    "review": "허무맹랑 만화적 요소 가득한 영화지만 따뜻했다.",
    "date": "09.09.02",
    "rating": "10",
    "author": "airm****",
    "review_id": "3806303",
    "movie_id": "43368"
  },
  {
    "review": "너무 기대한걸까.. 왤케 실망스러웠던지..;;",
    "date": "09.08.23",
    "rating": "3",
    "author": "tleh****",
    "review_id": "3780672",
    "movie_id": "43368"
  },
  {
    "review": "조금은 웃기고...조금은 엉성하고...조금은 뻔하고........",
    "date": "09.08.08",
    "rating": "7",
    "author": "nsbn****",
    "review_id": "3725253",
    "movie_id": "43368"
  },
  {
    "review": "기대미만.",
    "date": "09.07.20",
    "rating": "1",
    "author": "dlwo****",
    "review_id": "3650843",
    "movie_id": "43368"
  },
  {
    "review": "마음 한구석이 따뜻해지는 영화.. 웃고있으면 행복해진다는...",
    "date": "09.07.06",
    "rating": "9",
    "author": "blue****",
    "review_id": "3615126",
    "movie_id": "43368"
  },
  {
    "review": "나름잼는데ㅋㅋ",
    "date": "09.06.26",
    "rating": "8",
    "author": "pizz****",
    "review_id": "3592822",
    "movie_id": "43368"
  },
  {
    "review": "아... 이 영화 진짜 잘못된평점~!! 오랜만에 가슴 따뜻, 뭉클, 미소 짓습니다..ㅋ",
    "date": "09.06.11",
    "rating": "10",
    "author": "kjco****",
    "review_id": "3557491",
    "movie_id": "43368"
  },
  {
    "review": "기대이하",
    "date": "09.04.27",
    "rating": "1",
    "author": "hjkj****",
    "review_id": "3444405",
    "movie_id": "43368"
  },
  {
    "review": "청춘은 어디가고 만화는 어디있는가. 지루하고 그저 그런 영화.",
    "date": "09.04.16",
    "rating": "3",
    "author": "luna****",
    "review_id": "3424171",
    "movie_id": "43368"
  },
  {
    "review": "가슴이 따뜻한영화",
    "date": "09.04.15",
    "rating": "10",
    "author": "dleh****",
    "review_id": "3422540",
    "movie_id": "43368"
  },
  {
    "review": "별로..",
    "date": "09.04.12",
    "rating": "7",
    "author": "oath****",
    "review_id": "3418124",
    "movie_id": "43368"
  },
  {
    "review": "순정만화가 났지..",
    "date": "09.04.12",
    "rating": "5",
    "author": "bkm1****",
    "review_id": "3417941",
    "movie_id": "43368"
  },
  {
    "review": "재미있어요ㅎㅎ",
    "date": "09.04.11",
    "rating": "10",
    "author": "jang****",
    "review_id": "3414977",
    "movie_id": "43368"
  },
  {
    "review": "별로 재미없는 이야기..",
    "date": "09.03.14",
    "rating": "5",
    "author": "bkm1****",
    "review_id": "3364804",
    "movie_id": "43368"
  },
  {
    "review": "감독은 첫사랑의 자각을 의도한게 아니었나 보다. 우리는 포스터에 낚인것이다",
    "date": "09.02.28",
    "rating": "1",
    "author": "joyc****",
    "review_id": "3339167",
    "movie_id": "43368"
  },
  {
    "review": "좋은영화입니다,,,솔직히 동갑내기보단잼이는없지만더감동있네요",
    "date": "09.02.27",
    "rating": "10",
    "author": "mokg****",
    "review_id": "3337693",
    "movie_id": "43368"
  },
  {
    "review": "밍밍해~",
    "date": "09.02.27",
    "rating": "6",
    "author": "rich****",
    "review_id": "3335969",
    "movie_id": "43368"
  },
  {
    "review": "김하늘 너무 예뻐 예뻐 평점 6점이라는게 말이되?",
    "date": "09.02.21",
    "rating": "10",
    "author": "dlaa****",
    "review_id": "3321462",
    "movie_id": "43368"
  },
  {
    "review": "차 사고를 당해 다리 하나 잃은 주인공. -ㅅ-",
    "date": "09.01.25",
    "rating": "6",
    "author": "tjeh****",
    "review_id": "3247880",
    "movie_id": "43368"
  },
  {
    "review": "이영화 봤었는데.. 잘 기억안나는거보니 그닥 재미는 없었던 듯..",
    "date": "09.01.20",
    "rating": "6",
    "author": "sola****",
    "review_id": "3233954",
    "movie_id": "43368"
  },
  {
    "review": "괜찮던데",
    "date": "09.01.18",
    "rating": "10",
    "author": "gack****",
    "review_id": "3230005",
    "movie_id": "43368"
  },
  {
    "review": "나름 재밌게 본 영화.ㅋㅋ",
    "date": "09.01.13",
    "rating": "8",
    "author": "weal****",
    "review_id": "3218461",
    "movie_id": "43368"
  },
  {
    "review": "너무 작은 스토리, 뻔한 과정의 연속이나 볼만했던 영화",
    "date": "08.12.26",
    "rating": "7",
    "author": "temt****",
    "review_id": "3151922",
    "movie_id": "43368"
  },
  {
    "review": "재미있는뎁",
    "date": "08.12.14",
    "rating": "8",
    "author": "jisu****",
    "review_id": "3114467",
    "movie_id": "43368"
  },
  {
    "review": "뒤집지 마라...",
    "date": "08.12.13",
    "rating": "6",
    "author": "bana****",
    "review_id": "3112756",
    "movie_id": "43368"
  },
  {
    "review": "권상우와 김하는 둘이 친한 친구갔았어요. 너무좋았어요",
    "date": "08.12.08",
    "rating": "8",
    "author": "shj1****",
    "review_id": "3100424",
    "movie_id": "43368"
  },
  {
    "review": "소꿉친구에 대한 감성이 좋다. 김하늘은 역시 이런 역할이 좋은거 같아",
    "date": "08.11.23",
    "rating": "7",
    "author": "a141****",
    "review_id": "3068207",
    "movie_id": "43368"
  },
  {
    "review": "그냥 평범;;",
    "date": "08.11.22",
    "rating": "6",
    "author": "skys****",
    "review_id": "3064758",
    "movie_id": "43368"
  },
  {
    "review": "새벽에 채널돌리다가 한번 봤는데  재미있음",
    "date": "08.11.21",
    "rating": "10",
    "author": "wond****",
    "review_id": "3063816",
    "movie_id": "43368"
  },
  {
    "review": "난~재미잇게봤는데~~><",
    "date": "08.11.18",
    "rating": "10",
    "author": "yshh****",
    "review_id": "3058456",
    "movie_id": "43368"
  },
  {
    "review": "와.. 진짜 재미없네..",
    "date": "08.09.24",
    "rating": "1",
    "author": "flor****",
    "review_id": "2966723",
    "movie_id": "43368"
  },
  {
    "review": "새벽에 아무런 기대를 안하고 봐서그런가.. 난 재밌던데 두번인가? 엄청크게 웃었고",
    "date": "08.09.15",
    "rating": "10",
    "author": "dude****",
    "review_id": "2945861",
    "movie_id": "43368"
  },
  {
    "review": "재미있다는 느낌을 젼혀 받지못한영화",
    "date": "08.08.15",
    "rating": "4",
    "author": "tpwp****",
    "review_id": "2874475",
    "movie_id": "43368"
  },
  {
    "review": "good",
    "date": "08.08.09",
    "rating": "2",
    "author": "kcch****",
    "review_id": "2853723",
    "movie_id": "43368"
  },
  {
    "review": "오늘봤다 권상우와 김하늘 님의 조합  완전그림이다.. 평점 10이 모냐 100은좋야지..",
    "date": "08.07.29",
    "rating": "10",
    "author": "wlwh****",
    "review_id": "2813774",
    "movie_id": "43368"
  },
  {
    "review": "재밌어요..ㅋㅋㅋ 지금 보고 있음..ㅋㅋㅋ",
    "date": "08.07.29",
    "rating": "10",
    "author": "nhl8****",
    "review_id": "2813525",
    "movie_id": "43368"
  },
  {
    "review": "감동적이고 삶에 의욕을 주는 영화",
    "date": "08.07.21",
    "rating": "9",
    "author": "wkdl****",
    "review_id": "2790232",
    "movie_id": "43368"
  },
  {
    "review": "그럭저럭ㅋ",
    "date": "08.07.21",
    "rating": "7",
    "author": "libe****",
    "review_id": "2789823",
    "movie_id": "43368"
  },
  {
    "review": "아기자기하게재밋었어요~ ㅋ",
    "date": "08.07.21",
    "rating": "8",
    "author": "ehro****",
    "review_id": "2788701",
    "movie_id": "43368"
  },
  {
    "review": "왜 이렇게 평점이 낮지.. 재밌는데.",
    "date": "08.07.21",
    "rating": "8",
    "author": "yhm3****",
    "review_id": "2788683",
    "movie_id": "43368"
  },
  {
    "review": "그냥 볼만했음...권상우 좋아~",
    "date": "08.07.21",
    "rating": "8",
    "author": "heea****",
    "review_id": "2788544",
    "movie_id": "43368"
  }
]