[
  {
    "review": "생각보다 it's Okay ~ ~",
    "date": "15.02.23",
    "rating": "8",
    "author": "ngel****",
    "review_id": "9733042",
    "movie_id": "43371"
  },
  {
    "review": "삶의 희로애락을 가득 닮은 영화. 꿈과 현실간의 갈등을 겪고 있는 남편과 아내, 현실적인 부부간의 갈등과 노부모. 하지만, 현실들사이에 숨어있는 소중함을 보지 못하는 우리들. 급변하는 시간속에 살아가는 우리들에게 꼭 필요한 영화가 아닌가 싶다.",
    "date": "15.01.06",
    "rating": "9",
    "author": "atom****",
    "review_id": "9566750",
    "movie_id": "43371"
  },
  {
    "review": "실제같은 전개와 배우들의 좋은 연기 덕에 끝까지는 봤지만 구성이나 연출에선 아쉬움이 많이 남는다",
    "date": "14.12.20",
    "rating": "6",
    "author": "sipj****",
    "review_id": "9492915",
    "movie_id": "43371"
  },
  {
    "review": "단순 드라마 수준이네.. 스토리는 약하지만 현실적인 내용들이 공감이 가서 7점준다.",
    "date": "13.01.28",
    "rating": "7",
    "author": "pret****",
    "review_id": "7186801",
    "movie_id": "43371"
  },
  {
    "review": "일상 생활의 소소하면서도 애잔한 이야깃거리들이 아낌없이 펼쳐진다. 너무나 리얼해서 불편할 때도 있지만, 그럼에도 불구하고, 가족의 소중함을 가슴 가득 껴안게 해준다.",
    "date": "12.10.20",
    "rating": "10",
    "author": "ha_e****",
    "review_id": "6815808",
    "movie_id": "43371"
  },
  {
    "review": "정말 지루하고 짜증나서 중도 포기한 영화",
    "date": "12.07.16",
    "rating": "2",
    "author": "kic4****",
    "review_id": "6484948",
    "movie_id": "43371"
  },
  {
    "review": "영화보단 연극이나 티비단편극에 더맞는내용.영화로나오긴 내용이약하다",
    "date": "12.04.24",
    "rating": "7",
    "author": "a109****",
    "review_id": "6242643",
    "movie_id": "43371"
  },
  {
    "review": "내용에 비해 포스터가 과장이네.괜찮은데 중반이후론 몰입하기가 좀 힘들어지네..",
    "date": "12.03.24",
    "rating": "7",
    "author": "kis5****",
    "review_id": "6165995",
    "movie_id": "43371"
  },
  {
    "review": "수작이네요. 특별한 이벤트 없이 몰입시키기 쉽지 않은데.. 정말 일상을 잘 담앗네요.",
    "date": "12.01.05",
    "rating": "9",
    "author": "jalg****",
    "review_id": "5962438",
    "movie_id": "43371"
  },
  {
    "review": "감독자신과가족이야기라는데,쬐꿈은미화된 엔딩;그래도 가족이란의미를 생각해보게한.",
    "date": "11.08.05",
    "rating": "10",
    "author": "blac****",
    "review_id": "5602315",
    "movie_id": "43371"
  },
  {
    "review": "저런 백수건달한테 과분한 와이프..",
    "date": "11.03.20",
    "rating": "6",
    "author": "tn99****",
    "review_id": "5324727",
    "movie_id": "43371"
  },
  {
    "review": "정말 감명깊음.",
    "date": "11.03.12",
    "rating": "10",
    "author": "odjs****",
    "review_id": "5309160",
    "movie_id": "43371"
  },
  {
    "review": "마음이 따뜻해지는 영화 처음은 삼류같지만 내용과 배우들의 연기는 나를 감동시켰다",
    "date": "11.02.23",
    "rating": "10",
    "author": "sosa****",
    "review_id": "5268421",
    "movie_id": "43371"
  },
  {
    "review": "따뜻한 내용임",
    "date": "10.06.20",
    "rating": "7",
    "author": "real****",
    "review_id": "4578427",
    "movie_id": "43371"
  },
  {
    "review": "궤도진입을 꿈꾸는 수많은 지망생들을 위한 잔잔한 안부인사",
    "date": "09.11.21",
    "rating": "9",
    "author": "heod****",
    "review_id": "3979207",
    "movie_id": "43371"
  },
  {
    "review": "모처럼 현실적이고도 공감가는 잔잔한 영화",
    "date": "09.11.15",
    "rating": "10",
    "author": "gudd****",
    "review_id": "3965820",
    "movie_id": "43371"
  },
  {
    "review": "나만재밌나?ㅎㅎ난 이런 한국영화 좋던데 ㅋ",
    "date": "09.07.14",
    "rating": "9",
    "author": "hwaj****",
    "review_id": "3630682",
    "movie_id": "43371"
  },
  {
    "review": "특별한게 없어서 더 공감되는 현실적인 영화. 그속에 약간의 디테일이 엿보인다",
    "date": "09.07.13",
    "rating": "7",
    "author": "gkdi****",
    "review_id": "3630472",
    "movie_id": "43371"
  },
  {
    "review": "그렇게잼있지않았네요...댓글보고기대했었는데...",
    "date": "09.07.12",
    "rating": "6",
    "author": "shai****",
    "review_id": "3628218",
    "movie_id": "43371"
  },
  {
    "review": "알고보면 지난하고 지난한 백수 건달 영화감독 자신을 위한 위로.",
    "date": "09.02.02",
    "rating": "6",
    "author": "ghdl****",
    "review_id": "3272716",
    "movie_id": "43371"
  },
  {
    "review": "이 영화, 생각보다 정말로 괜찮다. 담담하게 다가오는 가족 이야기.",
    "date": "08.12.31",
    "rating": "6",
    "author": "kiss****",
    "review_id": "3171093",
    "movie_id": "43371"
  },
  {
    "review": "위로할수있는 사람이 있다는것도 행복으로 다가온다",
    "date": "08.11.17",
    "rating": "9",
    "author": "iqeq****",
    "review_id": "3056554",
    "movie_id": "43371"
  },
  {
    "review": "심심한 각본과 다듬어지지 않은 연출.. 그래도 재밌게 볼수있는건 좋은 연기자들덕..",
    "date": "08.11.04",
    "rating": "6",
    "author": "moon****",
    "review_id": "3034281",
    "movie_id": "43371"
  },
  {
    "review": "이렇게 좋은 영화를 모르고 있었다니 사람들이 눈이 없네요.",
    "date": "08.11.03",
    "rating": "10",
    "author": "babo****",
    "review_id": "3033203",
    "movie_id": "43371"
  },
  {
    "review": "재밌다 볼만하다",
    "date": "08.10.28",
    "rating": "10",
    "author": "2001****",
    "review_id": "3024734",
    "movie_id": "43371"
  },
  {
    "review": "간만에 케이블에서 제대로 본 괜찮은 영화",
    "date": "08.09.15",
    "rating": "8",
    "author": "outf****",
    "review_id": "2947639",
    "movie_id": "43371"
  },
  {
    "review": "짠하고 찡하고 말로 다 표현 하지 못하는 감동",
    "date": "08.08.12",
    "rating": "10",
    "author": "kuma****",
    "review_id": "2863694",
    "movie_id": "43371"
  },
  {
    "review": "이야기에 빠지면 다른 헛점들은 눈에 들어오지 않는 법.",
    "date": "08.08.12",
    "rating": "8",
    "author": "skat****",
    "review_id": "2863602",
    "movie_id": "43371"
  },
  {
    "review": "좋다. 니들 이런 영화도 봐야 한국 영화판에도 다양성이 생긴다.",
    "date": "08.08.10",
    "rating": "9",
    "author": "cosm****",
    "review_id": "2857135",
    "movie_id": "43371"
  },
  {
    "review": "카메라도 삼각대를 안썼나..........왜케 흔들ㄹ려.....-_-..",
    "date": "08.08.09",
    "rating": "4",
    "author": "hyej****",
    "review_id": "2854657",
    "movie_id": "43371"
  },
  {
    "review": "우연히 보게되었는데 완전몰입해서 봤음! 도대체 언제 개봉했던거야~!!;;",
    "date": "08.06.16",
    "rating": "10",
    "author": "smil****",
    "review_id": "2702339",
    "movie_id": "43371"
  },
  {
    "review": "괜찮네요",
    "date": "08.06.16",
    "rating": "9",
    "author": "answ****",
    "review_id": "2702018",
    "movie_id": "43371"
  },
  {
    "review": "가족의 탄생보다 재미있게 본 가족영화. 숨겨진 수작.",
    "date": "08.05.28",
    "rating": "8",
    "author": "trow****",
    "review_id": "2668382",
    "movie_id": "43371"
  },
  {
    "review": "더하거나 빼지않은 진짜 가족이야기",
    "date": "08.02.12",
    "rating": "9",
    "author": "moon****",
    "review_id": "2439765",
    "movie_id": "43371"
  },
  {
    "review": "좋네요",
    "date": "08.02.07",
    "rating": "10",
    "author": "spot****",
    "review_id": "2418472",
    "movie_id": "43371"
  },
  {
    "review": "좋다.",
    "date": "08.02.05",
    "rating": "8",
    "author": "eorn****",
    "review_id": "2412059",
    "movie_id": "43371"
  },
  {
    "review": "가족이 사는 이야기. 볼만하다.",
    "date": "08.01.30",
    "rating": "7",
    "author": "ohyj****",
    "review_id": "2387541",
    "movie_id": "43371"
  },
  {
    "review": "가슴이 훈훈해지는 영화!",
    "date": "07.10.30",
    "rating": "10",
    "author": "haen****",
    "review_id": "2122552",
    "movie_id": "43371"
  },
  {
    "review": "진짜괜찮은^^훈훈",
    "date": "07.10.07",
    "rating": "10",
    "author": "ej92****",
    "review_id": "2076025",
    "movie_id": "43371"
  },
  {
    "review": "마치 명절에하는 단막극같네~굉장히 편하고 재밌는 영화네요~^^",
    "date": "07.09.21",
    "rating": "10",
    "author": "hiro****",
    "review_id": "2035569",
    "movie_id": "43371"
  },
  {
    "review": "인간냄새가 물씬 풍기는 가족영화.",
    "date": "07.09.17",
    "rating": "6",
    "author": "sae1****",
    "review_id": "2026394",
    "movie_id": "43371"
  },
  {
    "review": "담백하지만 맛이 있는 그런 두부처럼 소박한 영화.",
    "date": "07.09.14",
    "rating": "7",
    "author": "voov****",
    "review_id": "2018713",
    "movie_id": "43371"
  },
  {
    "review": "이순재 특유의 코미디!",
    "date": "07.08.22",
    "rating": "7",
    "author": "v292****",
    "review_id": "1969346",
    "movie_id": "43371"
  },
  {
    "review": "일상적이나 지루하지않다,갈등을 '깸'으로써가아닌'받아들임'으로 극복하는",
    "date": "07.08.04",
    "rating": "8",
    "author": "gig7****",
    "review_id": "1872500",
    "movie_id": "43371"
  },
  {
    "review": "감동적인 가족의 사랑을 잘 그려낸 영화.",
    "date": "07.07.17",
    "rating": "10",
    "author": "shsh****",
    "review_id": "1784034",
    "movie_id": "43371"
  },
  {
    "review": "잔잔하고 아기자기한 영화, 마냥 이쁘고 착하게만 흘러간다~",
    "date": "07.06.10",
    "rating": "8",
    "author": "inki****",
    "review_id": "1694494",
    "movie_id": "43371"
  },
  {
    "review": "감독본인 예긴가??ㅎ 재밌네~",
    "date": "07.05.14",
    "rating": "9",
    "author": "drd1****",
    "review_id": "1637913",
    "movie_id": "43371"
  },
  {
    "review": "사람사는 이야기...포스터 좀 잘만들지..ㅉ",
    "date": "07.05.08",
    "rating": "9",
    "author": "chog****",
    "review_id": "1627576",
    "movie_id": "43371"
  },
  {
    "review": "마지막 나레이션 참 감동적이네..",
    "date": "07.04.26",
    "rating": "10",
    "author": "rlas****",
    "review_id": "1606529",
    "movie_id": "43371"
  },
  {
    "review": "남자들이라면 꼭봐야할 단 졸부집아들래미는 봐도이해못할 ...",
    "date": "07.04.24",
    "rating": "10",
    "author": "chan****",
    "review_id": "1603823",
    "movie_id": "43371"
  },
  {
    "review": "그냥 사는이야긴데 왜 눈을 뗄수없는지...영화학도라 더 공감이 됐던,,,",
    "date": "07.04.17",
    "rating": "9",
    "author": "jand****",
    "review_id": "1593149",
    "movie_id": "43371"
  },
  {
    "review": "'부부싸움은 칼로 물베기'채원이랑 보면서 막 웃었다.",
    "date": "07.04.13",
    "rating": "7",
    "author": "hagj****",
    "review_id": "1585470",
    "movie_id": "43371"
  },
  {
    "review": "정말 괜찮네요! 간만에 심하게 공감한 '가족' 영화 였습니다!",
    "date": "07.03.23",
    "rating": "10",
    "author": "kiss****",
    "review_id": "1550114",
    "movie_id": "43371"
  },
  {
    "review": "인생 사는 냄새가 나서 좋았다.생각한거 보다 꾀 괜찮았던 영화.",
    "date": "07.03.10",
    "rating": "9",
    "author": "mrdo****",
    "review_id": "1526512",
    "movie_id": "43371"
  },
  {
    "review": "괜찮은 영화에요 (그저 그런 영화 아닙니다)",
    "date": "07.02.12",
    "rating": "10",
    "author": "obba****",
    "review_id": "1466013",
    "movie_id": "43371"
  },
  {
    "review": "6점짜린데 넘 높다...평점 낮추기. 괜찮다=그저그렇다 일수도...",
    "date": "07.02.05",
    "rating": "1",
    "author": "led0****",
    "review_id": "1445391",
    "movie_id": "43371"
  },
  {
    "review": "기분좋게 볼수있는.. 그리고 생각을 많이 해보게 되는 영화",
    "date": "07.02.01",
    "rating": "8",
    "author": "kbn7****",
    "review_id": "1431664",
    "movie_id": "43371"
  },
  {
    "review": "대중적이면서 귀여운 영화...잔잔하면서 좋아요!",
    "date": "07.01.25",
    "rating": "10",
    "author": "cjdg****",
    "review_id": "1413112",
    "movie_id": "43371"
  },
  {
    "review": "정말 모두들 괜찮은 영화. 괜찮지않아도 괜찮은 영화.",
    "date": "06.12.29",
    "rating": "10",
    "author": "khy8****",
    "review_id": "1340082",
    "movie_id": "43371"
  },
  {
    "review": "괜찮은데왜흥행을못햇을까",
    "date": "06.12.24",
    "rating": "6",
    "author": "ygr1****",
    "review_id": "1321603",
    "movie_id": "43371"
  },
  {
    "review": "아옹다옹~그러나 사랑하는 사람이니",
    "date": "06.12.22",
    "rating": "10",
    "author": "dudo****",
    "review_id": "1313360",
    "movie_id": "43371"
  },
  {
    "review": "괜찮아요",
    "date": "06.12.20",
    "rating": "8",
    "author": "valc****",
    "review_id": "1307146",
    "movie_id": "43371"
  },
  {
    "review": "이게 영화였구나.. 드라마 시티인줄..ㅡㅡ",
    "date": "06.11.22",
    "rating": "7",
    "author": "alss****",
    "review_id": "1246259",
    "movie_id": "43371"
  },
  {
    "review": "과장하지 않고 정직하고 솔직하게.",
    "date": "06.11.19",
    "rating": "7",
    "author": "goto****",
    "review_id": "1240465",
    "movie_id": "43371"
  },
  {
    "review": "만년 감독지망생과 그의 가족의 애환을 다룬 베스트극장.",
    "date": "06.11.19",
    "rating": "4",
    "author": "godc****",
    "review_id": "1240407",
    "movie_id": "43371"
  },
  {
    "review": "좋은 영화네요",
    "date": "06.11.19",
    "rating": "9",
    "author": "d140****",
    "review_id": "1240271",
    "movie_id": "43371"
  },
  {
    "review": "못봤으면 평생 후회할뻔했네요.좋은 영화입니다.너무 와닿아요..",
    "date": "06.11.19",
    "rating": "10",
    "author": "hy09****",
    "review_id": "1240214",
    "movie_id": "43371"
  },
  {
    "review": "괜찮네요. 정말 괜찮습니다.",
    "date": "06.11.19",
    "rating": "8",
    "author": "june****",
    "review_id": "1240213",
    "movie_id": "43371"
  },
  {
    "review": "개나 소의 Story. 할일 없음 괜찮을수도. But 보고나면 더 짜증~",
    "date": "06.11.18",
    "rating": "1",
    "author": "nets****",
    "review_id": "1239706",
    "movie_id": "43371"
  },
  {
    "review": "힘빼고 만들어서 좋다! 소소한 우리네가족들의 이야기",
    "date": "06.11.15",
    "rating": "7",
    "author": "znzn****",
    "review_id": "1234259",
    "movie_id": "43371"
  },
  {
    "review": "포스터와 제목때문에...코믹인줄-_-; 영화는 좋아요!",
    "date": "06.11.01",
    "rating": "8",
    "author": "its_****",
    "review_id": "1210045",
    "movie_id": "43371"
  },
  {
    "review": "가족의 소중함을 알게 해주는 꽤 깔끔한 작품",
    "date": "06.10.27",
    "rating": "6",
    "author": "okjo****",
    "review_id": "1202242",
    "movie_id": "43371"
  },
  {
    "review": "별것도 아닌 건데, 잼난다.",
    "date": "06.10.27",
    "rating": "9",
    "author": "ocdg****",
    "review_id": "1200807",
    "movie_id": "43371"
  },
  {
    "review": "깔끔한 TV 드라마를 보고 나 온 기분.^^",
    "date": "06.10.26",
    "rating": "8",
    "author": "poke****",
    "review_id": "1200269",
    "movie_id": "43371"
  },
  {
    "review": "지나친 오바도 없는 무난한 가족 드라마",
    "date": "06.10.26",
    "rating": "7",
    "author": "fred****",
    "review_id": "1199148",
    "movie_id": "43371"
  },
  {
    "review": "그럼요 괜찮죠~~~",
    "date": "06.10.25",
    "rating": "10",
    "author": "grav****",
    "review_id": "1198573",
    "movie_id": "43371"
  },
  {
    "review": "예쁜영화. 가족뭐별건가. 다들그러면서사는거지.하지만소중한 것",
    "date": "06.10.23",
    "rating": "10",
    "author": "rore****",
    "review_id": "1195621",
    "movie_id": "43371"
  },
  {
    "review": "가족의 탄생과 너무 닮아있네? 김태용감독도 나오고",
    "date": "06.10.22",
    "rating": "9",
    "author": "ghos****",
    "review_id": "1194292",
    "movie_id": "43371"
  },
  {
    "review": "나는 이런 영화가 조아여^*^",
    "date": "06.10.22",
    "rating": "10",
    "author": "mily****",
    "review_id": "1194151",
    "movie_id": "43371"
  },
  {
    "review": "감독의 차기작은 걱정되지만 담백하다",
    "date": "06.10.21",
    "rating": "7",
    "author": "bbq2****",
    "review_id": "1190785",
    "movie_id": "43371"
  },
  {
    "review": "사람사는 이야기가 다 그렇지..",
    "date": "06.10.09",
    "rating": "9",
    "author": "mayi****",
    "review_id": "1173257",
    "movie_id": "43371"
  },
  {
    "review": "김호정한테 반했어..",
    "date": "06.10.08",
    "rating": "10",
    "author": "tkty****",
    "review_id": "1169998",
    "movie_id": "43371"
  },
  {
    "review": "가족이야기. 톡특하면서도 왠지 모르게 남이야기 같지 않은.",
    "date": "06.09.28",
    "rating": "8",
    "author": "star****",
    "review_id": "1146603",
    "movie_id": "43371"
  },
  {
    "review": "모두들 괜찮냐고? 다 똑같찌 뭐~. 사람 사는 것이...",
    "date": "06.09.23",
    "rating": "7",
    "author": "lks3****",
    "review_id": "1139356",
    "movie_id": "43371"
  },
  {
    "review": "쓸데없는장면이너무많다연기.스토리.감독나랑장난하니",
    "date": "06.09.20",
    "rating": "1",
    "author": "pvga****",
    "review_id": "1133825",
    "movie_id": "43371"
  },
  {
    "review": "[강추]명작임: 코미디 아님 가족드라마 포스터때문에 실패한듯",
    "date": "06.09.19",
    "rating": "10",
    "author": "proj****",
    "review_id": "1132950",
    "movie_id": "43371"
  },
  {
    "review": "뛰어난 스타가 아닌 연기력 있는 배우들이 만들어낸 영화",
    "date": "06.09.15",
    "rating": "9",
    "author": "khms****",
    "review_id": "1123849",
    "movie_id": "43371"
  },
  {
    "review": "이게 바로 가족의 현실이지...",
    "date": "06.09.13",
    "rating": "10",
    "author": "love****",
    "review_id": "1119408",
    "movie_id": "43371"
  },
  {
    "review": "발레 샘 넘 무서운",
    "date": "06.08.27",
    "rating": "10",
    "author": "ilov****",
    "review_id": "1085398",
    "movie_id": "43371"
  },
  {
    "review": "가볍게 다가와서 깊이 파고든다. 잘만든 드라마시티를 보는 기분",
    "date": "06.08.19",
    "rating": "9",
    "author": "linu****",
    "review_id": "1055609",
    "movie_id": "43371"
  },
  {
    "review": "일상 같은 無양념~ 영화",
    "date": "06.08.11",
    "rating": "8",
    "author": "iz19****",
    "review_id": "996258",
    "movie_id": "43371"
  },
  {
    "review": "2시간짜리 베스트극장",
    "date": "06.08.09",
    "rating": "8",
    "author": "wwe1****",
    "review_id": "987126",
    "movie_id": "43371"
  },
  {
    "review": "그냥 볼만하다...지극히 평범한...",
    "date": "06.08.06",
    "rating": "7",
    "author": "carm****",
    "review_id": "977223",
    "movie_id": "43371"
  },
  {
    "review": "숨어있는 진주를 찾아다고 할까?  거품없는 진솔한 연기와 연출!",
    "date": "06.08.03",
    "rating": "9",
    "author": "stay****",
    "review_id": "961631",
    "movie_id": "43371"
  },
  {
    "review": "영화(=극중대사:개털?), 그나마 가족의 소중함을 느낄 수 있는;",
    "date": "06.08.02",
    "rating": "1",
    "author": "pjhm****",
    "review_id": "958846",
    "movie_id": "43371"
  },
  {
    "review": "아쉽다",
    "date": "06.07.30",
    "rating": "8",
    "author": "zeed****",
    "review_id": "946291",
    "movie_id": "43371"
  },
  {
    "review": "결혼하고 10년후 이 영화 다시 봐야겠다.. 그땐 먼가 얻을듯..",
    "date": "06.07.30",
    "rating": "7",
    "author": "urkn****",
    "review_id": "941881",
    "movie_id": "43371"
  },
  {
    "review": "일상적인 면을 섬세하게 표현했네요 꾸밈과 거품이 없는 영화",
    "date": "06.07.30",
    "rating": "10",
    "author": "tyfl****",
    "review_id": "941701",
    "movie_id": "43371"
  },
  {
    "review": "베스트극장 수준의 영화...그래도 볼만하다.",
    "date": "06.07.24",
    "rating": "7",
    "author": "blue****",
    "review_id": "919703",
    "movie_id": "43371"
  },
  {
    "review": "왠지  가슴이 아프고,찡하다....  다음에도 좋은  작품을 기대..",
    "date": "06.07.23",
    "rating": "10",
    "author": "msj0****",
    "review_id": "917202",
    "movie_id": "43371"
  }
]