[
  {
    "review": "최고였다",
    "date": "12.11.25",
    "rating": "10",
    "author": "hige****",
    "review_id": "6924457",
    "movie_id": "43399"
  },
  {
    "review": "오우",
    "date": "12.09.16",
    "rating": "9",
    "author": "saku****",
    "review_id": "6702814",
    "movie_id": "43399"
  },
  {
    "review": "인내심을 테스트 하게 한 영화, 그래도 돈짱 연기가 괜찮아서",
    "date": "11.11.18",
    "rating": "4",
    "author": "bird****",
    "review_id": "5856360",
    "movie_id": "43399"
  },
  {
    "review": "의사는 좀 정신상태가 이상한듯하고 에미랑 화가는 엄청 답답하다",
    "date": "11.06.26",
    "rating": "5",
    "author": "hny1****",
    "review_id": "5502038",
    "movie_id": "43399"
  },
  {
    "review": "바보 처럼, 착하기만 했던 친구, 그는 이제 달이되어 우릴 비춘다.",
    "date": "11.06.04",
    "rating": "8",
    "author": "ll3l****",
    "review_id": "5463170",
    "movie_id": "43399"
  },
  {
    "review": "미술팀이 아까울 정도로 지루한 영화",
    "date": "09.08.03",
    "rating": "4",
    "author": "evil****",
    "review_id": "3705258",
    "movie_id": "43399"
  },
  {
    "review": "시나리오가 너무 억지 스럽다",
    "date": "09.07.28",
    "rating": "6",
    "author": "oran****",
    "review_id": "3678199",
    "movie_id": "43399"
  },
  {
    "review": "진관희의 연기가 좋았다, 그림그리는장면은 인상적 마지막 엔딩장면은 잊을수 없을듯",
    "date": "09.02.15",
    "rating": "10",
    "author": "alon****",
    "review_id": "3306145",
    "movie_id": "43399"
  },
  {
    "review": "유덕화의 환생. 염력의 승리",
    "date": "08.10.19",
    "rating": "7",
    "author": "goti****",
    "review_id": "3009122",
    "movie_id": "43399"
  },
  {
    "review": "내용에 비해 제목을 잘지어서 내용도 좋아보인다.",
    "date": "08.09.15",
    "rating": "7",
    "author": "visk****",
    "review_id": "2945768",
    "movie_id": "43399"
  },
  {
    "review": "이래서 내가 일본영화를본다..뭔가 국내영화와는 다른 깊은맛이 느껴진달까?",
    "date": "08.06.27",
    "rating": "9",
    "author": "rikk****",
    "review_id": "2722972",
    "movie_id": "43399"
  },
  {
    "review": "진부하지만 슬픈이야기...",
    "date": "08.04.23",
    "rating": "7",
    "author": "egyp****",
    "review_id": "2595840",
    "movie_id": "43399"
  },
  {
    "review": "황당한 전개에 짜증났는데, 엔딩쯤에 주는 전개는 왠지 감동적...",
    "date": "08.04.05",
    "rating": "7",
    "author": "pjhl****",
    "review_id": "2560335",
    "movie_id": "43399"
  },
  {
    "review": "뻔한 스토리에 뻔한 결말.. 그래도 좋다..",
    "date": "08.02.25",
    "rating": "8",
    "author": "hw96****",
    "review_id": "2479963",
    "movie_id": "43399"
  },
  {
    "review": "좋다 ㅜ.ㅜ",
    "date": "08.02.17",
    "rating": "10",
    "author": "sisk****",
    "review_id": "2454932",
    "movie_id": "43399"
  },
  {
    "review": "대사가 거의 없는데도 진관희의 실력을 제대로 알수있는 영화.돈의 그림도 멋졌고...",
    "date": "08.02.10",
    "rating": "10",
    "author": "em2i****",
    "review_id": "2433271",
    "movie_id": "43399"
  },
  {
    "review": "가슴이 아린데 억지로 후벼파는듯한 느낌. 다만 극중 돈이 그린 그림은 인상적이었다.",
    "date": "08.01.31",
    "rating": "5",
    "author": "snip****",
    "review_id": "2393085",
    "movie_id": "43399"
  },
  {
    "review": "역시요스케... 마지막 장면은 너무 멋있었어.. 진관희의 연기두 너무 좋았던..",
    "date": "08.01.27",
    "rating": "10",
    "author": "asd6****",
    "review_id": "2375369",
    "movie_id": "43399"
  },
  {
    "review": "미지근하지만 단비같은",
    "date": "08.01.18",
    "rating": "7",
    "author": "hell****",
    "review_id": "2341360",
    "movie_id": "43399"
  },
  {
    "review": "분위기가 왠지 익숙하다는 느낌만 들었다,. 하지만 영화속의 그림은 매우 멋졌다.,",
    "date": "08.01.05",
    "rating": "7",
    "author": "mkin****",
    "review_id": "2299466",
    "movie_id": "43399"
  },
  {
    "review": "105분내내질투하는테츠야,존재감없는에이미,과묵함의폭발진관희최고",
    "date": "08.01.03",
    "rating": "5",
    "author": "poke****",
    "review_id": "2294231",
    "movie_id": "43399"
  },
  {
    "review": "겨울에 같이 달을 바라보면 맘이 따뜻해져요~",
    "date": "07.12.21",
    "rating": "8",
    "author": "copa****",
    "review_id": "2250528",
    "movie_id": "43399"
  },
  {
    "review": "멜로영화이면서도 진한 우정을 그린 꽤 괜찮은 영화",
    "date": "07.12.20",
    "rating": "8",
    "author": "wuli****",
    "review_id": "2248115",
    "movie_id": "43399"
  },
  {
    "review": "정말 좋았다... 마지막 장면은 눈물이 핑돌았다 솔직히 조금씩은 스킵",
    "date": "07.12.19",
    "rating": "9",
    "author": "hkc8****",
    "review_id": "2247188",
    "movie_id": "43399"
  },
  {
    "review": "너무 뻔하다. 약간 억지 내용...",
    "date": "07.12.15",
    "rating": "4",
    "author": "jimi****",
    "review_id": "2232723",
    "movie_id": "43399"
  },
  {
    "review": "음악도 좋고,슬픈 영화이다..쿠보즈카요스케 컴백",
    "date": "07.12.14",
    "rating": "10",
    "author": "slam****",
    "review_id": "2230703",
    "movie_id": "43399"
  },
  {
    "review": "굿굿",
    "date": "07.08.30",
    "rating": "10",
    "author": "rhkd****",
    "review_id": "1988987",
    "movie_id": "43399"
  },
  {
    "review": "흔하디흔한내용, 결말마저뻔한. 그것말고는.. 그럭저럭 괜찮은..",
    "date": "07.08.18",
    "rating": "7",
    "author": "sung****",
    "review_id": "1954009",
    "movie_id": "43399"
  },
  {
    "review": "바보같이 착하기만 하다.. 뭉클.,",
    "date": "07.08.07",
    "rating": "9",
    "author": "juya****",
    "review_id": "1897828",
    "movie_id": "43399"
  },
  {
    "review": "요스케잖아,",
    "date": "07.05.03",
    "rating": "10",
    "author": "sala****",
    "review_id": "1618340",
    "movie_id": "43399"
  },
  {
    "review": "스토리유치, 구성별로, 연출중간 , 연기력최고(남자둘에 제한)",
    "date": "07.04.27",
    "rating": "6",
    "author": "layl****",
    "review_id": "1608327",
    "movie_id": "43399"
  },
  {
    "review": "강추!!",
    "date": "07.04.26",
    "rating": "10",
    "author": "nean****",
    "review_id": "1606515",
    "movie_id": "43399"
  },
  {
    "review": "겉멋든 영화",
    "date": "07.03.30",
    "rating": "5",
    "author": "area****",
    "review_id": "1562063",
    "movie_id": "43399"
  },
  {
    "review": "윽..쓰레기;;",
    "date": "07.03.11",
    "rating": "2",
    "author": "epsl****",
    "review_id": "1529898",
    "movie_id": "43399"
  },
  {
    "review": "장면장면이 좀 황당스러웠던 영화... 배우들의 연기력은 좋았지만...",
    "date": "07.03.09",
    "rating": "8",
    "author": "jung****",
    "review_id": "1525476",
    "movie_id": "43399"
  },
  {
    "review": "작품이 형편없었던 까닭에 배우인 요스케가 싫어진 영화;;",
    "date": "07.02.05",
    "rating": "6",
    "author": "fkzm****",
    "review_id": "1446838",
    "movie_id": "43399"
  },
  {
    "review": "어디서 많이 본듯한 얘기들 ... 하지만 마지막은 정말 슬픔 ..",
    "date": "07.01.19",
    "rating": "7",
    "author": "bad5****",
    "review_id": "1398187",
    "movie_id": "43399"
  },
  {
    "review": "영화보단 요스케가 더보고싶었다.",
    "date": "07.01.09",
    "rating": "10",
    "author": "qkrd****",
    "review_id": "1368870",
    "movie_id": "43399"
  },
  {
    "review": "억지스러운 전개가 어설펐지만. 어디선가 아려왔다.",
    "date": "06.12.13",
    "rating": "7",
    "author": "k881****",
    "review_id": "1289262",
    "movie_id": "43399"
  },
  {
    "review": "야윈 요스케. 영화내용보다는 야윈 요스케에 더 슬펐다.",
    "date": "06.12.13",
    "rating": "10",
    "author": "myoh****",
    "review_id": "1288227",
    "movie_id": "43399"
  },
  {
    "review": "와 닿지 않는다고 할까?!..",
    "date": "06.12.02",
    "rating": "6",
    "author": "gkgk****",
    "review_id": "1262521",
    "movie_id": "43399"
  },
  {
    "review": "영화로 담기엔 한계가, 드라마로 제작 되었다면 어땠을까 ?",
    "date": "06.11.28",
    "rating": "7",
    "author": "tang****",
    "review_id": "1255379",
    "movie_id": "43399"
  },
  {
    "review": "다수의평점이내생각한평점보다높은,얼마안되는영화중하나",
    "date": "06.11.25",
    "rating": "4",
    "author": "sooy****",
    "review_id": "1251175",
    "movie_id": "43399"
  },
  {
    "review": "마지막에뭔가찡했다면... 그 영화는뭔가를말해주는것이아닐까?",
    "date": "06.11.17",
    "rating": "9",
    "author": "hjou****",
    "review_id": "1236385",
    "movie_id": "43399"
  },
  {
    "review": "재밌다",
    "date": "06.11.15",
    "rating": "10",
    "author": "cjon****",
    "review_id": "1233555",
    "movie_id": "43399"
  },
  {
    "review": "눈물이 나오기 까지는 2프로 부족..",
    "date": "06.11.11",
    "rating": "7",
    "author": "song****",
    "review_id": "1226205",
    "movie_id": "43399"
  },
  {
    "review": "완전 기대이하. 연기들 전부 어색 소리만 빽빽지르고 뭐야아~ㅉ",
    "date": "06.11.03",
    "rating": "1",
    "author": "taem****",
    "review_id": "1213262",
    "movie_id": "43399"
  },
  {
    "review": "돈쨩T T...!",
    "date": "06.10.24",
    "rating": "7",
    "author": "cora****",
    "review_id": "1197510",
    "movie_id": "43399"
  },
  {
    "review": "드라마를 본 것일까 아~",
    "date": "06.10.10",
    "rating": "4",
    "author": "erhe****",
    "review_id": "1174178",
    "movie_id": "43399"
  },
  {
    "review": "요스케가 나온다는 것만으로 얘기 끝",
    "date": "06.10.02",
    "rating": "10",
    "author": "e246****",
    "review_id": "1155594",
    "movie_id": "43399"
  },
  {
    "review": "억지 설정. 기대했던보단 별로다..",
    "date": "06.09.30",
    "rating": "6",
    "author": "blue****",
    "review_id": "1149996",
    "movie_id": "43399"
  },
  {
    "review": "진관희 땜에 본다",
    "date": "06.09.22",
    "rating": "1",
    "author": "waci****",
    "review_id": "1136491",
    "movie_id": "43399"
  },
  {
    "review": "요스케의 연기는 여전히 최고, 영화 자체는 글쎄-",
    "date": "06.09.14",
    "rating": "8",
    "author": "link****",
    "review_id": "1122090",
    "movie_id": "43399"
  },
  {
    "review": "요스케의 이미지도 많이 약해졌구나.. 10% 부족한 영화;;",
    "date": "06.09.06",
    "rating": "7",
    "author": "reki****",
    "review_id": "1106724",
    "movie_id": "43399"
  },
  {
    "review": "두 남자배우, 특히 진관희의 연기가 좋았던~",
    "date": "06.09.03",
    "rating": "9",
    "author": "monc****",
    "review_id": "1100733",
    "movie_id": "43399"
  },
  {
    "review": "요스케라는 배우의힘..",
    "date": "06.09.02",
    "rating": "8",
    "author": "rkdw****",
    "review_id": "1096260",
    "movie_id": "43399"
  },
  {
    "review": "벗이여, 지금 내가 보고 있는 달을 자네도 보고 있겠지...",
    "date": "06.08.23",
    "rating": "6",
    "author": "lks3****",
    "review_id": "1071629",
    "movie_id": "43399"
  },
  {
    "review": "'진관희'.. 배역이 너무 잘 어울렸다..'요스케'도 멋졌음.",
    "date": "06.08.20",
    "rating": "10",
    "author": "lshp****",
    "review_id": "1060024",
    "movie_id": "43399"
  },
  {
    "review": "정말 많이 울었어요 마지막에 정말 감동이에요 꼭 보세요",
    "date": "06.08.17",
    "rating": "10",
    "author": "rkbl****",
    "review_id": "1046247",
    "movie_id": "43399"
  },
  {
    "review": "지루하긴했지만,요스케의 복귀작이라는 타이틀로는 어울림",
    "date": "06.08.11",
    "rating": "6",
    "author": "moon****",
    "review_id": "997217",
    "movie_id": "43399"
  },
  {
    "review": "슬프다 소리내어 울게할만큼. 슬픈영화일뿐이다",
    "date": "06.08.07",
    "rating": "10",
    "author": "chj8****",
    "review_id": "982369",
    "movie_id": "43399"
  },
  {
    "review": "초감동. 진짜 슬프다.",
    "date": "06.08.01",
    "rating": "10",
    "author": "ktw2****",
    "review_id": "952011",
    "movie_id": "43399"
  },
  {
    "review": "진관희 요스케 캬....조금은 지루하나 마지막 너무 슬프다",
    "date": "06.08.01",
    "rating": "10",
    "author": "pid8****",
    "review_id": "951702",
    "movie_id": "43399"
  },
  {
    "review": "끝이참..후~눈물이계속..",
    "date": "06.07.31",
    "rating": "10",
    "author": "yeon****",
    "review_id": "950011",
    "movie_id": "43399"
  },
  {
    "review": "역시 요스케.. 날 실망시키지않아..",
    "date": "06.07.31",
    "rating": "10",
    "author": "skyn****",
    "review_id": "946989",
    "movie_id": "43399"
  },
  {
    "review": "흠...... 그저 평범한 영화..",
    "date": "06.07.31",
    "rating": "6",
    "author": "ldyo****",
    "review_id": "946713",
    "movie_id": "43399"
  },
  {
    "review": "울다가 쓰러질번한 영화다.. 당황스럽다. 도저히..모르겠다",
    "date": "06.07.27",
    "rating": "10",
    "author": "love****",
    "review_id": "925361",
    "movie_id": "43399"
  },
  {
    "review": "역시 쿠보즈카 요스케. 그리고 진관희라는 배우의 발견...",
    "date": "06.07.27",
    "rating": "8",
    "author": "hysi****",
    "review_id": "925250",
    "movie_id": "43399"
  },
  {
    "review": "역시 요스케 -_ㅜ 쵝오 !",
    "date": "06.07.27",
    "rating": "10",
    "author": "nysu****",
    "review_id": "924988",
    "movie_id": "43399"
  },
  {
    "review": "글쎄, 난 돈이 인상깊던데;  다른건 별로,,",
    "date": "06.07.27",
    "rating": "8",
    "author": "ensh****",
    "review_id": "924978",
    "movie_id": "43399"
  },
  {
    "review": "말로표현할수 없을정도의 감동이다, 그리고 부활한 쿠보즈카.",
    "date": "06.07.25",
    "rating": "10",
    "author": "juli****",
    "review_id": "922022",
    "movie_id": "43399"
  },
  {
    "review": "감동이 확실히 전해졌다. 사랑이야기만한게아니라서더좋음",
    "date": "06.07.23",
    "rating": "8",
    "author": "yesi****",
    "review_id": "916774",
    "movie_id": "43399"
  },
  {
    "review": "요스케의 간절한 표정과 몸부림연기에 한표",
    "date": "06.07.19",
    "rating": "8",
    "author": "iswe****",
    "review_id": "906686",
    "movie_id": "43399"
  },
  {
    "review": "식상하고 상투적인 표현, 솔직히 요스케 아니었으면 안봤을거다.",
    "date": "06.07.15",
    "rating": "4",
    "author": "allb****",
    "review_id": "892797",
    "movie_id": "43399"
  },
  {
    "review": "진관희와 요스케가 배역을 바꿨더라면 조금은 특별해졌을 영화.",
    "date": "06.06.07",
    "rating": "5",
    "author": "ruro****",
    "review_id": "835004",
    "movie_id": "43399"
  },
  {
    "review": "자기가 슈퍼맨이 된줄알고 뛰어내렷다던데..",
    "date": "05.11.06",
    "rating": "10",
    "author": "dndt****",
    "review_id": "466747",
    "movie_id": "43399"
  }
]