[
  {
    "review": "박신양의 연기력은 따라올자가 없는듯.",
    "date": "15.04.19",
    "rating": "10",
    "author": "coco****",
    "review_id": "9852504",
    "movie_id": "43493"
  },
  {
    "review": "tv 전기세가 아깝다!!!",
    "date": "14.01.04",
    "rating": "1",
    "author": "ske4****",
    "review_id": "8346640",
    "movie_id": "43493"
  },
  {
    "review": "저이거 봤어요. 2011 년 땐가 재개봉 하더라고요 집에서근데 준이가 아빠눈 안보여서 줫다니 ㅜㅜ",
    "date": "12.12.08",
    "rating": "10",
    "author": "tndh****",
    "review_id": "6985547",
    "movie_id": "43493"
  },
  {
    "review": "박신양 연기 허네 서신애 너무 귀여움",
    "date": "12.08.30",
    "rating": "9",
    "author": "jta1****",
    "review_id": "6655463",
    "movie_id": "43493"
  },
  {
    "review": "감동감동",
    "date": "12.07.20",
    "rating": "7",
    "author": "gmlw****",
    "review_id": "6505355",
    "movie_id": "43493"
  },
  {
    "review": "완전 감동적인데요??????그런데 평점이 너무 낮네요??",
    "date": "12.04.02",
    "rating": "10",
    "author": "iiii****",
    "review_id": "6187408",
    "movie_id": "43493"
  },
  {
    "review": "완전 감동적인 이야기인데 평점이 낮다.",
    "date": "12.04.01",
    "rating": "10",
    "author": "shsh****",
    "review_id": "6185014",
    "movie_id": "43493"
  },
  {
    "review": "박신양 오버연기... 쥐어짜는 스토리도 별루.",
    "date": "12.01.29",
    "rating": "3",
    "author": "kis5****",
    "review_id": "6034156",
    "movie_id": "43493"
  },
  {
    "review": "박신양씨 연기하나로 영화가 꽉차네요",
    "date": "12.01.26",
    "rating": "9",
    "author": "mild****",
    "review_id": "6024042",
    "movie_id": "43493"
  },
  {
    "review": "배우 잘 만나서 영화가 살았다고 봄. 결말.. 결말 때문에 8점 줬음 짝짝짝",
    "date": "12.01.12",
    "rating": "8",
    "author": "3jun****",
    "review_id": "5979879",
    "movie_id": "43493"
  },
  {
    "review": "기대 이상 정말 괜찮은 영화! 서신애양 괜히 연기신동이 아니네요",
    "date": "12.01.12",
    "rating": "9",
    "author": "shw0****",
    "review_id": "5979483",
    "movie_id": "43493"
  },
  {
    "review": "괜찮은 영화",
    "date": "11.11.05",
    "rating": "9",
    "author": "play****",
    "review_id": "5829980",
    "movie_id": "43493"
  },
  {
    "review": "(결말때문에, -2점!! 차라리 결말이 없었더라면..-_- )박신양 짱! 준이 귀여워..ㅎㅎ",
    "date": "11.08.16",
    "rating": "8",
    "author": "mmh0****",
    "review_id": "5656689",
    "movie_id": "43493"
  },
  {
    "review": "제목 참 잘 지었네요. 6점대 받을 영화는 아님.",
    "date": "11.08.02",
    "rating": "10",
    "author": "rach****",
    "review_id": "5593216",
    "movie_id": "43493"
  },
  {
    "review": "지금에서야 봤지만. 훈훈한 영화.. 역시 박신양!!",
    "date": "11.08.02",
    "rating": "6",
    "author": "baed****",
    "review_id": "5590920",
    "movie_id": "43493"
  },
  {
    "review": "가족이란 멀까요",
    "date": "11.07.27",
    "rating": "5",
    "author": "idko****",
    "review_id": "5574316",
    "movie_id": "43493"
  },
  {
    "review": "뻔하지만.. 그런대로..",
    "date": "11.07.01",
    "rating": "7",
    "author": "tn99****",
    "review_id": "5514568",
    "movie_id": "43493"
  },
  {
    "review": "눈물나는 날에라고...",
    "date": "11.03.21",
    "rating": "9",
    "author": "cpms****",
    "review_id": "5327031",
    "movie_id": "43493"
  },
  {
    "review": "친딸은 아니었군요",
    "date": "11.03.20",
    "rating": "7",
    "author": "nost****",
    "review_id": "5323621",
    "movie_id": "43493"
  },
  {
    "review": "'역시 박신양' 이라는 말이 저절로 나오네요",
    "date": "11.03.16",
    "rating": "10",
    "author": "aksw****",
    "review_id": "5317518",
    "movie_id": "43493"
  },
  {
    "review": "눈부신날리된것같다",
    "date": "11.03.15",
    "rating": "10",
    "author": "kiss****",
    "review_id": "5314578",
    "movie_id": "43493"
  },
  {
    "review": "나한테는 괜찮아던 영화~~",
    "date": "11.03.09",
    "rating": "10",
    "author": "mcm7****",
    "review_id": "5301633",
    "movie_id": "43493"
  },
  {
    "review": "박신양 연기만 돋보이는 ..ㅋㅋ 억지 감동..",
    "date": "11.02.19",
    "rating": "8",
    "author": "khf6****",
    "review_id": "5256725",
    "movie_id": "43493"
  },
  {
    "review": "이거 왜 평점이 이거밖에 안되지.... 10점임.. 눈물남..",
    "date": "11.02.10",
    "rating": "10",
    "author": "qric****",
    "review_id": "5233509",
    "movie_id": "43493"
  },
  {
    "review": "좋고 너무 슬펐어요..준이랑종대 잘 지내길 바랬는데 어쨋든 함께 있는거니까..",
    "date": "11.01.26",
    "rating": "10",
    "author": "akqj****",
    "review_id": "5184754",
    "movie_id": "43493"
  },
  {
    "review": "구미호에 나온 그 악역꼬마네ㅋㅋ",
    "date": "11.01.23",
    "rating": "8",
    "author": "oneg****",
    "review_id": "5179318",
    "movie_id": "43493"
  },
  {
    "review": "마음에 단비를 내리는 영화..서닌애와 박신양만이 만들어 낼수 있는 영화..",
    "date": "10.10.08",
    "rating": "10",
    "author": "takg****",
    "review_id": "4890836",
    "movie_id": "43493"
  },
  {
    "review": "재밌네요^ ^박신양님 연기 잘하심 ㅠㅠ",
    "date": "10.07.21",
    "rating": "10",
    "author": "didh****",
    "review_id": "4657370",
    "movie_id": "43493"
  },
  {
    "review": "나쁘진 않지만, 좋지도 않다...의미는 좋은데...스토리는 영....",
    "date": "10.03.30",
    "rating": "7",
    "author": "ccab****",
    "review_id": "4398067",
    "movie_id": "43493"
  },
  {
    "review": "진짜 별내용없음. 신애가 귀엽긴 했지만..내용...어쩔거임....",
    "date": "10.03.17",
    "rating": "7",
    "author": "pw12****",
    "review_id": "4362621",
    "movie_id": "43493"
  },
  {
    "review": "잘봤습니다.또이런영화나왔으면 좋겟네요",
    "date": "10.01.16",
    "rating": "10",
    "author": "chld****",
    "review_id": "4174691",
    "movie_id": "43493"
  },
  {
    "review": "뒷내용이 대충 상상이 되도 감동을 느낄 수 있는 영화",
    "date": "09.12.23",
    "rating": "10",
    "author": "vabc****",
    "review_id": "4073291",
    "movie_id": "43493"
  },
  {
    "review": "박신양과 서신애양에 연기력이 작품을 살렸다고 봅니다.",
    "date": "09.12.17",
    "rating": "10",
    "author": "kimc****",
    "review_id": "4049930",
    "movie_id": "43493"
  },
  {
    "review": "재밌었는데 평점이 되게 낮네.. 감동적이였구 아이도 너무 귀여웠음 !!",
    "date": "09.12.13",
    "rating": "10",
    "author": "bis1****",
    "review_id": "4040154",
    "movie_id": "43493"
  },
  {
    "review": "bomb",
    "date": "09.09.11",
    "rating": "1",
    "author": "pria****",
    "review_id": "3824124",
    "movie_id": "43493"
  },
  {
    "review": "악 눈배려. 박신양보다 서신애가 연기 더 잘하는? 우종대역은 민폐",
    "date": "09.06.21",
    "rating": "1",
    "author": "cjfd****",
    "review_id": "3579783",
    "movie_id": "43493"
  },
  {
    "review": "연기는 좋으나..",
    "date": "09.05.05",
    "rating": "6",
    "author": "bkm1****",
    "review_id": "3470647",
    "movie_id": "43493"
  },
  {
    "review": "스토리가 아쉽다..",
    "date": "09.04.16",
    "rating": "6",
    "author": "bkm1****",
    "review_id": "3424275",
    "movie_id": "43493"
  },
  {
    "review": "정말 재밌게 봤다!!!!",
    "date": "09.02.12",
    "rating": "10",
    "author": "juhe****",
    "review_id": "3296628",
    "movie_id": "43493"
  },
  {
    "review": "조금 어색한 그들의 향연",
    "date": "09.01.07",
    "rating": "10",
    "author": "awod****",
    "review_id": "3199415",
    "movie_id": "43493"
  },
  {
    "review": "박신양 연기를 죽이는 각본..",
    "date": "08.12.21",
    "rating": "6",
    "author": "sork****",
    "review_id": "3137136",
    "movie_id": "43493"
  },
  {
    "review": "곰플레이어무료영화에서 내리는바람에 후반 20분을 못봤지만. 그전까지 별로다.",
    "date": "08.11.02",
    "rating": "1",
    "author": "elfm****",
    "review_id": "3031667",
    "movie_id": "43493"
  },
  {
    "review": "음지에 있던 남자의 가장 눈부셨던 날들",
    "date": "08.10.29",
    "rating": "5",
    "author": "infi****",
    "review_id": "3025036",
    "movie_id": "43493"
  },
  {
    "review": "반전드라마네,",
    "date": "08.10.15",
    "rating": "6",
    "author": "bagg****",
    "review_id": "3000503",
    "movie_id": "43493"
  },
  {
    "review": "진짜 재밌게 봄",
    "date": "08.10.12",
    "rating": "10",
    "author": "wlgh****",
    "review_id": "2995140",
    "movie_id": "43493"
  },
  {
    "review": "박신양의 살아잇는 연기를 볼수잇는 영화^^",
    "date": "08.10.07",
    "rating": "10",
    "author": "sham****",
    "review_id": "2987771",
    "movie_id": "43493"
  },
  {
    "review": "굳!!왕감동",
    "date": "08.10.06",
    "rating": "10",
    "author": "jjs3****",
    "review_id": "2986637",
    "movie_id": "43493"
  },
  {
    "review": "박신양을 더좋아지게한 영화 보는내내 펑펑울었다",
    "date": "08.10.03",
    "rating": "10",
    "author": "dnsg****",
    "review_id": "2980458",
    "movie_id": "43493"
  },
  {
    "review": "그닥 슬프지도 않고 엉성하고 그렇더라.",
    "date": "08.09.18",
    "rating": "6",
    "author": "yama****",
    "review_id": "2956026",
    "movie_id": "43493"
  },
  {
    "review": "반전...무섭다 ㅠㅠ 여튼 좋은영화잘봤어요~",
    "date": "08.09.17",
    "rating": "9",
    "author": "hyej****",
    "review_id": "2954449",
    "movie_id": "43493"
  },
  {
    "review": "왜난 그럭저럭 울뻔했는대. 스토리는 좀그랬지만 애절하던데 박신양 연기..",
    "date": "08.09.05",
    "rating": "10",
    "author": "yue3****",
    "review_id": "2923611",
    "movie_id": "43493"
  },
  {
    "review": "내 인생최악의 영화 차라리 생화학을 2번 듣지",
    "date": "08.08.05",
    "rating": "1",
    "author": "maqu****",
    "review_id": "2835993",
    "movie_id": "43493"
  },
  {
    "review": "OOO동안살면서 처음감동받은영화",
    "date": "08.08.03",
    "rating": "10",
    "author": "hunt****",
    "review_id": "2832415",
    "movie_id": "43493"
  },
  {
    "review": "감동 ^ ^",
    "date": "08.08.03",
    "rating": "10",
    "author": "elfi****",
    "review_id": "2829477",
    "movie_id": "43493"
  },
  {
    "review": "극장에서 볼 당시 캐리비안의 해적 예고편이 더 재미있었다. 쓰레기 중의 쓰레기",
    "date": "08.07.26",
    "rating": "2",
    "author": "what****",
    "review_id": "2803218",
    "movie_id": "43493"
  },
  {
    "review": "평점주러 옴 최고",
    "date": "08.07.20",
    "rating": "10",
    "author": "wndj****",
    "review_id": "2786092",
    "movie_id": "43493"
  },
  {
    "review": "앞뒤짤라먹어도 감동있고 잼있다. 예지원은 좀........미스",
    "date": "08.07.19",
    "rating": "10",
    "author": "skyc****",
    "review_id": "2779115",
    "movie_id": "43493"
  },
  {
    "review": "연기가 매치가 잘안됀듯,미스캐스팅 예지원,,,,,",
    "date": "08.07.10",
    "rating": "7",
    "author": "wake****",
    "review_id": "2752639",
    "movie_id": "43493"
  },
  {
    "review": "꼬맹이가 너무귀여울뿐",
    "date": "08.04.17",
    "rating": "5",
    "author": "crea****",
    "review_id": "2585755",
    "movie_id": "43493"
  },
  {
    "review": "주연들의 연기와 잔잔한 감동과 잔잔한 반전을 느꼈음..",
    "date": "08.04.16",
    "rating": "9",
    "author": "crys****",
    "review_id": "2584583",
    "movie_id": "43493"
  },
  {
    "review": "영화가 전반적으로 뭔가 개연성이 부족하지만 마지막반전 하나때문에 절반인정한다",
    "date": "08.04.12",
    "rating": "5",
    "author": "dkrl****",
    "review_id": "2576533",
    "movie_id": "43493"
  },
  {
    "review": "신애의 연기력이 돋보인다",
    "date": "08.03.31",
    "rating": "10",
    "author": "jtk6****",
    "review_id": "2552253",
    "movie_id": "43493"
  },
  {
    "review": "설득력은 없다만 감동은 적이고 박신양이 나오니까 ㅋ",
    "date": "08.03.23",
    "rating": "7",
    "author": "miur****",
    "review_id": "2538857",
    "movie_id": "43493"
  },
  {
    "review": "초등학생 수준의 영화에 이렇게 욕이 많이 들어가도 되는거야? ㅡㅡ",
    "date": "08.03.18",
    "rating": "3",
    "author": "meth****",
    "review_id": "2527250",
    "movie_id": "43493"
  },
  {
    "review": "열심히 살아야지",
    "date": "08.03.04",
    "rating": "7",
    "author": "duck****",
    "review_id": "2503632",
    "movie_id": "43493"
  },
  {
    "review": "내용이 너무뻔해서 몰두하고 볼수도 없었다",
    "date": "08.02.22",
    "rating": "2",
    "author": "angc****",
    "review_id": "2472390",
    "movie_id": "43493"
  },
  {
    "review": "너무 감동적이다.....ㅠㅠ 어린애 연기 너무 감동적.......헌식적인 사랑연기 굿굿",
    "date": "08.02.22",
    "rating": "10",
    "author": "onze****",
    "review_id": "2470722",
    "movie_id": "43493"
  },
  {
    "review": "조금 아쉬운 감은 있지만.. 후회하지는 않았다",
    "date": "08.01.24",
    "rating": "9",
    "author": "sjfd****",
    "review_id": "2365039",
    "movie_id": "43493"
  },
  {
    "review": "가족이란 무엇일까요.",
    "date": "08.01.21",
    "rating": "10",
    "author": "id_c****",
    "review_id": "2356359",
    "movie_id": "43493"
  },
  {
    "review": "진짜 파송송이랑 비슷하네.....쫌;;;;그렇다",
    "date": "08.01.19",
    "rating": "8",
    "author": "nba1****",
    "review_id": "2347070",
    "movie_id": "43493"
  },
  {
    "review": "예지원같은휼륭한여배우가왜이영화에나왔지?박신양은아그들하고너무안어울린다.",
    "date": "08.01.18",
    "rating": "5",
    "author": "hagj****",
    "review_id": "2344555",
    "movie_id": "43493"
  },
  {
    "review": "감동이다 진짜 감동 ㅠㅠ",
    "date": "08.01.17",
    "rating": "10",
    "author": "ssam****",
    "review_id": "2338497",
    "movie_id": "43493"
  },
  {
    "review": "박신양과 서신애의 연기에 UP !",
    "date": "08.01.14",
    "rating": "8",
    "author": "shh8****",
    "review_id": "2330685",
    "movie_id": "43493"
  },
  {
    "review": "아무리시나리오가재미없어도괜찮다.박신양씨가주연이라는것만으로도이영화는대박이다.",
    "date": "08.01.12",
    "rating": "10",
    "author": "dhgu****",
    "review_id": "2323237",
    "movie_id": "43493"
  },
  {
    "review": "비슷한시나리오의 파송송계란탁과 비교해 연기가 다르니 보는게 더 낫다",
    "date": "08.01.03",
    "rating": "8",
    "author": "love****",
    "review_id": "2293196",
    "movie_id": "43493"
  },
  {
    "review": "스토리 구성이 너무 어설프니까 감동 느끼기전에 거부감부터 든다",
    "date": "07.12.31",
    "rating": "3",
    "author": "anyo****",
    "review_id": "2283681",
    "movie_id": "43493"
  },
  {
    "review": "반전이 어이없다. 아무리 그래도 이건 아니잖아~",
    "date": "07.12.18",
    "rating": "6",
    "author": "hing****",
    "review_id": "2241903",
    "movie_id": "43493"
  },
  {
    "review": "울고플때",
    "date": "07.12.10",
    "rating": "10",
    "author": "rlag****",
    "review_id": "2219916",
    "movie_id": "43493"
  },
  {
    "review": "눈이.. 부시긴 하겠다..",
    "date": "07.12.06",
    "rating": "6",
    "author": "wwfo****",
    "review_id": "2211806",
    "movie_id": "43493"
  },
  {
    "review": "뻔한결말과 마지막 엔딩이 맘에 안든다",
    "date": "07.12.02",
    "rating": "4",
    "author": "stam****",
    "review_id": "2201200",
    "movie_id": "43493"
  },
  {
    "review": "큰 감동도 없었던데다 맨 끝에 그 어정쩡한 반전은 뭐지..",
    "date": "07.12.02",
    "rating": "6",
    "author": "ange****",
    "review_id": "2199130",
    "movie_id": "43493"
  },
  {
    "review": "딸과 아버지와의 그 애뜻한 감동이야기, 잘 봤습니다.",
    "date": "07.11.28",
    "rating": "10",
    "author": "ipea****",
    "review_id": "2190975",
    "movie_id": "43493"
  },
  {
    "review": "적절하게 재미있다.",
    "date": "07.11.27",
    "rating": "6",
    "author": "jero****",
    "review_id": "2187345",
    "movie_id": "43493"
  },
  {
    "review": "연기 굿",
    "date": "07.11.25",
    "rating": "10",
    "author": "haei****",
    "review_id": "2182684",
    "movie_id": "43493"
  },
  {
    "review": "박신양의 연기는 좋았지만 뻔한 스토리와 지루한 전개는 어쩔 수 가 없다",
    "date": "07.11.23",
    "rating": "5",
    "author": "v292****",
    "review_id": "2177322",
    "movie_id": "43493"
  },
  {
    "review": "이 영화는 울던 아이까지 잠재웠다는 수면제 같은 영화가 아닌가 무슨 감동은....",
    "date": "07.11.19",
    "rating": "1",
    "author": "yesn****",
    "review_id": "2167291",
    "movie_id": "43493"
  },
  {
    "review": "닳고 닳아빠진 이야기. 조급하고 어이없는 반전",
    "date": "07.11.15",
    "rating": "3",
    "author": "ghdl****",
    "review_id": "2152123",
    "movie_id": "43493"
  },
  {
    "review": "이거 뭐이리 평점이 낮은겨 아 평점이6점치고 기분이 썩좋지않네",
    "date": "07.11.14",
    "rating": "10",
    "author": "rkdk****",
    "review_id": "2151617",
    "movie_id": "43493"
  },
  {
    "review": "펑펑울었어요ㅜㅜ진짜",
    "date": "07.11.09",
    "rating": "10",
    "author": "whit****",
    "review_id": "2141386",
    "movie_id": "43493"
  },
  {
    "review": "뻔한 스토리에 어처구니없는 반전까지 대략 당황스러움",
    "date": "07.11.05",
    "rating": "6",
    "author": "kiss****",
    "review_id": "2135740",
    "movie_id": "43493"
  },
  {
    "review": "역시 박신양..마지막이 쫌...;",
    "date": "07.11.02",
    "rating": "10",
    "author": "ahrv****",
    "review_id": "2128419",
    "movie_id": "43493"
  },
  {
    "review": "잔잔한 감동을 준다.어쩔수 없는 자식과 부모의 관계",
    "date": "07.10.25",
    "rating": "8",
    "author": "kjy8****",
    "review_id": "2111069",
    "movie_id": "43493"
  },
  {
    "review": "울고싶어서봣는데......부실한스토리 ...",
    "date": "07.10.21",
    "rating": "1",
    "author": "alst****",
    "review_id": "2103693",
    "movie_id": "43493"
  },
  {
    "review": "뻔한 스토리긴한데....어느샌가 안구에 쓰나미가 ㅡㅡ",
    "date": "07.10.15",
    "rating": "7",
    "author": "bech****",
    "review_id": "2091417",
    "movie_id": "43493"
  },
  {
    "review": "박신양씨 빨랑 컴백해요!!",
    "date": "07.10.09",
    "rating": "10",
    "author": "qmff****",
    "review_id": "2080429",
    "movie_id": "43493"
  },
  {
    "review": "막장 인생에 저런 커다란 행운이...",
    "date": "07.10.08",
    "rating": "5",
    "author": "urkn****",
    "review_id": "2077483",
    "movie_id": "43493"
  },
  {
    "review": "이런 삶도 있구나. 그리고 신애는 정말 귀엽더라.",
    "date": "07.10.07",
    "rating": "9",
    "author": "sizi****",
    "review_id": "2076964",
    "movie_id": "43493"
  },
  {
    "review": "일본식멜로보다 훨씬낫다 식상하지만 나름괜찮아요",
    "date": "07.10.04",
    "rating": "8",
    "author": "ssar****",
    "review_id": "2070692",
    "movie_id": "43493"
  },
  {
    "review": "잼없어...지루해..너무뻔한 스토리잖아",
    "date": "07.10.03",
    "rating": "3",
    "author": "ebbu****",
    "review_id": "2068456",
    "movie_id": "43493"
  },
  {
    "review": "굿!!!",
    "date": "07.10.01",
    "rating": "10",
    "author": "duse****",
    "review_id": "2064762",
    "movie_id": "43493"
  }
]