[
  {
    "review": "기대 안하고 봤는데 펑펑 울었습니다.",
    "date": "15.03.28",
    "rating": "10",
    "author": "tlsw****",
    "review_id": "9810824",
    "movie_id": "43495"
  },
  {
    "review": "10년전에 보고 다시 봤는데 여전히 아름답네요...",
    "date": "15.01.31",
    "rating": "10",
    "author": "nice****",
    "review_id": "9654372",
    "movie_id": "43495"
  },
  {
    "review": "로맨스 영화의 정석적인 스토리. 내용은 그냥 그렇다. 그보다 최지우가 이쁘다. 실로 이런일을 겪은 사람들은 어떤느낌일지 궁금하다.",
    "date": "14.12.25",
    "rating": "6",
    "author": "yong****",
    "review_id": "9511108",
    "movie_id": "43495"
  },
  {
    "review": "연리지 나무 보고싶네요",
    "date": "14.12.01",
    "rating": "10",
    "author": "chlt****",
    "review_id": "9437730",
    "movie_id": "43495"
  },
  {
    "review": "최지우 졸라이쁘당...♥",
    "date": "14.09.16",
    "rating": "10",
    "author": "rhdw****",
    "review_id": "9219096",
    "movie_id": "43495"
  },
  {
    "review": "시나리오 최악. 연출 하. 노래만 괜찮. 최지우 주름 돋보임. 최지우 발연기. 조한선 스타일링 최악 (특히 머리) 최지우는 돈만주면 아무작품이나 다 하나. 멜로물중에서도 최최악",
    "date": "14.07.27",
    "rating": "2",
    "author": "ari1****",
    "review_id": "8967881",
    "movie_id": "43495"
  },
  {
    "review": "반전 멜로네요 스토리도 괜찮구",
    "date": "13.09.26",
    "rating": "10",
    "author": "kait****",
    "review_id": "8017197",
    "movie_id": "43495"
  },
  {
    "review": "정말 감명깊고 여운이 남는 영화.조한선과 최지우는 역시 훈남훈녀다.",
    "date": "13.04.16",
    "rating": "10",
    "author": "odjs****",
    "review_id": "7462975",
    "movie_id": "43495"
  },
  {
    "review": "감동감동...ㅜ",
    "date": "13.02.22",
    "rating": "10",
    "author": "doct****",
    "review_id": "7289703",
    "movie_id": "43495"
  },
  {
    "review": "조한선보는맛♥♥",
    "date": "13.02.15",
    "rating": "10",
    "author": "rlad****",
    "review_id": "7269101",
    "movie_id": "43495"
  },
  {
    "review": "진짜 심함눈물짜는 스토리 전개답없는 조한선 비주얼늘 똑같은 최지우 연기까지끝까지 본 인내심에 박수를",
    "date": "13.01.14",
    "rating": "1",
    "author": "ryuj****",
    "review_id": "7116176",
    "movie_id": "43495"
  },
  {
    "review": "연기력도 이야기전개도 내용도 좋은 감동적인 영화",
    "date": "11.11.26",
    "rating": "9",
    "author": "clau****",
    "review_id": "5871658",
    "movie_id": "43495"
  },
  {
    "review": "정말슬프네용ㅠㅠ 난재밌게봤어용..ㅠㅠ",
    "date": "11.10.24",
    "rating": "10",
    "author": "8793****",
    "review_id": "5807409",
    "movie_id": "43495"
  },
  {
    "review": "다들뻔한얘기라해서 고민하며봤지만..진한감동을 기대한건 나의 착각",
    "date": "11.09.04",
    "rating": "6",
    "author": "ddak****",
    "review_id": "5706808",
    "movie_id": "43495"
  },
  {
    "review": "별로",
    "date": "11.08.06",
    "rating": "2",
    "author": "naeg****",
    "review_id": "5612565",
    "movie_id": "43495"
  },
  {
    "review": "mc 더 맥스와 신승훈 노래가 아까운 영화.",
    "date": "11.08.02",
    "rating": "1",
    "author": "ace0****",
    "review_id": "5591196",
    "movie_id": "43495"
  },
  {
    "review": "아픈게 벼슬이냐??? 돈 많은 앤 있으니 팔자 폈구만...",
    "date": "10.12.29",
    "rating": "6",
    "author": "tn99****",
    "review_id": "5097327",
    "movie_id": "43495"
  },
  {
    "review": "별로 재미는 없었는데 왜 그렇게 이거 보고 울었을까...?",
    "date": "10.08.26",
    "rating": "9",
    "author": "cdrl****",
    "review_id": "4792914",
    "movie_id": "43495"
  },
  {
    "review": "진짜 개인적으로는 재밌게봤는데 왜케 반으이 안좋지ㅠㅠ",
    "date": "10.08.08",
    "rating": "9",
    "author": "xorn****",
    "review_id": "4722305",
    "movie_id": "43495"
  },
  {
    "review": "새벽에 봤는데 뻔한 스토리지만 진짜 감동적이에요 ㅠㅠ 대박이였음 ㅜ",
    "date": "10.08.07",
    "rating": "10",
    "author": "blue****",
    "review_id": "4718942",
    "movie_id": "43495"
  },
  {
    "review": "새벽에 나와서 한번봤는데 밤샜어요 ㅠㅠㅠㅠㅠ 완전 재밌네요..ㅠㅠㅠㅠㅠㅠㅠ",
    "date": "10.08.07",
    "rating": "10",
    "author": "gong****",
    "review_id": "4717585",
    "movie_id": "43495"
  },
  {
    "review": "금방 ocn에서 했었는데 정말 눈을 땔 수 없을만큼 재밌게 봤습니다. 감동적이네요^^",
    "date": "10.08.07",
    "rating": "10",
    "author": "chji****",
    "review_id": "4716828",
    "movie_id": "43495"
  },
  {
    "review": "넘 슬픈영화에요..보면서 많이 울었네요..ㅠ_ㅠ",
    "date": "10.05.02",
    "rating": "10",
    "author": "gkff****",
    "review_id": "4473245",
    "movie_id": "43495"
  },
  {
    "review": "최지우로 한류상품이 되였을까?",
    "date": "10.03.01",
    "rating": "2",
    "author": "psp2****",
    "review_id": "4328316",
    "movie_id": "43495"
  },
  {
    "review": "눈물바다...ㅠㅜ",
    "date": "10.01.19",
    "rating": "10",
    "author": "smil****",
    "review_id": "4187741",
    "movie_id": "43495"
  },
  {
    "review": "집에서 티비로는 볼만한데 ㅋㅋ 영화관은 진짜 돈 아깝고~!!",
    "date": "10.01.17",
    "rating": "7",
    "author": "han3****",
    "review_id": "4179628",
    "movie_id": "43495"
  },
  {
    "review": "감동적이고 재미있음 추천이요",
    "date": "10.01.16",
    "rating": "10",
    "author": "rlad****",
    "review_id": "4176454",
    "movie_id": "43495"
  },
  {
    "review": "나름 제미있게 봤는데... 세드무비를 좋아하는 저로선 만족도 100퍼센트",
    "date": "10.01.16",
    "rating": "10",
    "author": "youj****",
    "review_id": "4175849",
    "movie_id": "43495"
  },
  {
    "review": "죽음에 대해 생각해보게한영화 하지만 개인적으로 조한선은 별루인듯 싶었다",
    "date": "10.01.16",
    "rating": "10",
    "author": "cjfa****",
    "review_id": "4175229",
    "movie_id": "43495"
  },
  {
    "review": "티비돌리다 우연히봤는데...진짜많이울었네요..너무재밌고 감동이였고 근데평점이 ?",
    "date": "10.01.16",
    "rating": "10",
    "author": "noxk****",
    "review_id": "4175051",
    "movie_id": "43495"
  },
  {
    "review": "헐 평점뭐징..우연히 티비돌리다 그냥 봤는데.. 난 재밌게봤는뎅....;;; ㅡㅡ",
    "date": "10.01.16",
    "rating": "10",
    "author": "dexs****",
    "review_id": "4174984",
    "movie_id": "43495"
  },
  {
    "review": "아침 연속극보다 재미없다",
    "date": "10.01.16",
    "rating": "1",
    "author": "bsbb****",
    "review_id": "4174815",
    "movie_id": "43495"
  },
  {
    "review": "이영화 진짜 2006년작;;;; 인가요ㅡㅜ ㅜ 맙소사",
    "date": "10.01.16",
    "rating": "1",
    "author": "good****",
    "review_id": "4174760",
    "movie_id": "43495"
  },
  {
    "review": "미안하다. 망할만 하네",
    "date": "09.10.20",
    "rating": "1",
    "author": "nnam****",
    "review_id": "3904737",
    "movie_id": "43495"
  },
  {
    "review": "최지우 짱",
    "date": "09.05.31",
    "rating": "10",
    "author": "sjh0****",
    "review_id": "3535716",
    "movie_id": "43495"
  },
  {
    "review": "나쁘진않은듯..",
    "date": "09.03.10",
    "rating": "6",
    "author": "bkm1****",
    "review_id": "3358602",
    "movie_id": "43495"
  },
  {
    "review": "가볍게 보기 적당함..",
    "date": "09.02.24",
    "rating": "8",
    "author": "asl1****",
    "review_id": "3330600",
    "movie_id": "43495"
  },
  {
    "review": "나쁘진않앗는데..??",
    "date": "09.02.01",
    "rating": "8",
    "author": "zzzz****",
    "review_id": "3268537",
    "movie_id": "43495"
  },
  {
    "review": "약간 괜찮은듯한데 먼가 아쉬움/마지막 슬펏음..",
    "date": "09.01.24",
    "rating": "6",
    "author": "bkm1****",
    "review_id": "3244671",
    "movie_id": "43495"
  },
  {
    "review": "영화 완전 슬프면서 감동적이다..최고의 영화라고 할수있음..연기력 또한 짱인듯~!!",
    "date": "09.01.12",
    "rating": "10",
    "author": "seve****",
    "review_id": "3212358",
    "movie_id": "43495"
  },
  {
    "review": "시나리오는 죽이는데 연기 연출이 쓰레기인듯",
    "date": "09.01.09",
    "rating": "10",
    "author": "k0ol****",
    "review_id": "3204373",
    "movie_id": "43495"
  },
  {
    "review": "아무리 한류상품이지만 어디서도 상품성이 굉장히 떨어지는 상품이다",
    "date": "08.12.03",
    "rating": "2",
    "author": "si2p****",
    "review_id": "3088488",
    "movie_id": "43495"
  },
  {
    "review": "아니 이젠 하다하다 안되니깐 쌍으로 죽네",
    "date": "08.12.03",
    "rating": "4",
    "author": "ghdl****",
    "review_id": "3088386",
    "movie_id": "43495"
  },
  {
    "review": "내용은 무지 뻔하지만 사랑은 감동이었다",
    "date": "08.10.15",
    "rating": "10",
    "author": "ghkd****",
    "review_id": "3001581",
    "movie_id": "43495"
  },
  {
    "review": "평에 비해 괜찮은 영화! 특히 마지막..ㅠㅠ",
    "date": "08.10.15",
    "rating": "9",
    "author": "adri****",
    "review_id": "3000982",
    "movie_id": "43495"
  },
  {
    "review": "너무너무슬펐는데.......특히조한선씨의 애절한듯한....ㅠㅠ가슴아퍼욤",
    "date": "08.08.24",
    "rating": "10",
    "author": "tpgh****",
    "review_id": "2898967",
    "movie_id": "43495"
  },
  {
    "review": "정말 재미없을 줄 알았는데 의외다! 깨끗하고 괜찮은 영화~",
    "date": "08.08.17",
    "rating": "8",
    "author": "hot1****",
    "review_id": "2881411",
    "movie_id": "43495"
  },
  {
    "review": "아니네요",
    "date": "08.07.19",
    "rating": "1",
    "author": "henr****",
    "review_id": "2778794",
    "movie_id": "43495"
  },
  {
    "review": "별로",
    "date": "08.07.10",
    "rating": "1",
    "author": "kcch****",
    "review_id": "2751680",
    "movie_id": "43495"
  },
  {
    "review": "배우나이차이가너무나보여서 로맨스로안보이네요ㅠㅠ 줄거리는좋은데..",
    "date": "08.06.07",
    "rating": "5",
    "author": "wjdg****",
    "review_id": "2685006",
    "movie_id": "43495"
  },
  {
    "review": "배경도 이쁘고,,너무 재밌고 짠한 영화",
    "date": "08.05.28",
    "rating": "10",
    "author": "cdhu****",
    "review_id": "2668485",
    "movie_id": "43495"
  },
  {
    "review": "실망",
    "date": "08.04.29",
    "rating": "1",
    "author": "kara****",
    "review_id": "2605501",
    "movie_id": "43495"
  },
  {
    "review": "뻔한설정... 그리고 스토리.. 하지만 두사람의 사랑... 정말 감동적이다!!!",
    "date": "08.04.29",
    "rating": "10",
    "author": "grut****",
    "review_id": "2605277",
    "movie_id": "43495"
  },
  {
    "review": "실망 실망실망",
    "date": "08.04.24",
    "rating": "1",
    "author": "rsmh****",
    "review_id": "2596620",
    "movie_id": "43495"
  },
  {
    "review": "이런건 수출하지말자!",
    "date": "08.03.27",
    "rating": "1",
    "author": "part****",
    "review_id": "2544418",
    "movie_id": "43495"
  },
  {
    "review": "연기력 부족과 스토리의 허전함이 아쉽다.",
    "date": "08.03.17",
    "rating": "2",
    "author": "amal****",
    "review_id": "2525633",
    "movie_id": "43495"
  },
  {
    "review": "완전 감동적 진짜 완전 사랑스러움 역시 한선이오빠 진짜 멋쪄여&gt_&lt!",
    "date": "08.03.16",
    "rating": "10",
    "author": "wldu****",
    "review_id": "2523552",
    "movie_id": "43495"
  },
  {
    "review": "감동적인 멜로디 아름다운 화면 뻔할지도 모르지만 잔잔한감동을 심어주네요",
    "date": "08.02.26",
    "rating": "9",
    "author": "disp****",
    "review_id": "2484971",
    "movie_id": "43495"
  },
  {
    "review": "뻔한멜로스토리,진부한신파,3류영화특징을 결집한 영화",
    "date": "08.02.16",
    "rating": "1",
    "author": "ming****",
    "review_id": "2450504",
    "movie_id": "43495"
  },
  {
    "review": "배우들연기때문에 감동과 슬픔이 온몸으로느껴지네요..ㅜㅜ",
    "date": "08.02.15",
    "rating": "10",
    "author": "wkdc****",
    "review_id": "2447149",
    "movie_id": "43495"
  },
  {
    "review": "전개되어가는게 뻔하지만 그속에서 밀려오는 감동ㅠㅠ 감동또감동!!!",
    "date": "08.02.15",
    "rating": "10",
    "author": "mylh****",
    "review_id": "2447134",
    "movie_id": "43495"
  },
  {
    "review": "스토리가 쫙쫙맞는 멜로보다는 뻔한영화를 보는 재미로",
    "date": "08.02.13",
    "rating": "10",
    "author": "jkk4****",
    "review_id": "2441730",
    "movie_id": "43495"
  },
  {
    "review": "뻔한 멜로영화로 생각했는데 , 중간중간 재미있다 .",
    "date": "08.01.02",
    "rating": "6",
    "author": "yoon****",
    "review_id": "2289663",
    "movie_id": "43495"
  },
  {
    "review": "재미있게 봤습니다.. 주인공이 되어서 생각하니 너무 슬프네요~예쁜사랑이야기..",
    "date": "08.01.01",
    "rating": "10",
    "author": "neda****",
    "review_id": "2287504",
    "movie_id": "43495"
  },
  {
    "review": "진짜 3류야...",
    "date": "07.12.31",
    "rating": "1",
    "author": "rhee****",
    "review_id": "2285024",
    "movie_id": "43495"
  },
  {
    "review": "오랜만에 느껴보는 이 답답함...............",
    "date": "07.12.29",
    "rating": "1",
    "author": "mua1****",
    "review_id": "2278536",
    "movie_id": "43495"
  },
  {
    "review": "살다살다 이렇게 기가찬영화는처음 진짜 졸작!",
    "date": "07.12.29",
    "rating": "1",
    "author": "qazz****",
    "review_id": "2278177",
    "movie_id": "43495"
  },
  {
    "review": "영화가 문제가 아니라 이 사회가 감성이 매말라 가고 있는거지..",
    "date": "07.12.29",
    "rating": "9",
    "author": "ramt****",
    "review_id": "2277213",
    "movie_id": "43495"
  },
  {
    "review": "재미없따..",
    "date": "07.12.29",
    "rating": "1",
    "author": "tkfk****",
    "review_id": "2277202",
    "movie_id": "43495"
  },
  {
    "review": "그저 너무 재미잇고 아름다운 사랑이야기.. 너무 슬프기도 하고, 두분 연기 좋네요",
    "date": "07.12.29",
    "rating": "10",
    "author": "summ****",
    "review_id": "2277198",
    "movie_id": "43495"
  },
  {
    "review": "너무 재미있게 봤어요!!^^ 너무 슬프고...ㅠㅠ 잠 안올꺼 같아요 ...",
    "date": "07.12.29",
    "rating": "10",
    "author": "ygs4****",
    "review_id": "2277187",
    "movie_id": "43495"
  },
  {
    "review": "영화보다 기가차서 영화평 찾아보긴 처음입니다.",
    "date": "07.12.29",
    "rating": "10",
    "author": "form****",
    "review_id": "2277135",
    "movie_id": "43495"
  },
  {
    "review": "최악의 영화지 ㅡ.ㅡ;; 커플이 쌍으로 불치병 ㅡ.ㅡ;; 조낸 유치한 스토리",
    "date": "07.12.29",
    "rating": "1",
    "author": "ease****",
    "review_id": "2277018",
    "movie_id": "43495"
  },
  {
    "review": "이런 영화도있었구나. 일본수출용으로만들었다 캐망함?",
    "date": "07.12.29",
    "rating": "1",
    "author": "anjf****",
    "review_id": "2276970",
    "movie_id": "43495"
  },
  {
    "review": "킬링 타임용도 못되는영화 .. 이게 스토리인지 참 ㅡㅡ 어디쌍팔년도 ..",
    "date": "07.12.18",
    "rating": "1",
    "author": "yimj****",
    "review_id": "2241114",
    "movie_id": "43495"
  },
  {
    "review": "최성국의 개그와 엔딩장면이 최악만은 면하게 했다.",
    "date": "07.10.21",
    "rating": "4",
    "author": "sae1****",
    "review_id": "2101882",
    "movie_id": "43495"
  },
  {
    "review": "저도잘봤어요 평들이 너무 혹평인듯..초반부엔 좀웃겼어요^^ 나름 괜찮아요",
    "date": "07.10.13",
    "rating": "10",
    "author": "dend****",
    "review_id": "2086037",
    "movie_id": "43495"
  },
  {
    "review": "솔직히 이정도 평점의 영화는 아닌듯한대...전 잼있고 슬프게  봤어요..",
    "date": "07.08.22",
    "rating": "10",
    "author": "twol****",
    "review_id": "1968965",
    "movie_id": "43495"
  },
  {
    "review": "노골적이지 않으려고 애썼지만 충분히 노골적인 멜로",
    "date": "07.08.15",
    "rating": "4",
    "author": "magn****",
    "review_id": "1941595",
    "movie_id": "43495"
  },
  {
    "review": "지금 이 1점은 왜 주는지 모르겠다. 기본점수도 주고싶지않다.",
    "date": "07.07.10",
    "rating": "1",
    "author": "kore****",
    "review_id": "1762591",
    "movie_id": "43495"
  },
  {
    "review": "글쎄.. 멜로 하곤 장르가 어울릴까...",
    "date": "07.06.21",
    "rating": "7",
    "author": "kims****",
    "review_id": "1713518",
    "movie_id": "43495"
  },
  {
    "review": "지루하긴 했지만 마지막이 너무 좋았다",
    "date": "07.05.22",
    "rating": "7",
    "author": "ghos****",
    "review_id": "1650969",
    "movie_id": "43495"
  },
  {
    "review": "뒷부분은 양호하나, 처음 3/4 이 너무 지루하게 진행되었음.",
    "date": "07.04.06",
    "rating": "5",
    "author": "ahnk****",
    "review_id": "1575352",
    "movie_id": "43495"
  },
  {
    "review": "볼만하던데 평점만큼 재미없진 않음",
    "date": "07.03.16",
    "rating": "8",
    "author": "jkmh****",
    "review_id": "1537331",
    "movie_id": "43495"
  },
  {
    "review": "일본 아줌마들용 영화. 근데 일본 아줌마들이라고 이렇게 무시해도 되는거냐",
    "date": "07.02.18",
    "rating": "1",
    "author": "myli****",
    "review_id": "1481653",
    "movie_id": "43495"
  },
  {
    "review": "하도평점이 나빠서 봤는데 괜찮던대ㅎㅎ",
    "date": "07.02.15",
    "rating": "10",
    "author": "mhjk****",
    "review_id": "1473992",
    "movie_id": "43495"
  },
  {
    "review": "기대안하고봐서그런지괜찮았다.가끔나오는연인에대한이벤트도굿!",
    "date": "07.02.08",
    "rating": "7",
    "author": "bboj****",
    "review_id": "1454409",
    "movie_id": "43495"
  },
  {
    "review": "지우히메로 어찌 해볼려는 얄팍한 상술",
    "date": "07.02.03",
    "rating": "1",
    "author": "swai****",
    "review_id": "1438146",
    "movie_id": "43495"
  },
  {
    "review": "보지도 안한 사람이 관람평 쓰는건 뭐죠?",
    "date": "07.02.03",
    "rating": "7",
    "author": "kyli****",
    "review_id": "1438057",
    "movie_id": "43495"
  },
  {
    "review": "발전.. 중인 한국형 멜로",
    "date": "07.01.26",
    "rating": "7",
    "author": "jeon****",
    "review_id": "1416523",
    "movie_id": "43495"
  },
  {
    "review": "한국 멜로물의 현상태...",
    "date": "07.01.18",
    "rating": "5",
    "author": "ippo****",
    "review_id": "1395111",
    "movie_id": "43495"
  },
  {
    "review": "아놔 짜증-_-",
    "date": "06.12.31",
    "rating": "1",
    "author": "bell****",
    "review_id": "1345250",
    "movie_id": "43495"
  },
  {
    "review": "비웃음만나ㅋㅋㅋㅋ",
    "date": "06.12.25",
    "rating": "5",
    "author": "yura****",
    "review_id": "1325299",
    "movie_id": "43495"
  },
  {
    "review": "나름대로 괜찮은것 같은데 평점이 너무짜네요.",
    "date": "06.12.21",
    "rating": "7",
    "author": "hoya****",
    "review_id": "1310206",
    "movie_id": "43495"
  },
  {
    "review": "슬픈영화인줄 알았다가 최성국의 코메디에 웃다가 끝난영화.",
    "date": "06.11.16",
    "rating": "8",
    "author": "face****",
    "review_id": "1235043",
    "movie_id": "43495"
  },
  {
    "review": "연기도 엉망,내용도 엉망...앞뒤가 전혀 맞지않는 최악의 멜로",
    "date": "06.11.03",
    "rating": "1",
    "author": "cree****",
    "review_id": "1212729",
    "movie_id": "43495"
  },
  {
    "review": "지루하고 내용이 부족한;;;;;;;",
    "date": "06.10.22",
    "rating": "5",
    "author": "pink****",
    "review_id": "1194828",
    "movie_id": "43495"
  },
  {
    "review": "코미디다 코미디.. 1점이 아깝다 0점 줘야하는데...",
    "date": "06.10.22",
    "rating": "1",
    "author": "uree****",
    "review_id": "1193364",
    "movie_id": "43495"
  },
  {
    "review": "1980년대에 나왔으면 재밌었을 법한 작품 2006년에 먹히겠니?",
    "date": "06.10.18",
    "rating": "1",
    "author": "comp****",
    "review_id": "1187235",
    "movie_id": "43495"
  },
  {
    "review": "연기열심히하는성의는 보였는데 정말 억지로눈물짜내는그런느낌",
    "date": "06.10.13",
    "rating": "2",
    "author": "khse****",
    "review_id": "1177911",
    "movie_id": "43495"
  }
]