[
  {
    "review": "암만 관심이 없다지만 저 많은 승객 중 어린아이 단 한명을 저리 모를수가",
    "date": "15.08.24",
    "rating": "6",
    "author": "sch8****",
    "review_id": "10270313",
    "movie_id": "43510"
  },
  {
    "review": "결말은 그렇다치고 레알 정신병같이 행동해서 너무 발암걸리고 짜증났음  게다가 2005년이라 그렇지 지금 나왔으면  삼류반전",
    "date": "15.08.20",
    "rating": "1",
    "author": "rhwk****",
    "review_id": "10256160",
    "movie_id": "43510"
  },
  {
    "review": "허술한 전제 위의 치밀한 스토리. 모래 바닥 위에 세워진 단단한 벽돌집 같은 영화.",
    "date": "15.08.16",
    "rating": "7",
    "author": "rauv****",
    "review_id": "10242960",
    "movie_id": "43510"
  },
  {
    "review": "고공에서 벌어지는 스릴러 정말 재미있고 박진감 넘치고 긴장감이돌고 최고였다",
    "date": "15.08.13",
    "rating": "9",
    "author": "yyho****",
    "review_id": "10224785",
    "movie_id": "43510"
  },
  {
    "review": "연출에 태클의 걸면 티가 있다씨씨티비로 확인한다거나주변사람들이 딸을 못보았다거나하지만 꿀잼 핵잼",
    "date": "15.08.13",
    "rating": "8",
    "author": "vale****",
    "review_id": "10222060",
    "movie_id": "43510"
  },
  {
    "review": "멋있다 정말. 감동이다",
    "date": "15.08.08",
    "rating": "9",
    "author": "chos****",
    "review_id": "10199607",
    "movie_id": "43510"
  },
  {
    "review": "공권력이란 얼마나 무서운가? 날 미친여자로 몰아갈 수도 있는것이다. 체인질링과 흡사하지만, 지루하지 않은 전개로 고도의 몰입력과 흥미를 유발하였고, 자신에게 빗대어 영화를 바라보게 된다면 더욱 스릴있다. 주위사람에게 꼭 추전해주고 싶다.",
    "date": "15.08.05",
    "rating": "9",
    "author": "blue****",
    "review_id": "10189261",
    "movie_id": "43510"
  },
  {
    "review": "전개를 위해 설정이 과한 것들이 있었지만 한정된 공간속에서 스릴감을 충분히 연출시켰다. 조디 포스터는 멋졌다.",
    "date": "15.07.27",
    "rating": "7",
    "author": "wlfa****",
    "review_id": "10151053",
    "movie_id": "43510"
  },
  {
    "review": "소재, 연기력, 스토리 다 좋으나 아이를 승객중 아무도 못봤다는게 흠.",
    "date": "15.07.13",
    "rating": "8",
    "author": "aqua****",
    "review_id": "10101460",
    "movie_id": "43510"
  },
  {
    "review": "테이큰 엄마버전. 재밌다",
    "date": "15.07.10",
    "rating": "8",
    "author": "ever****",
    "review_id": "10086325",
    "movie_id": "43510"
  },
  {
    "review": "볼만합니다 마지막이 좀 아쉽지만",
    "date": "15.07.08",
    "rating": "10",
    "author": "rla3****",
    "review_id": "10080061",
    "movie_id": "43510"
  },
  {
    "review": "조디 포스터 혼자 하드캐리하게 끌고 간 영화... 나름 수작",
    "date": "15.06.25",
    "rating": "6",
    "author": "yise****",
    "review_id": "10035722",
    "movie_id": "43510"
  },
  {
    "review": "공범이 승무원으로 있는데 당근 어렵지 한개만 보시고 생각을 안하네. 이 영화는 차별과 여럿이서 사람하나 ㅂㄸ만드는 영화임",
    "date": "15.06.24",
    "rating": "9",
    "author": "rabb****",
    "review_id": "10029300",
    "movie_id": "43510"
  },
  {
    "review": "나는 따돌림을 당한적이 있고 그 광경을 다 지켜봤던 친구를 빙자한 아이와 영화를 봤다. 그 아이는 영화를 다 본뒤 이영화에 대해 사람들의 무관심이라고 했다. 나는 속으로 비웃었다. 이 영화는 사람들의 편견과 선입견에 대해 말하고 있는데..",
    "date": "15.06.19",
    "rating": "10",
    "author": "iher****",
    "review_id": "10010696",
    "movie_id": "43510"
  },
  {
    "review": "끝이 너무 쉬워서 아쉬웠지만 재미재미!",
    "date": "15.06.11",
    "rating": "10",
    "author": "cody****",
    "review_id": "9988986",
    "movie_id": "43510"
  },
  {
    "review": "조디포스터는 이런 스릴러물에 잘 어울림",
    "date": "15.05.31",
    "rating": "10",
    "author": "seun****",
    "review_id": "9965040",
    "movie_id": "43510"
  },
  {
    "review": "후반부가 뭐어때서?아무도 꼬마애를 못봤다는건 억지가좀있지만그것말곤없음 충분히 재밌는영화",
    "date": "15.05.28",
    "rating": "10",
    "author": "gusc****",
    "review_id": "9956069",
    "movie_id": "43510"
  },
  {
    "review": "나는 완전 재밌었음ㅋㅋ",
    "date": "15.05.17",
    "rating": "10",
    "author": "ec67****",
    "review_id": "9926113",
    "movie_id": "43510"
  },
  {
    "review": "강한 엄마 조디 포스터.",
    "date": "15.05.15",
    "rating": "7",
    "author": "cont****",
    "review_id": "9920419",
    "movie_id": "43510"
  },
  {
    "review": "아이의 엄마이며 엔지니어인데 무슨 액션씬을 바래서 후반부 대결이 별로라는건지...현실성있구만 차라리",
    "date": "15.05.06",
    "rating": "10",
    "author": "park****",
    "review_id": "9899203",
    "movie_id": "43510"
  },
  {
    "review": "어떤 반전이 있을까 계속 기대하게 만든점은 좋았지만 아이의 실종이나 범인의 다 된 밥에 재뿌리기 같은 행동이 현실적이지 않았다",
    "date": "15.02.22",
    "rating": "7",
    "author": "sayb****",
    "review_id": "9730268",
    "movie_id": "43510"
  },
  {
    "review": "시공간이 주는 소재의 장점을 마무리가 망쳐놨다",
    "date": "15.02.16",
    "rating": "5",
    "author": "rcan****",
    "review_id": "9700937",
    "movie_id": "43510"
  },
  {
    "review": "이런 명작에 개연성이고 현실성나발이고 따지고있네 ㅋㅋ..심리적 묘사와 군중심리를 주의깊게 보면 되는데..그리고 8점은 되는 영화인데 평점이 너무 낮아 10점 주고 간다.",
    "date": "15.02.08",
    "rating": "10",
    "author": "life****",
    "review_id": "9678495",
    "movie_id": "43510"
  },
  {
    "review": "현실성은 0, 긴장감은 100인 원우먼쇼. 걍 아무생각없이 봐야 허술한 개연성에 화도 덜나고 재밌게 즐길 수 있다ㅋㅋㅋ",
    "date": "15.02.03",
    "rating": "6",
    "author": "1023****",
    "review_id": "9664814",
    "movie_id": "43510"
  },
  {
    "review": "마지막에 범인이 너무 대책없긴 했다ㅋㅋ 근데 cctv확인 안했냐는 넘들은 상식적으로 범인이 그런건 애초에 다 조작해놨을거란 생각은 못해봤니...",
    "date": "15.02.03",
    "rating": "7",
    "author": "lkk2****",
    "review_id": "9664813",
    "movie_id": "43510"
  },
  {
    "review": "아주 아주 재미있습니다.",
    "date": "15.01.30",
    "rating": "10",
    "author": "dong****",
    "review_id": "9652619",
    "movie_id": "43510"
  },
  {
    "review": "엄마는 위대했다 그게 다인 영화",
    "date": "15.01.29",
    "rating": "5",
    "author": "swee****",
    "review_id": "9647789",
    "movie_id": "43510"
  },
  {
    "review": "이런 영화는 하나의 개연성만 없어도 허무하게 만들어 버린다. 조디포스터의 이쁜 모습만 남을 영화.",
    "date": "15.01.27",
    "rating": "4",
    "author": "h2o8****",
    "review_id": "9643549",
    "movie_id": "43510"
  },
  {
    "review": "이런 영화 없냐? 있으면 알려주세요",
    "date": "15.01.21",
    "rating": "10",
    "author": "kjw9****",
    "review_id": "9620700",
    "movie_id": "43510"
  },
  {
    "review": "오랜만에 꽤 괜찮은 반전영화",
    "date": "15.01.21",
    "rating": "8",
    "author": "bogu****",
    "review_id": "9619481",
    "movie_id": "43510"
  },
  {
    "review": "조디포스터를 다시 확인한 영화.. 조디포스터만 보인 영화..",
    "date": "15.01.20",
    "rating": "7",
    "author": "kyb3****",
    "review_id": "9616758",
    "movie_id": "43510"
  },
  {
    "review": "재미 없는 영화 말도 안되는 영화는 많이 있지만 , 짜증이 나는 영화는 처음",
    "date": "14.12.28",
    "rating": "1",
    "author": "haib****",
    "review_id": "9528413",
    "movie_id": "43510"
  },
  {
    "review": "사람 한명 바보로 만들기 참 쉽다는걸 보여주네요. 여주인공과 아랍인승객이 좋은 예이죠. 반전이 재밌긴 했는데 마지막 대결이 너무 허무하지 않나 싶긴 합니다. 결말을 너무 감동으로 몰아간 것도 그렇구요. 그래도 재미있었어요~",
    "date": "14.12.03",
    "rating": "7",
    "author": "cuzi****",
    "review_id": "9443528",
    "movie_id": "43510"
  },
  {
    "review": "딸을 본사람이 아무도 없다는설정에 오리엔트 특급 류 인가 햇는데 차라리 그랫으면 더 좋앗을뻔 햇다",
    "date": "14.11.21",
    "rating": "7",
    "author": "kimb****",
    "review_id": "9406718",
    "movie_id": "43510"
  },
  {
    "review": "재밌다.  깔끔하게 마무리되는 결말도 좋고,, 주변에 대해 아무런 신경도 쓰지않는 현사회에 대한 것도 좋음",
    "date": "14.10.25",
    "rating": "9",
    "author": "fghy****",
    "review_id": "9314245",
    "movie_id": "43510"
  },
  {
    "review": "재밋었다~~근데 CCTV를 보여달라고 하면되잖아...내딸 찍혔었다고ㅠㅠ",
    "date": "14.10.24",
    "rating": "9",
    "author": "mr_c****",
    "review_id": "9311476",
    "movie_id": "43510"
  },
  {
    "review": "진짜 말이 안되고 억지스럽다 .. 이런 영화가 평점이 7점대라니 ..",
    "date": "14.10.22",
    "rating": "10",
    "author": "shin****",
    "review_id": "9308034",
    "movie_id": "43510"
  },
  {
    "review": "초중반의 긴장감을 허무하게 만드는 억지스런 후반부",
    "date": "14.10.10",
    "rating": "3",
    "author": "goms****",
    "review_id": "9280901",
    "movie_id": "43510"
  },
  {
    "review": "볼만하긴햇으나 그닥 감흥없는반전",
    "date": "14.09.27",
    "rating": "6",
    "author": "moon****",
    "review_id": "9243224",
    "movie_id": "43510"
  },
  {
    "review": "예고편에다 스포일 싸질러 놓은 놈 때문에 결말 알고 봐서 굉장히 찝찝하게 봤지만 그렇다할 '복선'이 하나도 없어서 몰랐다면 오히려 너무 뒤통수 치는 반전일 수도 있겠다 싶었다.",
    "date": "14.09.14",
    "rating": "7",
    "author": "0718****",
    "review_id": "9214974",
    "movie_id": "43510"
  },
  {
    "review": "아이랑 동승자 먼저 타라며.... 먼저 탓잔아. 그럼 애있는거지. 첫번째로 탓는데 그걸 몰라? 뭐야 이거.... 비행기 창문에 하트그릴때 굵기도 다르더만. 물론 그렇다고 재미없다는건 아니에요. 추천",
    "date": "14.09.09",
    "rating": "8",
    "author": "azel****",
    "review_id": "9189618",
    "movie_id": "43510"
  },
  {
    "review": "반전에 반전에 반전이였다",
    "date": "14.09.07",
    "rating": "6",
    "author": "iwit****",
    "review_id": "9179313",
    "movie_id": "43510"
  },
  {
    "review": "중반부까지- '아 저 미친X 왜 저래', 후반부- '이건 또 스토리가 갑자기 왜 이래'",
    "date": "14.09.02",
    "rating": "7",
    "author": "unli****",
    "review_id": "9156334",
    "movie_id": "43510"
  },
  {
    "review": "애가 없다고 생각하고 보면",
    "date": "14.09.01",
    "rating": "10",
    "author": "wjst****",
    "review_id": "9154354",
    "movie_id": "43510"
  },
  {
    "review": "초반의 몰입감을 끝까지 못 끌고 나감. 혹시나 했던 전개로 흘러가서 진부하게 느껴졌음",
    "date": "14.08.22",
    "rating": "7",
    "author": "kgss****",
    "review_id": "9120608",
    "movie_id": "43510"
  },
  {
    "review": "좀 비현실적인 요소가 있긴 하지만 '어머니'는 그만큼 강하다는 것이 느껴집니다. 엄마한테 효도해야겠어요ㅠㅜ",
    "date": "14.08.20",
    "rating": "10",
    "author": "kwhs****",
    "review_id": "9115769",
    "movie_id": "43510"
  },
  {
    "review": "재밌음 스릴있음  ㅋㅋㅋㅋ",
    "date": "14.08.20",
    "rating": "10",
    "author": "cjcj****",
    "review_id": "9115500",
    "movie_id": "43510"
  },
  {
    "review": "적당하다 끝까지누군지 모르겠다",
    "date": "14.08.19",
    "rating": "9",
    "author": "kron****",
    "review_id": "9109336",
    "movie_id": "43510"
  },
  {
    "review": "영화좀봤다는 평론가, 자칭영화광들은 갖가지 개연성타령에 온갖 의심의 눈초리로 지켜보며 스스로의틀에갇혀 평가를하니, 대중성과는 동떨어지고 감성이 메마르는거다. 딸을 구하기위한 어머니의 모성애측면이 주된 주제인데 옆길로새고들있네. 10점준다.",
    "date": "14.08.03",
    "rating": "10",
    "author": "smai****",
    "review_id": "9014423",
    "movie_id": "43510"
  },
  {
    "review": "엉뚱한 한두 부분을 제외하면 좋은 플랜.",
    "date": "14.08.01",
    "rating": "7",
    "author": "tear****",
    "review_id": "9003253",
    "movie_id": "43510"
  },
  {
    "review": "여승무원이 너무 대놓고 범인 티가 나서ㅋ",
    "date": "14.07.31",
    "rating": "7",
    "author": "pian****",
    "review_id": "8996060",
    "movie_id": "43510"
  },
  {
    "review": "이렇게 재미있는 영화는 처음입니다.스릴도 있고, 특히 아이를 구하고자 하는 엄마의 마음이 생생히 느껴지네요.",
    "date": "14.07.30",
    "rating": "10",
    "author": "minj****",
    "review_id": "8986213",
    "movie_id": "43510"
  },
  {
    "review": "부모님 보시길래 달려가서 남자가 범인이라 말함 꺄르르르르륵",
    "date": "14.07.30",
    "rating": "10",
    "author": "ewq7****",
    "review_id": "8986030",
    "movie_id": "43510"
  },
  {
    "review": "스토리도괜찮고반전도재밋고 여주인공이연기를너무잘하네요!반전이약간아쉬엇지만 정말재밋엇습니다!",
    "date": "14.07.28",
    "rating": "10",
    "author": "tjdl****",
    "review_id": "8975749",
    "movie_id": "43510"
  },
  {
    "review": "아이를 잃은 엄마의 마음을 잘 알수 있고 그런 엄마는 그 누구도 이길수 없다는 것을 다시 한번 알게 되는 시간이었어요. 마지막에 대반전이 일어나는데 흥미진진하고 재미있어요. 완전 추천하고 싶은 영화입니다.",
    "date": "14.07.08",
    "rating": "10",
    "author": "0520****",
    "review_id": "8896710",
    "movie_id": "43510"
  },
  {
    "review": "서스펜스를 위한 설정들이 효과는 잇으나 인공적인 느낌에묻혀버리다",
    "date": "14.06.15",
    "rating": "5",
    "author": "tumb****",
    "review_id": "8830961",
    "movie_id": "43510"
  },
  {
    "review": "사실 진ㅉㅏ 엄마가 정신병 있는줄알고 왜저렇게 집착하나 짜증났었는데 반전에선그리 놀라지도 않았다 ㅋㅋㅋ그 사복경관 처음눈빛부터 이상했어..",
    "date": "14.05.26",
    "rating": "7",
    "author": "edlq****",
    "review_id": "8766063",
    "movie_id": "43510"
  },
  {
    "review": "기대 없이 봤는데 음향, 각본, 반전이 대단한 영화였다. 8점 수준은 충분함.",
    "date": "14.05.25",
    "rating": "8",
    "author": "syc7****",
    "review_id": "8762284",
    "movie_id": "43510"
  },
  {
    "review": "엄마는 짱짱맨. 엄마는 위대하다.",
    "date": "14.05.25",
    "rating": "9",
    "author": "wins****",
    "review_id": "8761970",
    "movie_id": "43510"
  },
  {
    "review": "후반부 지적하는 인간들 생각이 없는것 같다 아줌마랑 총든 남자에서 격한 격투신을 기대한다는게 난 도저히 이해안간다",
    "date": "14.05.21",
    "rating": "10",
    "author": "8777****",
    "review_id": "8752345",
    "movie_id": "43510"
  },
  {
    "review": "후반부에 싸우는 장면들은 너무 어설퍼서 아쉽네요.",
    "date": "14.05.15",
    "rating": "8",
    "author": "wjdg****",
    "review_id": "8733433",
    "movie_id": "43510"
  },
  {
    "review": "그냥 영화 내내 갑갑함 또는 답답함으로 심히 불편함. 브레이크 다운과 비슷한 느낌.",
    "date": "14.05.15",
    "rating": "5",
    "author": "jjaj****",
    "review_id": "8731733",
    "movie_id": "43510"
  },
  {
    "review": "은근히 평점이 낮네...7점대 영화는 아닌데...제대로된 스릴러였다",
    "date": "14.05.12",
    "rating": "8",
    "author": "rave****",
    "review_id": "8725899",
    "movie_id": "43510"
  },
  {
    "review": "의외에 반전 마음에 들었다",
    "date": "14.05.05",
    "rating": "9",
    "author": "dkdl****",
    "review_id": "8707815",
    "movie_id": "43510"
  },
  {
    "review": "5천만 불을 노리고 거대 비행기안에서 담대한 범죄를 저지르는 범죄자 치곤 싸움을 너무 못하네요... 그래도 재밌어요!",
    "date": "14.04.09",
    "rating": "10",
    "author": "ahss****",
    "review_id": "8637713",
    "movie_id": "43510"
  },
  {
    "review": "장르의 힘. 시간이 어떻게 지나간지 모를 정도로 긴박하다.",
    "date": "14.04.04",
    "rating": "9",
    "author": "ykdi****",
    "review_id": "8628246",
    "movie_id": "43510"
  },
  {
    "review": "마무리만 잘했어도 8점대 후반은 나올만한 영환데...",
    "date": "14.04.04",
    "rating": "7",
    "author": "real****",
    "review_id": "8627733",
    "movie_id": "43510"
  },
  {
    "review": "8.9 정도주고픈데평점올리려구10잼있는데용ㅎㅎ",
    "date": "14.03.21",
    "rating": "10",
    "author": "dljh****",
    "review_id": "8591619",
    "movie_id": "43510"
  },
  {
    "review": "나이트 플라이트보단 이게 좀더 스릴면에서 낫다",
    "date": "14.03.18",
    "rating": "8",
    "author": "zhde****",
    "review_id": "8585738",
    "movie_id": "43510"
  },
  {
    "review": "보는 내도록 그냥 짜증남",
    "date": "14.03.18",
    "rating": "5",
    "author": "sest****",
    "review_id": "8585614",
    "movie_id": "43510"
  },
  {
    "review": "볼만한 스릴러 물  조디포스터는 실망시키지 않음",
    "date": "14.03.08",
    "rating": "7",
    "author": "adiv****",
    "review_id": "8563045",
    "movie_id": "43510"
  },
  {
    "review": "몰입도 최고의 비행기 스릴러 영화",
    "date": "14.03.07",
    "rating": "10",
    "author": "expr****",
    "review_id": "8561459",
    "movie_id": "43510"
  },
  {
    "review": "논스톱 보고 비행기 영화 찾아서 플라이트 플랜도 봤는데 논스톱보다 더 재밌는 것 같네요. 재밌습니다.",
    "date": "14.03.02",
    "rating": "8",
    "author": "chad****",
    "review_id": "8551857",
    "movie_id": "43510"
  },
  {
    "review": "반전을 위해 억지로 끼워 맞춘 스토리",
    "date": "14.02.07",
    "rating": "4",
    "author": "litt****",
    "review_id": "8485969",
    "movie_id": "43510"
  },
  {
    "review": "와~ 정말 재밌네요!!",
    "date": "14.02.02",
    "rating": "10",
    "author": "gusr****",
    "review_id": "8464762",
    "movie_id": "43510"
  },
  {
    "review": "몰입감도 좋았고 괜찮은 영화.",
    "date": "14.02.01",
    "rating": "8",
    "author": "love****",
    "review_id": "8458024",
    "movie_id": "43510"
  },
  {
    "review": "아니 기자 &전문가들 평점이 왜 이리 낮지?.. 어이가 없내요..조디포스터의 연기력에 다시 한번 놀라고 갑니다..아직 않 보신분  후회 하지 않으실겁니다. 남녀노소 다 추천!감동있습니다. 여성의 연약하지만 간절한 모성애를 느낄 수 있는 영화",
    "date": "14.01.18",
    "rating": "8",
    "author": "tkve****",
    "review_id": "8396779",
    "movie_id": "43510"
  },
  {
    "review": "재밌네요 긴장감이..숨막혀서 누울뻔",
    "date": "14.01.18",
    "rating": "10",
    "author": "bh25****",
    "review_id": "8395827",
    "movie_id": "43510"
  },
  {
    "review": "몰입감 괜찮았어요 ㅎㅎ",
    "date": "14.01.18",
    "rating": "8",
    "author": "tekk****",
    "review_id": "8394057",
    "movie_id": "43510"
  },
  {
    "review": "평점안남기는데 꼭봐라 내가 남길정도면 ㅋㅋ",
    "date": "14.01.17",
    "rating": "10",
    "author": "apap****",
    "review_id": "8391602",
    "movie_id": "43510"
  },
  {
    "review": "제한된공간 미스테리로시작해서 스릴러로 엔딩, 예상가능한스토리지만 완전범죄가될것같은 훌륭한아이디어로 물흐르듯이 꽤 짜임새있게 풀어나가는 재밌는 작품이라고 생각",
    "date": "14.01.07",
    "rating": "7",
    "author": "tmdq****",
    "review_id": "8358562",
    "movie_id": "43510"
  },
  {
    "review": "평점낮게 한놈들은  전부 알바생들인가?긴장감속에 화장실도 못가고 잘봤구만",
    "date": "13.12.24",
    "rating": "9",
    "author": "welf****",
    "review_id": "8292277",
    "movie_id": "43510"
  },
  {
    "review": "몰입도 최고다 ....",
    "date": "13.12.13",
    "rating": "8",
    "author": "jjan****",
    "review_id": "8210999",
    "movie_id": "43510"
  },
  {
    "review": "몰입해서 보면 잼있지만 그렇지않으면 허접스러울",
    "date": "13.12.10",
    "rating": "8",
    "author": "joju****",
    "review_id": "8203222",
    "movie_id": "43510"
  },
  {
    "review": "정말 소름끼친다!!!",
    "date": "13.12.09",
    "rating": "10",
    "author": "ske4****",
    "review_id": "8201614",
    "movie_id": "43510"
  },
  {
    "review": "이만큼 몰입을한 영화가있었을까 ,,",
    "date": "13.12.04",
    "rating": "10",
    "author": "yunj****",
    "review_id": "8188667",
    "movie_id": "43510"
  },
  {
    "review": "여성판 테이큰 근데 마지막에 너무허무하게 악당이무너져내림ㅋㅋ",
    "date": "13.11.20",
    "rating": "9",
    "author": "phsd****",
    "review_id": "8156063",
    "movie_id": "43510"
  },
  {
    "review": "조디포스터가 누군지도 몰랐던 애기때 보고 벌벌떨었던 영화ㅎㅎ 다시봐도재밌네",
    "date": "13.11.06",
    "rating": "10",
    "author": "luvg****",
    "review_id": "8118711",
    "movie_id": "43510"
  },
  {
    "review": "보는내내 속이탔지만 지극한모성애와 반전으로 감동과 스릴을 준영화",
    "date": "13.10.26",
    "rating": "10",
    "author": "kby7****",
    "review_id": "8092577",
    "movie_id": "43510"
  },
  {
    "review": "아 반전이 신선해서 좋았어요",
    "date": "13.10.17",
    "rating": "10",
    "author": "l5gi****",
    "review_id": "8065661",
    "movie_id": "43510"
  },
  {
    "review": "보다가 재미없어서 지웠따",
    "date": "13.10.13",
    "rating": "6",
    "author": "sdm1****",
    "review_id": "8057271",
    "movie_id": "43510"
  },
  {
    "review": "다 잘해놓곤 그놈의 소화기...",
    "date": "13.10.10",
    "rating": "6",
    "author": "xghu****",
    "review_id": "8049817",
    "movie_id": "43510"
  },
  {
    "review": "이 영화에서 쓸떼없는 장면은 단 한장면도 없었네요. 플롯구성도 거의 완벽에 가까운 작품이었습니다만 아쉬웠던 장면은 역시나 후반부 였습니다. 너무 쉽게 승리했다는 감이 없지않아 있네요. 최민식을 악역으로 썼으면..ㅋ 평점이 생각한것 보다는 낮게나옴",
    "date": "13.09.25",
    "rating": "10",
    "author": "reas****",
    "review_id": "8015588",
    "movie_id": "43510"
  },
  {
    "review": "조디포스터가 답답하게 구는것만 조금 완화시켰으면 더 좋았을텐데..",
    "date": "13.09.25",
    "rating": "8",
    "author": "evan****",
    "review_id": "8015029",
    "movie_id": "43510"
  },
  {
    "review": "지림 ㄷㄷㄷ 평점 8점대가 젖절할듯.",
    "date": "13.09.22",
    "rating": "9",
    "author": "kei9****",
    "review_id": "8009528",
    "movie_id": "43510"
  },
  {
    "review": "다수결의 원칙대로 돌아가는 세상에서 개인의 권리와 진실이 얼마나 처참하게 파묻히는지 보여주는 영화.",
    "date": "13.09.09",
    "rating": "10",
    "author": "dong****",
    "review_id": "7961914",
    "movie_id": "43510"
  },
  {
    "review": "반전보다는 연기력에 반하는영화.",
    "date": "13.09.05",
    "rating": "8",
    "author": "aazz****",
    "review_id": "7950708",
    "movie_id": "43510"
  },
  {
    "review": "충분히 재밌는 스릴러인데 평점이 왜이러냐..",
    "date": "13.09.03",
    "rating": "10",
    "author": "gree****",
    "review_id": "7946112",
    "movie_id": "43510"
  },
  {
    "review": "흡입력최고! 역시 조디포스터의 특유의 스릴러",
    "date": "13.09.03",
    "rating": "8",
    "author": "jjcv****",
    "review_id": "7946090",
    "movie_id": "43510"
  },
  {
    "review": "한참 전에 봤는데 아직도 기억에 남는 웰메이드 스릴러! 깔끔한 구성과 전개 납득가는 반전!",
    "date": "13.09.02",
    "rating": "9",
    "author": "evil****",
    "review_id": "7942617",
    "movie_id": "43510"
  }
]