[
  {
    "review": "크게 재밌진 않지만 나 또한 자매이기에 공감하며 봤던ㅎㅎ",
    "date": "15.08.20",
    "rating": "7",
    "author": "asy_****",
    "review_id": "10256215",
    "movie_id": "43511"
  },
  {
    "review": "다시봐도 잼이따. 카메론은 역시 이쁘다 ㅠ",
    "date": "15.03.21",
    "rating": "9",
    "author": "beri****",
    "review_id": "9797002",
    "movie_id": "43511"
  },
  {
    "review": "소소하게 재밌고 감동적이었다.",
    "date": "14.10.31",
    "rating": "10",
    "author": "0718****",
    "review_id": "9331816",
    "movie_id": "43511"
  },
  {
    "review": "그래도 피는 물보다 진하다..",
    "date": "14.09.29",
    "rating": "7",
    "author": "tn99****",
    "review_id": "9249469",
    "movie_id": "43511"
  },
  {
    "review": "그저 그랬던 영화. 킬링타임 용도 안되는듯...",
    "date": "14.08.14",
    "rating": "5",
    "author": "rnds****",
    "review_id": "9084609",
    "movie_id": "43511"
  },
  {
    "review": "마음이 따듯해지는영화 마지막 시도 너무좋음",
    "date": "14.06.28",
    "rating": "9",
    "author": "dann****",
    "review_id": "8864088",
    "movie_id": "43511"
  },
  {
    "review": "생각했던 것 만큼 괜찮았어요~",
    "date": "14.06.20",
    "rating": "7",
    "author": "alem****",
    "review_id": "8842731",
    "movie_id": "43511"
  },
  {
    "review": "좋은 영화였다... 재미있기도 하고.",
    "date": "14.02.15",
    "rating": "8",
    "author": "come****",
    "review_id": "8510335",
    "movie_id": "43511"
  },
  {
    "review": "다른 사람의 입장에서 생각하는건 정말 힘든 일이다,,, 인간은 이기적인 동물이니까..",
    "date": "14.02.05",
    "rating": "7",
    "author": "milk****",
    "review_id": "8476770",
    "movie_id": "43511"
  },
  {
    "review": "이거 읽고 책까지 사서 읽었음....난 언니처럼 학벌이 좋지도, 동생처럼 예쁘지도 않은데 그냥 짠했다.",
    "date": "14.01.09",
    "rating": "10",
    "author": "dion****",
    "review_id": "8363101",
    "movie_id": "43511"
  },
  {
    "review": "펑펑울었음..정말 잘 만든영화!!",
    "date": "13.12.09",
    "rating": "10",
    "author": "noni****",
    "review_id": "8202015",
    "movie_id": "43511"
  },
  {
    "review": "좀 지루 하다. 그래도 뻔할 뻔자 스토리는 아니어서 그나마 다행.",
    "date": "13.10.21",
    "rating": "8",
    "author": "yww5****",
    "review_id": "8076765",
    "movie_id": "43511"
  },
  {
    "review": "언니생각난다",
    "date": "13.06.23",
    "rating": "10",
    "author": "ssss****",
    "review_id": "7672780",
    "movie_id": "43511"
  },
  {
    "review": "잔잔하고 꾸밈없는 영화",
    "date": "13.05.20",
    "rating": "10",
    "author": "terr****",
    "review_id": "7543890",
    "movie_id": "43511"
  },
  {
    "review": "감동적이었어요.....저도 자매라서 공감이 더 많이 갔나봐요....^^자매이신 분은  특히 더 강추합니다.  ^^",
    "date": "13.04.28",
    "rating": "9",
    "author": "wja1****",
    "review_id": "7489473",
    "movie_id": "43511"
  },
  {
    "review": "갈등과 사랑이 잘 묘사된 잘된 영화네요 ...^^  요새하는 내딸 서영이가 오버랩되네요...",
    "date": "13.02.19",
    "rating": "10",
    "author": "suna****",
    "review_id": "7280747",
    "movie_id": "43511"
  },
  {
    "review": "잘된 영화네요....",
    "date": "13.02.19",
    "rating": "9",
    "author": "llch****",
    "review_id": "7280737",
    "movie_id": "43511"
  },
  {
    "review": "도입부 두자매의 관계 재밌을거같았다 하지만 힘을잃은 전개에 기대치를 채워주지못하는 영화",
    "date": "13.01.16",
    "rating": "3",
    "author": "jjcv****",
    "review_id": "7122110",
    "movie_id": "43511"
  },
  {
    "review": "재밋게봤는데;; 영시에 또 한번 꽂혀주시고",
    "date": "13.01.08",
    "rating": "8",
    "author": "1982****",
    "review_id": "7091537",
    "movie_id": "43511"
  },
  {
    "review": "볼만함...",
    "date": "13.01.02",
    "rating": "7",
    "author": "dxko****",
    "review_id": "7074676",
    "movie_id": "43511"
  },
  {
    "review": "shoe가 제목에 들어간 이유는?",
    "date": "13.01.01",
    "rating": "4",
    "author": "cont****",
    "review_id": "7073046",
    "movie_id": "43511"
  },
  {
    "review": "그냥 흐지부지하다가 주제도 없고 재미도 없고 그러다가 끝난 영화;",
    "date": "12.08.18",
    "rating": "1",
    "author": "jiyu****",
    "review_id": "6623173",
    "movie_id": "43511"
  },
  {
    "review": "다소 풀기 무거운 주제와 카메론의 비주얼로도 지루함을 느낄 수 연출력의 중반과 후반에  등장한 비숍 과 커밍스의 시는 이 영화를 멋지게 세이브했다.",
    "date": "12.07.15",
    "rating": "8",
    "author": "sana****",
    "review_id": "6480631",
    "movie_id": "43511"
  },
  {
    "review": "어떤 혜택을 제공하면 2시간 동안 디아즈의 얼굴을 참고 볼 수 있을까?",
    "date": "12.05.30",
    "rating": "1",
    "author": "pria****",
    "review_id": "6347275",
    "movie_id": "43511"
  },
  {
    "review": "정말재밌다 ㅠㅠ 멋진 자매애를 보여준다!!",
    "date": "12.04.19",
    "rating": "10",
    "author": "yang****",
    "review_id": "6233453",
    "movie_id": "43511"
  },
  {
    "review": "매력있어",
    "date": "12.02.26",
    "rating": "10",
    "author": "2005****",
    "review_id": "6104860",
    "movie_id": "43511"
  },
  {
    "review": "그렇게 재미있지도않다 그냥 봈다",
    "date": "12.02.13",
    "rating": "6",
    "author": "jabe****",
    "review_id": "6072340",
    "movie_id": "43511"
  },
  {
    "review": "캐스팅이 상당히 맘에 안든다. 지루하기도 하고...",
    "date": "12.01.30",
    "rating": "6",
    "author": "corc****",
    "review_id": "6036543",
    "movie_id": "43511"
  },
  {
    "review": "평점높아서 낚였건만 정말 지루하기 그지없다 뭔내용였었지? 그리고 너무길다 2시간-_",
    "date": "11.11.28",
    "rating": "1",
    "author": "happ****",
    "review_id": "5875595",
    "movie_id": "43511"
  },
  {
    "review": "재밌어요 ㅋㅋㅋ 카메론 웃을때 어쩜 ㅠ3ㅠ",
    "date": "11.11.25",
    "rating": "8",
    "author": "only****",
    "review_id": "5869264",
    "movie_id": "43511"
  },
  {
    "review": "자매의 우정, 마지막 시읽을때 감동의 눈물",
    "date": "11.10.26",
    "rating": "10",
    "author": "chiy****",
    "review_id": "5810937",
    "movie_id": "43511"
  },
  {
    "review": "동감공감 약간의 찡함",
    "date": "11.09.24",
    "rating": "7",
    "author": "maru****",
    "review_id": "5748333",
    "movie_id": "43511"
  },
  {
    "review": "여운이남는영화언니가잇음공감할수잇는시부분상당히좋앗음",
    "date": "11.08.14",
    "rating": "9",
    "author": "kh56****",
    "review_id": "5648306",
    "movie_id": "43511"
  },
  {
    "review": "옷이든 가방이든 빌렸다하면 걸레를 만드는 여동생이라 할지라도, 사랑해 동생아!",
    "date": "11.08.04",
    "rating": "8",
    "author": "1una****",
    "review_id": "5600521",
    "movie_id": "43511"
  },
  {
    "review": "재미도없구... 동생뇬은 싸가지 열라구 없네~",
    "date": "11.07.28",
    "rating": "2",
    "author": "dbzh****",
    "review_id": "5575518",
    "movie_id": "43511"
  },
  {
    "review": "여운이 많이 남는 영화. 추천합니다.",
    "date": "11.06.29",
    "rating": "10",
    "author": "oboa****",
    "review_id": "5507981",
    "movie_id": "43511"
  },
  {
    "review": "난 여자인데다가 여동생이 있어서 그런지 이 영화가 너무 와닿았다.연애사도 그렇고",
    "date": "11.06.06",
    "rating": "9",
    "author": "hlto****",
    "review_id": "5468965",
    "movie_id": "43511"
  },
  {
    "review": "마음을 읽네요. 정말 좋은 가족영화",
    "date": "11.05.17",
    "rating": "10",
    "author": "nafa****",
    "review_id": "5433366",
    "movie_id": "43511"
  },
  {
    "review": "마음이 싱숭생숭한데 이 영화보니 마음이 차분해지네요",
    "date": "11.05.17",
    "rating": "9",
    "author": "barb****",
    "review_id": "5433157",
    "movie_id": "43511"
  },
  {
    "review": "E.E Cummings 시가 이렇게 와닿을줄 몰랐다.",
    "date": "11.05.07",
    "rating": "7",
    "author": "kent****",
    "review_id": "5412141",
    "movie_id": "43511"
  },
  {
    "review": "good",
    "date": "11.04.15",
    "rating": "10",
    "author": "zmfh****",
    "review_id": "5375472",
    "movie_id": "43511"
  },
  {
    "review": "너무 재밌게 봤어요 좋은 가족영화입니다...",
    "date": "11.03.29",
    "rating": "9",
    "author": "drea****",
    "review_id": "5342197",
    "movie_id": "43511"
  },
  {
    "review": "첫째와 막내의 고충 모두 알수있었어요 가슴짠해지는 영화",
    "date": "11.02.20",
    "rating": "9",
    "author": "heyl****",
    "review_id": "5259039",
    "movie_id": "43511"
  },
  {
    "review": "여자형제가 있다면 정말 추천해주고픈 영화..마음으로 느껴진다",
    "date": "11.02.18",
    "rating": "10",
    "author": "chos****",
    "review_id": "5254531",
    "movie_id": "43511"
  },
  {
    "review": "너무 재미있고 추천하고 싶은 영화",
    "date": "11.02.06",
    "rating": "10",
    "author": "sg_w****",
    "review_id": "5223358",
    "movie_id": "43511"
  },
  {
    "review": "둘이 몸이 바뀌는줄;;",
    "date": "11.01.31",
    "rating": "10",
    "author": "insi****",
    "review_id": "5199219",
    "movie_id": "43511"
  },
  {
    "review": "술보다 진한 피",
    "date": "11.01.31",
    "rating": "10",
    "author": "vose****",
    "review_id": "5199216",
    "movie_id": "43511"
  },
  {
    "review": "마음이 만나면 치유가 일어난다는 내용",
    "date": "11.01.30",
    "rating": "8",
    "author": "mile****",
    "review_id": "5197554",
    "movie_id": "43511"
  },
  {
    "review": "지루하게긴런닝타임..질질끄는느낌이난다.",
    "date": "11.01.30",
    "rating": "2",
    "author": "mins****",
    "review_id": "5196211",
    "movie_id": "43511"
  },
  {
    "review": "카메론 디아즈의 영화는 기본은 하는 것 같다,언제나",
    "date": "11.01.27",
    "rating": "9",
    "author": "popg****",
    "review_id": "5187696",
    "movie_id": "43511"
  },
  {
    "review": "로그인하게 만드네요... 간만에 본 정말 괜찮은 영화였습니다..",
    "date": "11.01.14",
    "rating": "10",
    "author": "76cy****",
    "review_id": "5156936",
    "movie_id": "43511"
  },
  {
    "review": "마음이 따뜻해지는 영화. 영화캐릭터와는 다르지만 자매가 있어서 더 공감이 간다.",
    "date": "11.01.14",
    "rating": "9",
    "author": "mysw****",
    "review_id": "5156880",
    "movie_id": "43511"
  },
  {
    "review": "제목과 전혀 상관없는 개어이없는 영화. 시간 아깝다.",
    "date": "11.01.10",
    "rating": "2",
    "author": "soju****",
    "review_id": "5147538",
    "movie_id": "43511"
  },
  {
    "review": "너무 좋은 영화. 여운이 남는다.",
    "date": "11.01.09",
    "rating": "10",
    "author": "clou****",
    "review_id": "5143860",
    "movie_id": "43511"
  },
  {
    "review": "정말 괜찮은 영화",
    "date": "11.01.07",
    "rating": "10",
    "author": "syn0****",
    "review_id": "5136981",
    "movie_id": "43511"
  },
  {
    "review": "좋은 영화다.",
    "date": "10.12.25",
    "rating": "8",
    "author": "marc****",
    "review_id": "5083237",
    "movie_id": "43511"
  },
  {
    "review": "자매라서 그런지 부분부분 공감이 갔다",
    "date": "10.12.14",
    "rating": "7",
    "author": "cds5****",
    "review_id": "5053152",
    "movie_id": "43511"
  },
  {
    "review": "결혼식 장면은 참 이뻤다능 특이하고.",
    "date": "10.10.24",
    "rating": "6",
    "author": "worm****",
    "review_id": "4919442",
    "movie_id": "43511"
  },
  {
    "review": "재밌었고, 감동적인영화! 카메론디아즈의 몸매는 역시..!",
    "date": "10.09.28",
    "rating": "7",
    "author": "kyey****",
    "review_id": "4873941",
    "movie_id": "43511"
  },
  {
    "review": "이게 왜 지루하고 재미없다는거지;;",
    "date": "10.09.15",
    "rating": "10",
    "author": "haop****",
    "review_id": "4837269",
    "movie_id": "43511"
  },
  {
    "review": "백번은 본거같음^^;자매의성장통이야기 각인되버린곡 stupid girl-Garbage",
    "date": "10.09.08",
    "rating": "10",
    "author": "ohha****",
    "review_id": "4823522",
    "movie_id": "43511"
  },
  {
    "review": "그냥 이런영화는 좋은점수 주는거다. / 카메론디아즈 Nice BoobJob.",
    "date": "10.09.02",
    "rating": "10",
    "author": "wonm****",
    "review_id": "4811836",
    "movie_id": "43511"
  },
  {
    "review": "난 재미있었음!!!1",
    "date": "10.07.11",
    "rating": "10",
    "author": "dhdb****",
    "review_id": "4629166",
    "movie_id": "43511"
  },
  {
    "review": "새벽에 케이블에서 우연히 봤는데 재밌다.. 감동적임 ㅠ",
    "date": "10.07.10",
    "rating": "10",
    "author": "blai****",
    "review_id": "4626582",
    "movie_id": "43511"
  },
  {
    "review": "여자자매가있는여자분이라면공감은할듯?>ㅋㅋ",
    "date": "10.05.07",
    "rating": "8",
    "author": "pree****",
    "review_id": "4484684",
    "movie_id": "43511"
  },
  {
    "review": "피는 물보다 진하다!",
    "date": "10.04.18",
    "rating": "8",
    "author": "sang****",
    "review_id": "4441740",
    "movie_id": "43511"
  },
  {
    "review": "네이버평점 믿을게 못되네 ... 정말 마음이 따뜻해지는 최고의영화라고 생각한다",
    "date": "10.04.14",
    "rating": "10",
    "author": "3ros****",
    "review_id": "4432684",
    "movie_id": "43511"
  },
  {
    "review": "나는 와닿았다",
    "date": "10.04.11",
    "rating": "10",
    "author": "hjkj****",
    "review_id": "4425593",
    "movie_id": "43511"
  },
  {
    "review": "진부하고 헐리우드적인 결말, 토니 콜렛이 아니면 보지 않았을 영화",
    "date": "10.04.10",
    "rating": "5",
    "author": "yosh****",
    "review_id": "4424558",
    "movie_id": "43511"
  },
  {
    "review": "30분정도 줄이는게 괜찮을꺼 같다. 언니 동생의 우정 다지기.",
    "date": "10.04.06",
    "rating": "7",
    "author": "wlfa****",
    "review_id": "4415919",
    "movie_id": "43511"
  },
  {
    "review": "후반으로 갈 수록 시간가는 줄 모르고 눈물이 핑! 따뜻한 영화!",
    "date": "10.03.31",
    "rating": "9",
    "author": "joen****",
    "review_id": "4399709",
    "movie_id": "43511"
  },
  {
    "review": "생각보다 괜찮은듯...ㅎㅎ",
    "date": "10.01.10",
    "rating": "8",
    "author": "tops****",
    "review_id": "4154935",
    "movie_id": "43511"
  },
  {
    "review": "초반부분엔좀지루한부분도있었지만점점갈수록눈물핑돌게만드는!동생을생각나게한영화",
    "date": "10.01.08",
    "rating": "10",
    "author": "adc6****",
    "review_id": "4148439",
    "movie_id": "43511"
  },
  {
    "review": "느끼는게 많았던 영화.. 보고나서 참 행복해졌어요",
    "date": "10.01.06",
    "rating": "10",
    "author": "iamm****",
    "review_id": "4142843",
    "movie_id": "43511"
  },
  {
    "review": "토니콜렛 영화를 보면 항상 기분이 좋아진다",
    "date": "09.12.13",
    "rating": "9",
    "author": "dskj****",
    "review_id": "4039134",
    "movie_id": "43511"
  },
  {
    "review": "병원에서 책 몇권 읽어주고 난독증을 극복한 인간승리 드라마",
    "date": "09.12.08",
    "rating": "4",
    "author": "expr****",
    "review_id": "4028929",
    "movie_id": "43511"
  },
  {
    "review": "난 여자형제가 없지만 그럴거 같다. 따뜻했다",
    "date": "09.11.15",
    "rating": "9",
    "author": "myfr****",
    "review_id": "3966399",
    "movie_id": "43511"
  },
  {
    "review": "말로할수없을정도로 ..최고였다.",
    "date": "09.10.10",
    "rating": "10",
    "author": "rick****",
    "review_id": "3883154",
    "movie_id": "43511"
  },
  {
    "review": "후반으로 갈수록 그나마 나아진다",
    "date": "09.09.11",
    "rating": "5",
    "author": "tjsd****",
    "review_id": "3823862",
    "movie_id": "43511"
  },
  {
    "review": "내용은좋은데 지루하네요..;;",
    "date": "09.09.02",
    "rating": "6",
    "author": "taij****",
    "review_id": "3805922",
    "movie_id": "43511"
  },
  {
    "review": "카메론 디아즈라서 6점 준다 쳇!!",
    "date": "09.08.24",
    "rating": "6",
    "author": "tleh****",
    "review_id": "3784479",
    "movie_id": "43511"
  },
  {
    "review": "메기같은 동생은 정말 최악..시러 !  언니의 남자를 건드리다니",
    "date": "09.08.09",
    "rating": "5",
    "author": "kyji****",
    "review_id": "3727405",
    "movie_id": "43511"
  },
  {
    "review": "자신도 추스르기 힘들땐 남을 돌보기가 쉽지 않다... 아니 돌볼수가 없다!!",
    "date": "09.08.03",
    "rating": "10",
    "author": "keh0****",
    "review_id": "3700075",
    "movie_id": "43511"
  },
  {
    "review": "누나가 생각나네요;;",
    "date": "09.07.26",
    "rating": "10",
    "author": "jaey****",
    "review_id": "3669039",
    "movie_id": "43511"
  },
  {
    "review": "재미없음..",
    "date": "09.07.09",
    "rating": "6",
    "author": "bkm1****",
    "review_id": "3619372",
    "movie_id": "43511"
  },
  {
    "review": "난 지루하게봤음..",
    "date": "09.07.08",
    "rating": "6",
    "author": "bkm1****",
    "review_id": "3618331",
    "movie_id": "43511"
  },
  {
    "review": "그래도 미워하기 힘들 정도로 섹시한 카메론",
    "date": "09.06.10",
    "rating": "7",
    "author": "bbq2****",
    "review_id": "3556125",
    "movie_id": "43511"
  },
  {
    "review": "생각하게끔 만드는 영화 좋아하시는 분들은 보세요^.^",
    "date": "09.05.31",
    "rating": "10",
    "author": "love****",
    "review_id": "3535638",
    "movie_id": "43511"
  },
  {
    "review": "재밌어요~",
    "date": "09.05.07",
    "rating": "8",
    "author": "chee****",
    "review_id": "3477357",
    "movie_id": "43511"
  },
  {
    "review": "자매를 가진 분이라면 공감할 영화. 감동도 있다지요..^^",
    "date": "09.05.06",
    "rating": "8",
    "author": "eun7****",
    "review_id": "3475796",
    "movie_id": "43511"
  },
  {
    "review": "이것저것 건드리는 것은 많지만 정작 건질 건 없다.",
    "date": "09.03.14",
    "rating": "5",
    "author": "skat****",
    "review_id": "3364206",
    "movie_id": "43511"
  },
  {
    "review": "언니나 여동생과 함께보면 좋은 영화",
    "date": "09.03.10",
    "rating": "10",
    "author": "vict****",
    "review_id": "3358344",
    "movie_id": "43511"
  },
  {
    "review": "아 진짜 욕나오네 이게 영화냐 수면제냐 개련들 낚시질하지마라",
    "date": "09.03.06",
    "rating": "1",
    "author": "die1****",
    "review_id": "3350329",
    "movie_id": "43511"
  },
  {
    "review": "또 하나의 \"이보다 더 좋을 순 없다\"",
    "date": "09.03.01",
    "rating": "7",
    "author": "jaeh****",
    "review_id": "3340259",
    "movie_id": "43511"
  },
  {
    "review": "기대이상",
    "date": "09.02.28",
    "rating": "8",
    "author": "0104****",
    "review_id": "3338446",
    "movie_id": "43511"
  },
  {
    "review": "전 평생 내내 제 자신이 싫었어요 동정 못해드리겠네요",
    "date": "09.01.25",
    "rating": "9",
    "author": "coco****",
    "review_id": "3247082",
    "movie_id": "43511"
  },
  {
    "review": "그래도 130분의 러닝타임은 과도한면이 있다.",
    "date": "08.11.13",
    "rating": "8",
    "author": "yytt****",
    "review_id": "3048517",
    "movie_id": "43511"
  },
  {
    "review": "기대보다..훨씬 탄탄한 구성과 연기와 감동에 깜짝놀란 두고두고 보고 싶은 영화",
    "date": "08.10.27",
    "rating": "10",
    "author": "pass****",
    "review_id": "3023066",
    "movie_id": "43511"
  },
  {
    "review": "3분의 2지점까지 아주 지루해 지루해..",
    "date": "08.09.30",
    "rating": "10",
    "author": "baby****",
    "review_id": "2976068",
    "movie_id": "43511"
  },
  {
    "review": "가벼이 보려고 했던 영환데 눈물까지 났다.",
    "date": "08.09.02",
    "rating": "9",
    "author": "born****",
    "review_id": "2917860",
    "movie_id": "43511"
  }
]