[
  {
    "review": "마지막에 jack, i swear. 무슨뜻인지 모르겟어요...제가 동성애에 대한 열린맘이 부족해서인지 그리 깊이 와닿진 않네요.ㅠ 다만 잔잔한 영화 분위기가 여운을 남기긴 합니다만..",
    "date": "15.08.27",
    "rating": "8",
    "author": "kjh_****",
    "review_id": "10277846",
    "movie_id": "43516"
  },
  {
    "review": "이안 감독  영화는 다 좋다.",
    "date": "15.08.26",
    "rating": "9",
    "author": "ssak****",
    "review_id": "10275322",
    "movie_id": "43516"
  },
  {
    "review": "가슴아픈 영화명품 연출  명품 연기",
    "date": "15.08.04",
    "rating": "10",
    "author": "vv83****",
    "review_id": "10184893",
    "movie_id": "43516"
  },
  {
    "review": "사랑만한 우정. 이들 만큼 사랑한자만이 동성애를 논할 수 있다",
    "date": "15.08.03",
    "rating": "10",
    "author": "bigi****",
    "review_id": "10178830",
    "movie_id": "43516"
  },
  {
    "review": "둘다 넘 불쌍해 ㅠㅠㅠㅠ",
    "date": "15.08.02",
    "rating": "10",
    "author": "301k****",
    "review_id": "10174155",
    "movie_id": "43516"
  },
  {
    "review": "볼까 말까 고민했는데 안보면 후회 할 영화라고 생각해요다들 한번 쯤은 꼭 보셨으면 좋겠어요! 너무 예쁜 영화 입니다",
    "date": "15.07.21",
    "rating": "10",
    "author": "wpfk****",
    "review_id": "10124948",
    "movie_id": "43516"
  },
  {
    "review": "제이크질렌할 히스레저 게이가 아름답다고 생각되기는 처음이다  왜이제야봤는지 명연기들 최고였다",
    "date": "15.07.18",
    "rating": "10",
    "author": "yea4****",
    "review_id": "10114558",
    "movie_id": "43516"
  },
  {
    "review": "외모만큼이나 연기도 훌륭했던 두 주인공 덕분에 잘 봤습니다",
    "date": "15.06.29",
    "rating": "10",
    "author": "youj****",
    "review_id": "10051722",
    "movie_id": "43516"
  },
  {
    "review": "영화가 끝났는데도 슬픔이가시질않네요 원래 사랑영화같은거 보고 잘 안우는데.. 먹먹하네요..",
    "date": "15.06.29",
    "rating": "10",
    "author": "246_****",
    "review_id": "10050632",
    "movie_id": "43516"
  },
  {
    "review": "20년이라는 긴 세월동안 숨어서밖에 할 수 없었던 안타까운 사랑. 사랑하는 사람이 떠나고서야 맹세한다고 말하는데 후반부부터 계속 흐르던 눈물이 여기서 그냥 폭발해버렸다.",
    "date": "15.06.26",
    "rating": "10",
    "author": "dngk****",
    "review_id": "10040155",
    "movie_id": "43516"
  },
  {
    "review": "OO전 개봉할때 보고 오늘 다시 봤는데 볼때마다 새롭게 다가오는 이느낌이 또 참 묘하네요.. 뭔가모를 가슴이 애린 느낌이에요",
    "date": "15.06.16",
    "rating": "10",
    "author": "baby****",
    "review_id": "10005115",
    "movie_id": "43516"
  },
  {
    "review": "진심 슬픔을 넘어서 마음이 너무 아팠으뮤ㅜㅠ",
    "date": "15.06.09",
    "rating": "10",
    "author": "ahil****",
    "review_id": "9987206",
    "movie_id": "43516"
  },
  {
    "review": "게이가 아니라면 두 사람의 관계가 곱게 보였을까라는 의문이 들게 만드는 영화.",
    "date": "15.06.08",
    "rating": "4",
    "author": "have****",
    "review_id": "9984954",
    "movie_id": "43516"
  },
  {
    "review": "아껴가며 보았던 영화.내 인생 최고의 영화.히스레저 그립습니다ㅜ",
    "date": "15.06.07",
    "rating": "10",
    "author": "adre****",
    "review_id": "9981308",
    "movie_id": "43516"
  },
  {
    "review": "하 ... 피묻은 셔츠 나오는 장면에서 그만..  터져버렸다",
    "date": "15.06.01",
    "rating": "8",
    "author": "redi****",
    "review_id": "9969007",
    "movie_id": "43516"
  },
  {
    "review": "이영화보고 3개월동안은 고생했어요... 후유증...하...자나깨나 두사람이 계속생각나고 ..너무 가슴아프고... 진짜 힘들었음",
    "date": "15.06.01",
    "rating": "10",
    "author": "sess****",
    "review_id": "9968786",
    "movie_id": "43516"
  },
  {
    "review": "진짜 오랜만에 이런영화 봤네",
    "date": "15.05.31",
    "rating": "10",
    "author": "jane****",
    "review_id": "9967259",
    "movie_id": "43516"
  },
  {
    "review": "인간의 삶과 같이 이영화또한 완벽할수 없다고 생각하기에... 종교인은 아니지만, 엔딩크레딧 음악중에 이 가사는 기억에 나네요. \"오, 주여, 저는 압니다 당신만이 내게 행복을 줄수 있다는걸. 제겐 그것이 또한 굴레라는걸\"",
    "date": "15.05.31",
    "rating": "9",
    "author": "yuji****",
    "review_id": "9964675",
    "movie_id": "43516"
  },
  {
    "review": "배우들의 연기가 장난 아님..",
    "date": "15.05.29",
    "rating": "8",
    "author": "adiv****",
    "review_id": "9959126",
    "movie_id": "43516"
  },
  {
    "review": "이영화가평점테러된걸보니 그만큼 우리나라꼴통사상이 존나많다는거 그저게이물이라 생각하는 머저리들이 아마 인종차별도 같이할거임 왜냐면 자기와다른걸 혐오로보는 사람이 많거든  가정파괴랜다 ㅋㅋ무슨관점으로 영화를볼까 이런애들이 자기생각말한다고 댓글다는거 극혐",
    "date": "15.05.29",
    "rating": "10",
    "author": "bmb2****",
    "review_id": "9958915",
    "movie_id": "43516"
  },
  {
    "review": "나이들고 다시보면 또 다른 영화.",
    "date": "15.05.21",
    "rating": "10",
    "author": "dase****",
    "review_id": "9935894",
    "movie_id": "43516"
  },
  {
    "review": "제일 먼저 든 생각은 '이제라도 이 영화를 보게되어서 천만다행이다' 였습니다.. 엔딩노래 가사도 정말 마음을 울리네요 영화가 끝난지 한참이 지났는데 아직도 눈물이 흐릅니다 왜이렇게 진정이 안되는건지.. 히스레저가 더욱 더 보고싶어지네요",
    "date": "15.05.15",
    "rating": "10",
    "author": "godd****",
    "review_id": "9919507",
    "movie_id": "43516"
  },
  {
    "review": "종합 평점은 8점 드립니다.",
    "date": "15.05.14",
    "rating": "8",
    "author": "terr****",
    "review_id": "9915372",
    "movie_id": "43516"
  },
  {
    "review": "'동생애자'들의 사랑이 아닌 동성애자들의 '사랑'에 맞춘 포커스",
    "date": "15.05.11",
    "rating": "6",
    "author": "syoc****",
    "review_id": "9910794",
    "movie_id": "43516"
  },
  {
    "review": "배경과 주인공이 처한 현실이 대비되어 더욱더 애잔한 느낌을 주었다. 사랑하는 마음을 솔직하게 표현하지 못하는 잭과 에니스의 모습에서 현대사회에서 많은 걱정을 안고가는 성소수자들의 모습을 볼 수 있었다. 또한, 절제미있는 대사가 많은 여운을 남긴다.",
    "date": "15.05.08",
    "rating": "9",
    "author": "jaeh****",
    "review_id": "9904292",
    "movie_id": "43516"
  },
  {
    "review": "영상미도 아름답고 여운이 강하게 남는 영화네요..",
    "date": "15.05.05",
    "rating": "8",
    "author": "dnjs****",
    "review_id": "9898210",
    "movie_id": "43516"
  },
  {
    "review": "맘 속에 소장하고 싶은 영화",
    "date": "15.04.29",
    "rating": "10",
    "author": "viva****",
    "review_id": "9879287",
    "movie_id": "43516"
  },
  {
    "review": "진짜 시간가는줄 모르고 본영화ㅠㅠ 마지막이 너무 아쉬워요",
    "date": "15.04.27",
    "rating": "10",
    "author": "your****",
    "review_id": "9872672",
    "movie_id": "43516"
  },
  {
    "review": "걍 먹먹해짐.. 동성애가 이렇게 아름답게 그려질 줄 몰랐음",
    "date": "15.04.27",
    "rating": "10",
    "author": "jecs****",
    "review_id": "9872281",
    "movie_id": "43516"
  },
  {
    "review": "Simply the best",
    "date": "15.04.19",
    "rating": "10",
    "author": "jake****",
    "review_id": "9853118",
    "movie_id": "43516"
  },
  {
    "review": "이게무슨예술영화냐ㅡㅡ 연기땜시 이정도로도준다",
    "date": "15.04.18",
    "rating": "4",
    "author": "xx41****",
    "review_id": "9850839",
    "movie_id": "43516"
  },
  {
    "review": "나 진짜 평점 처음등록하는데..게이새끼들 나오는 영화였으면 보지도않았다 시8 진심 토할뻔..",
    "date": "15.04.04",
    "rating": "1",
    "author": "rksk****",
    "review_id": "9825087",
    "movie_id": "43516"
  },
  {
    "review": "인생영화.. 특히 피묻은 셔츠 발견했을때 울지않을수없다.. 볼때마다 눈물나는부분",
    "date": "15.04.01",
    "rating": "10",
    "author": "dnak****",
    "review_id": "9819400",
    "movie_id": "43516"
  },
  {
    "review": "꼭보시길 바랍니다 십자",
    "date": "15.03.30",
    "rating": "10",
    "author": "t102****",
    "review_id": "9816961",
    "movie_id": "43516"
  },
  {
    "review": "너무 가슴아픈 영화였음... 극장에서 못본게 많이 아쉬움",
    "date": "15.03.19",
    "rating": "10",
    "author": "besl****",
    "review_id": "9792345",
    "movie_id": "43516"
  },
  {
    "review": "이렇게 가슴이 아플수가..마지막 장면이 너무 쓸쓸하다..",
    "date": "15.03.15",
    "rating": "10",
    "author": "kkll****",
    "review_id": "9782754",
    "movie_id": "43516"
  },
  {
    "review": "그냥. 좀 많이 기억에 많이 남는 영화.",
    "date": "15.03.14",
    "rating": "9",
    "author": "song****",
    "review_id": "9779797",
    "movie_id": "43516"
  },
  {
    "review": "9점과 10점은 본인생각이 아님...빼고나면 평균은 6점",
    "date": "15.03.11",
    "rating": "6",
    "author": "myun****",
    "review_id": "9772622",
    "movie_id": "43516"
  },
  {
    "review": "우연히 보게되었는데  지금두 가슴이  먹먹하구 눈물이  흐르네요...잠깐이라두 함께사는걸 볼수있길바랬는데....ㅠㅠ  마음이 아파요....♡♡♡♡",
    "date": "15.03.10",
    "rating": "10",
    "author": "clov****",
    "review_id": "9770775",
    "movie_id": "43516"
  },
  {
    "review": "2005년도 당시 시간에 쫓겨서 무슨 영화인지도 모르고 봤던 기억이 나는데 그 당시엔 동성애를 접할 기회가 별로 없었기 때문에 굉장한 충격으로 다가왔었다 편견으로 바라보는 것이 아닌 단순히 사람과 사람 사이의 사랑일 뿐이라고 생각하니 그들이 안타까웠다",
    "date": "15.03.10",
    "rating": "10",
    "author": "leen****",
    "review_id": "9770167",
    "movie_id": "43516"
  },
  {
    "review": "\"이 영화를 가장 좋아하는 그룹은 20대 여자입니다\" 지금의 20대 중후반 여자들 학창시절에 BL,이반 이런게 인기였죠. 그 분들이 점수를 후하게 주신듯; 게이,동성애 편견안가지고 사람대 사람의 사랑으로 봤지만 그냥 이기적이고 어리석은 사랑이야기네요",
    "date": "15.03.09",
    "rating": "1",
    "author": "gl2y****",
    "review_id": "9769593",
    "movie_id": "43516"
  },
  {
    "review": "내 생에 최고의 영화인듯",
    "date": "15.03.07",
    "rating": "10",
    "author": "xoad****",
    "review_id": "9761953",
    "movie_id": "43516"
  },
  {
    "review": "뭐라고 써야할지 조차 모르겠다.. 가슴이 너무 먹먹하다",
    "date": "15.03.05",
    "rating": "10",
    "author": "09mi****",
    "review_id": "9758926",
    "movie_id": "43516"
  },
  {
    "review": "여태본영화중 분위기 최고 ㅜㅜ",
    "date": "15.03.05",
    "rating": "10",
    "author": "drin****",
    "review_id": "9756991",
    "movie_id": "43516"
  },
  {
    "review": "감수성이 예민한 사람은 동성애를보고도 동성애를 초월한 감동과 여운에 이 영화를 빨 수 밖에... 감독이 명불허전인건 확실히 알겠지만 몇 몇 이 작품의 위대함을 못알아본다며 무식 운운하며 혀를차는 인간들과 그 글의 추천수보면 진짜.. 에휴",
    "date": "15.02.25",
    "rating": "8",
    "author": "v320****",
    "review_id": "9736129",
    "movie_id": "43516"
  },
  {
    "review": "게이영화... 보다 토할뻔했어요",
    "date": "15.02.24",
    "rating": "1",
    "author": "ampb****",
    "review_id": "9734403",
    "movie_id": "43516"
  },
  {
    "review": "아름다운 사랑 운운하지만 내가 보기엔 본인의 정체성을 확실히 하지 못한 겁쟁이 유부남의 불륜이야기로 밖에 보이지 않았다  잭은 둘째치고 애니스의 비겁함에 짜증이 날 정도였다 ost가 이 영화의 신의 한 수 였다",
    "date": "15.02.17",
    "rating": "5",
    "author": "dies****",
    "review_id": "9706281",
    "movie_id": "43516"
  },
  {
    "review": "내가 무슨 부귀영화를 누리려고 피곤한 와중에 이 영화를 끝까지 봤을까.이 영화는 아무리 좋게 생각할래도... 내 스타일은 아니다..확실히 명작인 것 같긴 하나.. 내 스타일은 아니다..",
    "date": "15.02.17",
    "rating": "4",
    "author": "dnaa****",
    "review_id": "9704234",
    "movie_id": "43516"
  },
  {
    "review": "왜케 가슴이 찢어지고 터질 것 같은지... 이걸 어떡하지...",
    "date": "15.02.16",
    "rating": "9",
    "author": "beri****",
    "review_id": "9703179",
    "movie_id": "43516"
  },
  {
    "review": "너무 먹먹해서 죽을 거 같다",
    "date": "15.02.12",
    "rating": "10",
    "author": "phi1****",
    "review_id": "9691113",
    "movie_id": "43516"
  },
  {
    "review": "별로다 별로야 별로라구",
    "date": "15.02.10",
    "rating": "4",
    "author": "dark****",
    "review_id": "9684035",
    "movie_id": "43516"
  },
  {
    "review": "영화속 아름다운 장면으로 들어가고 싶은 충동이 들었었죠ㅎㅎ 언젠가는 꼭 가보고 싶습니다. 최고의 영화",
    "date": "15.02.07",
    "rating": "10",
    "author": "wing****",
    "review_id": "9675511",
    "movie_id": "43516"
  },
  {
    "review": "사랑이라는 것에 대한 편견",
    "date": "15.02.06",
    "rating": "8",
    "author": "ohyu****",
    "review_id": "9672560",
    "movie_id": "43516"
  },
  {
    "review": "영상은 아름다웠고 연기자들의 연기력도 뛰어나다고 생각합니다. 허나 불륜아닙니까? 둘의 사랑으로 인해 상처받는 사람은?ㅋㅋㅋ명작이라고 들어와서 기대하고 봤는데..기대 이하.. 그래서인지 평소 눈물 달고 사는데 한방울도 안나더라고요",
    "date": "15.02.04",
    "rating": "3",
    "author": "szuk****",
    "review_id": "9667124",
    "movie_id": "43516"
  },
  {
    "review": "보는 내내 가슴 한 쪽이 먹먹해온다",
    "date": "15.02.03",
    "rating": "10",
    "author": "gksr****",
    "review_id": "9662215",
    "movie_id": "43516"
  },
  {
    "review": "색다르다 기존의 사랑이야기들과는..",
    "date": "15.01.25",
    "rating": "8",
    "author": "binn****",
    "review_id": "9637275",
    "movie_id": "43516"
  },
  {
    "review": "하 ... 슬프다....",
    "date": "15.01.24",
    "rating": "10",
    "author": "name****",
    "review_id": "9629777",
    "movie_id": "43516"
  },
  {
    "review": "마음을 먹먹하게 하는 영화입니다..무언가 말로 표현할 수 없는 감정들이 느껴지네요최고의 작품입니다.",
    "date": "15.01.24",
    "rating": "10",
    "author": "rudw****",
    "review_id": "9629336",
    "movie_id": "43516"
  },
  {
    "review": "두고 온 셔츠를 잭이ㅠㅠ울었다.",
    "date": "15.01.23",
    "rating": "10",
    "author": "jook****",
    "review_id": "9625502",
    "movie_id": "43516"
  },
  {
    "review": "미치겠다 진짜....",
    "date": "15.01.16",
    "rating": "10",
    "author": "gpwl****",
    "review_id": "9601973",
    "movie_id": "43516"
  },
  {
    "review": "화려한 액션과 다크나이트의 히스레저를 기대한다면 보지 말것. 주인공들의 눈빛과 심리 표현이 놀랍다.",
    "date": "15.01.15",
    "rating": "10",
    "author": "ekdm****",
    "review_id": "9599058",
    "movie_id": "43516"
  },
  {
    "review": "왜 그렇게 셔츠로 사람을 자꾸 울리는지...",
    "date": "15.01.09",
    "rating": "10",
    "author": "onew****",
    "review_id": "9576269",
    "movie_id": "43516"
  },
  {
    "review": "동성애를 인정은 하지만 이런류 영화는 익숙치 않아서 살짝 충격이네요. 끊어서 봐서 그런지 감정선이 연결이 안되어 아쉽네요. 다시 볼만한 영화",
    "date": "15.01.07",
    "rating": "9",
    "author": "hja1****",
    "review_id": "9569708",
    "movie_id": "43516"
  },
  {
    "review": "완벽함. 감히 평할 수가 없음.",
    "date": "15.01.04",
    "rating": "10",
    "author": "chjc****",
    "review_id": "9561668",
    "movie_id": "43516"
  },
  {
    "review": "동성간의사랑영화인줄모르고 히스와제이크가나온다해서봤는데  역시연기면연기 연출이며 스토리까지 정말 대단한것같습니다 별점20점은주고싶네요 정말 동성간의사랑도 다를것없다고 생각했습니다 엔딩크레딧나올때 엔딩곡듣고 펑펑울었네요 정말이지 연기는진짜와..꼭보세요",
    "date": "15.01.04",
    "rating": "10",
    "author": "dlek****",
    "review_id": "9560468",
    "movie_id": "43516"
  },
  {
    "review": "아....노인과 바다 소설 이후 이렇게 가슴 먹먹해 진적은 오랫만인거 같아요. 왜  히스레져 히스레져 하는지 알겠네요. 후와~~펑펑 울어서 내일 출근 어떻게 해야하나",
    "date": "15.01.04",
    "rating": "10",
    "author": "leen****",
    "review_id": "9558676",
    "movie_id": "43516"
  },
  {
    "review": "이토록 여운이 오래 가는 영화도 드물것이다. 동성간의 사랑은 합당한 것입니다라며 강요하는 영화도  아니고  억지눈물 짜내는 감성팔이 영화도 아니다. 애틋하고  깊은 울림이 있는 영화다",
    "date": "14.12.31",
    "rating": "10",
    "author": "stud****",
    "review_id": "9541111",
    "movie_id": "43516"
  },
  {
    "review": "트렌스젠더이자 한사람의아내가되어 행복하게살고있습니다 영화를본후 굉장히 시대가좋아지고 살만한 시대에 내가 살고있구나 했습니다.. 뭔가 뭉클하네요..남일같이않아서",
    "date": "14.12.30",
    "rating": "10",
    "author": "sdyt****",
    "review_id": "9536815",
    "movie_id": "43516"
  },
  {
    "review": "He was friend of mine..",
    "date": "14.12.25",
    "rating": "10",
    "author": "mcaa****",
    "review_id": "9513608",
    "movie_id": "43516"
  },
  {
    "review": "거대한 자연을 배경으로 침묵과 여백이 보여주는 아름다움",
    "date": "14.12.16",
    "rating": "7",
    "author": "rcan****",
    "review_id": "9477518",
    "movie_id": "43516"
  },
  {
    "review": "사랑일 수 있다. 그러나 저 둘 때문에 주변사람들이 상처받은 것은 어떻게 하나? 뭔 사랑이 그렇게 이기적이야? 가정파괴하고 자기만 행복하면 되나?",
    "date": "14.12.12",
    "rating": "1",
    "author": "kimk****",
    "review_id": "9468360",
    "movie_id": "43516"
  },
  {
    "review": "자신이 진정 좋아하는게 무엇인지 아는 것 또한 본능이라고 이 영화는 말해주는거 같다",
    "date": "14.12.06",
    "rating": "8",
    "author": "jjda****",
    "review_id": "9451439",
    "movie_id": "43516"
  },
  {
    "review": "동성애자로서 굉장히 인상깊게 본 영화.",
    "date": "14.12.01",
    "rating": "10",
    "author": "qwe2****",
    "review_id": "9437635",
    "movie_id": "43516"
  },
  {
    "review": "아 히스 레저의 연기를 영화관에서 못 본 게 한이다 재개봉 좀 해 주세요 제발",
    "date": "14.11.30",
    "rating": "10",
    "author": "susu****",
    "review_id": "9436002",
    "movie_id": "43516"
  },
  {
    "review": "조용히 스며들어 요동친다",
    "date": "14.11.29",
    "rating": "9",
    "author": "joco****",
    "review_id": "9433787",
    "movie_id": "43516"
  },
  {
    "review": "혼란스러웠지만 감동적이었습니다",
    "date": "14.11.21",
    "rating": "10",
    "author": "ohho****",
    "review_id": "9407480",
    "movie_id": "43516"
  },
  {
    "review": "하 ... 평점높은 영화는 이유가있네요 9점이어도 손색없는데; 에니스는 어떻게 살아갈까 ㅠ",
    "date": "14.11.20",
    "rating": "9",
    "author": "thr1****",
    "review_id": "9402548",
    "movie_id": "43516"
  },
  {
    "review": "나름의감동이있긴하나별점10점은과하다생각한다. 이영화에서가장불쌍한사람은잭도에니스도아닌알마가아닐까. 히스레저의뛰어난연기외잘생긴외모가돋보이는영화다. 이렇게일찍가버린것이안타까울뿐이다.",
    "date": "14.11.16",
    "rating": "5",
    "author": "97tj****",
    "review_id": "9389262",
    "movie_id": "43516"
  },
  {
    "review": "낚였음나쁜거짓평점 ㅠㅠ",
    "date": "14.11.15",
    "rating": "1",
    "author": "sall****",
    "review_id": "9385029",
    "movie_id": "43516"
  },
  {
    "review": "좋은 영화임, 호불호 많이갈리겠지만",
    "date": "14.11.08",
    "rating": "7",
    "author": "wjaw****",
    "review_id": "9356630",
    "movie_id": "43516"
  },
  {
    "review": "남자와 남자의 사랑보다는 그존재에대한 사랑이야기...깊은사랑에는 높낮이가없고 천함도없다..히스레져진짜 아까워죽겠어ㅠㅠ",
    "date": "14.11.07",
    "rating": "10",
    "author": "kimg****",
    "review_id": "9348156",
    "movie_id": "43516"
  },
  {
    "review": "음... 글쎄 나는 받아들이기 어려운 영화..",
    "date": "14.11.06",
    "rating": "7",
    "author": "kimj****",
    "review_id": "9343375",
    "movie_id": "43516"
  },
  {
    "review": "사랑에 성별은 무관계.",
    "date": "14.11.02",
    "rating": "8",
    "author": "phea****",
    "review_id": "9337710",
    "movie_id": "43516"
  },
  {
    "review": "진짜 가슴 먹먹한영화. 정말 잘봤다 싶다. 이거 보고 안 슬프다고 하는 사람은 정말 감정이 메마른 사람일듯. 진짜 가슴 먹먹해짐",
    "date": "14.11.02",
    "rating": "10",
    "author": "q233****",
    "review_id": "9337686",
    "movie_id": "43516"
  },
  {
    "review": "처음 볼 때는 안 보이던 동성 간의 사랑도 이성과의 사랑과 크게 다르지 않다는 것을 알게 되었다. 단지 그들의 사랑을 주위의 시선과 편견이 다르게 혹은 틀리게 보이게 한다는 것. 배경이 너무 아름다웠다는 것도 인정",
    "date": "14.10.30",
    "rating": "7",
    "author": "jjaj****",
    "review_id": "9328443",
    "movie_id": "43516"
  },
  {
    "review": "걍 역겨운 호모 영화일 뿐. 이안 감독 커밍아웃 한건가?",
    "date": "14.10.29",
    "rating": "1",
    "author": "bjh2****",
    "review_id": "9327614",
    "movie_id": "43516"
  },
  {
    "review": "영화보고 기분이 더러운적은처음이다....진짜토나오네...",
    "date": "14.10.27",
    "rating": "1",
    "author": "shin****",
    "review_id": "9322755",
    "movie_id": "43516"
  },
  {
    "review": "이영화보고 한동안  영화에서 헤어나오질 못해서  힘들었다.",
    "date": "14.10.25",
    "rating": "10",
    "author": "idmu****",
    "review_id": "9314274",
    "movie_id": "43516"
  },
  {
    "review": "희대의 명작 ㅠㅠ ㅠ 절대 후회하지 않는 영화",
    "date": "14.10.24",
    "rating": "10",
    "author": "qurd****",
    "review_id": "9311728",
    "movie_id": "43516"
  },
  {
    "review": "서양영화는 잘 안보지만 뭔가 여운남는 영화다.",
    "date": "14.10.20",
    "rating": "8",
    "author": "hjsh****",
    "review_id": "9305365",
    "movie_id": "43516"
  },
  {
    "review": "아름운 사랑이야기. 잘 봤습니다.",
    "date": "14.10.18",
    "rating": "10",
    "author": "sky0****",
    "review_id": "9300694",
    "movie_id": "43516"
  },
  {
    "review": "두번봤다세번볼예정이다",
    "date": "14.10.11",
    "rating": "10",
    "author": "cmy0****",
    "review_id": "9285414",
    "movie_id": "43516"
  },
  {
    "review": "내 마음속에 전해지는 그들의 감정",
    "date": "14.10.09",
    "rating": "10",
    "author": "minj****",
    "review_id": "9277868",
    "movie_id": "43516"
  },
  {
    "review": "이룰 수 없는 사랑보다 더 슬픈것이란 있을까",
    "date": "14.10.09",
    "rating": "10",
    "author": "si05****",
    "review_id": "9276034",
    "movie_id": "43516"
  },
  {
    "review": "연기력이 너무 대단해서... 또 보게 되는 영화가 될 듯 . 사람과 사람이 사랑한 영화인가..",
    "date": "14.10.08",
    "rating": "10",
    "author": "star****",
    "review_id": "9275720",
    "movie_id": "43516"
  },
  {
    "review": "이루 말할 수 없이 멋진 영화. 10점 만점에 100점을 주고 싶다.",
    "date": "14.10.06",
    "rating": "10",
    "author": "chlq****",
    "review_id": "9268719",
    "movie_id": "43516"
  },
  {
    "review": "게이라는 소재 때문에 꺼려했다가 어쩌다 생각이나 이제서야 보게 됬는데, 보는내내 눈쌀을 찌푸리긴 커녕 영화 마지막에 에니스가 잭의 셔츠 단추를 잠궈주는 장면에서 나도 모르게 눈물이 맺힌걸 확인하게되더군요. 추천합니다.",
    "date": "14.09.29",
    "rating": "10",
    "author": "hdht****",
    "review_id": "9249344",
    "movie_id": "43516"
  },
  {
    "review": "감정적 여운이 이처럼 긴 이안의 자연과 서사.",
    "date": "14.09.21",
    "rating": "10",
    "author": "ogr5****",
    "review_id": "9230456",
    "movie_id": "43516"
  },
  {
    "review": "차라리 서로가 서로에게서 헤어져 나왔으면 좋겠다는 생각이 들만큼 슬펐어요ㅠ 영화 다 끝날때 까지만 해도 덤덤하다가 다 보고 누워있는데 눈물나요ㅠㅠㅠ",
    "date": "14.09.18",
    "rating": "9",
    "author": "dmsw****",
    "review_id": "9221880",
    "movie_id": "43516"
  },
  {
    "review": "이 영화는 ..기억에 남는 명작....가슴이 먹먹하다.",
    "date": "14.09.17",
    "rating": "10",
    "author": "jyjh****",
    "review_id": "9220225",
    "movie_id": "43516"
  }
]