[
  {
    "review": "재미없음...솔직히..명탐정 코난 한화 보는게 나을듯...커메라 기술은 좋지만....텅비어버린...내용...",
    "date": "14.02.17",
    "rating": "3",
    "author": "ji48****",
    "review_id": "8517382",
    "movie_id": "43525"
  },
  {
    "review": "폭발적으로 정적인 긴장에서 오는 쾌감.",
    "date": "13.10.22",
    "rating": "9",
    "author": "tear****",
    "review_id": "8079864",
    "movie_id": "43525"
  },
  {
    "review": "그일도 결국 하나의 거품",
    "date": "13.02.13",
    "rating": "7",
    "author": "no23****",
    "review_id": "7259058",
    "movie_id": "43525"
  },
  {
    "review": "포스터 카피를 보고 뭔가 대단한 작품인가 했는데 결국 이것도 제목과 같은 거품아닌가.",
    "date": "12.07.08",
    "rating": "5",
    "author": "inxs****",
    "review_id": "6461456",
    "movie_id": "43525"
  },
  {
    "review": "완벽한 영화",
    "date": "12.06.19",
    "rating": "10",
    "author": "klee****",
    "review_id": "6403090",
    "movie_id": "43525"
  },
  {
    "review": "독특한 영화였다. 정적인 영화가 이렇게 흥미진진할 수가",
    "date": "11.11.25",
    "rating": "10",
    "author": "cook****",
    "review_id": "5870004",
    "movie_id": "43525"
  },
  {
    "review": "난 재밌게 봤다 조용하고 뭔가 영화를 보면 그 사람들의 삶을 느끼게되는.. 끝부분이 좀 이상했지만",
    "date": "11.04.22",
    "rating": "10",
    "author": "gusw****",
    "review_id": "5386476",
    "movie_id": "43525"
  },
  {
    "review": "소더버그 이기에 만들어낼 수 있는 작품.",
    "date": "10.12.27",
    "rating": "10",
    "author": "popo****",
    "review_id": "5092591",
    "movie_id": "43525"
  },
  {
    "review": "많은 감정과 긴 여운을 남긴다",
    "date": "09.10.15",
    "rating": "10",
    "author": "vkqk****",
    "review_id": "3893092",
    "movie_id": "43525"
  },
  {
    "review": "히치콕의 싸이코 같기도 하고.. 모르겠다.",
    "date": "09.06.27",
    "rating": "7",
    "author": "llti****",
    "review_id": "3594916",
    "movie_id": "43525"
  },
  {
    "review": "쉡 포스터는 존내 무섭게 생겨가지고.. 인형은 아무 의미 없음.  내 생에 최악의 영화",
    "date": "09.03.01",
    "rating": "1",
    "author": "hara****",
    "review_id": "3342328",
    "movie_id": "43525"
  },
  {
    "review": "실험적이며 신선하고 그 분위기는 작품을 있어서 큰 몫을한다",
    "date": "09.03.01",
    "rating": "7",
    "author": "good****",
    "review_id": "3342077",
    "movie_id": "43525"
  },
  {
    "review": "지루한 일상에서의 일탈치고는 좀 과했다. 이래저래 의문이 많이 남는...",
    "date": "09.02.22",
    "rating": "6",
    "author": "cat1****",
    "review_id": "3324047",
    "movie_id": "43525"
  },
  {
    "review": "뭔가 가슴에 울림이 있는 영화. 7점 정도지만, 평점이 너무 낮아서...",
    "date": "08.09.22",
    "rating": "10",
    "author": "meth****",
    "review_id": "2963526",
    "movie_id": "43525"
  },
  {
    "review": "어딜봐서 반란인거냐. 예고편과 포스터로 현혹한다음 영화를 보고났을때의 허탈함??",
    "date": "08.04.29",
    "rating": "1",
    "author": "djdo****",
    "review_id": "2605296",
    "movie_id": "43525"
  },
  {
    "review": "실험작. 일반인 관람불가. 평론가들만 볼 것.",
    "date": "07.11.26",
    "rating": "1",
    "author": "omgg****",
    "review_id": "2185066",
    "movie_id": "43525"
  },
  {
    "review": "완전 리얼리티 드라마네.도대체 영화에서 난 뭘본거야?볼만한 씬이 없다",
    "date": "07.08.25",
    "rating": "1",
    "author": "part****",
    "review_id": "1978941",
    "movie_id": "43525"
  },
  {
    "review": "평범하면서도 어두운",
    "date": "07.08.24",
    "rating": "8",
    "author": "ambe****",
    "review_id": "1975553",
    "movie_id": "43525"
  },
  {
    "review": "영화라고 하기엔...",
    "date": "07.05.28",
    "rating": "2",
    "author": "caca****",
    "review_id": "1669645",
    "movie_id": "43525"
  },
  {
    "review": "색다르다. 인형과 다름없는 그들의 건조한 표정.",
    "date": "07.02.15",
    "rating": "9",
    "author": "reow****",
    "review_id": "1472774",
    "movie_id": "43525"
  },
  {
    "review": "부풀어오르면 한순간에 터지기 마련(초보 배우들의 연기는 강점)",
    "date": "07.01.22",
    "rating": "8",
    "author": "heod****",
    "review_id": "1404722",
    "movie_id": "43525"
  },
  {
    "review": "잔잔한 살인수사극 리얼리즘이 있는듯한 느낌",
    "date": "06.09.04",
    "rating": "6",
    "author": "hori****",
    "review_id": "1103655",
    "movie_id": "43525"
  },
  {
    "review": "버블기억장치그격정적한컷",
    "date": "06.08.31",
    "rating": "10",
    "author": "rkdt****",
    "review_id": "1091822",
    "movie_id": "43525"
  },
  {
    "review": "왠지모르게.. ..흠 -ㅅ - 단순하면서도..잼있는 ㅎㅎ;;",
    "date": "06.08.30",
    "rating": "7",
    "author": "kotm****",
    "review_id": "1090969",
    "movie_id": "43525"
  },
  {
    "review": "기대에 미치지못함",
    "date": "06.08.19",
    "rating": "1",
    "author": "gun0****",
    "review_id": "1056246",
    "movie_id": "43525"
  },
  {
    "review": "소더버그답다. 인간의 내면을 조용히,그리고 정확히 꼬집어낸다.",
    "date": "06.08.07",
    "rating": "9",
    "author": "sumi****",
    "review_id": "979844",
    "movie_id": "43525"
  },
  {
    "review": "꽤 괜찮은 실험작..",
    "date": "06.07.29",
    "rating": "10",
    "author": "yjru****",
    "review_id": "939540",
    "movie_id": "43525"
  },
  {
    "review": "범죄, 스릴러, 드라마, 미스터리신고",
    "date": "06.07.29",
    "rating": "1",
    "author": "jjhj****",
    "review_id": "939514",
    "movie_id": "43525"
  },
  {
    "review": "색다른줄알았더니 흑백이네~공돌이와 공순이 아무내용없음",
    "date": "06.06.28",
    "rating": "4",
    "author": "yunj****",
    "review_id": "860440",
    "movie_id": "43525"
  },
  {
    "review": "프로젝트의 끝을 봐야겠지만, 분명 색다른 시도이긴 하다",
    "date": "06.06.14",
    "rating": "7",
    "author": "donj****",
    "review_id": "843474",
    "movie_id": "43525"
  },
  {
    "review": "일상이란 거, 이런 거다.",
    "date": "06.06.09",
    "rating": "8",
    "author": "book****",
    "review_id": "837774",
    "movie_id": "43525"
  },
  {
    "review": "이 정도면 나쁘지않다..",
    "date": "06.05.31",
    "rating": "7",
    "author": "nasd****",
    "review_id": "824688",
    "movie_id": "43525"
  },
  {
    "review": "기타선율과 함께 나열되는 자신도 모르는 자아에 대한 인식",
    "date": "06.05.26",
    "rating": "10",
    "author": "spri****",
    "review_id": "816257",
    "movie_id": "43525"
  },
  {
    "review": "최악이다!! 비추!!!",
    "date": "06.05.24",
    "rating": "1",
    "author": "gyuh****",
    "review_id": "814345",
    "movie_id": "43525"
  },
  {
    "review": "역시 쏘다부거(어)^^ 최고다.. 당신의 인디적인 마인드가 좋다.",
    "date": "06.05.23",
    "rating": "10",
    "author": "lhcg****",
    "review_id": "812843",
    "movie_id": "43525"
  },
  {
    "review": "잠오는 새벽1시에시청 그러나 잠들지않은영화 음. 좋아",
    "date": "06.05.20",
    "rating": "10",
    "author": "wpeo****",
    "review_id": "808493",
    "movie_id": "43525"
  },
  {
    "review": "너는너, 나는나, 본질은 이거. 결말은 허무 그러나 여운은 길다",
    "date": "06.05.15",
    "rating": "9",
    "author": "skad****",
    "review_id": "800693",
    "movie_id": "43525"
  },
  {
    "review": "현대사회의황량함.단절된관계.농촌속의공장.인간성상실.",
    "date": "06.05.15",
    "rating": "10",
    "author": "goti****",
    "review_id": "800602",
    "movie_id": "43525"
  },
  {
    "review": "나이가 들더니 이상한 영화만 만드네.정말 비추다 비추!",
    "date": "06.05.13",
    "rating": "2",
    "author": "oliv****",
    "review_id": "798028",
    "movie_id": "43525"
  },
  {
    "review": "스티븐 소더버그는 관객을 무시했다.",
    "date": "06.05.13",
    "rating": "2",
    "author": "evas****",
    "review_id": "797659",
    "movie_id": "43525"
  },
  {
    "review": "양념에 길들여진 우리에겐 넘 싱거웠나..?",
    "date": "06.05.12",
    "rating": "8",
    "author": "iz19****",
    "review_id": "796821",
    "movie_id": "43525"
  },
  {
    "review": "이 영화를 스릴러라 평하다니... 어이 없네요",
    "date": "06.05.07",
    "rating": "1",
    "author": "taru****",
    "review_id": "791511",
    "movie_id": "43525"
  },
  {
    "review": "뭐야.... 뎀보다 더 심하잖아....",
    "date": "06.05.06",
    "rating": "1",
    "author": "vivi****",
    "review_id": "789102",
    "movie_id": "43525"
  },
  {
    "review": "이걸 스릴러라고 할수 있나?? 너무 잔잔하다.때론 졸리고",
    "date": "06.05.04",
    "rating": "5",
    "author": "100d****",
    "review_id": "785089",
    "movie_id": "43525"
  },
  {
    "review": "와 -_- 이게 영화냐 긴장감은 하나도 없고 나참 미치겠다",
    "date": "06.05.03",
    "rating": "1",
    "author": "rkfk****",
    "review_id": "784230",
    "movie_id": "43525"
  },
  {
    "review": "존나 재미없다. 욕밖에안나오네. 완전쓰레기임.",
    "date": "06.05.03",
    "rating": "1",
    "author": "satu****",
    "review_id": "784226",
    "movie_id": "43525"
  },
  {
    "review": "소더버그만이 가능한 작품~~",
    "date": "06.05.02",
    "rating": "9",
    "author": "obse****",
    "review_id": "783670",
    "movie_id": "43525"
  },
  {
    "review": "소더버그의 공격이 시작됐다.",
    "date": "06.05.01",
    "rating": "5",
    "author": "leeh****",
    "review_id": "781621",
    "movie_id": "43525"
  },
  {
    "review": "실험적 일탈이 실패. 감독만이 아는 세상은 공상만으로 끝내라.",
    "date": "06.04.30",
    "rating": "1",
    "author": "chem****",
    "review_id": "781503",
    "movie_id": "43525"
  },
  {
    "review": "경악을금치못했다.이런제길..",
    "date": "06.04.30",
    "rating": "1",
    "author": "ther****",
    "review_id": "780556",
    "movie_id": "43525"
  },
  {
    "review": "평범한 일상속의 살인... 묘한 여운이 있네",
    "date": "06.04.29",
    "rating": "5",
    "author": "anyo****",
    "review_id": "779131",
    "movie_id": "43525"
  },
  {
    "review": "세상 어디서나 사는 건 똑같은 건가보다",
    "date": "06.03.14",
    "rating": "8",
    "author": "blue****",
    "review_id": "716320",
    "movie_id": "43525"
  },
  {
    "review": "단조로운 일상이 담겨있는 비눗방울이 터지는 듯한 느낌.",
    "date": "06.02.28",
    "rating": "8",
    "author": "slow****",
    "review_id": "696253",
    "movie_id": "43525"
  },
  {
    "review": "지루함의 극치",
    "date": "06.02.25",
    "rating": "1",
    "author": "rain****",
    "review_id": "692101",
    "movie_id": "43525"
  },
  {
    "review": "평범한사람도사소한걸로그럴수있다는거..그걸말할려고;;",
    "date": "06.02.16",
    "rating": "1",
    "author": "kami****",
    "review_id": "673100",
    "movie_id": "43525"
  }
]