[
  {
    "review": "흔한 각기춤 추는 빙의가 아닌 보다 심도깊은 그들의 심리묘사가 궁금하다면...실화를 정말 실화구나 느끼게 해준 감독에게 찬사를..그녀는 끝까지 신앙의 힘만으로 싸웠다..종교의 편견으로 인해 이 영화를 놓치지 마세요...",
    "date": "15.08.22",
    "rating": "10",
    "author": "mchs****",
    "review_id": "10263881",
    "movie_id": "43520"
  },
  {
    "review": "일부러 더 무섭게 보려고 새벽에 봤는데,,,재미가 없음. 진진짜 졸린 거 참으면서 봤는데,,,무섭지도 재밌지도,,그냥 정신병자를 빙의된 거라고 쇼하다가 죽여놓고, 죄 없다고 변호하는 건데, 이야기의 긴박성도 적고, 기괴하거나 흥미로운 부분도 거의 없음",
    "date": "15.08.15",
    "rating": "6",
    "author": "pkyo****",
    "review_id": "10234096",
    "movie_id": "43520"
  },
  {
    "review": "두고두고 보는 영화. 변호아줌마 이쁘다",
    "date": "15.08.08",
    "rating": "10",
    "author": "dlwn****",
    "review_id": "10199739",
    "movie_id": "43520"
  },
  {
    "review": "적당한 재미와 구성. 치밀함을 원한다면 실망할수도. 허나 앵간한 사람들은 흥미롭게 봤을것임. 에밀리역을 맡은 카펜터 정말 대단한 여배우.",
    "date": "15.07.30",
    "rating": "8",
    "author": "camp****",
    "review_id": "10162955",
    "movie_id": "43520"
  },
  {
    "review": "베댓이 말을 아주 잘써놨네",
    "date": "15.07.16",
    "rating": "9",
    "author": "rnjs****",
    "review_id": "10108387",
    "movie_id": "43520"
  },
  {
    "review": "간만에 몰입해서 잼나게 봤음.. 간간히 나오는 에밀리 역의 표정이.. 남자친구가 에밀리 기숙사에서 잠깐 자다가 깼는데 바닥에 있던 에밀리 표정에 소오름~~",
    "date": "15.07.08",
    "rating": "10",
    "author": "apre****",
    "review_id": "10081361",
    "movie_id": "43520"
  },
  {
    "review": "에밀리 로즈역을 맡은 배우의 연기력은 감탄. 공포적인 면은 별로없었지만 지루하지않은 영화였다",
    "date": "15.07.05",
    "rating": "6",
    "author": "jaee****",
    "review_id": "10070695",
    "movie_id": "43520"
  },
  {
    "review": "독특한 공포영화를 추천해달라하면 여지껏 entity를 추천해왔는데, 이제는 이영화까지 추천해야겠다.",
    "date": "15.06.23",
    "rating": "8",
    "author": "fore****",
    "review_id": "10025015",
    "movie_id": "43520"
  },
  {
    "review": "덱스터 데보라 역 배우. 화이트칙스에서 단역으러더 나왔는데 연기 겁 나 잘해서 뇌리에 콕박혀있음처음 법정 나오는 5분 정도만 빼고 너무 재밌었다새벽3시에 본거라 보다 졸리면 자야지 했는데탄냄새맡고 발작하는연기부터 잠이확깨서 결국 다봄졸잼",
    "date": "15.06.20",
    "rating": "9",
    "author": "khae****",
    "review_id": "10015082",
    "movie_id": "43520"
  },
  {
    "review": "[컨저링]이 실화를 많은 부분 각색하여 자극적인 씬들로 무장, 관객 놀래키기에 집중했다면 이 영화는 보다 더 사실에 기반하여 영화에서와 마찬가지로 관객에게 '이런 가능성도 있다. 믿을지 안 믿을지는 당신의 선택'이라고 말하고 있다. 엄청난 몰입도!",
    "date": "15.05.18",
    "rating": "10",
    "author": "yumi****",
    "review_id": "9930632",
    "movie_id": "43520"
  },
  {
    "review": "단순한 킬링타임용 호러물이 절대 아닙니다.. 완성도도 그렇지만 무엇보다 에밀리 로즈역의 여배우분 연기가 아주 그냥 대박..",
    "date": "15.05.16",
    "rating": "10",
    "author": "ysdn****",
    "review_id": "9922433",
    "movie_id": "43520"
  },
  {
    "review": "신부와 법정에서 오가는 논의는 관객의 집중력을 놓치지않았다. 신부의 이야기에 공감하지 않더라도 충분히 흥미요소!",
    "date": "15.02.03",
    "rating": "7",
    "author": "gate****",
    "review_id": "9662476",
    "movie_id": "43520"
  },
  {
    "review": "법정드라마 좋아하는데 공포장르와 혼합되어서 아주 만족합니다",
    "date": "15.02.01",
    "rating": "9",
    "author": "lion****",
    "review_id": "9659479",
    "movie_id": "43520"
  },
  {
    "review": "공포와 법정의 조화라 신개념이다. 진짜 소름끼친다. 하나 둘 셋 넷 다섯 여섯. ㄷㄷ 종교와 과학의 대립도 보여주는 영화임. 현실적이고",
    "date": "15.01.28",
    "rating": "10",
    "author": "igel****",
    "review_id": "9644098",
    "movie_id": "43520"
  },
  {
    "review": "엑소시즘 할줄도 모르는 신부를 쓰니깐 이사단이 나지",
    "date": "14.12.20",
    "rating": "1",
    "author": "tian****",
    "review_id": "9493572",
    "movie_id": "43520"
  },
  {
    "review": "친구랑 함께 봤어요.잊을수 없는 최고의 쓰레기 영화.",
    "date": "14.10.29",
    "rating": "1",
    "author": "han9****",
    "review_id": "9326081",
    "movie_id": "43520"
  },
  {
    "review": "눈에 보이는게 전부가 아니란것을.. 신의존재에대해 곰곰히 생각하고 느껴봐야할듯",
    "date": "14.10.26",
    "rating": "10",
    "author": "best****",
    "review_id": "9319533",
    "movie_id": "43520"
  },
  {
    "review": "귀신이 나오는 그런 영화들과는 차원이 다른 영화! 중학교때 봤던 영화인데 그 당시엔 메탈붕괴였다..",
    "date": "14.10.09",
    "rating": "10",
    "author": "2961****",
    "review_id": "9276671",
    "movie_id": "43520"
  },
  {
    "review": "주인공의 연기가 정말 장난아니게 끝내주는듯. 보통은 공포영화를 보면 깜짝 놀라는 장면이 주를 이루지만 이 영화는 공포감을 느끼게 해준다. 말그대로 제대로된 공포영화를 보는 느낌이랄까. 만족스러운 공포영화는 오랜만인듯 싶다.",
    "date": "14.09.10",
    "rating": "9",
    "author": "jyl5****",
    "review_id": "9199437",
    "movie_id": "43520"
  },
  {
    "review": "이영화만큼 무서운 영화는 못봤음 요즘같은 영화는 걍 깜짝깜짝놀래키기만하는데 이거는 걍  스케일이 다름 무엇보다 배우들 연기 진짜 신들린거 같았고 의미도 꽤있는 영화였음 무엇보다 배우섭외를 잘한듯 영화내용말고도 배우들 연기에 진짜 소름돋았음",
    "date": "14.08.29",
    "rating": "10",
    "author": "mune****",
    "review_id": "9144464",
    "movie_id": "43520"
  },
  {
    "review": "난 호로매니아인데 이건 지루하다지루해",
    "date": "14.08.28",
    "rating": "1",
    "author": "kyh1****",
    "review_id": "9141149",
    "movie_id": "43520"
  },
  {
    "review": "시간가는줄모르고봤음. 수작이다..",
    "date": "14.08.28",
    "rating": "10",
    "author": "surf****",
    "review_id": "9140401",
    "movie_id": "43520"
  },
  {
    "review": "별로....넹....",
    "date": "14.08.26",
    "rating": "1",
    "author": "demi****",
    "review_id": "9135533",
    "movie_id": "43520"
  },
  {
    "review": "지루하다라.. 지루보단 대사 하나하나가 다 의미를 두게된다..꼭 보시길..",
    "date": "14.08.25",
    "rating": "10",
    "author": "huuu****",
    "review_id": "9133659",
    "movie_id": "43520"
  },
  {
    "review": "평점을 보고 혼자 점심 먹고 보고있는데.. 지금 8월달 에어컨틀고 보는데 땀이나서 선풍기까지 틀었다... ㅠㅠ",
    "date": "14.08.17",
    "rating": "10",
    "author": "honn****",
    "review_id": "9100237",
    "movie_id": "43520"
  },
  {
    "review": "정말 재밌게  봤어요  !!!",
    "date": "14.08.16",
    "rating": "10",
    "author": "dool****",
    "review_id": "9094122",
    "movie_id": "43520"
  },
  {
    "review": "법정 이야기와 악마의 이야기가 절묘하게 만나 완성도를 더했다",
    "date": "14.08.12",
    "rating": "7",
    "author": "mi86****",
    "review_id": "9073065",
    "movie_id": "43520"
  },
  {
    "review": "에밀리 연기 소름끼치도록 잘하고 엑소시즘 영화중 3손가락 안에 꼽힐만한 명작",
    "date": "14.08.11",
    "rating": "10",
    "author": "cjy8****",
    "review_id": "9070186",
    "movie_id": "43520"
  },
  {
    "review": "개인적으로 좋아하는 배우 제니퍼카펜터! 미친듯한 연기력으로 엑소 시리즈중에 제일 좋았다!",
    "date": "14.08.09",
    "rating": "9",
    "author": "hani****",
    "review_id": "9053101",
    "movie_id": "43520"
  },
  {
    "review": "원래 영화 별점 안주는데 이건 줘야겠네",
    "date": "14.08.08",
    "rating": "10",
    "author": "body****",
    "review_id": "9048099",
    "movie_id": "43520"
  },
  {
    "review": "지금 보고있는데진짜 화장실도 못감 ㅠㅜ",
    "date": "14.08.08",
    "rating": "10",
    "author": "qkek****",
    "review_id": "9047984",
    "movie_id": "43520"
  },
  {
    "review": "비오는날 영화관에서 보고 진심 무서웠음...ㅠㅠ",
    "date": "14.08.04",
    "rating": "9",
    "author": "inic****",
    "review_id": "9026619",
    "movie_id": "43520"
  },
  {
    "review": "연출력 최고. 또 여운까지 남게하는 이런 공포영화는 처음",
    "date": "14.08.01",
    "rating": "8",
    "author": "wjdg****",
    "review_id": "9003711",
    "movie_id": "43520"
  },
  {
    "review": "에밀리의 희생덕에 많은사람들이 가능성에 대해더 근접하게 생각할수 있었던거 같네요.에밀리 고맙고 행복하세요",
    "date": "14.07.17",
    "rating": "10",
    "author": "tjdq****",
    "review_id": "8922771",
    "movie_id": "43520"
  },
  {
    "review": "딴짓하면서 보면 지루할 수도 있는 영화인데 집중해서 보면 정말 그 어떤 공포영화보다도 조여오는 공포가 상당한 영화임 중학교때 봤던건데 아직도 보면무서운 영화다 에밀리의 연기가 정말 대단함",
    "date": "14.06.23",
    "rating": "10",
    "author": "vlov****",
    "review_id": "8849310",
    "movie_id": "43520"
  },
  {
    "review": "실화라 더욱 무섭운 영화인거 같아요.과학과 신앙이 경계를 생각하게 해주는 몇 안되는 수작 공포영화",
    "date": "14.06.22",
    "rating": "10",
    "author": "min2****",
    "review_id": "8846885",
    "movie_id": "43520"
  },
  {
    "review": "난 무교지만 어떤 일에든 중립적인 시각은 반드시 필요한 것 같다. 감독도 그것을 말하려는 것 같고.... 영화 자체만 보면 무섭진 않지만 이야기가 탄탄해서 꽤나 재미있게 볼 수 있을 것 같다.",
    "date": "14.06.01",
    "rating": "7",
    "author": "yhs4****",
    "review_id": "8785619",
    "movie_id": "43520"
  },
  {
    "review": "예전에 영화관서 봣을땐 나름 오싹하고 충격적이었는데 다운받아 다시보니 법정씬등 타장면이 2/3는 차지해서 지루한감이있는듯.. 에밀리양의 실제 이상의 연기에 이점수 드립니다.",
    "date": "14.05.29",
    "rating": "7",
    "author": "kkot****",
    "review_id": "8772808",
    "movie_id": "43520"
  },
  {
    "review": "결론 - 카톨릭은 구원의 길이 없다",
    "date": "14.05.16",
    "rating": "1",
    "author": "skaw****",
    "review_id": "8736547",
    "movie_id": "43520"
  },
  {
    "review": "1 2 3 4 5 6!!!!1 2 3 4 5 6!!!!",
    "date": "14.05.07",
    "rating": "10",
    "author": "mja7****",
    "review_id": "8714325",
    "movie_id": "43520"
  },
  {
    "review": "와우! ㅎㅎㅎ. 정말 재미있게 봤습니다!. '-' ㅎㅎㅎ",
    "date": "14.04.06",
    "rating": "9",
    "author": "seve****",
    "review_id": "8632878",
    "movie_id": "43520"
  },
  {
    "review": "점점 조여 오는 공포감 그리고 배우들의 연기력과 호흡 법정에서의 긴장감과 공포 영화속 긴장감을 동시에 느낄수있는 정말 좋은영화 강추해드립니다",
    "date": "14.03.16",
    "rating": "10",
    "author": "kyw7****",
    "review_id": "8580676",
    "movie_id": "43520"
  },
  {
    "review": "하나도무섭지않은최악의영화",
    "date": "14.02.22",
    "rating": "1",
    "author": "cc52****",
    "review_id": "8528144",
    "movie_id": "43520"
  },
  {
    "review": "실화가 아니였으면 욕먹을 스토리. 그러나 그럭저럭ㅍㅌㅊ",
    "date": "14.02.22",
    "rating": "8",
    "author": "www9****",
    "review_id": "8527152",
    "movie_id": "43520"
  },
  {
    "review": "적어도 현재 평점보단 높아야 하는 영화... 호러물과 법정물의 조화도 새롭고 무엇보다 연기란 이런 것이다 보고 싶으면 꼭 보시길....",
    "date": "14.02.07",
    "rating": "10",
    "author": "nobl****",
    "review_id": "8484242",
    "movie_id": "43520"
  },
  {
    "review": "약간 기독교에  편향된듯한 느낌이 아쉽다.  종교적인 부분은 논외로 연기와 연출은 매우 훌륭하다. 컨저링이나 포제션 같은 호러 영화가 아닌 법정 스릴러물로 평가 받아야 할 영화.",
    "date": "14.02.07",
    "rating": "8",
    "author": "xhak****",
    "review_id": "8483115",
    "movie_id": "43520"
  },
  {
    "review": "원작 울궈먹기에 머무르지 않고 메시지를 담았다.",
    "date": "14.02.06",
    "rating": "7",
    "author": "tear****",
    "review_id": "8480536",
    "movie_id": "43520"
  },
  {
    "review": "최고임. 다섯번은 본 듯.",
    "date": "14.02.02",
    "rating": "10",
    "author": "kdg1****",
    "review_id": "8468193",
    "movie_id": "43520"
  },
  {
    "review": "단순한 공포물이 아닌 다큐적 요소를 가미한 영화",
    "date": "14.01.31",
    "rating": "8",
    "author": "no13****",
    "review_id": "8452359",
    "movie_id": "43520"
  },
  {
    "review": "이게 어떻게 12세야 15세로정해야지",
    "date": "14.01.05",
    "rating": "10",
    "author": "kimt****",
    "review_id": "8351539",
    "movie_id": "43520"
  },
  {
    "review": "종교인이 아니기 때문에 뭐라 할말이 없네요..;;",
    "date": "13.11.21",
    "rating": "6",
    "author": "do11****",
    "review_id": "8158522",
    "movie_id": "43520"
  },
  {
    "review": "참신한 이야기 식상한 공포 눈에보이는 패턴",
    "date": "13.11.21",
    "rating": "6",
    "author": "ghzm****",
    "review_id": "8156667",
    "movie_id": "43520"
  },
  {
    "review": "제니퍼카펜터의 출연작이 뭐가 있나 싶어 찾아보다 우연히 발견했는데 의외로 재밌네요 ㅋ 막 무섭진 않지만 ㅋ 비가 추적추적.오는 날씨엔 짱 ㅋ",
    "date": "13.11.02",
    "rating": "7",
    "author": "skel****",
    "review_id": "8110181",
    "movie_id": "43520"
  },
  {
    "review": "생각하게 하는 영화...",
    "date": "13.11.02",
    "rating": "10",
    "author": "bora****",
    "review_id": "8108833",
    "movie_id": "43520"
  },
  {
    "review": "한번쯤 신의 존재를 심각하게 생각해보자",
    "date": "13.10.11",
    "rating": "10",
    "author": "yoob****",
    "review_id": "8054175",
    "movie_id": "43520"
  },
  {
    "review": "상당히 괜찮은 공포 영화임. 장면이나 소리로만 깜짝 놀래는게 아니고 은근히 무서움.",
    "date": "13.09.26",
    "rating": "10",
    "author": "rufo****",
    "review_id": "8017322",
    "movie_id": "43520"
  },
  {
    "review": "내가 여지껏 감상했던 엑소시즘 영화중 최고다!! 상당히 수준높은 수작이다. 물론 실화에 근거했기에이러한 진지한 엑소시즘 무비가 탄생했을 것이다. 쥔장도 이제 늙어 심신이 허약해져 고어나 공포 매니아임에도불구하고 엑소시즘 같은 오컬트 무비는 점점",
    "date": "13.09.17",
    "rating": "9",
    "author": "hoon****",
    "review_id": "7989638",
    "movie_id": "43520"
  },
  {
    "review": "종교적관점에서의 빙의현상과 과학적관점에서의 질병이 대립하여 긴장감을 주었고 후반부 무어신부가 증언하기 전까지 무슨일이있었을지 궁금증을 유발하고 스릴있게 잘 짜여진것같다.그리고 법정과 오컬트의 조합이 개인적으로 참신한것같다.",
    "date": "13.09.13",
    "rating": "8",
    "author": "kant****",
    "review_id": "7971810",
    "movie_id": "43520"
  },
  {
    "review": "그저 그런 엑소시즘 영화인줄 알고 봤다가 마지막 에밀리의 대사와 엔딩 크레딧에서 영혼이 정화되는 기분이 드는 영화. 흥미위주의 영화가 아닙니다. 훌륭하네요.",
    "date": "13.09.01",
    "rating": "9",
    "author": "mano****",
    "review_id": "7941031",
    "movie_id": "43520"
  },
  {
    "review": "괜찮은 편에 속한다 봄.",
    "date": "13.08.23",
    "rating": "7",
    "author": "dlwo****",
    "review_id": "7913951",
    "movie_id": "43520"
  },
  {
    "review": "정말 제대로된영화. 6개의 이름을 얘기할때는 나도모르게 소름이돋고 실화인걸알적엔 더욱더소름이돋앗다",
    "date": "13.08.15",
    "rating": "10",
    "author": "aazz****",
    "review_id": "7885849",
    "movie_id": "43520"
  },
  {
    "review": "탄탄한 스토리와 실감나는 연기력..모두가 알고있는 소재를 진부함없이 새로운 시각을 재시하였다",
    "date": "13.08.12",
    "rating": "10",
    "author": "amur****",
    "review_id": "7873070",
    "movie_id": "43520"
  },
  {
    "review": "엑소시스트에서 엑소시즘은 끝내버렸다......이 영화는 호러도 드라마도 미지근한 평작....",
    "date": "13.08.11",
    "rating": "6",
    "author": "kara****",
    "review_id": "7869987",
    "movie_id": "43520"
  },
  {
    "review": "공포영화를 보면서 두려웠던 적은 진짜  처음이다... 무서운걸 넘어 두려웠던 영화..",
    "date": "13.08.11",
    "rating": "10",
    "author": "kwak****",
    "review_id": "7867527",
    "movie_id": "43520"
  },
  {
    "review": "솔직히 다른 엑소시즘은 싸보이고 일시적인 공포만 남기고 교훈도 없는데 이건 진심 고퀄인듯 많은 것은 생각하게 해줌",
    "date": "13.08.09",
    "rating": "10",
    "author": "dale****",
    "review_id": "7863560",
    "movie_id": "43520"
  },
  {
    "review": "친구 추천으로 깡으로 밤에 봤는데 그 날 하루 잠을 못자고 새벽3시에 잠이 자꾸 깼던 영화.잔인하지도 않고 어떤 이야기일 지 아는데 음악하고 분위기가 아주......사운드하고 영상이 최고....",
    "date": "13.07.24",
    "rating": "10",
    "author": "mai7****",
    "review_id": "7779775",
    "movie_id": "43520"
  },
  {
    "review": "넌 누구냐?  하나. 둘.셋. 넷. 다섯. 여섯, 하나. 둘.셋. 넷. 다섯. 여섯, 하나. 둘.셋. 넷. 다섯. 여섯.",
    "date": "13.07.22",
    "rating": "8",
    "author": "emil****",
    "review_id": "7773250",
    "movie_id": "43520"
  },
  {
    "review": "10점도 모자르다 공포도 공포지만.. 일단 한번 보시길",
    "date": "13.07.20",
    "rating": "10",
    "author": "badu****",
    "review_id": "7768244",
    "movie_id": "43520"
  },
  {
    "review": "무섭고 흥미진진한 이야기. 모든 공포영화를 섭렵한 내게 이 영화는 내 인생 최고의 공포감을 안겨주었다. 성당 열심히 다녀야지.",
    "date": "13.07.18",
    "rating": "10",
    "author": "nost****",
    "review_id": "7757215",
    "movie_id": "43520"
  },
  {
    "review": "영화는 흥미로운데... 유죄판결을 받은걸 교묘하게 승리로 치장해놨네. 구속만 안됐을뿐이지, 실질적으로 유죄면 아무리 좋게봐도 결국에는 과실치사로 인한 살인으로 결론난건데 말이지.",
    "date": "13.07.13",
    "rating": "7",
    "author": "it56****",
    "review_id": "7736251",
    "movie_id": "43520"
  },
  {
    "review": "모두 다 뒤로하고, 제니퍼 카펜터가 영화 살렸다.",
    "date": "13.07.09",
    "rating": "10",
    "author": "beah****",
    "review_id": "7720618",
    "movie_id": "43520"
  },
  {
    "review": "굿!",
    "date": "13.07.08",
    "rating": "10",
    "author": "psgi****",
    "review_id": "7716974",
    "movie_id": "43520"
  },
  {
    "review": "공포부분은 무서웠는데  법원씬이라든지 조금...",
    "date": "13.07.07",
    "rating": "7",
    "author": "calm****",
    "review_id": "7712713",
    "movie_id": "43520"
  },
  {
    "review": "실화를 바탕으로 한거라 더 집중되고 잘 봤습니다.",
    "date": "13.07.06",
    "rating": "10",
    "author": "wkds****",
    "review_id": "7710607",
    "movie_id": "43520"
  },
  {
    "review": "엑소시트트1 이후 시리즈 중에서 가장 임팩트 있는 작품. 흔하디 흔한 관객놀래키기가 아닌 조여드는 공포를 간만에 선사 해준 작품. 중고딩딜 입맛엔 맞지않은 철저한 성인공포물",
    "date": "13.07.01",
    "rating": "10",
    "author": "mrya****",
    "review_id": "7695347",
    "movie_id": "43520"
  },
  {
    "review": "영화점수를매기세요. 기독교점수를여기다매기는사람들은 공과사도구분못합니까?",
    "date": "13.06.27",
    "rating": "10",
    "author": "song****",
    "review_id": "7682889",
    "movie_id": "43520"
  },
  {
    "review": "재미있는 공포영화! 공포는 적지만 재미는 확실했다. 법정스릴러가 가미되니 굉장히 흥미로웠다. 법을 알고 있다면 좀 더 여러방면에서 접근할 수 있는 영화가 될 수 있을것 같다. 최근에 1년 동안 본 공포 타이틀을 단 영화중에 수위권",
    "date": "13.06.13",
    "rating": "8",
    "author": "scs5****",
    "review_id": "7635236",
    "movie_id": "43520"
  },
  {
    "review": "요즘 보기드문 고급 공포영화. 깜놀 하게 하는 장면 거의 없음. 악마에 대한 묘사가 오바스럽지 않게 적당해서 효과적으로 살벌했던거 같다",
    "date": "13.06.10",
    "rating": "9",
    "author": "acho****",
    "review_id": "7624747",
    "movie_id": "43520"
  },
  {
    "review": "그저 그런 진부한 소재... 하지만 재미는 있다.",
    "date": "13.06.03",
    "rating": "7",
    "author": "biga****",
    "review_id": "7575499",
    "movie_id": "43520"
  },
  {
    "review": "법정물,엑소시즘 둘다 좋아하는 소재지만 인간적으로 이게 재밌냐? 차라리 십계를 보자.",
    "date": "13.06.02",
    "rating": "1",
    "author": "ssec****",
    "review_id": "7574167",
    "movie_id": "43520"
  },
  {
    "review": "어디서 지루했다는건지 도저히 이해가 되지않네요. 물론 사람마다 생각은 다르니깐...하지만, 지루하고 떠나서 여주인공의 연기력은 정말...여우주연상 감입니다.",
    "date": "13.05.19",
    "rating": "10",
    "author": "whgo****",
    "review_id": "7540931",
    "movie_id": "43520"
  },
  {
    "review": "정말 눈을못떼고봤네요신앙에대해깊이생각해보게되네요",
    "date": "13.04.26",
    "rating": "8",
    "author": "hoya****",
    "review_id": "7483554",
    "movie_id": "43520"
  },
  {
    "review": "존나 지루하다ㅡㅡ 불면증 있는사람들 자기전에 이 영화 추천함! 에라이 퉤",
    "date": "13.04.16",
    "rating": "1",
    "author": "dlad****",
    "review_id": "7462807",
    "movie_id": "43520"
  },
  {
    "review": "가장 어이없는게 저게 진실이라고 치면, 우리나라 무속인들은 뭐가되나? 아니 그럴걸 떠나서 기됵고관련영화들보면  왜 저렇게 베타적이지?",
    "date": "13.04.07",
    "rating": "1",
    "author": "lkhd****",
    "review_id": "7442210",
    "movie_id": "43520"
  },
  {
    "review": "OOO새끼들이 작품보는눈 존나게 없네여 쓰레기감독 놀란 다크나이트 인셉션같은 유딩영화는 구점대에 OO발광하는 것들 눈이 그렇치뭐",
    "date": "13.04.03",
    "rating": "10",
    "author": "high****",
    "review_id": "7432673",
    "movie_id": "43520"
  },
  {
    "review": "달나라가는 세상에 아직도 이런게 실화랍시고 나돌다니 한심하다ㅋㅋㅋ정신분석학이 발달한 마당에  병원치료는 무시하고, 엉뚱하게도 종교장사치에게 딸을 맡기다니 정말 개한심하다ㅋㅋㅋ",
    "date": "13.03.23",
    "rating": "1",
    "author": "goqk****",
    "review_id": "7402215",
    "movie_id": "43520"
  },
  {
    "review": "종교를 떠나 진지하게 받아들여야 할",
    "date": "13.03.23",
    "rating": "6",
    "author": "bbq2****",
    "review_id": "7400490",
    "movie_id": "43520"
  },
  {
    "review": "피튀기는 고어물을 좋아하는 호러매니아에겐 지루할 수도 있으나 은근히 소름끼치는  완성도 있는 오컬트 호러 무비. 법정 드라마 같은 진지한 컨셉으로 풀어나가는 방식도 개인적으로 재미가 더 있었음.",
    "date": "13.02.17",
    "rating": "8",
    "author": "whyf****",
    "review_id": "7274771",
    "movie_id": "43520"
  },
  {
    "review": "인간이 정말로 두려워하는 것은 악마가 아니다. 그것은 바로 가난한 늙은이가 되는 것이다.",
    "date": "13.02.15",
    "rating": "6",
    "author": "kos4****",
    "review_id": "7267064",
    "movie_id": "43520"
  },
  {
    "review": "오프닝. 철조망에 맺힌 핏방울이 모든것을 말해준다.",
    "date": "13.02.13",
    "rating": "10",
    "author": "ushe****",
    "review_id": "7258740",
    "movie_id": "43520"
  },
  {
    "review": "악마에 굴복하지 않고 끝까지 신앙을 지킨 에밀리로즈가 안쓰럽고 대단했다.",
    "date": "13.02.08",
    "rating": "10",
    "author": "vans****",
    "review_id": "7239986",
    "movie_id": "43520"
  },
  {
    "review": "개독때문에10점줌",
    "date": "13.01.28",
    "rating": "10",
    "author": "jsn0****",
    "review_id": "7186069",
    "movie_id": "43520"
  },
  {
    "review": "영화를 떠나서 에밀리 로즈양이 대단한것은 상급 마신에게 빙의가 된 상태에서도 의지를 굽히지 않고 영적 전쟁을 극복한것이다.애도를 표하며 또 한편으로는 인간의 선 의식으로써 마지막까지 신앙의 의지를 보여준 그녀에게 경의를 표한다.",
    "date": "13.01.22",
    "rating": "10",
    "author": "pjh8****",
    "review_id": "7142232",
    "movie_id": "43520"
  },
  {
    "review": "일단 흥미진진하다 이런류의 엑소시즘물 재밌게봤다",
    "date": "13.01.06",
    "rating": "9",
    "author": "rlaw****",
    "review_id": "7087748",
    "movie_id": "43520"
  },
  {
    "review": "좋은영화가 아닙니다. 하나님이 자신을 알리기 위해 사탄을 이용한다구요? 거짓말입니다 하나님은 그런분이 아니에요. 십자가와 복음이 능력입니다. 속지 마세요!",
    "date": "12.12.27",
    "rating": "1",
    "author": "mush****",
    "review_id": "7051887",
    "movie_id": "43520"
  },
  {
    "review": "흥미진진",
    "date": "12.12.21",
    "rating": "10",
    "author": "avri****",
    "review_id": "7027376",
    "movie_id": "43520"
  },
  {
    "review": "뎁볼려고 봤는데 많이 나오지 않아서 아쉽지만 재미있었다.",
    "date": "12.12.11",
    "rating": "8",
    "author": "rjsg****",
    "review_id": "6993661",
    "movie_id": "43520"
  },
  {
    "review": "학생때 보고 오지게 공포에 떨었던 영화.. 흥미로운영화였습니다",
    "date": "12.10.29",
    "rating": "7",
    "author": "sch9****",
    "review_id": "6833700",
    "movie_id": "43520"
  },
  {
    "review": "법정물을 별로 안 좋아해서... 근데 에밀리 이야기는 땀 흘리면서 봄 데브라 연기 짱!!",
    "date": "12.10.14",
    "rating": "7",
    "author": "ccc0****",
    "review_id": "6802060",
    "movie_id": "43520"
  },
  {
    "review": "공포영화의 탈을 쓴 법정 스릴러. 에릴리 로즈를 연기한 여배우가 진짜 대단함..  스토리 구성과 몰입도도 최고입니다. 우연히 봤는데 각종 시각효과와 비현실적인 장치로 치장한 여타 다른 호러물과는 달리 참잘만든 작품이라고 생각함.",
    "date": "12.10.06",
    "rating": "7",
    "author": "yols****",
    "review_id": "6768376",
    "movie_id": "43520"
  }
]