[
  {
    "review": "그래도 노래 하나는 건졌다",
    "date": "15.08.16",
    "rating": "10",
    "author": "urba****",
    "review_id": "10241210",
    "movie_id": "43537"
  },
  {
    "review": "예전에 우연히 영화채널에서 하길래 봤는데 볼만합니다.",
    "date": "15.08.07",
    "rating": "7",
    "author": "kimh****",
    "review_id": "10196775",
    "movie_id": "43537"
  },
  {
    "review": "기분나빠 좋은 이 기분은 뭐지",
    "date": "15.08.05",
    "rating": "8",
    "author": "eleg****",
    "review_id": "10190736",
    "movie_id": "43537"
  },
  {
    "review": "뛰어난 리얼리티, 흥미롭지 않은 이야기",
    "date": "15.07.27",
    "rating": "5",
    "author": "inos****",
    "review_id": "10149400",
    "movie_id": "43537"
  },
  {
    "review": "아따 사투리 함 마 시원하게 듣는다 지기네",
    "date": "15.07.25",
    "rating": "7",
    "author": "dela****",
    "review_id": "10139316",
    "movie_id": "43537"
  },
  {
    "review": "[ 스토리 7, 비주얼 7, 연출 6, 연기 8 ]　황정민의 연기는 일품이지만, 연출의 치밀함과 두 사람의 관계 설정이 좀 아쉽다.",
    "date": "15.07.15",
    "rating": "7",
    "author": "eyeb****",
    "review_id": "10106918",
    "movie_id": "43537"
  },
  {
    "review": "이만한 대한민국 느와르가 어딨노  평점 너무 낮다 이기",
    "date": "15.07.14",
    "rating": "10",
    "author": "bang****",
    "review_id": "10103080",
    "movie_id": "43537"
  },
  {
    "review": "추자현 마약중독연기에 10점",
    "date": "15.07.13",
    "rating": "10",
    "author": "bin9****",
    "review_id": "10099374",
    "movie_id": "43537"
  },
  {
    "review": "진한 몰입감을 가진 영화.",
    "date": "15.06.13",
    "rating": "9",
    "author": "dlwo****",
    "review_id": "9997290",
    "movie_id": "43537"
  },
  {
    "review": "경찰이 무슨 깡패집단도 아니고... 사투리 때문에 발음도 계속 뭉개지고 당췌 집중을 할 수가 없음",
    "date": "15.06.13",
    "rating": "5",
    "author": "cnrr****",
    "review_id": "9997245",
    "movie_id": "43537"
  },
  {
    "review": "굴레를 벗어나지 못하고 발버둥 치던 사람들의 참혹한 이야기.",
    "date": "15.06.12",
    "rating": "10",
    "author": "qlgi****",
    "review_id": "9992939",
    "movie_id": "43537"
  },
  {
    "review": "기분나쁘지만 기억에 남는 느와르",
    "date": "15.05.31",
    "rating": "10",
    "author": "blue****",
    "review_id": "9966034",
    "movie_id": "43537"
  },
  {
    "review": "날것그대로의 살아있는 느와르",
    "date": "15.04.13",
    "rating": "10",
    "author": "scly****",
    "review_id": "9844560",
    "movie_id": "43537"
  },
  {
    "review": "한국판 브레이킹 배드여ㅋ",
    "date": "15.02.14",
    "rating": "10",
    "author": "rlae****",
    "review_id": "9695628",
    "movie_id": "43537"
  },
  {
    "review": "배우들의 연기력은 흠이 없었지만 영화 자체는 뒤죽박죽..",
    "date": "15.02.04",
    "rating": "3",
    "author": "hyh7****",
    "review_id": "9666792",
    "movie_id": "43537"
  },
  {
    "review": "나쁜놈과 나쁜놈과 나쁜놈의 조화를 잘 어울려낸듯",
    "date": "15.01.31",
    "rating": "10",
    "author": "miso****",
    "review_id": "9655244",
    "movie_id": "43537"
  },
  {
    "review": "흠 잡을게 없는 영화죠....",
    "date": "15.01.23",
    "rating": "10",
    "author": "jihy****",
    "review_id": "9627152",
    "movie_id": "43537"
  },
  {
    "review": "겉도는 약육강식의 세계",
    "date": "15.01.10",
    "rating": "6",
    "author": "rcan****",
    "review_id": "9578731",
    "movie_id": "43537"
  },
  {
    "review": "사생결단 이 영화 안에서 류승범, 황정민 연기력은 진짜...쩌는듯 특히 추자현에 연기력도 최고인듯... 진짜 뽕한거 같아ㅋ",
    "date": "14.12.25",
    "rating": "9",
    "author": "youn****",
    "review_id": "9512327",
    "movie_id": "43537"
  },
  {
    "review": "쌈마이 냄새 물씬 나는 전통 삼류인생 느와르~~이런 영화 진짜 잘빠졌다~갠적으로 부당거래보다 더 재밌는영화~",
    "date": "14.12.23",
    "rating": "10",
    "author": "kmjj****",
    "review_id": "9503429",
    "movie_id": "43537"
  },
  {
    "review": "리얼리티면에서 몰입도 가히 최고!",
    "date": "14.11.25",
    "rating": "10",
    "author": "djpo****",
    "review_id": "9420950",
    "movie_id": "43537"
  },
  {
    "review": "그냥 그저그런,, 한번 더 보면 나을라나,,",
    "date": "14.11.11",
    "rating": "6",
    "author": "fghy****",
    "review_id": "9369491",
    "movie_id": "43537"
  },
  {
    "review": "저평가된 수작. 시나리오, 두 배우의 연기대결 모두 좋다",
    "date": "14.11.02",
    "rating": "9",
    "author": "yaso****",
    "review_id": "9336102",
    "movie_id": "43537"
  },
  {
    "review": "재밌다 처절하고 슬픈 개미들의 이야기..황정민과 류승범을 조합하면 뭐든지 무난하게는 나오는구나",
    "date": "14.09.20",
    "rating": "10",
    "author": "cain****",
    "review_id": "9230098",
    "movie_id": "43537"
  },
  {
    "review": "두명의 남자와 추자현의 연기력",
    "date": "14.09.11",
    "rating": "7",
    "author": "doo3****",
    "review_id": "9205711",
    "movie_id": "43537"
  },
  {
    "review": "최소 8은 받아야할 영화 분위기가 진짜 굿",
    "date": "14.09.03",
    "rating": "10",
    "author": "simp****",
    "review_id": "9158746",
    "movie_id": "43537"
  },
  {
    "review": "7점대 영화는 아닌데... 류승범  어설픈 부산말 좀 아쉽고 영화는 재밌다",
    "date": "14.08.28",
    "rating": "9",
    "author": "liqu****",
    "review_id": "9141732",
    "movie_id": "43537"
  },
  {
    "review": "참나 다들 영화 진짜 볼줄 모르네..",
    "date": "14.08.10",
    "rating": "10",
    "author": "manj****",
    "review_id": "9059843",
    "movie_id": "43537"
  },
  {
    "review": "둘다 내가 좋아하는 배우인데 영화가 딱히 매력이 없다",
    "date": "14.07.26",
    "rating": "6",
    "author": "whia****",
    "review_id": "8961627",
    "movie_id": "43537"
  },
  {
    "review": "마약 처럼 빠져드는 영화",
    "date": "14.07.11",
    "rating": "9",
    "author": "cher****",
    "review_id": "8905366",
    "movie_id": "43537"
  },
  {
    "review": "실감나는 연기는 좋지만, 과장된 설정을 좀 덜어내고 몇몇 연출의 치밀함을 더했더라면..",
    "date": "14.06.16",
    "rating": "6",
    "author": "trac****",
    "review_id": "8835782",
    "movie_id": "43537"
  },
  {
    "review": "tv 전기세가 무지하게 아까웠다!!!",
    "date": "14.06.08",
    "rating": "1",
    "author": "ske4****",
    "review_id": "8812310",
    "movie_id": "43537"
  },
  {
    "review": "나름 볼만한 영화. 주인공이 죽어서 아쉽네",
    "date": "14.06.01",
    "rating": "7",
    "author": "rudg****",
    "review_id": "8785830",
    "movie_id": "43537"
  },
  {
    "review": "황정민 오빠 진심으로 좋아해요 언젠가 꼭 찾아갈께요  싸인이랑 사진 찍어주세요 제발",
    "date": "14.05.30",
    "rating": "10",
    "author": "lwbd****",
    "review_id": "8776325",
    "movie_id": "43537"
  },
  {
    "review": "재밌는데 ㄷㄷ....  굿",
    "date": "14.03.26",
    "rating": "10",
    "author": "ahss****",
    "review_id": "8608055",
    "movie_id": "43537"
  },
  {
    "review": "황정민, 정우, 온주완, 양기원 제외 경상도 사투리를 제대로 구사하지 못하는 몇몇 배우들의 연기가 다소 몰입을 심하게 방해함. 결말이 깔끔하지 못하게 질질 끔.",
    "date": "14.03.23",
    "rating": "6",
    "author": "jjaj****",
    "review_id": "8598945",
    "movie_id": "43537"
  },
  {
    "review": "오락용으로 적당한 느와르물",
    "date": "14.02.27",
    "rating": "7",
    "author": "adiv****",
    "review_id": "8543791",
    "movie_id": "43537"
  },
  {
    "review": "초중반 천천히가다 말미에 확터지는데 정작 기억에 남는건 마약사건보다 류승범의 캐릭터",
    "date": "14.02.27",
    "rating": "8",
    "author": "myjs****",
    "review_id": "8540945",
    "movie_id": "43537"
  },
  {
    "review": "막장의막장...이지만 현실",
    "date": "14.01.30",
    "rating": "7",
    "author": "shss****",
    "review_id": "8450484",
    "movie_id": "43537"
  },
  {
    "review": "so so 황정민 류승범연기력은 good",
    "date": "14.01.29",
    "rating": "6",
    "author": "poin****",
    "review_id": "8446072",
    "movie_id": "43537"
  },
  {
    "review": "내용이 진지하고 심각성의 내용이라 재미있썼다고 하긴 머하지만 몰입도가무지 좋았써묘연기력 은 와...노출신이 너무 심각 한장면 들이라  야하다 머 그런생각 보단 머라고 해야할지....아무튼 추천할만한 영화 였어요",
    "date": "14.01.15",
    "rating": "10",
    "author": "eotm****",
    "review_id": "8385689",
    "movie_id": "43537"
  },
  {
    "review": "3.1 (10자 제한)",
    "date": "14.01.12",
    "rating": "3",
    "author": "one5****",
    "review_id": "8373962",
    "movie_id": "43537"
  },
  {
    "review": "참 징글징글한 느와르!! 류승범씨와 황정민씨의 완벽한연기 앙상블!!",
    "date": "13.12.29",
    "rating": "10",
    "author": "dark****",
    "review_id": "8319844",
    "movie_id": "43537"
  },
  {
    "review": "어둡다. 더럽다. 역겹다. 정말 심각할 정도로. 그러나, 그래서, 명작이 될 수 있었고 하나의 장르와 색을 만들어냈다. 신세계에서의 황정민은 여기서 시작됬다고 생각한다",
    "date": "13.12.28",
    "rating": "9",
    "author": "asdx****",
    "review_id": "8316918",
    "movie_id": "43537"
  },
  {
    "review": "연기는 좋았는데 뭔가 아쉽네",
    "date": "13.12.27",
    "rating": "8",
    "author": "stj1****",
    "review_id": "8309968",
    "movie_id": "43537"
  },
  {
    "review": "내인생에서의 한국영화중 최고였다.",
    "date": "13.12.09",
    "rating": "10",
    "author": "hyuo****",
    "review_id": "8202690",
    "movie_id": "43537"
  },
  {
    "review": "뭔가 2프로 아쉽지만 그래도 믿고보는 류승범 황정민!",
    "date": "13.12.03",
    "rating": "7",
    "author": "bear****",
    "review_id": "8188394",
    "movie_id": "43537"
  },
  {
    "review": "감독에 의해 휘둘린 오버 연기 대결",
    "date": "13.10.14",
    "rating": "3",
    "author": "biga****",
    "review_id": "8059910",
    "movie_id": "43537"
  },
  {
    "review": "황정민 류승범 믿고보는 투톱",
    "date": "13.10.13",
    "rating": "10",
    "author": "hong****",
    "review_id": "8057500",
    "movie_id": "43537"
  },
  {
    "review": "비리비리... 죄다 비리... 실망스러운 결말...",
    "date": "13.10.13",
    "rating": "6",
    "author": "ryuc****",
    "review_id": "8057185",
    "movie_id": "43537"
  },
  {
    "review": "경치 죽이네~ 그자..",
    "date": "13.10.12",
    "rating": "10",
    "author": "gold****",
    "review_id": "8055584",
    "movie_id": "43537"
  },
  {
    "review": "오랜만에 다시 한번 봤는데 예전에 처음 봤을때보다 더 뜻깊게 본것같다.류승범 황정민이 만들어내는 호흡도 최고조였고 현실적인것처럼 잘 꾸려나갔다",
    "date": "13.10.09",
    "rating": "10",
    "author": "dkdl****",
    "review_id": "8046936",
    "movie_id": "43537"
  },
  {
    "review": "류승범, 황정민이 만들어내는 기가막힌 앙상블.",
    "date": "13.10.07",
    "rating": "7",
    "author": "ogr5****",
    "review_id": "8043027",
    "movie_id": "43537"
  },
  {
    "review": "무슨 80년대 영화를 보는듯한 촬영기법과 주인공들을 제외한 거의 모든 배우들의 발연기 특히 원로배우인 김희라씨 발음이 외국인 수준이다저 두 배우를 데려다 이따위밖에 못만드는 감독이라니",
    "date": "13.09.30",
    "rating": "5",
    "author": "gras****",
    "review_id": "8023628",
    "movie_id": "43537"
  },
  {
    "review": "중간에 몇몇 상황이 극단적으로 치닫는 감이 없잖지만, 둘의 관계성은 현실적이었고 냉정했다. 서로서로 등쳐먹고 이리 얽히고 저리 얽혀도, 감정적으로 과잉되지 않고 잃어도 조금의 아쉬움만 남는 관계가 아주 좋았다.",
    "date": "13.09.08",
    "rating": "8",
    "author": "food****",
    "review_id": "7957742",
    "movie_id": "43537"
  },
  {
    "review": "이런게 진짜 사나이 영화 아닌가? 너무나 현실적인 너무나 매력적인 영화",
    "date": "13.09.05",
    "rating": "10",
    "author": "hamj****",
    "review_id": "7950591",
    "movie_id": "43537"
  },
  {
    "review": "과하게 넘치는 듯 하나 부족한, 목마르게 만드는",
    "date": "13.07.27",
    "rating": "5",
    "author": "tnis****",
    "review_id": "7791546",
    "movie_id": "43537"
  },
  {
    "review": "마지막 10분 최고다",
    "date": "13.07.18",
    "rating": "8",
    "author": "bhi0****",
    "review_id": "7755393",
    "movie_id": "43537"
  },
  {
    "review": "하! 배우만 남아있구만!",
    "date": "13.07.07",
    "rating": "7",
    "author": "haju****",
    "review_id": "7715970",
    "movie_id": "43537"
  },
  {
    "review": "사건과 사건의 개연성이 약간 부족했지만 전체적인 틀에서 벗어나지않고 캐릭터 특징을 잘 살린 류승범과 황정민.",
    "date": "13.07.03",
    "rating": "8",
    "author": "wlfa****",
    "review_id": "7700172",
    "movie_id": "43537"
  },
  {
    "review": "마지막에 황정민의 \"인자 대가리 돌아가네 장사꾼! 반갑다 상도야\"란 대사를 잊을 수가 없다...",
    "date": "13.06.23",
    "rating": "9",
    "author": "andr****",
    "review_id": "7673991",
    "movie_id": "43537"
  },
  {
    "review": "어색한 사투리와 개연성 없는 스토리 전개.....재미없음....",
    "date": "13.05.31",
    "rating": "1",
    "author": "sens****",
    "review_id": "7566772",
    "movie_id": "43537"
  },
  {
    "review": "고고70에서 거슬러 오니 사생결단까지...최호라는 감독의 이름을 기억해 둬야 할 듯...그런데 최근작이 없네...ㅠㅠ...황정민과 류승범 최고의 전성기를 제대로 표현한 영화",
    "date": "13.05.19",
    "rating": "8",
    "author": "lees****",
    "review_id": "7541367",
    "movie_id": "43537"
  },
  {
    "review": "호ㅓㅇ정민!!!!",
    "date": "13.05.15",
    "rating": "10",
    "author": "pyjp****",
    "review_id": "7530060",
    "movie_id": "43537"
  },
  {
    "review": "한 번 볼 땐 별로였는데 두번째 보니까 재밌었다. 8점대는 되는 듯.",
    "date": "13.05.12",
    "rating": "9",
    "author": "floo****",
    "review_id": "7522903",
    "movie_id": "43537"
  },
  {
    "review": "킬링타임용 그이상도 그이하도 아님...김희라씨의 어색한 경상도 사투리..황정민의 어색한 비속어들..배우들 캐스팅이 별로임",
    "date": "13.05.09",
    "rating": "5",
    "author": "thra****",
    "review_id": "7516746",
    "movie_id": "43537"
  },
  {
    "review": "숨은 진주",
    "date": "13.05.08",
    "rating": "10",
    "author": "lees****",
    "review_id": "7515746",
    "movie_id": "43537"
  },
  {
    "review": "박진감 넘치는 전개가 흥미를 유지하는군",
    "date": "13.04.24",
    "rating": "7",
    "author": "guev****",
    "review_id": "7478158",
    "movie_id": "43537"
  },
  {
    "review": "굳",
    "date": "13.04.02",
    "rating": "10",
    "author": "kbn1****",
    "review_id": "7430798",
    "movie_id": "43537"
  },
  {
    "review": "믿을놈없다.. 진짜로",
    "date": "13.04.01",
    "rating": "7",
    "author": "xx41****",
    "review_id": "7428572",
    "movie_id": "43537"
  },
  {
    "review": "2006.10.26_ 마약 거물 장철을 잡으려고 용만 쓰는 야비한 도경장(황정민) 이용만 당하고 그래도 살려고 발버둥치는마약 중간책 이상도(류승범) 서로 욕만하다 죽고, 죽이고.윌-손절/안-9올빵=물려쩜하[추락하거나 혹은 탈출하거나]꽃게 등딱지^-^o",
    "date": "13.03.14",
    "rating": "5",
    "author": "beat****",
    "review_id": "7347766",
    "movie_id": "43537"
  },
  {
    "review": "한국의 느와르 계보를 잇는 훌륭한 작품.황정민의 소름돋는 연기는 역시 피비린내 나는 곳에서 더욱 빛난다.",
    "date": "13.03.03",
    "rating": "10",
    "author": "ujum****",
    "review_id": "7320351",
    "movie_id": "43537"
  },
  {
    "review": "느와르지 이런게",
    "date": "13.02.28",
    "rating": "9",
    "author": "gudu****",
    "review_id": "7308441",
    "movie_id": "43537"
  },
  {
    "review": "완전 리얼 그자체 최고의 영화!",
    "date": "13.02.27",
    "rating": "10",
    "author": "njha****",
    "review_id": "7306694",
    "movie_id": "43537"
  },
  {
    "review": "이때의 류승범은 믿고 봤었는데..",
    "date": "13.02.24",
    "rating": "9",
    "author": "chic****",
    "review_id": "7297898",
    "movie_id": "43537"
  },
  {
    "review": "그럭저럭.",
    "date": "13.02.06",
    "rating": "6",
    "author": "ligh****",
    "review_id": "7230965",
    "movie_id": "43537"
  },
  {
    "review": "물만난 고기들",
    "date": "13.02.04",
    "rating": "7",
    "author": "kdju****",
    "review_id": "7224518",
    "movie_id": "43537"
  },
  {
    "review": "ㅋ",
    "date": "13.02.03",
    "rating": "10",
    "author": "rhfu****",
    "review_id": "7218906",
    "movie_id": "43537"
  },
  {
    "review": "재밋네",
    "date": "13.01.23",
    "rating": "10",
    "author": "kth0****",
    "review_id": "7157640",
    "movie_id": "43537"
  },
  {
    "review": "긴말 필요없고 그냥 딱 5~6점 정도.",
    "date": "12.12.30",
    "rating": "6",
    "author": "mojo****",
    "review_id": "7064996",
    "movie_id": "43537"
  },
  {
    "review": "볼만함.ㅎㅎㅎ",
    "date": "12.12.28",
    "rating": "10",
    "author": "hiph****",
    "review_id": "7056648",
    "movie_id": "43537"
  },
  {
    "review": "재밌구마이 마 쌀아있네",
    "date": "12.12.23",
    "rating": "10",
    "author": "tim9****",
    "review_id": "7034396",
    "movie_id": "43537"
  },
  {
    "review": "재밌던데..배우들연기력최고",
    "date": "12.11.23",
    "rating": "10",
    "author": "kang****",
    "review_id": "6915518",
    "movie_id": "43537"
  },
  {
    "review": "그냥 그저 그런~ 나쁘진 않은 정도...",
    "date": "12.11.16",
    "rating": "6",
    "author": "sute****",
    "review_id": "6892790",
    "movie_id": "43537"
  },
  {
    "review": "연기도 좋고 재밌네..",
    "date": "12.10.15",
    "rating": "9",
    "author": "chun****",
    "review_id": "6803488",
    "movie_id": "43537"
  },
  {
    "review": "내가 본  부산배경 영화중에서 가장  리얼한 영화.",
    "date": "12.09.07",
    "rating": "10",
    "author": "lgj1****",
    "review_id": "6674988",
    "movie_id": "43537"
  },
  {
    "review": "이런 영화가 어떻게 7점이지..;; 이해가 안가네.. 최고였다.",
    "date": "12.09.06",
    "rating": "10",
    "author": "psw5****",
    "review_id": "6672607",
    "movie_id": "43537"
  },
  {
    "review": "이게 7.36밖에? 진짜집중하고본영화인데 긴장감최고",
    "date": "12.08.15",
    "rating": "9",
    "author": "ardo****",
    "review_id": "6609002",
    "movie_id": "43537"
  },
  {
    "review": "영화 잘만 만들었구만 별 쥐럴들이네 -_-",
    "date": "12.07.23",
    "rating": "9",
    "author": "shad****",
    "review_id": "6517560",
    "movie_id": "43537"
  },
  {
    "review": "생각보다 시나리오가 별로였다. 두 배우의 연기는 말할필요가 없었지만서도 아쉽네.",
    "date": "12.07.11",
    "rating": "6",
    "author": "ksoo****",
    "review_id": "6468885",
    "movie_id": "43537"
  },
  {
    "review": "Very good!",
    "date": "12.06.11",
    "rating": "9",
    "author": "nost****",
    "review_id": "6384512",
    "movie_id": "43537"
  },
  {
    "review": "나쁜놈들 전성시대",
    "date": "12.05.15",
    "rating": "7",
    "author": "kch_****",
    "review_id": "6300180",
    "movie_id": "43537"
  },
  {
    "review": "정우ㅋ",
    "date": "12.05.14",
    "rating": "10",
    "author": "ange****",
    "review_id": "6297957",
    "movie_id": "43537"
  },
  {
    "review": "연기 최고",
    "date": "12.04.28",
    "rating": "8",
    "author": "iees****",
    "review_id": "6252605",
    "movie_id": "43537"
  },
  {
    "review": "더럽고 칙칙하다 하지만",
    "date": "12.04.21",
    "rating": "8",
    "author": "baur****",
    "review_id": "6237510",
    "movie_id": "43537"
  },
  {
    "review": "연기 굿",
    "date": "12.03.28",
    "rating": "9",
    "author": "scho****",
    "review_id": "6175712",
    "movie_id": "43537"
  },
  {
    "review": "김희라 이도경씨등 조연들의 연기도 쩜",
    "date": "12.03.11",
    "rating": "10",
    "author": "kdj1****",
    "review_id": "6137253",
    "movie_id": "43537"
  },
  {
    "review": "참 더럽게 느껴지는 국산느와르",
    "date": "12.02.29",
    "rating": "8",
    "author": "kale****",
    "review_id": "6112361",
    "movie_id": "43537"
  },
  {
    "review": "황정민,류승범 연기로 모든걸 다커버하네",
    "date": "12.02.18",
    "rating": "10",
    "author": "spqd****",
    "review_id": "6085971",
    "movie_id": "43537"
  },
  {
    "review": "두배우가 만났을때의 시너지효과",
    "date": "12.02.09",
    "rating": "7",
    "author": "ysjh****",
    "review_id": "6063041",
    "movie_id": "43537"
  }
]