[
  {
    "review": "재밌습니다. 야합니다.",
    "date": "15.08.27",
    "rating": "10",
    "author": "iori****",
    "review_id": "10277835",
    "movie_id": "43547"
  },
  {
    "review": "상영 시간 1시간만 줄였어도 7점은 줬을 거 같다. 드라마 2편 이어 붙인 느낌. 너무 느린 호흡. 소재는 신선하나, 풀어가는 방식이 너무 루즈했다.",
    "date": "15.08.05",
    "rating": "3",
    "author": "park****",
    "review_id": "10187280",
    "movie_id": "43547"
  },
  {
    "review": "평점이 왜이럼 참 고운 영화라고 생각하는데",
    "date": "15.07.20",
    "rating": "9",
    "author": "leez****",
    "review_id": "10122490",
    "movie_id": "43547"
  },
  {
    "review": "레전드급 배우와 레전드급 대사..김대우 그가 있어 기쁘다. 다만 다음부터는 노출연기 꺼리는 배우는 배제하자.",
    "date": "15.05.23",
    "rating": "10",
    "author": "tend****",
    "review_id": "9941596",
    "movie_id": "43547"
  },
  {
    "review": "방금 정말 재미있게봤는데 평점왜이렇게낮은거지? 진짜이해안됨 음란이란 단어때문에 노골적으로 야한것만을기대한건가? 제목도 정말잘자은영화라고 생각드는데 마지막에 왕비의 사랑을얻지못한 왕이 우는모습을보며 감탄함 스토리도 쟁쟁하니 잘만든영환데!",
    "date": "15.05.05",
    "rating": "10",
    "author": "0102****",
    "review_id": "9895382",
    "movie_id": "43547"
  },
  {
    "review": "이게 8~9점 영화 아니면 어떤영화가 잇겟는가",
    "date": "15.05.05",
    "rating": "10",
    "author": "zuyu****",
    "review_id": "9894977",
    "movie_id": "43547"
  },
  {
    "review": "발칙하고 유쾌한 조선시대의 에로 역사",
    "date": "15.05.02",
    "rating": "6",
    "author": "syoc****",
    "review_id": "9886494",
    "movie_id": "43547"
  },
  {
    "review": "정말 잘만든 영화. 야한 걸 생각하지 말고 영화의 완성도를 보라.",
    "date": "15.03.12",
    "rating": "10",
    "author": "sub8****",
    "review_id": "9775826",
    "movie_id": "43547"
  },
  {
    "review": "뭐, 나쁘지 않다. 근데...",
    "date": "15.03.06",
    "rating": "6",
    "author": "toto****",
    "review_id": "9760696",
    "movie_id": "43547"
  },
  {
    "review": "하..이런 웰메이드가 이런 평가를 받다니...",
    "date": "15.02.14",
    "rating": "10",
    "author": "coet****",
    "review_id": "9694504",
    "movie_id": "43547"
  },
  {
    "review": "캬...  이 영화가 왜 이리 평점이 낮은지 알 수가 없구만~",
    "date": "15.02.05",
    "rating": "9",
    "author": "newl****",
    "review_id": "9667556",
    "movie_id": "43547"
  },
  {
    "review": "현대에서는 음란하지 않은 음란서생",
    "date": "15.02.03",
    "rating": "10",
    "author": "hola****",
    "review_id": "9662541",
    "movie_id": "43547"
  },
  {
    "review": "인간중독보다 훨씬 진맛을 느낄 수 있는 영화.",
    "date": "15.01.12",
    "rating": "10",
    "author": "paus****",
    "review_id": "9586366",
    "movie_id": "43547"
  },
  {
    "review": "10년후 다시봤는데 이렇게 재밌을수가!!!",
    "date": "15.01.07",
    "rating": "10",
    "author": "camb****",
    "review_id": "9569955",
    "movie_id": "43547"
  },
  {
    "review": "생각보다 괜찮았음..",
    "date": "14.12.21",
    "rating": "9",
    "author": "pong****",
    "review_id": "9497100",
    "movie_id": "43547"
  },
  {
    "review": "전체적인 이야기의 굴곡이 난잡하다.",
    "date": "14.12.18",
    "rating": "6",
    "author": "kkkl****",
    "review_id": "9487298",
    "movie_id": "43547"
  },
  {
    "review": "평점 올리러옴 이제야 봤다는게 아쉬움 개봉시에는 광고보고 마냥 야한영화인가 했는데 다른분들말따라 명작",
    "date": "14.12.10",
    "rating": "10",
    "author": "wind****",
    "review_id": "9462162",
    "movie_id": "43547"
  },
  {
    "review": "겉도는 장르들의 난잡한 퓨전",
    "date": "14.11.13",
    "rating": "1",
    "author": "goms****",
    "review_id": "9377659",
    "movie_id": "43547"
  },
  {
    "review": "평점이 낮은이유를  모르겠네당연히 적어도8점후반은될거라 생각했는데. .",
    "date": "14.10.30",
    "rating": "10",
    "author": "doff****",
    "review_id": "9328219",
    "movie_id": "43547"
  },
  {
    "review": "잘못된 광고가 묻어버린 수작.",
    "date": "14.10.20",
    "rating": "10",
    "author": "lsbe****",
    "review_id": "9303698",
    "movie_id": "43547"
  },
  {
    "review": "생각보다 진지했고 여운이 남는 영화",
    "date": "14.10.06",
    "rating": "9",
    "author": "minn****",
    "review_id": "9270732",
    "movie_id": "43547"
  },
  {
    "review": "오랜만에 케이블 tv를 통해 다시보게 된 몇 안되는 재탕.뛰어난 영상미와 BGM 그리고 감독의 연출력.진지함속에 묻어나오는 해학적표현은 가히 일품.비빔밥처럼 균형이 잘 잡힌 꽤 괜찮은 영화.한국영화 중  손꼽을 수 있는  수작.",
    "date": "14.10.03",
    "rating": "10",
    "author": "hoju****",
    "review_id": "9256925",
    "movie_id": "43547"
  },
  {
    "review": "굉장한 수작이라 생각함. 특히 화면구도, 화면색감이 너무 좋음, 게다가 유머러스하고 지루하지 않은 전개...배우들의 연기도 좋음",
    "date": "14.10.03",
    "rating": "9",
    "author": "yise****",
    "review_id": "9256685",
    "movie_id": "43547"
  },
  {
    "review": "좋은 영화입니다^^*",
    "date": "14.09.13",
    "rating": "10",
    "author": "mari****",
    "review_id": "9211680",
    "movie_id": "43547"
  },
  {
    "review": "약간 정신사나운거 말고는 소재도 신선하고, 영상미도 뛰어나고 괜찮은 영화다.",
    "date": "14.09.01",
    "rating": "8",
    "author": "toto****",
    "review_id": "9152617",
    "movie_id": "43547"
  },
  {
    "review": "캐아블에서 우연히 봄 감동적이엇음 감민정 너무이쁨",
    "date": "14.08.29",
    "rating": "10",
    "author": "okat****",
    "review_id": "9143599",
    "movie_id": "43547"
  },
  {
    "review": "한석규아저씨는 나이가 들어도 참 멋있네요.",
    "date": "14.08.03",
    "rating": "10",
    "author": "keh2****",
    "review_id": "9017072",
    "movie_id": "43547"
  },
  {
    "review": "이렇게 답 없는 네러티브라니.",
    "date": "14.07.15",
    "rating": "4",
    "author": "tear****",
    "review_id": "8919168",
    "movie_id": "43547"
  },
  {
    "review": "비정하고 애절한 궁중 로맨스 사극의 수작. 전혀 음란하지 않으니 그런 쪽을 기대한다면 안보는 것이 좋다.",
    "date": "14.07.12",
    "rating": "8",
    "author": "sipj****",
    "review_id": "8908243",
    "movie_id": "43547"
  },
  {
    "review": "제목을 잘못지어서 초딩은 화났고 나는 너무 늦게봤다",
    "date": "14.07.06",
    "rating": "10",
    "author": "yeie****",
    "review_id": "8888431",
    "movie_id": "43547"
  },
  {
    "review": "코미디로 갈껀지 사극 로맨스로 갈껀지 한가지로 갔으면 나름 흥행했을 것 같은데.. 개그 소재로 시작해서 사극 로맨스로 가니, 코미디를 기대하고 갔던 사람들에게 실망만을 안겨주는 영화",
    "date": "14.06.30",
    "rating": "4",
    "author": "crow****",
    "review_id": "8871287",
    "movie_id": "43547"
  },
  {
    "review": "괜찮았다. 평점 너무 낮네",
    "date": "14.06.26",
    "rating": "10",
    "author": "sbk8****",
    "review_id": "8856157",
    "movie_id": "43547"
  },
  {
    "review": "결말이 쪼금 아쉽지만, 이야기를 풀어내는 힘과 재치, 소재가 좋다!!",
    "date": "14.06.16",
    "rating": "8",
    "author": "dbfk****",
    "review_id": "8835150",
    "movie_id": "43547"
  },
  {
    "review": "지금보았다는것이 후회됨. 분명한것은 이영화는 결코 음란한 영화가 아님. 야시시한 것을 원하고 본다면 맞지않음 야시시한 영화가 아님.  볼까말까 고민한다면  볼만한 영화임",
    "date": "14.06.07",
    "rating": "8",
    "author": "jeda****",
    "review_id": "8806059",
    "movie_id": "43547"
  },
  {
    "review": "영상미도 있고 대사하나하나가 재있었던것 같다.작품성이 있네요. 진짜.",
    "date": "14.06.03",
    "rating": "10",
    "author": "syha****",
    "review_id": "8791554",
    "movie_id": "43547"
  },
  {
    "review": "영상미만 좀 괜찮다는것 뿐",
    "date": "14.05.31",
    "rating": "5",
    "author": "ari1****",
    "review_id": "8779502",
    "movie_id": "43547"
  },
  {
    "review": "스무살때 봤던 영화인데 지금 다시보면 어떨지 모르겠지만 그땐 너무 재미없어서 돈아깝고 잤던 기억 밖에...",
    "date": "14.05.20",
    "rating": "1",
    "author": "love****",
    "review_id": "8748717",
    "movie_id": "43547"
  },
  {
    "review": "김대우 감독 최고의 애절함.",
    "date": "14.05.19",
    "rating": "10",
    "author": "taes****",
    "review_id": "8746516",
    "movie_id": "43547"
  },
  {
    "review": "이런 명작이 7점도 안되다니.. 평점 올리러 왔음.",
    "date": "14.05.15",
    "rating": "10",
    "author": "kshs****",
    "review_id": "8734130",
    "movie_id": "43547"
  },
  {
    "review": "너무 아름다워 눈물이 남",
    "date": "14.05.10",
    "rating": "10",
    "author": "eiji****",
    "review_id": "8720091",
    "movie_id": "43547"
  },
  {
    "review": "보기드물게 해학이라할 유머와 야함과 사랑에 대해서 잘풀어낸 밸런스가 참 좋은 영화인데.. 개연성이 없다는 분들은 시간지나서 다시보세요. 아는만큼 보입니다.",
    "date": "14.05.10",
    "rating": "10",
    "author": "lama****",
    "review_id": "8719414",
    "movie_id": "43547"
  },
  {
    "review": "스캔들:조선남여상열지사-와 비교해 음란서생은 좀더 노골적이고 야하며 코미디에 중점을 둔 대신 여운이나 감동은 못 미친다",
    "date": "14.05.06",
    "rating": "7",
    "author": "byul****",
    "review_id": "8710420",
    "movie_id": "43547"
  },
  {
    "review": "이 정도면 한국영화 중 수작",
    "date": "14.05.04",
    "rating": "8",
    "author": "hjs8****",
    "review_id": "8703058",
    "movie_id": "43547"
  },
  {
    "review": "시간가는줄 모르고 봤음 강추",
    "date": "14.04.27",
    "rating": "10",
    "author": "zizu****",
    "review_id": "8676240",
    "movie_id": "43547"
  },
  {
    "review": "의외로 재밌게 본 영화다.",
    "date": "14.04.05",
    "rating": "9",
    "author": "pswo****",
    "review_id": "8629362",
    "movie_id": "43547"
  },
  {
    "review": "10점은 아니지만 7점은 너무짠거 같아서...",
    "date": "14.03.15",
    "rating": "10",
    "author": "kkom****",
    "review_id": "8576537",
    "movie_id": "43547"
  },
  {
    "review": "재기 발랄 한데다가 섹시하기까지한 사극! 단순히 제목에 혹해서 혹시나 하는 맘으로 본다면 실망하겠지만, 그냥 배우들의 연기와 대사에 집중한다면, 6.93주는 일은 없을듯..",
    "date": "14.03.05",
    "rating": "8",
    "author": "wjwj****",
    "review_id": "8557597",
    "movie_id": "43547"
  },
  {
    "review": "기대하게 만들고 실망을 주는 영화. 스토리도, 노출도....",
    "date": "14.03.05",
    "rating": "1",
    "author": "chan****",
    "review_id": "8557072",
    "movie_id": "43547"
  },
  {
    "review": "평점은 무시해도 좋을 좋은영화다",
    "date": "14.03.05",
    "rating": "10",
    "author": "swin****",
    "review_id": "8556710",
    "movie_id": "43547"
  },
  {
    "review": "제목보고 판단하지 마세요. 이런 수준의 한국 영화 찾기 힘들어요.처음엔 가볍게 웃으며 즐기고, 두번째 볼때부턴 상황에 따른 인물의 시선 처리와 어조, 몸짓에 주목 하시고.. 그쯤 되면 이 영화가 왜 수작인지,자연스럽게 알게될것임.",
    "date": "14.02.26",
    "rating": "10",
    "author": "toku****",
    "review_id": "8539784",
    "movie_id": "43547"
  },
  {
    "review": "그냥 몇 장면에서 웃김. 그리고 딱히 기억에 남는 것은 없음.",
    "date": "14.02.25",
    "rating": "4",
    "author": "jjaj****",
    "review_id": "8535973",
    "movie_id": "43547"
  },
  {
    "review": "그양 딱 평점 그대로 7점대가 맞다",
    "date": "14.02.19",
    "rating": "1",
    "author": "hsc2****",
    "review_id": "8520433",
    "movie_id": "43547"
  },
  {
    "review": "잘 짜여진 좋은 영화입니다",
    "date": "14.02.12",
    "rating": "10",
    "author": "kk16****",
    "review_id": "8500043",
    "movie_id": "43547"
  },
  {
    "review": "난 김민정께 보고 싶었다",
    "date": "14.02.11",
    "rating": "7",
    "author": "lkyl****",
    "review_id": "8497927",
    "movie_id": "43547"
  },
  {
    "review": "대사 하나하나 예술이다. 야한장면없이 야한 영화.",
    "date": "14.01.23",
    "rating": "10",
    "author": "gim9****",
    "review_id": "8416103",
    "movie_id": "43547"
  },
  {
    "review": "아주 정말 돌았구나 저게 무슨 사랑이냐 공감도 안가고 어이가 없다. 야한장면 안나와서 1점주는거라 착각하지좀마라 더러운장면 많더만.. 사랑이라면 어떻게 사랑한다는 중전을 저리 망신주나? 마지막도 둘다 이해안감...ㅡㅡ",
    "date": "14.01.20",
    "rating": "1",
    "author": "hi5o****",
    "review_id": "8401834",
    "movie_id": "43547"
  },
  {
    "review": "진짜 평점 1점준 사람들 댓글 보니깐 그냥 알바다 옷벗어재끼는거 안나오니깐 그렇게주네 ㅉㅉ 그러면 그냥 야동이나보지",
    "date": "14.01.18",
    "rating": "9",
    "author": "dbsd****",
    "review_id": "8397157",
    "movie_id": "43547"
  },
  {
    "review": "재밌는데 너무 낮은 평점... 혹시나 망설이는 분들이 계실까봐 10점주고 갑니당 재밌어요!",
    "date": "13.12.20",
    "rating": "10",
    "author": "xvxv****",
    "review_id": "8258046",
    "movie_id": "43547"
  },
  {
    "review": "완전재밌다 음란함을 은근하면서도 야하게잘표현했네 그리고배우들연기가 갑",
    "date": "13.12.08",
    "rating": "10",
    "author": "rosu****",
    "review_id": "8200351",
    "movie_id": "43547"
  },
  {
    "review": "진짜 평점이 왜 이러냐. 야한 장면 없다고 테러 당한것 같은데..맛깔나는 대사와 배우들의 명연기, 참신한 소재가 좋았던 작품으로 기억에 남는다.",
    "date": "13.12.05",
    "rating": "8",
    "author": "choc****",
    "review_id": "8190655",
    "movie_id": "43547"
  },
  {
    "review": "음란을 코메디로 잘 엮은 영화",
    "date": "13.12.02",
    "rating": "7",
    "author": "adiv****",
    "review_id": "8185148",
    "movie_id": "43547"
  },
  {
    "review": "결론은 한석규의 사랑고백이 아니라 오로지 수작을 뽑기위한 사대부 선비의 음란한 신념으로 가는쪽이 훨씬 괜찮았을듯.",
    "date": "13.10.06",
    "rating": "9",
    "author": "yupg****",
    "review_id": "8038615",
    "movie_id": "43547"
  },
  {
    "review": "음란한 영화가 보고 싶었으면 야동이나 다운받아 쳐 볼것이지, 수작 영화에 지들이 기대한 뽀르노 씬 안나온다고 별점 테러하고 튀는 새끼들 수준 보소 ㅉㅉ...",
    "date": "13.09.28",
    "rating": "10",
    "author": "winm****",
    "review_id": "8020147",
    "movie_id": "43547"
  },
  {
    "review": "이 영화 대사 하나하나 봐라. 얼마나 공들이 작품인지, 이런 명작이 평점이 7점도 안된다는게 말이 안된다. 제목 잘 못 붙여서 초딩들이 화났나 보네.",
    "date": "13.09.20",
    "rating": "10",
    "author": "shin****",
    "review_id": "7999265",
    "movie_id": "43547"
  },
  {
    "review": "음란서생이 별로 음란하지가 않아!! 좀더 유쾌했더라면.",
    "date": "13.09.03",
    "rating": "7",
    "author": "reco****",
    "review_id": "7945083",
    "movie_id": "43547"
  },
  {
    "review": "그냥 괜찮았다. 내용 전개가 좀 개연성이 없긴 했지만. 영화는 개봉할때 봤다.",
    "date": "13.08.15",
    "rating": "7",
    "author": "stun****",
    "review_id": "7883820",
    "movie_id": "43547"
  },
  {
    "review": "그닥 음란하지 않았다는...",
    "date": "13.07.29",
    "rating": "6",
    "author": "69dl****",
    "review_id": "7798279",
    "movie_id": "43547"
  },
  {
    "review": "난 정말 꽤 괜찮게 본 영화인데 이게 안야하다는 사랃믈은 뭐지?야한걸 찾을라면 야동을 보세요 이 영화는 비쥬얼만이 아니여도분위기, 대사만으로도 충분히 야하니까요다만 극의 이어짐이 너무 매끄러움이 없음.. 그게 아쉽..차라리 드라마였다면",
    "date": "13.07.08",
    "rating": "8",
    "author": "taeg****",
    "review_id": "7716911",
    "movie_id": "43547"
  },
  {
    "review": "김민정출연때문에 보긴 했는데 살짝 더 음란했음 더 재미있을것 같은데..",
    "date": "13.07.05",
    "rating": "8",
    "author": "a109****",
    "review_id": "7708137",
    "movie_id": "43547"
  },
  {
    "review": "그냥... 재밌는 영화... 코믹에 가깝다",
    "date": "13.06.10",
    "rating": "5",
    "author": "capg****",
    "review_id": "7621453",
    "movie_id": "43547"
  },
  {
    "review": "한마디로 표현하자면 블랙코미디",
    "date": "13.06.08",
    "rating": "4",
    "author": "tmdq****",
    "review_id": "7609980",
    "movie_id": "43547"
  },
  {
    "review": "마냥 성으로 관객을 끌려고 하지 않고 균형을 유지",
    "date": "13.05.05",
    "rating": "7",
    "author": "garn****",
    "review_id": "7510974",
    "movie_id": "43547"
  },
  {
    "review": "보다가 중간중간 소리내어 웃게 만드는 영화.간만에 정말 재미있는 영화를 보앗네!참 잘 만들어진 우리영화 추천...!!!",
    "date": "13.05.05",
    "rating": "10",
    "author": "imid****",
    "review_id": "7508720",
    "movie_id": "43547"
  },
  {
    "review": "적당히 천착하면서 재치 있게 풀어 가는 솜씨가 일품.",
    "date": "13.03.28",
    "rating": "10",
    "author": "enyp****",
    "review_id": "7417775",
    "movie_id": "43547"
  },
  {
    "review": "존나 재밌음 근데 노출장면은 없어요~",
    "date": "13.03.16",
    "rating": "10",
    "author": "qwed****",
    "review_id": "7351349",
    "movie_id": "43547"
  },
  {
    "review": "가볍지도 않고...그러핟고 무겁지도않고..해학적이면서도..아...그....봐야아는데...어떻게 표현할수도없고....진맛이네..진맛이야..",
    "date": "13.01.30",
    "rating": "9",
    "author": "soun****",
    "review_id": "7196095",
    "movie_id": "43547"
  },
  {
    "review": "이것은  참으로 진맛이 시작되는 역작",
    "date": "13.01.30",
    "rating": "10",
    "author": "vert****",
    "review_id": "7195852",
    "movie_id": "43547"
  },
  {
    "review": "최고의 영화! 영화의 진맛이다",
    "date": "13.01.30",
    "rating": "10",
    "author": "chlt****",
    "review_id": "7195791",
    "movie_id": "43547"
  },
  {
    "review": "김민정이 너무 예쁘고 청초하게 나온영화 ㅎㅎ 내용도 잼있었어요!다시봐도 하얀피부 부럽다 ㅠㅠ",
    "date": "13.01.26",
    "rating": "10",
    "author": "hany****",
    "review_id": "7175456",
    "movie_id": "43547"
  },
  {
    "review": "이 영화가 저평가받는 이유는 편견 때문인가? 가장 기억에 남는 사극영화를 꼽자면 음란서생을 꼽겠다.  탄탄한 스토리 구성과  연출, 배우들의 명품연기.   그 시대에서만 표현 할 수 있는 비극적 해피엔딩.신선하다 신선해",
    "date": "13.01.22",
    "rating": "9",
    "author": "kori****",
    "review_id": "7154605",
    "movie_id": "43547"
  },
  {
    "review": "그지같은영화 난해하고 뭘얘기하는건지 도중에 보다가 나왔었던적은 첨인 영화",
    "date": "13.01.11",
    "rating": "4",
    "author": "6431****",
    "review_id": "7102344",
    "movie_id": "43547"
  },
  {
    "review": "재미만  있구만!!!",
    "date": "13.01.08",
    "rating": "10",
    "author": "ball****",
    "review_id": "7091608",
    "movie_id": "43547"
  },
  {
    "review": "사극과 야동 코드가 만나니 꽤 유쾌한 퓨전 코미디가 되었다. 욕정과 사랑 사이를 헤매는 멜로는 부록..",
    "date": "13.01.05",
    "rating": "8",
    "author": "mygr****",
    "review_id": "7083884",
    "movie_id": "43547"
  },
  {
    "review": "하..; 포스터 완전 별로다 . 그저 야한 영화가 아닌데..",
    "date": "12.11.25",
    "rating": "8",
    "author": "cha1****",
    "review_id": "6926462",
    "movie_id": "43547"
  },
  {
    "review": "멋진 영상과 명품 연기가 돋보이는 영화.  다만 마지막 장면의 여운을 묻어버린 엔딩은 감점 2점.  결론: 잘 만든 영화 한 편 제목이 말아 먹음.",
    "date": "12.11.19",
    "rating": "8",
    "author": "kuij****",
    "review_id": "6904708",
    "movie_id": "43547"
  },
  {
    "review": "김민정 너무이쁘다",
    "date": "12.11.15",
    "rating": "10",
    "author": "isco****",
    "review_id": "6889115",
    "movie_id": "43547"
  },
  {
    "review": "네이버평점수준을 알게해주는 영화. 그영화가 재미없다면 아직 나이가 많이 어리거나 야한거볼려고 대충 넘겨본사람이라 봐도될듯하다. 신선한소재,명품연기,너무아름다운영상,배경 흠잡을때 없다. 후반 왕과삼자대면에서의 심리묘사, 명대사들!!최고라생각한다",
    "date": "12.10.30",
    "rating": "10",
    "author": "melo****",
    "review_id": "6835742",
    "movie_id": "43547"
  },
  {
    "review": "요즘 흔하디 흔한 로맨스코디미물과는 거리감이 완전히 있다. 비교가 안되고, 이런소재로 코미디와 정통?멜로를 이렇게도 잘 버무리다니..",
    "date": "12.09.28",
    "rating": "9",
    "author": "0411****",
    "review_id": "6738990",
    "movie_id": "43547"
  },
  {
    "review": "케이블 영화채널용이오!",
    "date": "12.09.17",
    "rating": "1",
    "author": "ske4****",
    "review_id": "6707649",
    "movie_id": "43547"
  },
  {
    "review": "에로티시즘은 포르노적 기질과 로맨스적 감각의 조화가필요하다",
    "date": "12.09.01",
    "rating": "8",
    "author": "kos4****",
    "review_id": "6661059",
    "movie_id": "43547"
  },
  {
    "review": "우리속에 담겨있는 음란함에 대해 생각해 볼 만한 영화",
    "date": "12.08.13",
    "rating": "10",
    "author": "nex7****",
    "review_id": "6597883",
    "movie_id": "43547"
  },
  {
    "review": "재밌다 ㅎ",
    "date": "12.07.16",
    "rating": "9",
    "author": "gk2g****",
    "review_id": "6484739",
    "movie_id": "43547"
  },
  {
    "review": "영화에 비해 평점이 너무 낮은거 아냐? 6점대는 아니다.",
    "date": "12.06.21",
    "rating": "10",
    "author": "hih3****",
    "review_id": "6406050",
    "movie_id": "43547"
  },
  {
    "review": "헤즐넛같다. 맛은 밍밍한데 향기는 그윽한게 머릿속 상상으로 감칠맛을 내는 영화",
    "date": "12.05.16",
    "rating": "10",
    "author": "kjsu****",
    "review_id": "6302281",
    "movie_id": "43547"
  },
  {
    "review": "난잡함을 기대했다가 진솔함에 실망하고, 결국은 그 진솔함의 깊이에 감동하게되는.",
    "date": "12.05.02",
    "rating": "10",
    "author": "jjun****",
    "review_id": "6264367",
    "movie_id": "43547"
  },
  {
    "review": "그냥 그랬던 작품...",
    "date": "12.04.15",
    "rating": "7",
    "author": "scho****",
    "review_id": "6223595",
    "movie_id": "43547"
  },
  {
    "review": "나름 괜찮은 내용과 소재 연출력",
    "date": "12.03.29",
    "rating": "10",
    "author": "yeob****",
    "review_id": "6176266",
    "movie_id": "43547"
  },
  {
    "review": "재밌게 봤네",
    "date": "12.03.29",
    "rating": "10",
    "author": "yeob****",
    "review_id": "6176264",
    "movie_id": "43547"
  },
  {
    "review": "우리나라 영화치곤 꽤 특이하지만 괜찮은 소재와 내용",
    "date": "12.03.29",
    "rating": "10",
    "author": "acac****",
    "review_id": "6176263",
    "movie_id": "43547"
  },
  {
    "review": "꽤 괜찮은 듯",
    "date": "12.03.29",
    "rating": "10",
    "author": "huia****",
    "review_id": "6176262",
    "movie_id": "43547"
  }
]