[
  {
    "review": "국정원, 천재적인 해커, 돈, 협박.. 천하고 진부한 소재들 한마디로 3류",
    "date": "14.12.27",
    "rating": "1",
    "author": "zard****",
    "review_id": "9523418",
    "movie_id": "43568"
  },
  {
    "review": "마지막 반전 재밌는데....",
    "date": "14.11.12",
    "rating": "10",
    "author": "4way****",
    "review_id": "9373681",
    "movie_id": "43568"
  },
  {
    "review": "솔직히 스토리 자체가 많이 부실하긴 해도 윤지민의 수영장씬은 오졌음.. 몸매 쩔어",
    "date": "14.10.29",
    "rating": "6",
    "author": "kyn9****",
    "review_id": "9327665",
    "movie_id": "43568"
  },
  {
    "review": "잼남 2006년 영화치고 최고 하지만 현실은 대부분의 관객이 영화 이해를 못하고 평점을 낮게줌 슬프다 4명이서봤는데 3명다 이해를 못하는 현실",
    "date": "14.08.22",
    "rating": "10",
    "author": "whal****",
    "review_id": "9122865",
    "movie_id": "43568"
  },
  {
    "review": "난어렵던데...대사는 좀 그렇다..",
    "date": "14.07.26",
    "rating": "5",
    "author": "wooj****",
    "review_id": "8960005",
    "movie_id": "43568"
  },
  {
    "review": "낮은점수까지는 아닌데‥ 중간중간 어 ~ 했던게마지막에 아~로 바뀐다",
    "date": "14.06.07",
    "rating": "9",
    "author": "with****",
    "review_id": "8808917",
    "movie_id": "43568"
  },
  {
    "review": "글쎄요.. 유주얼서스펙트급의 몰입도와 반전을 추구했으나 실패한 작품?",
    "date": "14.04.14",
    "rating": "5",
    "author": "bing****",
    "review_id": "8649629",
    "movie_id": "43568"
  },
  {
    "review": "한국형 범죄 반전. 상당히 오글거리는 대사들과 연기 및 캐스팅.",
    "date": "14.03.16",
    "rating": "1",
    "author": "jjaj****",
    "review_id": "8580626",
    "movie_id": "43568"
  },
  {
    "review": "왜 평점이 낮은지 모르겠음. 연기가 어색하다고 느낀 건 마지막 장면에서 전부 설명이 되었고... 연기를 정말 잘했다고 느꼈고 내용도 전혀 지루하지 않고 충분히 몰입해서 봤음. 10점 까진 아니지만 평점이 너무 낮아 10점 줌. 고복수가 똑똑해짐.",
    "date": "14.03.16",
    "rating": "10",
    "author": "qksd****",
    "review_id": "8580496",
    "movie_id": "43568"
  },
  {
    "review": "전형적인 반전 스릴러 영화..  특히 후반부가 재미있지만 초 중반부는 지루하다",
    "date": "14.03.15",
    "rating": "6",
    "author": "adiv****",
    "review_id": "8576631",
    "movie_id": "43568"
  },
  {
    "review": "0점은 못주냐; 1시간 반동안 그냥 오타쿠 주인공이 구라치다가 끝나는 영화 진짜 최악이다 제발 이 영화를 보는 피해자가 늘지않기를 바란다..",
    "date": "14.02.02",
    "rating": "1",
    "author": "dufe****",
    "review_id": "8467039",
    "movie_id": "43568"
  },
  {
    "review": "그래도 이만하면 잘 만든 스릴러라고 생각된다 지루함없이 본 영화",
    "date": "13.10.04",
    "rating": "8",
    "author": "gkdl****",
    "review_id": "8033575",
    "movie_id": "43568"
  },
  {
    "review": "평점이 낮지만 좋은평이 많아서 오늘 봤는데,  몰입도 간만에 진짜 쩌는 영화였고 정말 잘 만들었다. 대부분 내용 이해 못한채 반전만 이해해서 평점을 낮게 준것 같다. 진짜 강추인 영화임.",
    "date": "13.09.29",
    "rating": "10",
    "author": "pkun****",
    "review_id": "8023052",
    "movie_id": "43568"
  },
  {
    "review": "it was sooooooooooooooooooooooooooooooooo much fun!!!!!!!!!!!!!!!!!!!!!!!!!!!!!!!!!",
    "date": "13.09.08",
    "rating": "10",
    "author": "js97****",
    "review_id": "7958086",
    "movie_id": "43568"
  },
  {
    "review": "굉장히 새로운 영화",
    "date": "13.08.01",
    "rating": "8",
    "author": "vkav****",
    "review_id": "7810080",
    "movie_id": "43568"
  },
  {
    "review": "알고보니 나만 재미있게 본게 아니네?",
    "date": "13.06.28",
    "rating": "10",
    "author": "sh15****",
    "review_id": "7685360",
    "movie_id": "43568"
  },
  {
    "review": "양동근 죽여준다",
    "date": "13.06.28",
    "rating": "10",
    "author": "shsh****",
    "review_id": "7685348",
    "movie_id": "43568"
  },
  {
    "review": "나만 흥미있게 봤던 작품",
    "date": "13.06.22",
    "rating": "10",
    "author": "mey4****",
    "review_id": "7668002",
    "movie_id": "43568"
  },
  {
    "review": "진짜 애매하다",
    "date": "13.06.21",
    "rating": "5",
    "author": "iiii****",
    "review_id": "7661728",
    "movie_id": "43568"
  },
  {
    "review": "거창하구 허황된스토리에다 연출까지 형편없어 넘재미없구 지루하다.",
    "date": "13.04.04",
    "rating": "1",
    "author": "kis5****",
    "review_id": "7435315",
    "movie_id": "43568"
  },
  {
    "review": "난 욜라 재미있는데 다들 왜들그러심?우리나라 영화가 이정도로 올라온게 어딘데?개인적인 취향으로 안맞는다고 괜히 비방하지 맙시다^^ 그람 쉬리는? 싸구려 헐리웃영화랑 뭐가 다르죠?",
    "date": "13.02.05",
    "rating": "10",
    "author": "peac****",
    "review_id": "7228879",
    "movie_id": "43568"
  },
  {
    "review": "그냥 별로..",
    "date": "12.12.10",
    "rating": "5",
    "author": "tcfc****",
    "review_id": "6990663",
    "movie_id": "43568"
  },
  {
    "review": "아놔 니미 이런걸 영화라고 ㅡㅡ",
    "date": "12.12.09",
    "rating": "1",
    "author": "12wj****",
    "review_id": "6989074",
    "movie_id": "43568"
  },
  {
    "review": "아니..이영화 평이 왜이래.. 스토리만 좀더 보강했으면..좋았을텐데. 아쉬운게많은 영화",
    "date": "12.09.01",
    "rating": "10",
    "author": "uufu****",
    "review_id": "6661232",
    "movie_id": "43568"
  },
  {
    "review": "의미부여를많이 할려고하는데 표현력이서툴다.이런영화는 긴장감없음 재미없음.",
    "date": "12.08.10",
    "rating": "6",
    "author": "a109****",
    "review_id": "6589175",
    "movie_id": "43568"
  },
  {
    "review": "유주얼서스펙트 아류",
    "date": "12.05.11",
    "rating": "1",
    "author": "mai7****",
    "review_id": "6288850",
    "movie_id": "43568"
  },
  {
    "review": "그냥 그랬던 영화  오래서되서 기억이 잘...ㅋ",
    "date": "12.04.20",
    "rating": "7",
    "author": "scho****",
    "review_id": "6235423",
    "movie_id": "43568"
  },
  {
    "review": "윤지민 비키니씬만 보면 되지..",
    "date": "12.03.12",
    "rating": "3",
    "author": "tn99****",
    "review_id": "6140604",
    "movie_id": "43568"
  },
  {
    "review": "뭐 국내영화치고 이정도면 평타이상 친거지.. 볼만하다",
    "date": "12.02.08",
    "rating": "9",
    "author": "myfa****",
    "review_id": "6062389",
    "movie_id": "43568"
  },
  {
    "review": "유주얼서스펙트가되지못해슬픈짐승이여...양동근이제보니랩에더소질있군",
    "date": "12.02.06",
    "rating": "6",
    "author": "lees****",
    "review_id": "6057463",
    "movie_id": "43568"
  },
  {
    "review": "양동근 연기가 역시나 좋지만, 뭔가 좋은 반전이면서도 예상이 되버려서 아쉬웠다",
    "date": "12.01.27",
    "rating": "7",
    "author": "crui****",
    "review_id": "6028325",
    "movie_id": "43568"
  },
  {
    "review": "윤지민 초매력녀.",
    "date": "12.01.04",
    "rating": "10",
    "author": "odjs****",
    "review_id": "5960058",
    "movie_id": "43568"
  },
  {
    "review": "결말에 대해 추측가능한 증거가 너무없지않았나싶다 열린결말...",
    "date": "11.12.30",
    "rating": "8",
    "author": "bear****",
    "review_id": "5946978",
    "movie_id": "43568"
  },
  {
    "review": "완전흥미진진해요ㅎ",
    "date": "11.12.30",
    "rating": "10",
    "author": "lje0****",
    "review_id": "5946957",
    "movie_id": "43568"
  },
  {
    "review": "난너무재밌게봤는데..평점이왜이러지..?",
    "date": "11.12.25",
    "rating": "10",
    "author": "miss****",
    "review_id": "5932645",
    "movie_id": "43568"
  },
  {
    "review": "2011년에 보니 새롭군!",
    "date": "11.12.08",
    "rating": "10",
    "author": "wjdr****",
    "review_id": "5894379",
    "movie_id": "43568"
  },
  {
    "review": "나름 적합한 반전, 나름 적합한 연기, 나름 적합한 내용",
    "date": "11.07.01",
    "rating": "8",
    "author": "ayyi****",
    "review_id": "5511396",
    "movie_id": "43568"
  },
  {
    "review": "몽환적인 분위기,지루하고 몰입감 없음",
    "date": "11.06.29",
    "rating": "6",
    "author": "jbc1****",
    "review_id": "5507979",
    "movie_id": "43568"
  },
  {
    "review": "처음에 대사가 완전 어색해서 완전 못보겠던데 끝까지 보니까 전 꽤 좋았던 것 같음.",
    "date": "11.06.15",
    "rating": "8",
    "author": "k_o_****",
    "review_id": "5482556",
    "movie_id": "43568"
  },
  {
    "review": "반전도 있고 나름 괜찮았던 영화... 티켓이 아까운 영화는 아니였음.",
    "date": "11.04.10",
    "rating": "7",
    "author": "lmin****",
    "review_id": "5364673",
    "movie_id": "43568"
  },
  {
    "review": "평점이 너무 낮다.재미있게 보았음.",
    "date": "11.02.13",
    "rating": "10",
    "author": "marc****",
    "review_id": "5241024",
    "movie_id": "43568"
  },
  {
    "review": "돈 내고 봤으면 땅을 치며 후회 했을...  공짜로 보니까 시간이 아까운 영화.ㅠㅠ",
    "date": "10.11.07",
    "rating": "1",
    "author": "6661****",
    "review_id": "4944057",
    "movie_id": "43568"
  },
  {
    "review": "반전영화에 도전한것은 좋았지만 반전자체는 허무한 반전이었다. 그래도 도전에 박수",
    "date": "10.10.03",
    "rating": "10",
    "author": "ysk3****",
    "review_id": "4881862",
    "movie_id": "43568"
  },
  {
    "review": "손발이 오그라드는 고통으로 도저히 끝까지 볼 수 없어 반전은 보지 못함",
    "date": "10.09.21",
    "rating": "1",
    "author": "tmda****",
    "review_id": "4855075",
    "movie_id": "43568"
  },
  {
    "review": "이게 다세포소녀보다 평점이 높을 이유라도 있는건가?;;",
    "date": "10.09.18",
    "rating": "1",
    "author": "pak9****",
    "review_id": "4843783",
    "movie_id": "43568"
  },
  {
    "review": "유치찬란 망가 이야기",
    "date": "10.09.18",
    "rating": "3",
    "author": "trip****",
    "review_id": "4843573",
    "movie_id": "43568"
  },
  {
    "review": "반전 쩌는데요 왜 평점이 이렇지ㅋㅋㅋ?",
    "date": "10.09.16",
    "rating": "10",
    "author": "happ****",
    "review_id": "4840664",
    "movie_id": "43568"
  },
  {
    "review": "배우가 연기를 못해서 어색한게 아니라 대사가 어색해서 이상한 거다. 무슨 외화 느낌",
    "date": "10.09.15",
    "rating": "3",
    "author": "cong****",
    "review_id": "4837674",
    "movie_id": "43568"
  },
  {
    "review": "현실성 제로의 반전.. 영화속 범죄는 허구만있고 전개는전혀없다..",
    "date": "10.08.24",
    "rating": "3",
    "author": "wjh7****",
    "review_id": "4787307",
    "movie_id": "43568"
  },
  {
    "review": "반전 개쩌는데-_-...왜 이리 평점이 낮냐.",
    "date": "10.07.25",
    "rating": "10",
    "author": "jml2****",
    "review_id": "4669418",
    "movie_id": "43568"
  },
  {
    "review": "반전이 새롭지도 않고.. 이거 유명한 영화 다 베껴온 느낌은 뭐지..",
    "date": "10.07.11",
    "rating": "4",
    "author": "answ****",
    "review_id": "4628738",
    "movie_id": "43568"
  },
  {
    "review": "반전이 대단하네",
    "date": "10.06.29",
    "rating": "10",
    "author": "yks_****",
    "review_id": "4599348",
    "movie_id": "43568"
  },
  {
    "review": "몰입감없이 하품나오게하고서 반전이네.다시보라는건가.지루하게... 답답하다",
    "date": "10.06.25",
    "rating": "5",
    "author": "shon****",
    "review_id": "4590718",
    "movie_id": "43568"
  },
  {
    "review": "괜찮은 영화이긴 한데 이런류의 이중인격 다룬 영화는 이미 많아서 별로..",
    "date": "10.06.06",
    "rating": "6",
    "author": "jhpa****",
    "review_id": "4548832",
    "movie_id": "43568"
  },
  {
    "review": "반전이 돋보이는 영화",
    "date": "10.06.02",
    "rating": "8",
    "author": "yser****",
    "review_id": "4540574",
    "movie_id": "43568"
  },
  {
    "review": "극장에서 본 이들에게 애도를.......",
    "date": "10.05.30",
    "rating": "1",
    "author": "coll****",
    "review_id": "4533369",
    "movie_id": "43568"
  },
  {
    "review": "그냥 좀..",
    "date": "10.04.09",
    "rating": "7",
    "author": "pjh8****",
    "review_id": "4422277",
    "movie_id": "43568"
  },
  {
    "review": "정말잘만든영화 김성수의매력은 정말 치명적.",
    "date": "10.03.25",
    "rating": "8",
    "author": "happ****",
    "review_id": "4384733",
    "movie_id": "43568"
  },
  {
    "review": "전체적으로 재미있었다고 생각되는 작품입니다",
    "date": "10.03.22",
    "rating": "10",
    "author": "yuih****",
    "review_id": "4375582",
    "movie_id": "43568"
  },
  {
    "review": "어설픔과 산만함으로 몰입이 안되는데 반전이 무슨 소용이 있냐;;;",
    "date": "10.03.19",
    "rating": "3",
    "author": "jiyu****",
    "review_id": "4368063",
    "movie_id": "43568"
  },
  {
    "review": "허영심. 있어보이려고 했지만 허접한느낌은 지울수 없었다",
    "date": "10.03.16",
    "rating": "5",
    "author": "lexo****",
    "review_id": "4361456",
    "movie_id": "43568"
  },
  {
    "review": "이런 영화보면 울나라 영화 아직도 돈 많아요! ㅋㅋㅋ 시나리오나 보고선 돈질했는지?",
    "date": "10.03.06",
    "rating": "1",
    "author": "redn****",
    "review_id": "4337914",
    "movie_id": "43568"
  },
  {
    "review": "나름 반전이 괜찮앗음...2~3번보거나...네이버 모노폴리스포일러 한번 보시면 깜놀",
    "date": "10.03.05",
    "rating": "10",
    "author": "sea5****",
    "review_id": "4336930",
    "movie_id": "43568"
  },
  {
    "review": "범죄..스릴러.. 인데 웃음이 나는 이유는 ?.",
    "date": "10.02.21",
    "rating": "1",
    "author": "indi****",
    "review_id": "4307537",
    "movie_id": "43568"
  },
  {
    "review": "전작들에 대한 무모한 도전",
    "date": "10.01.24",
    "rating": "5",
    "author": "skat****",
    "review_id": "4203141",
    "movie_id": "43568"
  },
  {
    "review": "볼만했다 나름 식상하지않을정도의 반전도 있고",
    "date": "10.01.22",
    "rating": "7",
    "author": "tlaq****",
    "review_id": "4197214",
    "movie_id": "43568"
  },
  {
    "review": "잴 구려",
    "date": "09.12.22",
    "rating": "1",
    "author": "swee****",
    "review_id": "4069694",
    "movie_id": "43568"
  },
  {
    "review": "재밋게 봤던 영화 생각보다 재밋어서 깜놀!",
    "date": "09.12.08",
    "rating": "10",
    "author": "lov4****",
    "review_id": "4027291",
    "movie_id": "43568"
  },
  {
    "review": "내용이 이해안된단놈들은 뭐...15세 이상가인데...충분히 재밌음",
    "date": "09.12.03",
    "rating": "10",
    "author": "gnh0****",
    "review_id": "4012505",
    "movie_id": "43568"
  },
  {
    "review": "내용 좀 알고 봤는데 깜빡 속아버렸다는! 영화 넘 재밌는데 극장서 볼걸 ㅜㅜ",
    "date": "09.11.30",
    "rating": "10",
    "author": "sden****",
    "review_id": "4004308",
    "movie_id": "43568"
  },
  {
    "review": "인간들아 제발 영화좀 똑바로보자.",
    "date": "09.11.10",
    "rating": "10",
    "author": "s__o****",
    "review_id": "3951217",
    "movie_id": "43568"
  },
  {
    "review": "나름 괜찮은데? 재밌게 봤다 마지막이 너무 경호의 예상시나리오 대로 흘렀단 게 좀",
    "date": "09.10.27",
    "rating": "7",
    "author": "sunn****",
    "review_id": "3918781",
    "movie_id": "43568"
  },
  {
    "review": "먼가 치밀하다가보다 조금 조잡스러운 내러티브와 긴장감이다..",
    "date": "09.10.26",
    "rating": "6",
    "author": "wind****",
    "review_id": "3918514",
    "movie_id": "43568"
  },
  {
    "review": "평점적을라고 로그인까지햇다  진짜재밋다 재미업단사람은반전을제대로이해못한거임",
    "date": "09.10.25",
    "rating": "10",
    "author": "hne7****",
    "review_id": "3915235",
    "movie_id": "43568"
  },
  {
    "review": "비슷한 영화 제목 들으면 바로 반전 예상되는 영화",
    "date": "09.10.14",
    "rating": "7",
    "author": "acid****",
    "review_id": "3891777",
    "movie_id": "43568"
  },
  {
    "review": "반전은 괜찮은데 이 허접스런 영상과 음악",
    "date": "09.09.09",
    "rating": "6",
    "author": "iss2****",
    "review_id": "3820537",
    "movie_id": "43568"
  },
  {
    "review": "반전을 이해하기 좀 힘들다...쉽게 만들었으면~~",
    "date": "09.08.15",
    "rating": "7",
    "author": "cty1****",
    "review_id": "3752367",
    "movie_id": "43568"
  },
  {
    "review": "어쨋든 어설프다",
    "date": "09.07.22",
    "rating": "7",
    "author": "kimb****",
    "review_id": "3657223",
    "movie_id": "43568"
  },
  {
    "review": "..........끝내주게 재밌다.",
    "date": "09.07.22",
    "rating": "10",
    "author": "lomi****",
    "review_id": "3656988",
    "movie_id": "43568"
  },
  {
    "review": "퇴보.",
    "date": "09.07.20",
    "rating": "1",
    "author": "dlwo****",
    "review_id": "3650890",
    "movie_id": "43568"
  },
  {
    "review": "전혀 예상치 못한 반전.. 괜찮은데...",
    "date": "09.07.04",
    "rating": "9",
    "author": "blue****",
    "review_id": "3610609",
    "movie_id": "43568"
  },
  {
    "review": "반전까지 암울하면 어디서 재미를 찾으란거여!",
    "date": "09.06.29",
    "rating": "2",
    "author": "dudd****",
    "review_id": "3598986",
    "movie_id": "43568"
  },
  {
    "review": "노력은 한 듯한데, 중간부터는 너무 뻔해서",
    "date": "09.06.21",
    "rating": "5",
    "author": "dong****",
    "review_id": "3578689",
    "movie_id": "43568"
  },
  {
    "review": "이상하네 완전재밌게봤는데 짱인데이거ㅠㅠ",
    "date": "09.04.30",
    "rating": "10",
    "author": "wjdd****",
    "review_id": "3451097",
    "movie_id": "43568"
  },
  {
    "review": "별 재미없는..",
    "date": "09.04.20",
    "rating": "5",
    "author": "bkm1****",
    "review_id": "3431908",
    "movie_id": "43568"
  },
  {
    "review": "외국영화를 따라한듯한..",
    "date": "09.03.25",
    "rating": "5",
    "author": "bkm1****",
    "review_id": "3386868",
    "movie_id": "43568"
  },
  {
    "review": "너~~무 어색하고 지루하다..보통은갈줄알았는데..낚였네",
    "date": "09.03.21",
    "rating": "1",
    "author": "pama****",
    "review_id": "3378192",
    "movie_id": "43568"
  },
  {
    "review": "별로 특이하기만한 영화",
    "date": "09.03.15",
    "rating": "5",
    "author": "mins****",
    "review_id": "3369025",
    "movie_id": "43568"
  },
  {
    "review": "하나같이 발연기에 있는 폼 없는 폼 다잡구 있네",
    "date": "09.03.11",
    "rating": "1",
    "author": "bloo****",
    "review_id": "3360043",
    "movie_id": "43568"
  },
  {
    "review": "좀가 좀 많이 부족한 영화",
    "date": "09.03.10",
    "rating": "4",
    "author": "kimk****",
    "review_id": "3358655",
    "movie_id": "43568"
  },
  {
    "review": "반전도 괜찮았으며 머리 굴리는 그들의 모습을 즐기기엔 충분하다 ^^",
    "date": "09.03.08",
    "rating": "6",
    "author": "mem9****",
    "review_id": "3355470",
    "movie_id": "43568"
  },
  {
    "review": "난 좋은데.........내용도 좋고;;;연기력은 미흡하지만 ㅎ",
    "date": "09.03.07",
    "rating": "10",
    "author": "cjsw****",
    "review_id": "3353127",
    "movie_id": "43568"
  },
  {
    "review": "참..잼있었는데 왜이렇게들 박한지 모르겠네.  퍼즐보단 훠~얼씬 괜찮았는데",
    "date": "09.02.20",
    "rating": "10",
    "author": "je09****",
    "review_id": "3318182",
    "movie_id": "43568"
  },
  {
    "review": "괜찮은 영화라고 생각함 거기에 비해서 평점이 너무 낮은듯",
    "date": "09.02.02",
    "rating": "8",
    "author": "dame****",
    "review_id": "3272353",
    "movie_id": "43568"
  },
  {
    "review": "이 영화 재미 없다는 사람 전혀 이해가 안됨... 완정 짱임.. 장난아님.. 초강추...",
    "date": "09.02.01",
    "rating": "10",
    "author": "webm****",
    "review_id": "3270610",
    "movie_id": "43568"
  },
  {
    "review": "뻔한 반전 .... 그리고 단조로운 전개 ...... 아쉽네요",
    "date": "09.01.10",
    "rating": "4",
    "author": "idol****",
    "review_id": "3209202",
    "movie_id": "43568"
  },
  {
    "review": "감독이 파이트클럽을 보고난 후 그냥 생각나는데로 만든 영화같다. 즈질~",
    "date": "08.12.24",
    "rating": "2",
    "author": "wash****",
    "review_id": "3144664",
    "movie_id": "43568"
  },
  {
    "review": "잼 없어 반전 다 보이네 ㅎ",
    "date": "08.12.12",
    "rating": "3",
    "author": "love****",
    "review_id": "3108900",
    "movie_id": "43568"
  },
  {
    "review": "마지막 반전이 좀 있네. 양동근 제외한 다른 사람들 연기는 갠찬네요.",
    "date": "08.12.08",
    "rating": "5",
    "author": "yoon****",
    "review_id": "3100756",
    "movie_id": "43568"
  },
  {
    "review": "평점이 낮아서 왠만하면 올려줄려고 했지만 이건 아니다. ㅡ,.ㅡ;;",
    "date": "08.12.04",
    "rating": "1",
    "author": "erro****",
    "review_id": "3090183",
    "movie_id": "43568"
  }
]