[
  {
    "review": "여자들이 이뻐서 2점준다",
    "date": "14.03.25",
    "rating": "2",
    "author": "rosy****",
    "review_id": "8605675",
    "movie_id": "43607"
  },
  {
    "review": "'한 치 앞도 볼 수 없다'는 안개가 주는 공포를 제대로 살리지 못한 채 진부한 이야기와 반전만 말하고 있다. 가장 안타까운 것은 전혀 무섭지가 않다는 것.",
    "date": "13.05.23",
    "rating": "4",
    "author": "zxc1****",
    "review_id": "7550064",
    "movie_id": "43607"
  },
  {
    "review": "진짜 솔직하게 말하면 안개라는 소재까지 좋았음 나머진 별로임",
    "date": "13.02.18",
    "rating": "4",
    "author": "paul****",
    "review_id": "7280277",
    "movie_id": "43607"
  },
  {
    "review": "해서... 아무나 존 카펜터 감독 작품을 리메이크하는 게 아니다..",
    "date": "13.01.01",
    "rating": "7",
    "author": "spar****",
    "review_id": "7072191",
    "movie_id": "43607"
  },
  {
    "review": "볼만햇는데ㅎ",
    "date": "12.04.22",
    "rating": "8",
    "author": "glak****",
    "review_id": "6239202",
    "movie_id": "43607"
  },
  {
    "review": "나름볼만믄했응 근데 엘리자베스는유령이었던것임...?",
    "date": "11.07.25",
    "rating": "7",
    "author": "coap****",
    "review_id": "5568588",
    "movie_id": "43607"
  },
  {
    "review": "안개란 소재는 좋은데 거기서 끝",
    "date": "11.07.25",
    "rating": "3",
    "author": "h22u****",
    "review_id": "5568520",
    "movie_id": "43607"
  },
  {
    "review": "xtm 오늘 왜이러냐? 남자를 울리는뭐?공포영화?? 웃기네",
    "date": "11.07.25",
    "rating": "1",
    "author": "dldu****",
    "review_id": "5568410",
    "movie_id": "43607"
  },
  {
    "review": "어떻게 안개에서 영혼이 튀어나와서 사람을 쓸고다니지? ㅋㅋㅋ",
    "date": "11.07.05",
    "rating": "1",
    "author": "paul****",
    "review_id": "5524263",
    "movie_id": "43607"
  },
  {
    "review": "공포는 극대화, 그러나 스토리는 부실하다",
    "date": "11.05.22",
    "rating": "6",
    "author": "afte****",
    "review_id": "5442980",
    "movie_id": "43607"
  },
  {
    "review": "본격 장르가 무색해지는 영화.",
    "date": "11.04.02",
    "rating": "3",
    "author": "jiyu****",
    "review_id": "5348123",
    "movie_id": "43607"
  },
  {
    "review": "안개에 의한 안개를 위한 안개의 영화",
    "date": "11.01.20",
    "rating": "3",
    "author": "cont****",
    "review_id": "5172073",
    "movie_id": "43607"
  },
  {
    "review": "쓰레기",
    "date": "10.11.21",
    "rating": "1",
    "author": "stu4****",
    "review_id": "4976540",
    "movie_id": "43607"
  },
  {
    "review": "스토리가 좀 억지스럽지만 아주 최악은 아님",
    "date": "10.11.14",
    "rating": "6",
    "author": "real****",
    "review_id": "4959764",
    "movie_id": "43607"
  },
  {
    "review": "이건 도대체 무슨영화야 하나도 안무섭고 스릴도엄더니 나중에 로맨스?!",
    "date": "10.09.26",
    "rating": "3",
    "author": "kite****",
    "review_id": "4869610",
    "movie_id": "43607"
  },
  {
    "review": "공포스럽지도않고 스토리도별루고 ~~~~~~~~~",
    "date": "10.06.24",
    "rating": "2",
    "author": "fnsk****",
    "review_id": "4589479",
    "movie_id": "43607"
  },
  {
    "review": "앜ㅋ 톰이 주인공이넼ㅋ 날아라 찌질이 클락! 톰때문에 본다..! 뭐 재미는 없겠지만",
    "date": "10.05.26",
    "rating": "10",
    "author": "mabi****",
    "review_id": "4525412",
    "movie_id": "43607"
  },
  {
    "review": "이건 뭐 쓰레기 영화 ㅡㅡ... 최근 본것중 가장 쓰레기. 절대 보지마시길..",
    "date": "10.04.07",
    "rating": "1",
    "author": "john****",
    "review_id": "4417172",
    "movie_id": "43607"
  },
  {
    "review": "뜨악.",
    "date": "10.01.15",
    "rating": "2",
    "author": "dlwo****",
    "review_id": "4171476",
    "movie_id": "43607"
  },
  {
    "review": "평점보면 쓰래기영화인지 알겠다 그냥 볼만한영화.",
    "date": "10.01.13",
    "rating": "10",
    "author": "msug****",
    "review_id": "4165540",
    "movie_id": "43607"
  },
  {
    "review": "그냥 볼만하던데.. 왜 이리 낮지",
    "date": "10.01.04",
    "rating": "6",
    "author": "rava****",
    "review_id": "4134604",
    "movie_id": "43607"
  },
  {
    "review": "스푸너 귀여워서 +1 줬다. 이딴 막장처음보네여 ^^",
    "date": "09.09.12",
    "rating": "2",
    "author": "epri****",
    "review_id": "3826853",
    "movie_id": "43607"
  },
  {
    "review": "정말 미친듯이 쓰레기같은 공포영화 엠 차 ㅇ 무서운부분이 하나도없었네",
    "date": "09.08.01",
    "rating": "1",
    "author": "awed****",
    "review_id": "3693855",
    "movie_id": "43607"
  },
  {
    "review": "역시 결말이 아쉽네요.",
    "date": "09.06.28",
    "rating": "5",
    "author": "gsin****",
    "review_id": "3598119",
    "movie_id": "43607"
  },
  {
    "review": "남자애가 문에 테이프 붙이는 거 보고 뿜었어요ㅋㅋㅋ앜 배아파ㅋㅋ",
    "date": "09.06.22",
    "rating": "10",
    "author": "tsmh****",
    "review_id": "3581369",
    "movie_id": "43607"
  },
  {
    "review": "할말을 잃게 만드는 상당히 뭔가 이상한 영화... _-_;;;",
    "date": "09.06.13",
    "rating": "1",
    "author": "shin****",
    "review_id": "3561561",
    "movie_id": "43607"
  },
  {
    "review": "출발 비디오 여행 미워할거얌.",
    "date": "09.05.04",
    "rating": "1",
    "author": "loft****",
    "review_id": "3464966",
    "movie_id": "43607"
  },
  {
    "review": "결말이 별로",
    "date": "09.05.03",
    "rating": "1",
    "author": "jimm****",
    "review_id": "3462419",
    "movie_id": "43607"
  },
  {
    "review": "뻔한 이야기",
    "date": "09.05.03",
    "rating": "1",
    "author": "dias****",
    "review_id": "3462099",
    "movie_id": "43607"
  },
  {
    "review": "산만하고 응집력이 부족하다",
    "date": "09.04.21",
    "rating": "5",
    "author": "skat****",
    "review_id": "3432809",
    "movie_id": "43607"
  },
  {
    "review": "모냐 이 결말은.ㅋㅋㅋㅋㅋㅋㅋㅋㅋㅋㅋㅋ진짜어이없다",
    "date": "09.03.12",
    "rating": "6",
    "author": "18sc****",
    "review_id": "3361740",
    "movie_id": "43607"
  },
  {
    "review": "헐..이게 2005년도작? 90년대후반같은 느낌은 뭐지..// 러닝타임90분이 1.5배된듯한",
    "date": "09.02.23",
    "rating": "5",
    "author": "yeei****",
    "review_id": "3328419",
    "movie_id": "43607"
  },
  {
    "review": "공포 영화치고 15세 관람가란걸 미리 봤어야 했는데...",
    "date": "09.02.21",
    "rating": "3",
    "author": "ksk1****",
    "review_id": "3322345",
    "movie_id": "43607"
  },
  {
    "review": "티비에서 재밌게봤는데 왜케 평점이짜지..ㅎㅎㅎ",
    "date": "09.02.08",
    "rating": "10",
    "author": "myki****",
    "review_id": "3288766",
    "movie_id": "43607"
  },
  {
    "review": "99분의 시간이 짧음에도 불구하고 지루함이 느껴진다..",
    "date": "09.02.08",
    "rating": "3",
    "author": "back****",
    "review_id": "3287093",
    "movie_id": "43607"
  },
  {
    "review": "시작은 기대를 주지만 완전 개뿔 최악중 하나",
    "date": "09.02.08",
    "rating": "1",
    "author": "nomo****",
    "review_id": "3286487",
    "movie_id": "43607"
  },
  {
    "review": "앞으로 메기 그레이스 영화안볼거다!!!!!!!!!!!!!!!!!!!11",
    "date": "09.02.01",
    "rating": "1",
    "author": "nd07****",
    "review_id": "3268906",
    "movie_id": "43607"
  },
  {
    "review": "인과응보란 그럴듯한 주제를 정말 시시하고 평범한 방식으로 풀어간다.",
    "date": "09.01.30",
    "rating": "3",
    "author": "baks****",
    "review_id": "3264347",
    "movie_id": "43607"
  },
  {
    "review": "지루하다....재미없다...별로 공포가 없다........",
    "date": "09.01.30",
    "rating": "3",
    "author": "psy9****",
    "review_id": "3262387",
    "movie_id": "43607"
  },
  {
    "review": "그냥 시간때울만한 영화다",
    "date": "09.01.29",
    "rating": "6",
    "author": "glgl****",
    "review_id": "3262029",
    "movie_id": "43607"
  },
  {
    "review": "공포도 아니고 액션도 아니고 미스터리도 아니고 스릴러도 아니고..",
    "date": "09.01.13",
    "rating": "1",
    "author": "nada****",
    "review_id": "3218850",
    "movie_id": "43607"
  },
  {
    "review": "나중엔 뭔가 있겠지 하고 보다가 종반에 자아반성으로 치닫는 영화",
    "date": "09.01.06",
    "rating": "3",
    "author": "qudr****",
    "review_id": "3197804",
    "movie_id": "43607"
  },
  {
    "review": "난 이거 좋던데 음 결말 안습뭐임?",
    "date": "09.01.06",
    "rating": "10",
    "author": "boom****",
    "review_id": "3197744",
    "movie_id": "43607"
  },
  {
    "review": "요새 공포영화 치고는 썩 나쁘지 않다",
    "date": "09.01.06",
    "rating": "8",
    "author": "exci****",
    "review_id": "3195916",
    "movie_id": "43607"
  },
  {
    "review": "영화 초반부 관심끌기는 좋은데 후반부 참.. 할말도 없음..",
    "date": "08.11.29",
    "rating": "3",
    "author": "0220****",
    "review_id": "3078667",
    "movie_id": "43607"
  },
  {
    "review": "유리창 깨부쉬는 영화",
    "date": "08.09.08",
    "rating": "6",
    "author": "humo****",
    "review_id": "2931386",
    "movie_id": "43607"
  },
  {
    "review": "어디서 많이 보던 사람이네...클락켄트ㅡㅡ;",
    "date": "08.06.10",
    "rating": "6",
    "author": "wook****",
    "review_id": "2691009",
    "movie_id": "43607"
  },
  {
    "review": "배우가 아까워 배우가...",
    "date": "08.06.04",
    "rating": "3",
    "author": "fait****",
    "review_id": "2679839",
    "movie_id": "43607"
  },
  {
    "review": "와놔 채널CGV에서 하길래 믿고 봤더니 완전 개 낚였음.. 뭔 재난 영화인줄 알았음",
    "date": "08.05.26",
    "rating": "1",
    "author": "js54****",
    "review_id": "2664221",
    "movie_id": "43607"
  },
  {
    "review": "소설보고 본 사람들 피똥 싸게만든 영화. 셀마 블레어 빼곤 볼게 없구나...",
    "date": "08.05.26",
    "rating": "5",
    "author": "orph****",
    "review_id": "2664217",
    "movie_id": "43607"
  },
  {
    "review": "이영화는 미국영화인데 왜 쪽바리라는 소리를 들어야하고 또 왠 정부조작말이나오지?",
    "date": "08.05.25",
    "rating": "10",
    "author": "pouz****",
    "review_id": "2661626",
    "movie_id": "43607"
  },
  {
    "review": "내가 몰 그렇게 잘못햇냐?",
    "date": "08.05.05",
    "rating": "1",
    "author": "lsj1****",
    "review_id": "2617620",
    "movie_id": "43607"
  },
  {
    "review": "진정한 쪽박영화..",
    "date": "08.05.01",
    "rating": "3",
    "author": "evil****",
    "review_id": "2609838",
    "movie_id": "43607"
  },
  {
    "review": "왜 이영화가 1위? ㅡㅡ;;",
    "date": "08.05.01",
    "rating": "10",
    "author": "dfen****",
    "review_id": "2608114",
    "movie_id": "43607"
  },
  {
    "review": "머임갑자기 왠 듣보잡영화가",
    "date": "08.05.01",
    "rating": "10",
    "author": "jusj****",
    "review_id": "2608096",
    "movie_id": "43607"
  },
  {
    "review": "이명박 정부의 언론조작 쩌는데??",
    "date": "08.05.01",
    "rating": "1",
    "author": "jyk9****",
    "review_id": "2608090",
    "movie_id": "43607"
  },
  {
    "review": "뭔이런 듣보잡영화가 검색어1위야!! 언론조작 쩌네",
    "date": "08.05.01",
    "rating": "10",
    "author": "redj****",
    "review_id": "2608047",
    "movie_id": "43607"
  },
  {
    "review": "매기 그레이스, 톰 웰링 두사람이 좋아서 별 반개 추가~",
    "date": "08.04.02",
    "rating": "5",
    "author": "gree****",
    "review_id": "2554872",
    "movie_id": "43607"
  },
  {
    "review": "전미 박스오피스1위의 공포작...은 한국에 상륙하지 말길",
    "date": "08.02.07",
    "rating": "1",
    "author": "soon****",
    "review_id": "2418195",
    "movie_id": "43607"
  },
  {
    "review": "섀넌이다.",
    "date": "08.01.23",
    "rating": "10",
    "author": "ehfd****",
    "review_id": "2360319",
    "movie_id": "43607"
  },
  {
    "review": "내 시간...",
    "date": "08.01.13",
    "rating": "1",
    "author": "rigg****",
    "review_id": "2325621",
    "movie_id": "43607"
  },
  {
    "review": "여자친구랑 싸울뻔햇다...",
    "date": "07.08.18",
    "rating": "1",
    "author": "rjh1****",
    "review_id": "1955526",
    "movie_id": "43607"
  },
  {
    "review": "마지막에 선장과 엘리자벳의 키스씬왠지 감동적이다",
    "date": "07.07.01",
    "rating": "10",
    "author": "zkdn****",
    "review_id": "1735777",
    "movie_id": "43607"
  },
  {
    "review": "이영화 공포영화 맞나?",
    "date": "07.05.01",
    "rating": "1",
    "author": "dmb1****",
    "review_id": "1614213",
    "movie_id": "43607"
  },
  {
    "review": "절대 비추천!!!!! 시간낭비",
    "date": "07.04.16",
    "rating": "1",
    "author": "myhy****",
    "review_id": "1592220",
    "movie_id": "43607"
  },
  {
    "review": "공포영화도 아닌게 공포인척 하네 -_-",
    "date": "07.02.07",
    "rating": "1",
    "author": "klm3****",
    "review_id": "1450429",
    "movie_id": "43607"
  },
  {
    "review": "도대체 내가 왜 이걸 끝까지 봤을까 후회가...",
    "date": "07.01.15",
    "rating": "2",
    "author": "magn****",
    "review_id": "1386687",
    "movie_id": "43607"
  },
  {
    "review": "리메이크한영화죠. 그저 그랬습니다.",
    "date": "06.12.18",
    "rating": "4",
    "author": "offw****",
    "review_id": "1301980",
    "movie_id": "43607"
  },
  {
    "review": "끝맺음 졸라 엉성해; 자른거냐;",
    "date": "06.12.17",
    "rating": "1",
    "author": "dnjs****",
    "review_id": "1299601",
    "movie_id": "43607"
  },
  {
    "review": "뭐 별로 재밌진 않았지만 이렇게 평점이 낮을 줄이야..",
    "date": "06.11.17",
    "rating": "5",
    "author": "styo****",
    "review_id": "1236632",
    "movie_id": "43607"
  },
  {
    "review": "와우~!! 이런 쓰레기영화 오랫만인걸~~ -_-;;",
    "date": "06.10.20",
    "rating": "1",
    "author": "hide****",
    "review_id": "1190615",
    "movie_id": "43607"
  },
  {
    "review": "오랜만에 나온 서양의 유령영화로 괜찮았다.반전도 나름 굿",
    "date": "06.09.19",
    "rating": "7",
    "author": "love****",
    "review_id": "1131854",
    "movie_id": "43607"
  },
  {
    "review": "평점 높게 주는사람들은 정말 재미있어서일까?",
    "date": "06.09.13",
    "rating": "2",
    "author": "arth****",
    "review_id": "1119606",
    "movie_id": "43607"
  },
  {
    "review": "난 그럭저럭 봤다 결말이 좀 허무했지만...",
    "date": "06.08.22",
    "rating": "5",
    "author": "vust****",
    "review_id": "1068207",
    "movie_id": "43607"
  },
  {
    "review": "공포를소재로한게아닌것같다 걍 볼만",
    "date": "06.08.10",
    "rating": "2",
    "author": "wndk****",
    "review_id": "990309",
    "movie_id": "43607"
  },
  {
    "review": "짜증날만큼 듣기싫은 쿵쿵쿵 소리~공포,스릴이 없다",
    "date": "06.08.04",
    "rating": "6",
    "author": "ilov****",
    "review_id": "969888",
    "movie_id": "43607"
  },
  {
    "review": "이 정도면 괜찮지 않나?!-_- 안개의 의민 모르겠당ㅡㅡ",
    "date": "06.08.03",
    "rating": "8",
    "author": "gomd****",
    "review_id": "962738",
    "movie_id": "43607"
  },
  {
    "review": "뭐 결말이 이래? ㅠㅠ",
    "date": "06.08.01",
    "rating": "6",
    "author": "dlsk****",
    "review_id": "953889",
    "movie_id": "43607"
  },
  {
    "review": "공포영화...알고보면 슬픈내용..",
    "date": "06.07.30",
    "rating": "7",
    "author": "cybe****",
    "review_id": "940880",
    "movie_id": "43607"
  },
  {
    "review": "공포영화라고 할수없음 유치하고 어이없다",
    "date": "06.07.20",
    "rating": "1",
    "author": "rlae****",
    "review_id": "910017",
    "movie_id": "43607"
  },
  {
    "review": "이건공포가아니다차라리 피터팬이 더무섭다후크선장이.퉷",
    "date": "06.07.18",
    "rating": "2",
    "author": "oh06****",
    "review_id": "902871",
    "movie_id": "43607"
  },
  {
    "review": "미국박스오피스1위 거저먹은 안개 달랑1200달러에 박스오피스1위",
    "date": "06.07.16",
    "rating": "1",
    "author": "skeh****",
    "review_id": "898167",
    "movie_id": "43607"
  },
  {
    "review": "별로....",
    "date": "06.07.13",
    "rating": "5",
    "author": "baga****",
    "review_id": "888169",
    "movie_id": "43607"
  },
  {
    "review": "후반에 너무 보여준다..공포영화는 아닌듯..ㅋㅋ",
    "date": "06.07.12",
    "rating": "7",
    "author": "7fro****",
    "review_id": "887057",
    "movie_id": "43607"
  },
  {
    "review": "뎀과 맞먹는 영화 안개가끼면 그들이온다 자면서본영화;;",
    "date": "06.07.09",
    "rating": "3",
    "author": "rase****",
    "review_id": "881441",
    "movie_id": "43607"
  },
  {
    "review": "이것도 공포라고...어설프연기;;;",
    "date": "06.07.09",
    "rating": "3",
    "author": "reki****",
    "review_id": "879718",
    "movie_id": "43607"
  },
  {
    "review": "쿵쿵소리때문에 4점 그외엔 없다.",
    "date": "06.07.04",
    "rating": "4",
    "author": "waka****",
    "review_id": "869343",
    "movie_id": "43607"
  },
  {
    "review": "전설의고향의서양판같다. 한을품은영혼들의복수.",
    "date": "06.07.01",
    "rating": "5",
    "author": "jeas****",
    "review_id": "865145",
    "movie_id": "43607"
  },
  {
    "review": "별로 잼엄써요..",
    "date": "06.06.29",
    "rating": "4",
    "author": "juha****",
    "review_id": "862531",
    "movie_id": "43607"
  },
  {
    "review": "하하하 진짜 쓰레기다. 시간이 아깝다 썅",
    "date": "06.06.22",
    "rating": "1",
    "author": "daup****",
    "review_id": "853182",
    "movie_id": "43607"
  },
  {
    "review": "....혹시나 하는 기대도 갖지 마라",
    "date": "06.06.17",
    "rating": "2",
    "author": "in_c****",
    "review_id": "847587",
    "movie_id": "43607"
  },
  {
    "review": "1점주기에도아까운영화 시간이 너무아깝다 쩝;",
    "date": "06.06.17",
    "rating": "1",
    "author": "pian****",
    "review_id": "847179",
    "movie_id": "43607"
  },
  {
    "review": "공포영화 마자?",
    "date": "06.06.16",
    "rating": "1",
    "author": "jink****",
    "review_id": "845701",
    "movie_id": "43607"
  },
  {
    "review": "마지막까지 참고 본 내가 자랑스럽다. 안개, 그리고...끝.",
    "date": "06.06.14",
    "rating": "1",
    "author": "olip****",
    "review_id": "843737",
    "movie_id": "43607"
  },
  {
    "review": "올해의 외국공포영화 왜그러니? 지데로 짜증이당.",
    "date": "06.06.11",
    "rating": "1",
    "author": "ige0****",
    "review_id": "841345",
    "movie_id": "43607"
  },
  {
    "review": "안개말고는 아무것도 보이지 않는 영화",
    "date": "06.06.10",
    "rating": "4",
    "author": "ky21****",
    "review_id": "839275",
    "movie_id": "43607"
  },
  {
    "review": "저급 영화 졸작에 불과하다.",
    "date": "06.06.10",
    "rating": "2",
    "author": "aleg****",
    "review_id": "838593",
    "movie_id": "43607"
  },
  {
    "review": "존 카펜터 원작을 많이 깍아내렸다고는 보지 않는다",
    "date": "06.06.06",
    "rating": "6",
    "author": "hyee****",
    "review_id": "834510",
    "movie_id": "43607"
  },
  {
    "review": "차라리 리메이크 하지말지...존카펜터 원작에 누를 끼치는영화!",
    "date": "06.06.06",
    "rating": "2",
    "author": "popq****",
    "review_id": "834267",
    "movie_id": "43607"
  },
  {
    "review": "스몰빌 클락보는 맛으로 ㅡㅡ;",
    "date": "06.06.06",
    "rating": "6",
    "author": "naha****",
    "review_id": "833818",
    "movie_id": "43607"
  }
]