[
  {
    "review": "좋은 설정을 써먹지도 못하고, 고꾸라지는 스토리.",
    "date": "15.06.24",
    "rating": "5",
    "author": "para****",
    "review_id": "10029165",
    "movie_id": "43610"
  },
  {
    "review": "캐릭터가 처한 상황은 흥미로운 이야기 거리를 주고, 전형성을 탈피한 현실적인 엔딩은 마음에 든다. 하지만 전체적으로는 전형적인 장르 영화에서 벗어나질 않는다.",
    "date": "15.06.07",
    "rating": "5",
    "author": "zxc1****",
    "review_id": "9982063",
    "movie_id": "43610"
  },
  {
    "review": "어떤분은 식상하다 진부하다 하는데 솔직히 남녀사랑 특별할것도 없지않나? 내사랑이니까 특별하다느끼는거지 남녀사랑모습은 그리 다르지않지 수천년이 흘러도~ 영화가 꼭 특별해서 대리만족해야하는건아니다 현실적으로 담담히 풀어낸 잔잔한영화다",
    "date": "15.05.12",
    "rating": "9",
    "author": "jush****",
    "review_id": "9912185",
    "movie_id": "43610"
  },
  {
    "review": "사랑과 현실의 경계를 너무 잘그렸다..짠하네",
    "date": "15.02.28",
    "rating": "10",
    "author": "maje****",
    "review_id": "9745334",
    "movie_id": "43610"
  },
  {
    "review": "이별로 완성되는 로맨스",
    "date": "15.01.05",
    "rating": "8",
    "author": "sksd****",
    "review_id": "9566048",
    "movie_id": "43610"
  },
  {
    "review": "Ost와 엔딩 장면이 많이 생각나는 영화, 아쉬운점은 참신한 소재로 이야기가 너무 성급하게 끝나버린 것. 중간중간 코믹한 부분때문에 지루하지 않았어요.",
    "date": "14.08.16",
    "rating": "6",
    "author": "blue****",
    "review_id": "9096614",
    "movie_id": "43610"
  },
  {
    "review": "엔딩이 참 맘에드는 영화. 보고나면 여운이 남고 생각이 많아짐. 우마서먼과 브라이언그런버그가 매우 잘어울림.",
    "date": "14.08.03",
    "rating": "10",
    "author": "koe1****",
    "review_id": "9012778",
    "movie_id": "43610"
  },
  {
    "review": "이영화를 왜 이제야봤을까 ㅋㅋㅋㅋ 정말기대안하고 보면 재밌는영화!",
    "date": "14.07.24",
    "rating": "10",
    "author": "wlsr****",
    "review_id": "8948845",
    "movie_id": "43610"
  },
  {
    "review": "현실적이라 좋다 예전에 봤는데 안 본 영화인 줄 알고 보다가 기억나서 결말만 다시 봄...",
    "date": "14.04.22",
    "rating": "7",
    "author": "till****",
    "review_id": "8665267",
    "movie_id": "43610"
  },
  {
    "review": "현실을 담고 무지 지루하다",
    "date": "14.02.17",
    "rating": "3",
    "author": "jjcv****",
    "review_id": "8517527",
    "movie_id": "43610"
  },
  {
    "review": "브라이언의 존재감?매력?이 우마서먼보다 강해서 37살의 라피를 사랑하는 23살의 데이빗의 감정이 잘 와닿질 않았다, 첫눈에 반하기엔 우마서먼이 미친듯한 절세미모도 아니고 그렇다고 매력이 드러나는 씬도 없었다는게.... 흠.",
    "date": "14.02.01",
    "rating": "6",
    "author": "gade****",
    "review_id": "8458828",
    "movie_id": "43610"
  },
  {
    "review": "간만에 괞은 멜로 봤네~~",
    "date": "13.12.24",
    "rating": "10",
    "author": "mksc****",
    "review_id": "8292446",
    "movie_id": "43610"
  },
  {
    "review": "여운이 긴 영화 결말이 현실적이라서 슬프지만 그만큼 가치있게 느껴졌다",
    "date": "13.12.24",
    "rating": "9",
    "author": "hji0****",
    "review_id": "8288897",
    "movie_id": "43610"
  },
  {
    "review": "결말땜에 다른 로맨틱영화란 차별되는 영화, 재회했을때 음악이 나오며 서로를 바라볼때 우마서먼 미소가 넘 눈물나게 짠하고 멋진장면이었다",
    "date": "13.12.23",
    "rating": "10",
    "author": "roma****",
    "review_id": "8285557",
    "movie_id": "43610"
  },
  {
    "review": "씁쓸했던 결맛 탓에 더 마음에 남는 영화.",
    "date": "13.12.19",
    "rating": "8",
    "author": "choc****",
    "review_id": "8240997",
    "movie_id": "43610"
  },
  {
    "review": "겨울 바다를 보는 기분... 여성분들에게  이영화 추천하고 싶어요ㅎ",
    "date": "13.09.25",
    "rating": "8",
    "author": "iiao****",
    "review_id": "8015394",
    "movie_id": "43610"
  },
  {
    "review": "좋으요",
    "date": "13.08.26",
    "rating": "8",
    "author": "dudr****",
    "review_id": "7922921",
    "movie_id": "43610"
  },
  {
    "review": "현실적인 결말이라 더없이좋았던..  영화를 보고있는나도 고개를 끄떡이고 미소를지어보이던 라피가  되었다",
    "date": "13.05.10",
    "rating": "9",
    "author": "suni****",
    "review_id": "7519882",
    "movie_id": "43610"
  },
  {
    "review": "특별할 것도 없는 소재로 만든 진부하고 식상한 로맨스",
    "date": "13.05.01",
    "rating": "7",
    "author": "sipj****",
    "review_id": "7498991",
    "movie_id": "43610"
  },
  {
    "review": "킬링타임용으로 적절하군",
    "date": "13.03.21",
    "rating": "6",
    "author": "guev****",
    "review_id": "7383542",
    "movie_id": "43610"
  },
  {
    "review": "그래, 이거지! 오랜만에 집중하면서 본^,^",
    "date": "13.03.09",
    "rating": "7",
    "author": "sama****",
    "review_id": "7332944",
    "movie_id": "43610"
  },
  {
    "review": "사랑보단...현실.,아...나 로맨틱코미디인줄알고 봤는데 아..같은상황경험자로 너무슬프다",
    "date": "13.02.16",
    "rating": "9",
    "author": "gynt****",
    "review_id": "7270494",
    "movie_id": "43610"
  },
  {
    "review": "나이가 더 들어서 다시 보고 싶은 영화.",
    "date": "12.11.01",
    "rating": "8",
    "author": "yama****",
    "review_id": "6840487",
    "movie_id": "43610"
  },
  {
    "review": "결말이 좀 슬펐어...",
    "date": "12.10.17",
    "rating": "9",
    "author": "mylo****",
    "review_id": "6808922",
    "movie_id": "43610"
  },
  {
    "review": "i wish you love 가 흐를때.... 그때가 이 영화의 클라이막스라고!!!",
    "date": "12.06.27",
    "rating": "8",
    "author": "arto****",
    "review_id": "6418745",
    "movie_id": "43610"
  },
  {
    "review": "결말이 완벽한 영화. 엔딩을 잊을수가 없다",
    "date": "12.06.11",
    "rating": "9",
    "author": "nobl****",
    "review_id": "6385579",
    "movie_id": "43610"
  },
  {
    "review": "조타",
    "date": "12.04.20",
    "rating": "8",
    "author": "ahhu****",
    "review_id": "6235053",
    "movie_id": "43610"
  },
  {
    "review": "너무 현실적이라서 마음 아프다..",
    "date": "12.03.21",
    "rating": "9",
    "author": "tn99****",
    "review_id": "6158224",
    "movie_id": "43610"
  },
  {
    "review": "이 영화 장면중 메릴스트립의 연기에 감탄했어요 He is my son.하면서 눈짓으로만 확인해주는 장면",
    "date": "12.02.19",
    "rating": "9",
    "author": "hans****",
    "review_id": "6087651",
    "movie_id": "43610"
  },
  {
    "review": "이 영화는 엔딩이 최고다. 1분동안 모든걸 말해주는...못잊을거같다",
    "date": "12.02.10",
    "rating": "10",
    "author": "ilov****",
    "review_id": "6064711",
    "movie_id": "43610"
  },
  {
    "review": "치밀하게 감성적인 영화.. 침대위에서 우마서먼이 널 사랑하기 때문에 못하겠다고..",
    "date": "12.01.25",
    "rating": "10",
    "author": "qkrn****",
    "review_id": "6020954",
    "movie_id": "43610"
  },
  {
    "review": "베스트",
    "date": "12.01.22",
    "rating": "10",
    "author": "maxg****",
    "review_id": "6008127",
    "movie_id": "43610"
  },
  {
    "review": "마지막 엔딩씬은 기억에 오랫동안 남을것이다.",
    "date": "12.01.21",
    "rating": "7",
    "author": "wlfa****",
    "review_id": "6006169",
    "movie_id": "43610"
  },
  {
    "review": "I wish you love~",
    "date": "12.01.20",
    "rating": "9",
    "author": "mist****",
    "review_id": "6003146",
    "movie_id": "43610"
  },
  {
    "review": "보는 내내 매우 재밌고 감명깊은 영화였다.",
    "date": "11.12.02",
    "rating": "10",
    "author": "odjs****",
    "review_id": "5883597",
    "movie_id": "43610"
  },
  {
    "review": "엔딩이 정말 좋았어요. I wish you love가 이렇게 눈물날수가..",
    "date": "11.10.18",
    "rating": "9",
    "author": "hksu****",
    "review_id": "5796857",
    "movie_id": "43610"
  },
  {
    "review": "전체적인 배경이 좀 어두웠지만 현실적인 엔딩이 맘에 든다.",
    "date": "11.10.05",
    "rating": "9",
    "author": "blai****",
    "review_id": "5772550",
    "movie_id": "43610"
  },
  {
    "review": "보는내내좋았다.마지막장면은 진짜 가슴이너무막히면서아팠다.ost가너무절묘했다굿♥",
    "date": "11.07.30",
    "rating": "10",
    "author": "jeg3****",
    "review_id": "5583439",
    "movie_id": "43610"
  },
  {
    "review": "최고!!",
    "date": "11.05.02",
    "rating": "10",
    "author": "nene****",
    "review_id": "5403196",
    "movie_id": "43610"
  },
  {
    "review": "곧이 곧대로 방식을 바꾼 그들이 훌륭한것..",
    "date": "11.04.30",
    "rating": "9",
    "author": "tleo****",
    "review_id": "5398457",
    "movie_id": "43610"
  },
  {
    "review": "결국현실을극복하지못하는건가?? 지루하지만의미있는영화",
    "date": "11.02.21",
    "rating": "10",
    "author": "love****",
    "review_id": "5262487",
    "movie_id": "43610"
  },
  {
    "review": "이별을 두려워하지않는.....",
    "date": "11.01.17",
    "rating": "10",
    "author": "hlto****",
    "review_id": "5165470",
    "movie_id": "43610"
  },
  {
    "review": "아.......기분좋다. 좋은 멜로영화하나 봤네요",
    "date": "10.12.31",
    "rating": "9",
    "author": "pmsc****",
    "review_id": "5108225",
    "movie_id": "43610"
  },
  {
    "review": "어떻게 끝날지 영화보는 내내 궁금했는데... 적당한 여운과 깔끔함이 녹아있는 영화!",
    "date": "10.10.23",
    "rating": "8",
    "author": "thew****",
    "review_id": "4917934",
    "movie_id": "43610"
  },
  {
    "review": "깔끔한 영화.",
    "date": "10.10.08",
    "rating": "8",
    "author": "marc****",
    "review_id": "4891520",
    "movie_id": "43610"
  },
  {
    "review": "굿",
    "date": "10.10.01",
    "rating": "10",
    "author": "redk****",
    "review_id": "4877610",
    "movie_id": "43610"
  },
  {
    "review": "결말진짜좋더군요........ 우마서먼의 그 미소..... 잊혀지질않네요 좋았어요",
    "date": "10.07.19",
    "rating": "8",
    "author": "dnvk****",
    "review_id": "4651898",
    "movie_id": "43610"
  },
  {
    "review": "Very good!'",
    "date": "10.06.18",
    "rating": "9",
    "author": "nost****",
    "review_id": "4573340",
    "movie_id": "43610"
  },
  {
    "review": "수십번 수백번 보더라도 질리지 않는 마지막 1분...",
    "date": "10.03.23",
    "rating": "10",
    "author": "keep****",
    "review_id": "4378799",
    "movie_id": "43610"
  },
  {
    "review": "후반부로 갈수록 재치가 떨어지는 느낌, 아쉽다.",
    "date": "10.03.16",
    "rating": "7",
    "author": "gwen****",
    "review_id": "4361694",
    "movie_id": "43610"
  },
  {
    "review": "색다른 느낌과 여운속에 몰입시켜주는 엔딩이 좋았다.",
    "date": "10.03.01",
    "rating": "9",
    "author": "kyh_****",
    "review_id": "4325775",
    "movie_id": "43610"
  },
  {
    "review": "꽤 괜찮은 영화. 아주 맘에 들어요",
    "date": "10.02.26",
    "rating": "10",
    "author": "neol****",
    "review_id": "4318448",
    "movie_id": "43610"
  },
  {
    "review": "로그인해서 평점준적 처음이라는...정말 현실적이면서 재밌었음",
    "date": "10.01.29",
    "rating": "10",
    "author": "haop****",
    "review_id": "4219968",
    "movie_id": "43610"
  },
  {
    "review": "여운이 두둥실~실실실실",
    "date": "10.01.25",
    "rating": "10",
    "author": "jaem****",
    "review_id": "4206733",
    "movie_id": "43610"
  },
  {
    "review": "볼만한 영화~ 마지막은 현실적이어서 더 좋았던~",
    "date": "10.01.18",
    "rating": "9",
    "author": "slay****",
    "review_id": "4181791",
    "movie_id": "43610"
  },
  {
    "review": "영화가 이렇게 끝나야 정상임 ㅋㅋㅋㅋㅋㅋㅋㅋ 제대로 끝낫",
    "date": "09.12.26",
    "rating": "10",
    "author": "qmam****",
    "review_id": "4087332",
    "movie_id": "43610"
  },
  {
    "review": "아..너무감동ㅠ",
    "date": "09.12.05",
    "rating": "10",
    "author": "vnta****",
    "review_id": "4016616",
    "movie_id": "43610"
  },
  {
    "review": "우마서먼 너무 좋다. 지극히 현실적이고 매력있는 영화다",
    "date": "09.11.11",
    "rating": "8",
    "author": "o0wl****",
    "review_id": "3951566",
    "movie_id": "43610"
  },
  {
    "review": "엔딩 장면이 좋고 소소한 일상과 고민과 연애가 공감을 주어 재밌게 보았어여~",
    "date": "09.09.10",
    "rating": "9",
    "author": "mhho****",
    "review_id": "3822446",
    "movie_id": "43610"
  },
  {
    "review": "재밌네..",
    "date": "09.09.08",
    "rating": "7",
    "author": "bkm1****",
    "review_id": "3819509",
    "movie_id": "43610"
  },
  {
    "review": "그럭저럭 볼만한 영화..",
    "date": "09.09.02",
    "rating": "7",
    "author": "bkm1****",
    "review_id": "3807194",
    "movie_id": "43610"
  },
  {
    "review": "가볍게 괜찮네.",
    "date": "09.09.02",
    "rating": "8",
    "author": "diri****",
    "review_id": "3806684",
    "movie_id": "43610"
  },
  {
    "review": "멜로영화 싫어하는데 이건 정말 재미있게 봤음. 가슴 짠한 엔딩...",
    "date": "09.08.29",
    "rating": "10",
    "author": "mugu****",
    "review_id": "3795676",
    "movie_id": "43610"
  },
  {
    "review": "잘나가다 허무하네",
    "date": "09.08.06",
    "rating": "7",
    "author": "tnfu****",
    "review_id": "3715876",
    "movie_id": "43610"
  },
  {
    "review": "브라이언 그린버그라는 새로운 인물의 발견과 엔딩장면은 오래 기억될 것이다",
    "date": "09.06.22",
    "rating": "10",
    "author": "spec****",
    "review_id": "3581617",
    "movie_id": "43610"
  },
  {
    "review": "연상 여자친구와 함께 보면서 여자친구가 많은 눈물을 흘렸던 영화",
    "date": "09.06.05",
    "rating": "10",
    "author": "juns****",
    "review_id": "3545463",
    "movie_id": "43610"
  },
  {
    "review": "그 둘의 사랑은 나를 부럽게 했다",
    "date": "09.05.27",
    "rating": "9",
    "author": "shen****",
    "review_id": "3525327",
    "movie_id": "43610"
  },
  {
    "review": "ost 좋고 연기 좋고 내용 좋고 엔딩죽이고 아진짜 추워진다싶으면다시보는영화",
    "date": "09.03.15",
    "rating": "10",
    "author": "hoyz****",
    "review_id": "3368923",
    "movie_id": "43610"
  },
  {
    "review": "아주 편안한 휴식을 즐긴 느낌. 마지막의 우마서먼의 미소",
    "date": "09.02.01",
    "rating": "9",
    "author": "jwpu****",
    "review_id": "3269875",
    "movie_id": "43610"
  },
  {
    "review": "여자랑헤어지고나서다시보면 눈물난다. 매년다시보고있다 우마서먼 최고다.",
    "date": "09.01.28",
    "rating": "10",
    "author": "no10****",
    "review_id": "3258741",
    "movie_id": "43610"
  },
  {
    "review": "메릴 스트립, 할리우드의 애드벌룬이자 방패 이말 좀 공감가긴함",
    "date": "09.01.20",
    "rating": "7",
    "author": "post****",
    "review_id": "3235886",
    "movie_id": "43610"
  },
  {
    "review": "아 우마서먼..ㅠ.ㅠ;;; 마지막 장면에서의 그 미소...ㅠ.ㅠ;;; 영화정말 좋았습니다.",
    "date": "09.01.18",
    "rating": "10",
    "author": "whit****",
    "review_id": "3228737",
    "movie_id": "43610"
  },
  {
    "review": "엔딩에서의 우마서먼과 브라이언의 표정이...많은 생각을 하게 만든다.",
    "date": "09.01.17",
    "rating": "10",
    "author": "tmdg****",
    "review_id": "3227437",
    "movie_id": "43610"
  },
  {
    "review": "잼없닭",
    "date": "08.12.28",
    "rating": "1",
    "author": "yuki****",
    "review_id": "3159900",
    "movie_id": "43610"
  },
  {
    "review": "적당한 여백, 절제할 줄 아는 인내심, 그리고 친근한 말투.",
    "date": "08.12.26",
    "rating": "7",
    "author": "skat****",
    "review_id": "3151366",
    "movie_id": "43610"
  },
  {
    "review": "진짜 감동적인 영화 ㅠㅠㅠ 여운이 계속 남는다....",
    "date": "08.12.19",
    "rating": "10",
    "author": "iam_****",
    "review_id": "3130971",
    "movie_id": "43610"
  },
  {
    "review": "메릴 스트립의 연기마저도 무색하게 만드는 심각한 수준의 각본과 연출",
    "date": "08.12.16",
    "rating": "2",
    "author": "nipp****",
    "review_id": "3123604",
    "movie_id": "43610"
  },
  {
    "review": "마냥 해피엔딩이 아니라 현실적이네요 훌륭한영화입니다.",
    "date": "08.11.16",
    "rating": "10",
    "author": "gree****",
    "review_id": "3054113",
    "movie_id": "43610"
  },
  {
    "review": "재밌네요..마지막이 좀 많이 아쉽긴 하지만요..",
    "date": "08.11.13",
    "rating": "7",
    "author": "sunn****",
    "review_id": "3047385",
    "movie_id": "43610"
  },
  {
    "review": "정말 감동적이지만 가슴 아팠던 영화..제 기억속에 오랫동안 남을 것 같네요",
    "date": "08.11.04",
    "rating": "10",
    "author": "jsdy****",
    "review_id": "3034358",
    "movie_id": "43610"
  },
  {
    "review": "멋진 엔딩..우마서먼의 미소에 과감하게 별다섯개를...",
    "date": "08.10.07",
    "rating": "10",
    "author": "qkth****",
    "review_id": "2988097",
    "movie_id": "43610"
  },
  {
    "review": "무언가 있어야할것이 빠진듯한 느낌의 영화...엔딩 굿",
    "date": "08.10.07",
    "rating": "6",
    "author": "nala****",
    "review_id": "2988095",
    "movie_id": "43610"
  },
  {
    "review": "캐스팅, 구성, 음악 모두 훌륭한 영화.",
    "date": "08.09.19",
    "rating": "10",
    "author": "skyl****",
    "review_id": "2957156",
    "movie_id": "43610"
  },
  {
    "review": "아픈 만큼 더욱 성숙해지기를..",
    "date": "08.08.29",
    "rating": "6",
    "author": "movi****",
    "review_id": "2908746",
    "movie_id": "43610"
  },
  {
    "review": "Good! 모든 걸 포용하는 우마 서먼의 마지막 미소가 애틋하다.",
    "date": "08.08.24",
    "rating": "10",
    "author": "rite****",
    "review_id": "2899269",
    "movie_id": "43610"
  },
  {
    "review": "볼만하지만 영화가 왜 영화인가? 너무 현실성을 부각시킨 것이 안타깝다",
    "date": "08.08.10",
    "rating": "9",
    "author": "dudo****",
    "review_id": "2857414",
    "movie_id": "43610"
  },
  {
    "review": "사랑, 관계에 관한 메시지는 좋지만, 표현방식이 뚜렷하지도 않고, 지루하기도 하다.",
    "date": "08.07.12",
    "rating": "7",
    "author": "laps****",
    "review_id": "2757997",
    "movie_id": "43610"
  },
  {
    "review": "엔딩 때문에 더 좋았던 영화~! 재미, 감동, 캐스팅 모두 굿!!!",
    "date": "08.07.12",
    "rating": "10",
    "author": "gosy****",
    "review_id": "2756093",
    "movie_id": "43610"
  },
  {
    "review": "그냥 나쁘지 않은 수준의 영화. 현실적인 감각이 살아있는 것이 특징",
    "date": "08.06.12",
    "rating": "5",
    "author": "evil****",
    "review_id": "2693661",
    "movie_id": "43610"
  },
  {
    "review": "헤어짐이 있지만 사랑했었음으로 행복하다.",
    "date": "08.06.05",
    "rating": "10",
    "author": "limi****",
    "review_id": "2680275",
    "movie_id": "43610"
  },
  {
    "review": "good..",
    "date": "08.05.30",
    "rating": "10",
    "author": "zerl****",
    "review_id": "2670876",
    "movie_id": "43610"
  },
  {
    "review": "현실적인 엔딩이라 좋다",
    "date": "08.05.24",
    "rating": "8",
    "author": "leh0****",
    "review_id": "2658820",
    "movie_id": "43610"
  },
  {
    "review": "move on. 씁쓸하지만 아름답다.  성숙한 로맨틱 코메디",
    "date": "08.05.20",
    "rating": "10",
    "author": "arie****",
    "review_id": "2653057",
    "movie_id": "43610"
  },
  {
    "review": "둘만의 극한생활속에서도 마지막까지 그 감동은 마음으로만 느낄수 있을거 같애요.",
    "date": "08.05.14",
    "rating": "10",
    "author": "aod3****",
    "review_id": "2640865",
    "movie_id": "43610"
  },
  {
    "review": "보는내내가슴이콩닥콩닥...브라이언에게완전빠졌음.결혼이아닌연애이기에예쁨",
    "date": "08.05.11",
    "rating": "10",
    "author": "dalk****",
    "review_id": "2633678",
    "movie_id": "43610"
  },
  {
    "review": "일요일 아침에  온스타일에서 하는거 보면서 울었다 ㅜ BGM도 감성을후벼팠음 ㅜㅜ",
    "date": "08.05.11",
    "rating": "10",
    "author": "kero****",
    "review_id": "2632443",
    "movie_id": "43610"
  },
  {
    "review": "오프닝부터 ghostwriter! ost도 좋고 영화도 재밌구 :)",
    "date": "08.03.12",
    "rating": "8",
    "author": "vivi****",
    "review_id": "2516669",
    "movie_id": "43610"
  },
  {
    "review": "굉장이 맘에 드는 영화지만 마지막 너무 아쉽다 나는 해피앤딩을 원한다 사랑..",
    "date": "08.02.20",
    "rating": "9",
    "author": "qwe1****",
    "review_id": "2464961",
    "movie_id": "43610"
  },
  {
    "review": "우마서먼은 연기파. 원래대로 산드라블록였음 산드라밖에없는영화가 됐겠지",
    "date": "08.02.17",
    "rating": "10",
    "author": "muse****",
    "review_id": "2454275",
    "movie_id": "43610"
  },
  {
    "review": "시대가 좋았어 영화도 좋앗어",
    "date": "08.02.17",
    "rating": "10",
    "author": "sawy****",
    "review_id": "2453584",
    "movie_id": "43610"
  }
]