[
  {
    "review": "예쁜 이름이 기억에 남는 영화였네요 아리 조강..",
    "date": "15.08.09",
    "rating": "6",
    "author": "yshb****",
    "review_id": "10207625",
    "movie_id": "43681"
  },
  {
    "review": "감동적이고 재밌어요!!!",
    "date": "15.07.10",
    "rating": "10",
    "author": "wlsk****",
    "review_id": "10088125",
    "movie_id": "43681"
  },
  {
    "review": "순수한사랑이야기 마음까지따뜻해지는",
    "date": "15.06.22",
    "rating": "10",
    "author": "gipp****",
    "review_id": "10022359",
    "movie_id": "43681"
  },
  {
    "review": "옛모습의 강혜정..ㅠㅠ",
    "date": "15.03.18",
    "rating": "10",
    "author": "yeri****",
    "review_id": "9790584",
    "movie_id": "43681"
  },
  {
    "review": "제일 좋아하는 영화. 슬픔을 위한 영화가아니라 외계인라고 믿어 뻔하지않고 더 감동적으로 느꼈습니다.조강이가 아리의 말을 믿어 마지막이 슬프지않은 기억이듯,저도 조강이처럼 아리의거짓말이든 영화적 우회의 표현이든 마지막을 그대로 믿으면서 함께하고 싶습니다",
    "date": "15.01.10",
    "rating": "10",
    "author": "ant3****",
    "review_id": "9579542",
    "movie_id": "43681"
  },
  {
    "review": "평점이 왜이렇게 낮지ㅠㅠ 너무재미있게 잘봤어요ㅠㅠㅡ감동적이야",
    "date": "14.12.02",
    "rating": "9",
    "author": "ssjj****",
    "review_id": "9442013",
    "movie_id": "43681"
  },
  {
    "review": "정말 정말 좋은 영화^^",
    "date": "14.10.19",
    "rating": "10",
    "author": "nada****",
    "review_id": "9302237",
    "movie_id": "43681"
  },
  {
    "review": "안울수가 없는 작품이다",
    "date": "14.10.12",
    "rating": "10",
    "author": "naye****",
    "review_id": "9288772",
    "movie_id": "43681"
  },
  {
    "review": "별 기대없이 봤다가 푹빠져서 후기 찾아본 영화ㅠ 평점이 낮은게 이해가 안되네요 순수한 사랑이 느껴지는 ㅠㅠ",
    "date": "14.09.28",
    "rating": "10",
    "author": "smao****",
    "review_id": "9247769",
    "movie_id": "43681"
  },
  {
    "review": "조승우 강혜정의 명품연기",
    "date": "14.09.12",
    "rating": "10",
    "author": "po0o****",
    "review_id": "9206140",
    "movie_id": "43681"
  },
  {
    "review": "잘만든영화입니다. 마음이 순수해지네요. 사랑하는 연인들끼리 보면 사랑이 더욱 단단해지는 영화입니다. 추천!!",
    "date": "14.08.15",
    "rating": "10",
    "author": "hame****",
    "review_id": "9087375",
    "movie_id": "43681"
  },
  {
    "review": "항시 한발짝 뒤로 물러선 만남. 이것이 사랑이라고? 그건 아니지. 단지 이야기를 위한 이야기인 것이지.",
    "date": "14.08.12",
    "rating": "7",
    "author": "yoon****",
    "review_id": "9074868",
    "movie_id": "43681"
  },
  {
    "review": "넘 사랑스럽고 기분좋은영화^^ * 진짜 캐스팅이 완벽한것같아요~  조승우 진짜 넘귀염ㅠㅠ♡♡♡♡",
    "date": "14.08.12",
    "rating": "9",
    "author": "lena****",
    "review_id": "9071152",
    "movie_id": "43681"
  },
  {
    "review": "하루가 타블로 판박인줄 알았는데 도마뱀보니 하루는 강혜정 미니어쳐였다ㅋㅋㅋㅋ",
    "date": "14.08.05",
    "rating": "9",
    "author": "hest****",
    "review_id": "9031710",
    "movie_id": "43681"
  },
  {
    "review": "순수한 영화 두 배우의 연기도 좋고 스토리도 좋았고다만 너무 늦게 알게 되었다능",
    "date": "14.07.28",
    "rating": "10",
    "author": "silv****",
    "review_id": "8972497",
    "movie_id": "43681"
  },
  {
    "review": "첫사랑의  순수함이 잘  느껴지는 영화",
    "date": "14.07.25",
    "rating": "10",
    "author": "lotn****",
    "review_id": "8957874",
    "movie_id": "43681"
  },
  {
    "review": "별 기대없이 봤는데 정말 푹 빠져서 봤네요.눈물ㅜㅜ",
    "date": "14.07.20",
    "rating": "10",
    "author": "ultr****",
    "review_id": "8935664",
    "movie_id": "43681"
  },
  {
    "review": "아름다운 영화 잔잔하지만 지루하지 않다",
    "date": "14.07.19",
    "rating": "10",
    "author": "bkan****",
    "review_id": "8932369",
    "movie_id": "43681"
  },
  {
    "review": "지극히 흔한 이야기나 또 끝까지 보게는 되는 영화",
    "date": "14.07.16",
    "rating": "10",
    "author": "smil****",
    "review_id": "8920741",
    "movie_id": "43681"
  },
  {
    "review": "예전에도 참 순수한 영화라고 너무 좋았고 다시 무료보기가 되어있어 보고 또 울었다 너무 아름다운 영화다 사랑에 진수를 보여주는 영화이다♥♥♥",
    "date": "14.07.16",
    "rating": "10",
    "author": "asa1****",
    "review_id": "8919981",
    "movie_id": "43681"
  },
  {
    "review": "아리가 너무 불쌍하고 세상에 저런 사랑이 있을까 놀랍다..",
    "date": "14.07.07",
    "rating": "10",
    "author": "hwai****",
    "review_id": "8894341",
    "movie_id": "43681"
  },
  {
    "review": "어제 새벽에 티비로봤는데진심 완전 재밋음♥",
    "date": "14.06.14",
    "rating": "10",
    "author": "crys****",
    "review_id": "8829039",
    "movie_id": "43681"
  },
  {
    "review": "왜이제야봤지..너무순수하고 깨끗한 첫사랑...느낌의영화   한번더보고싶을만큼...!  강추",
    "date": "14.05.25",
    "rating": "10",
    "author": "hana****",
    "review_id": "8762516",
    "movie_id": "43681"
  },
  {
    "review": "동화같은 영화. 순수하다 ~~^^",
    "date": "14.05.22",
    "rating": "6",
    "author": "mmmm****",
    "review_id": "8752870",
    "movie_id": "43681"
  },
  {
    "review": "영화가 엄청 달달하다.",
    "date": "14.05.20",
    "rating": "10",
    "author": "iiii****",
    "review_id": "8749739",
    "movie_id": "43681"
  },
  {
    "review": "뻔히 보이는데 눈물난다. 지루할 정도로 뻔한 클리셰임에도 마음이 아프다.",
    "date": "14.05.19",
    "rating": "8",
    "author": "dbdb****",
    "review_id": "8748488",
    "movie_id": "43681"
  },
  {
    "review": "엄청 감동적인데 저평가 된 작품",
    "date": "14.05.16",
    "rating": "10",
    "author": "sh15****",
    "review_id": "8736967",
    "movie_id": "43681"
  },
  {
    "review": "재개봉 해야할 영화임ㅎㅎ",
    "date": "14.05.02",
    "rating": "10",
    "author": "park****",
    "review_id": "8691957",
    "movie_id": "43681"
  },
  {
    "review": "초반에는 참 시간 잘 흘러갔는데 후반 갈수록 뻔해진다.",
    "date": "14.04.24",
    "rating": "7",
    "author": "a109****",
    "review_id": "8670578",
    "movie_id": "43681"
  },
  {
    "review": "아름다운 사랑은, 특히나 첫사랑은 참 많이도 슬픈 것 같다. 나는 시간이 흘러도 새로운 사랑을 만나지도 못하고, 첫사랑만을 다시, 또다시 떠올리기만 한다.",
    "date": "14.04.20",
    "rating": "10",
    "author": "ach8****",
    "review_id": "8662251",
    "movie_id": "43681"
  },
  {
    "review": "정말재미있게봤습니다재미있고감동적이였었고이작품은기대이상으로완벽한작품이란거를두번이나아니계속확인하게해주는작품인거같습니다정말조승우의매력을계속확인할수있는작품이였었고강혜정의연기도정말대단하다고느낄정도로좋은작품을보았던거같습니다 평점10점과함께계속보고싶습니다",
    "date": "14.04.20",
    "rating": "10",
    "author": "ooy5****",
    "review_id": "8660292",
    "movie_id": "43681"
  },
  {
    "review": "평점이 생각보다 낮은듯...예쁜 영화",
    "date": "14.04.19",
    "rating": "10",
    "author": "llda****",
    "review_id": "8659684",
    "movie_id": "43681"
  },
  {
    "review": "도입부엔 몰랐다 마음아프고 찡한 영화",
    "date": "14.04.13",
    "rating": "10",
    "author": "frec****",
    "review_id": "8648679",
    "movie_id": "43681"
  },
  {
    "review": "조승우의 순수연기는 내 마음을 맑게 만들었다. 뻔한스토리지만 그게 멜로의 맛이 아닐까..",
    "date": "14.04.06",
    "rating": "8",
    "author": "joit****",
    "review_id": "8633810",
    "movie_id": "43681"
  },
  {
    "review": "평점이 너무 낮아서 10점. 적어도 7.5이상은 되는 예쁘고 슬픈 영화",
    "date": "14.04.06",
    "rating": "10",
    "author": "naeg****",
    "review_id": "8631153",
    "movie_id": "43681"
  },
  {
    "review": "완벽하게 깨끗한 사랑 이야기",
    "date": "14.03.15",
    "rating": "10",
    "author": "als9****",
    "review_id": "8579230",
    "movie_id": "43681"
  },
  {
    "review": "조승우 연기때문에 더 감동적이였던것 같네요 ㅋㅋ 스토리도 되게 좋아요~!!!",
    "date": "14.02.14",
    "rating": "10",
    "author": "thdb****",
    "review_id": "8506863",
    "movie_id": "43681"
  },
  {
    "review": "평점이 너무 낮네요.. 영화 좋아요~~잔잔하면서 몰입되는 슬픈영화~~",
    "date": "14.02.11",
    "rating": "10",
    "author": "psae****",
    "review_id": "8497104",
    "movie_id": "43681"
  },
  {
    "review": "잘못된작명때문 아까운영화",
    "date": "14.02.04",
    "rating": "9",
    "author": "untr****",
    "review_id": "8475151",
    "movie_id": "43681"
  },
  {
    "review": "UFO의 의미?ㅋ 솔직히 이 영화 외계인이라는 주제를 빼면 여느 다를바 없는 멜로 영화다 그래서 일부러 외계인이라는 설정을 넣은것 뿐이지만 오히려 그게 감정을 잡을려는 걸 방해하기때문에 문제다 결국 영화를 다 봤을땐 '아 ㅅㅂ 꿈' 같은 느낌을 받는다",
    "date": "14.01.23",
    "rating": "5",
    "author": "lkyl****",
    "review_id": "8413708",
    "movie_id": "43681"
  },
  {
    "review": "사랑은 기억이다. 정말 가슴찡하고 순수한사랑을 볼수있었네요",
    "date": "14.01.22",
    "rating": "10",
    "author": "amy6****",
    "review_id": "8410274",
    "movie_id": "43681"
  },
  {
    "review": "개봉당시에도 참 좋아했던 영화:)1년만에 봤는데 몇번을 봐도 볼때마다 좋다 마지막 아리야 사랑해도 슬프지만 구두끈으로 아리 발목묶는 장면이 왜 그렇게 찡한지ㅠㅠ뻔히 예상이 되는데도 처음 봤을때도 그후에 생각날때마다 볼때도 펑펑울게되는 영화..",
    "date": "14.01.19",
    "rating": "10",
    "author": "brjo****",
    "review_id": "8398230",
    "movie_id": "43681"
  },
  {
    "review": "오랜만, [도마뱀].  아리와 조강이 참 예쁘네요 :) 다른말 다 필요없고-   참 예쁜영화♥",
    "date": "14.01.09",
    "rating": "10",
    "author": "vhzk****",
    "review_id": "8362149",
    "movie_id": "43681"
  },
  {
    "review": "인상 깊은 영화네요 조승우씨와 강혜정씨 정말 매력적인 인물을 연기한 것 같습니다 개인적으로는 굉장히 재밌게 봤습니다 그런데 평점이 왜 이렇게 낮을까요",
    "date": "14.01.06",
    "rating": "10",
    "author": "tyg0****",
    "review_id": "8354581",
    "movie_id": "43681"
  },
  {
    "review": "저는 개인적으로 굉장히 감동적이었어요.동화같기도 하고 순수하고 아름다웠어요현실적으로 있기 힘들 일이겠지만 그래서 더 아름다운영화 초반에 언급된 단어 순정이 딱 어울리는 영화.남자주인공의 지고지순한두 남녀의 애틋한 사랑에 펑펑 눈물이 났네요.",
    "date": "14.01.05",
    "rating": "10",
    "author": "hery****",
    "review_id": "8350630",
    "movie_id": "43681"
  },
  {
    "review": "1.6 (10자 제한)",
    "date": "13.12.28",
    "rating": "1",
    "author": "one5****",
    "review_id": "8315257",
    "movie_id": "43681"
  },
  {
    "review": "개인적인 기억과 얽혀서인지 가슴 한구석이 아릿한 영화다.  마지막씬만 좀 더 잘 처리했으면 하는 아쉬움은 남지만...",
    "date": "13.12.26",
    "rating": "9",
    "author": "love****",
    "review_id": "8307712",
    "movie_id": "43681"
  },
  {
    "review": "너무순수하고 아름다운 사랑인듯하네용 ㅠ.ㅠ",
    "date": "13.12.26",
    "rating": "9",
    "author": "hyhn****",
    "review_id": "8306598",
    "movie_id": "43681"
  },
  {
    "review": "오랜만에 어린 시절의 순수를 경험하고 그리워 하게 해 준 영화",
    "date": "13.12.03",
    "rating": "10",
    "author": "cmh0****",
    "review_id": "8188244",
    "movie_id": "43681"
  },
  {
    "review": "감동적입니다!! 너무 여운남네요",
    "date": "13.11.23",
    "rating": "10",
    "author": "kimm****",
    "review_id": "8161680",
    "movie_id": "43681"
  },
  {
    "review": "정말감동적인영화네요~조승우의사랑에다시한번반했어요♥이영화에서조승우가정말따뜻하고순수하게나오네요~~조승우짱!!마지막에울컥하는걸참았어요..ㅎㅎ옆에가족이있어서..ㅋㅋㅋㅋ",
    "date": "13.08.06",
    "rating": "10",
    "author": "tera****",
    "review_id": "7851348",
    "movie_id": "43681"
  },
  {
    "review": "난 오점 넘으면 추천 잘 만든영화같은데 처음은 좀지루하지만 가면 갈수록 진지하게 봐지는 영화내요추천할만한 영화인데 외국영화에 비해 훨씬났다",
    "date": "13.07.27",
    "rating": "7",
    "author": "kra1****",
    "review_id": "7791060",
    "movie_id": "43681"
  },
  {
    "review": "재미있고 감동적인데 평점이 너무 낮네요.. 순수하고 예쁜사랑인것 같아요.. 나중엔 슬프지만..ㅜㅜ",
    "date": "13.06.18",
    "rating": "10",
    "author": "jin5****",
    "review_id": "7655456",
    "movie_id": "43681"
  },
  {
    "review": "아리조강.....",
    "date": "13.06.07",
    "rating": "8",
    "author": "allb****",
    "review_id": "7602316",
    "movie_id": "43681"
  },
  {
    "review": "하~~~~~품.",
    "date": "13.06.03",
    "rating": "4",
    "author": "kis5****",
    "review_id": "7576359",
    "movie_id": "43681"
  },
  {
    "review": "재밌어용",
    "date": "13.06.02",
    "rating": "10",
    "author": "yebb****",
    "review_id": "7571404",
    "movie_id": "43681"
  },
  {
    "review": "노력한 흔적은 보이지만...",
    "date": "13.05.31",
    "rating": "5",
    "author": "haeg****",
    "review_id": "7564603",
    "movie_id": "43681"
  },
  {
    "review": "그런대로 볼만함.. 하지만 인상깊지는 않는 영화",
    "date": "13.05.18",
    "rating": "7",
    "author": "adiv****",
    "review_id": "7540056",
    "movie_id": "43681"
  },
  {
    "review": "UFO 씬 다음에 조승우 곁에서 숨을 거둔 아리의 모습을 연출했더라면 더 좋았을 것 같다. ^^",
    "date": "13.05.07",
    "rating": "9",
    "author": "hack****",
    "review_id": "7513804",
    "movie_id": "43681"
  },
  {
    "review": "평점이 너무 낮은데.....ㅠㅠ",
    "date": "13.04.16",
    "rating": "8",
    "author": "qnqn****",
    "review_id": "7463671",
    "movie_id": "43681"
  },
  {
    "review": "먹먹하니 잘 봤는데 평점이 꽤 낮네 조그만 부분이지만 순간순간 연기 디테일이 너무 좋았어요 다시떠올려보게되는...",
    "date": "13.02.25",
    "rating": "10",
    "author": "tmfq****",
    "review_id": "7301913",
    "movie_id": "43681"
  },
  {
    "review": "평점이 너무낮네...십점짜린아니지만 평점이너무낮아서 ..팔점후반은되야할듯한데..",
    "date": "13.02.19",
    "rating": "10",
    "author": "yjw2****",
    "review_id": "7281770",
    "movie_id": "43681"
  },
  {
    "review": "솔직히 이해못할수도있었지만 너무 순수해서보기좋았던것같다 잔잔하니 좋았다..!",
    "date": "13.01.24",
    "rating": "10",
    "author": "ehdg****",
    "review_id": "7163579",
    "movie_id": "43681"
  },
  {
    "review": "완벽하게 예상했음에도 눈물이 나온 영화. 특히 아리만을 위한 예약석이 마련된 것을 보고 마음이 많이 아팠음.. UFO씬을 어떻게 해석하느냐에 따라 평점이 갈리는 것 같은데, UFO를 UFO라고 곧이곧대로 믿는 분들은 영화 다시 보고 오셔야 할 듯...",
    "date": "12.12.27",
    "rating": "10",
    "author": "diam****",
    "review_id": "7052559",
    "movie_id": "43681"
  },
  {
    "review": "결말이 다소 황당했지만 공감된 감정표현으로 잘 이끌어진듯..조승우 짱~완전 멋짐..나중에 친구하고싶음ㅎㅎ",
    "date": "12.12.15",
    "rating": "10",
    "author": "supr****",
    "review_id": "7004895",
    "movie_id": "43681"
  },
  {
    "review": "순수하고 예쁜영화. 어린아이를 보는 기분같았다.",
    "date": "12.12.15",
    "rating": "9",
    "author": "alsd****",
    "review_id": "7004655",
    "movie_id": "43681"
  },
  {
    "review": "좋기만 한데",
    "date": "12.11.24",
    "rating": "10",
    "author": "dydw****",
    "review_id": "6920037",
    "movie_id": "43681"
  },
  {
    "review": "진짜 내인생 역대 최악의 영화라고 감히 말할수 있다. 결말을 풀어가는 방식이 완전 쓰레기.",
    "date": "12.11.17",
    "rating": "1",
    "author": "inco****",
    "review_id": "6898192",
    "movie_id": "43681"
  },
  {
    "review": "아련한 기억속에서 그리움 다시 돌아보네요..",
    "date": "12.10.22",
    "rating": "10",
    "author": "smet****",
    "review_id": "6820043",
    "movie_id": "43681"
  },
  {
    "review": "요즘 영화보다 낫다",
    "date": "12.10.07",
    "rating": "10",
    "author": "yong****",
    "review_id": "6768868",
    "movie_id": "43681"
  },
  {
    "review": "귀엽고 아름답고 가슴 절절한 영화... 그런데 왜 순정은 딸기같을까?",
    "date": "12.09.11",
    "rating": "10",
    "author": "hewn****",
    "review_id": "6687667",
    "movie_id": "43681"
  },
  {
    "review": "20대 후반인 나에게 없어져 가고있던 순수한 감성을 다시금 끌어내는 영화였다.^^",
    "date": "12.05.07",
    "rating": "10",
    "author": "coff****",
    "review_id": "6279035",
    "movie_id": "43681"
  },
  {
    "review": "정말 예쁜 영화. 마음이 깨끗해지는 느낌. 정말 순정영화라는 생각이 들어요. 아름답다..",
    "date": "12.05.07",
    "rating": "10",
    "author": "siva****",
    "review_id": "6278820",
    "movie_id": "43681"
  },
  {
    "review": "동화같은 영화, 순수한 사랑, 내 기억속에 깊이 남아있어 6년만에 찾아 본다",
    "date": "12.04.01",
    "rating": "10",
    "author": "mj_j****",
    "review_id": "6186303",
    "movie_id": "43681"
  },
  {
    "review": "잔잔하고 이쁜영화 조승우 귀엽다",
    "date": "12.03.16",
    "rating": "10",
    "author": "hmk3****",
    "review_id": "6147588",
    "movie_id": "43681"
  },
  {
    "review": "설정은 전개까지만 가져갔어야했는데 결말까지 이어질줄은 몰랐다.",
    "date": "12.02.27",
    "rating": "7",
    "author": "wlfa****",
    "review_id": "6106991",
    "movie_id": "43681"
  },
  {
    "review": "조승우씨를다시봣어요!! 정말마음에드는영화입니다ㅠㅠ 둘이정말잘어울리더라구요ㅠ",
    "date": "12.02.17",
    "rating": "10",
    "author": "pkyu****",
    "review_id": "6081700",
    "movie_id": "43681"
  },
  {
    "review": "재밌었음♡",
    "date": "12.01.07",
    "rating": "10",
    "author": "psm0****",
    "review_id": "5968458",
    "movie_id": "43681"
  },
  {
    "review": "엉뚱한 결말이 매력",
    "date": "12.01.01",
    "rating": "9",
    "author": "dnsd****",
    "review_id": "5951692",
    "movie_id": "43681"
  },
  {
    "review": "아정말...마음이 따뜻해져요...착한사람만보세요......최고의 멜로영화.",
    "date": "11.12.31",
    "rating": "10",
    "author": "hasu****",
    "review_id": "5948657",
    "movie_id": "43681"
  },
  {
    "review": "고등학생 때 둘이 알콩달콩한게 너무 예뻣다 부러움 ㅠㅠ 조승우짱",
    "date": "11.12.30",
    "rating": "10",
    "author": "hos0****",
    "review_id": "5946189",
    "movie_id": "43681"
  },
  {
    "review": "최고..",
    "date": "11.12.14",
    "rating": "10",
    "author": "juli****",
    "review_id": "5904649",
    "movie_id": "43681"
  },
  {
    "review": "애절하다",
    "date": "11.12.07",
    "rating": "9",
    "author": "dmsd****",
    "review_id": "5892195",
    "movie_id": "43681"
  },
  {
    "review": "감성핀트가 어긋나다.",
    "date": "11.10.18",
    "rating": "2",
    "author": "pria****",
    "review_id": "5796670",
    "movie_id": "43681"
  },
  {
    "review": "하나도안지루해요..ㅋㅋㅋ 조승우한테 계속 빠져드는영화",
    "date": "11.10.16",
    "rating": "10",
    "author": "bobe****",
    "review_id": "5793207",
    "movie_id": "43681"
  },
  {
    "review": "가슴이 따뜻해지는 영화",
    "date": "11.09.20",
    "rating": "10",
    "author": "sdpl****",
    "review_id": "5742205",
    "movie_id": "43681"
  },
  {
    "review": "강혜정 리즈의 마지막영화 ..",
    "date": "11.09.14",
    "rating": "9",
    "author": "sho1****",
    "review_id": "5731637",
    "movie_id": "43681"
  },
  {
    "review": "이런 영화를 만들 수도 있군요. 아리같은 친구가 있었는데...추억이밀려오네",
    "date": "11.07.24",
    "rating": "9",
    "author": "cj95****",
    "review_id": "5565648",
    "movie_id": "43681"
  },
  {
    "review": "사랑의 추억을 만들어가는 감성깊은 영화...",
    "date": "11.07.09",
    "rating": "10",
    "author": "wnl9****",
    "review_id": "5532359",
    "movie_id": "43681"
  },
  {
    "review": "조승우님만 계속 눈에 들어오는 영화......",
    "date": "11.06.17",
    "rating": "10",
    "author": "usak****",
    "review_id": "5484720",
    "movie_id": "43681"
  },
  {
    "review": "평점이 좀 더 올랐으면 해서...로그인했습니다..좋은 영화입니다..",
    "date": "11.06.04",
    "rating": "10",
    "author": "kbj5****",
    "review_id": "5464550",
    "movie_id": "43681"
  },
  {
    "review": "아리에 대한 조강이의 믿음이 너무 이뻤던 영화...",
    "date": "11.04.23",
    "rating": "10",
    "author": "whrb****",
    "review_id": "5388184",
    "movie_id": "43681"
  },
  {
    "review": "6.5정도...",
    "date": "11.03.13",
    "rating": "6",
    "author": "dong****",
    "review_id": "5310716",
    "movie_id": "43681"
  },
  {
    "review": "예쁜사랑이야기..세번보고 세번다 울었던기억이난다",
    "date": "11.03.11",
    "rating": "8",
    "author": "arua****",
    "review_id": "5305607",
    "movie_id": "43681"
  },
  {
    "review": "너무나도 예쁘면서 슬픈 사랑을 보여준 영화",
    "date": "11.02.26",
    "rating": "10",
    "author": "fgo3****",
    "review_id": "5278411",
    "movie_id": "43681"
  },
  {
    "review": "정말재밌게본영화이고, 마음을따뜻하게해주는영화!",
    "date": "11.02.24",
    "rating": "10",
    "author": "sbn0****",
    "review_id": "5271434",
    "movie_id": "43681"
  },
  {
    "review": "마음이 짠하게 아프면서도 너무너무 따뜻했던 영화.",
    "date": "11.02.11",
    "rating": "10",
    "author": "shly****",
    "review_id": "5234941",
    "movie_id": "43681"
  },
  {
    "review": "너무 감동적인 영화에요 .. 흑 후반부에 너무울었다는...",
    "date": "11.02.11",
    "rating": "10",
    "author": "qudg****",
    "review_id": "5234796",
    "movie_id": "43681"
  },
  {
    "review": "완전 감동 ㅋ",
    "date": "11.02.10",
    "rating": "10",
    "author": "rnrv****",
    "review_id": "5233737",
    "movie_id": "43681"
  },
  {
    "review": "정말 재미있게 봤어요 가슴아프네요... 병때문에 이루어질수 없는 사랑....",
    "date": "11.02.10",
    "rating": "10",
    "author": "dnjs****",
    "review_id": "5233698",
    "movie_id": "43681"
  }
]