[
  {
    "review": "너무두 슬프고 최진실이 연기가 물이 올랐을때인데 아쉬워요",
    "date": "15.05.22",
    "rating": "8",
    "author": "pihw****",
    "review_id": "9938250",
    "movie_id": "43682"
  },
  {
    "review": "어릴 때 봤는데, 유일하게 오열하면서 본 작품, 막판에 진심 오열하면서 봄...이거 이후로 그렇게 울어본 작품은 하나도 없었음 짱임",
    "date": "15.01.03",
    "rating": "10",
    "author": "tae_****",
    "review_id": "9556181",
    "movie_id": "43682"
  },
  {
    "review": "언제 다시봐도 눈물이 주륵주륵ㅜㅜ말이 필요없는 명작!!배우들 연기 최고ㅠㅠ국민배우 최진실씨가 너무 그립네요ㅜㅜ",
    "date": "14.12.15",
    "rating": "10",
    "author": "k104****",
    "review_id": "9475370",
    "movie_id": "43682"
  },
  {
    "review": "최고엿어요.. 작품성은 말도 못하지",
    "date": "14.07.11",
    "rating": "10",
    "author": "jeon****",
    "review_id": "8905606",
    "movie_id": "43682"
  },
  {
    "review": "말이필요있나....?",
    "date": "13.09.29",
    "rating": "10",
    "author": "kkm6****",
    "review_id": "8023037",
    "movie_id": "43682"
  },
  {
    "review": "배우들 연기력 최고",
    "date": "11.06.07",
    "rating": "10",
    "author": "jsk2****",
    "review_id": "5470202",
    "movie_id": "43682"
  },
  {
    "review": "가정폭력으로 물의를 일으켰답시고,최진실 길들이기에 나서더만...결국 재기하란다.",
    "date": "11.02.22",
    "rating": "1",
    "author": "baks****",
    "review_id": "5266318",
    "movie_id": "43682"
  },
  {
    "review": "슬프고 재밌었음",
    "date": "11.02.04",
    "rating": "8",
    "author": "rudd****",
    "review_id": "5215152",
    "movie_id": "43682"
  },
  {
    "review": "전형적인 신파극이었으나, 최진실과 손현주의 연기가 드라마를 살렸다",
    "date": "10.03.07",
    "rating": "7",
    "author": "mygr****",
    "review_id": "4341120",
    "movie_id": "43682"
  },
  {
    "review": "진실누님.. 연기를 잘하시던데 이젠 연기를 영원히 못보니가 아쉬워요ㅠ ㅠ",
    "date": "09.01.29",
    "rating": "10",
    "author": "akaa****",
    "review_id": "3260740",
    "movie_id": "43682"
  },
  {
    "review": "이제 진실누님.. 연기를 못보니 더욱 아쉽내요.",
    "date": "08.11.27",
    "rating": "10",
    "author": "rlax****",
    "review_id": "3074668",
    "movie_id": "43682"
  },
  {
    "review": "아직도 소장하고 있는 작품.....최진실님과 손현주님의 눈물연기..최고...",
    "date": "08.11.23",
    "rating": "10",
    "author": "turb****",
    "review_id": "3068714",
    "movie_id": "43682"
  },
  {
    "review": "아무튼 지금은 고인이 되신 최진실 선생의 명복을 빌며.....",
    "date": "08.10.13",
    "rating": "9",
    "author": "i971****",
    "review_id": "2997964",
    "movie_id": "43682"
  },
  {
    "review": "대박작품..",
    "date": "08.10.04",
    "rating": "10",
    "author": "wlfk****",
    "review_id": "2982140",
    "movie_id": "43682"
  },
  {
    "review": "넘넘 슬펐다... 제일 마지막에 손현주씨의 눈물연기와 최진실씨의 연기 압권!!!",
    "date": "08.01.10",
    "rating": "10",
    "author": "grut****",
    "review_id": "2312898",
    "movie_id": "43682"
  },
  {
    "review": "너무 흔해빠진 내용",
    "date": "06.08.04",
    "rating": "1",
    "author": "zeed****",
    "review_id": "967494",
    "movie_id": "43682"
  },
  {
    "review": "ㅇㅇ.. 슬픈이야기 였다.. 웃긴부분도 조금 있었지만",
    "date": "06.07.27",
    "rating": "10",
    "author": "wwwx****",
    "review_id": "926320",
    "movie_id": "43682"
  },
  {
    "review": "진부하네 어찌네 해도 확실히 눈물 쏙빼는..",
    "date": "06.06.25",
    "rating": "8",
    "author": "dbwj****",
    "review_id": "856863",
    "movie_id": "43682"
  },
  {
    "review": "나 예전에 이 드라마 봤는데 최진실,손현주의 연기 최고.",
    "date": "06.04.20",
    "rating": "10",
    "author": "dawj****",
    "review_id": "768620",
    "movie_id": "43682"
  },
  {
    "review": "눈이 빨갛게 부어오르도록 울게 만든 드라마~넘 슬퍼~",
    "date": "06.03.13",
    "rating": "10",
    "author": "seon****",
    "review_id": "715878",
    "movie_id": "43682"
  },
  {
    "review": "와~~~ 배우들 연기봐라 쥑여준다 !!   짝짝짝",
    "date": "06.03.12",
    "rating": "10",
    "author": "gndk****",
    "review_id": "714594",
    "movie_id": "43682"
  },
  {
    "review": "이드라마 완전 최진실의 부활이다",
    "date": "06.01.30",
    "rating": "8",
    "author": "dmlf****",
    "review_id": "632078",
    "movie_id": "43682"
  },
  {
    "review": "진짜 많이 울었지만, 이제 불치병 드라마는 그만 나왔으면 한다.",
    "date": "06.01.29",
    "rating": "8",
    "author": "yeni****",
    "review_id": "630449",
    "movie_id": "43682"
  },
  {
    "review": "전 배우들이 연기를 너무 잘해. 안선영마저 잘해.",
    "date": "06.01.29",
    "rating": "10",
    "author": "cher****",
    "review_id": "630268",
    "movie_id": "43682"
  },
  {
    "review": "전형적인 눈물 드라마지만 연기만큼은 뛰어나다.",
    "date": "05.12.28",
    "rating": "8",
    "author": "jcr3****",
    "review_id": "534145",
    "movie_id": "43682"
  },
  {
    "review": "너무 좋아요...너무 슬프고",
    "date": "05.11.16",
    "rating": "10",
    "author": "wntl****",
    "review_id": "476028",
    "movie_id": "43682"
  },
  {
    "review": "재밌음 ㅋㅋㅋ",
    "date": "05.11.11",
    "rating": "10",
    "author": "sun9****",
    "review_id": "471081",
    "movie_id": "43682"
  },
  {
    "review": "ㅠㅠ 어제 정말 슬펏음 ㅠㅠ",
    "date": "05.11.11",
    "rating": "10",
    "author": "rlar****",
    "review_id": "471051",
    "movie_id": "43682"
  },
  {
    "review": "1분1초가 왜이리 아쉽고 짧게만 느껴질까..사랑하며 살자..",
    "date": "05.11.10",
    "rating": "10",
    "author": "yong****",
    "review_id": "470541",
    "movie_id": "43682"
  },
  {
    "review": "탄탄한 스토리 완벽한 연기력.",
    "date": "05.11.06",
    "rating": "10",
    "author": "yuki****",
    "review_id": "465676",
    "movie_id": "43682"
  },
  {
    "review": "이드라마,,슬프고 재밌고,,ㅎㅎ",
    "date": "05.11.05",
    "rating": "10",
    "author": "kims****",
    "review_id": "464670",
    "movie_id": "43682"
  },
  {
    "review": "^^",
    "date": "05.10.28",
    "rating": "10",
    "author": "ambe****",
    "review_id": "457148",
    "movie_id": "43682"
  },
  {
    "review": "조낸잼있슴",
    "date": "05.10.22",
    "rating": "10",
    "author": "chlt****",
    "review_id": "450859",
    "movie_id": "43682"
  },
  {
    "review": "잼다",
    "date": "05.10.22",
    "rating": "10",
    "author": "han7****",
    "review_id": "450785",
    "movie_id": "43682"
  },
  {
    "review": "역시 연기 짱이네요... ^^",
    "date": "05.10.21",
    "rating": "10",
    "author": "mine****",
    "review_id": "449196",
    "movie_id": "43682"
  },
  {
    "review": "오늘 연기도 역시 대단",
    "date": "05.10.19",
    "rating": "10",
    "author": "kih9****",
    "review_id": "448251",
    "movie_id": "43682"
  },
  {
    "review": "드라마 보면서 슬픈적 10년만에 처음~최진실 너무 불쌍해~ㅠ.ㅠ",
    "date": "05.09.15",
    "rating": "9",
    "author": "ouij****",
    "review_id": "406911",
    "movie_id": "43682"
  },
  {
    "review": "연기 넘잘해용~~언니 화이팅이요",
    "date": "05.09.09",
    "rating": "10",
    "author": "doll****",
    "review_id": "398097",
    "movie_id": "43682"
  }
]