[
  {
    "review": "유명인사가 되고 나서도 여전히 순진한 척하기가 이렇게 어려운겨",
    "date": "15.08.26",
    "rating": "6",
    "author": "paju****",
    "review_id": "10275703",
    "movie_id": "43838"
  },
  {
    "review": "슈렉 시리즈는 다 재미 있게 잘 즐겨 봤다다 10점 받을만한 작품이지 ㅎ",
    "date": "15.08.17",
    "rating": "10",
    "author": "yyho****",
    "review_id": "10244483",
    "movie_id": "43838"
  },
  {
    "review": "그냥전체적으로 다재밋음",
    "date": "15.07.31",
    "rating": "10",
    "author": "ydw1****",
    "review_id": "10166015",
    "movie_id": "43838"
  },
  {
    "review": "슈렉3도 난 웃겨 죽는줄 알았다. 졸잼~",
    "date": "15.07.11",
    "rating": "10",
    "author": "jere****",
    "review_id": "10092366",
    "movie_id": "43838"
  },
  {
    "review": "캐릭터들의 개성도 잘 살리고 감동까지 완벽한데 평점이 왜 낮은 건지 모르겠네요",
    "date": "15.07.04",
    "rating": "10",
    "author": "sk97****",
    "review_id": "10068704",
    "movie_id": "43838"
  },
  {
    "review": "이때부터 재미없어지기 시작했지만 선방은 했음.",
    "date": "15.03.14",
    "rating": "7",
    "author": "dkdl****",
    "review_id": "9779345",
    "movie_id": "43838"
  },
  {
    "review": "전편들비해서는별로다",
    "date": "15.02.22",
    "rating": "6",
    "author": "xx41****",
    "review_id": "9726120",
    "movie_id": "43838"
  },
  {
    "review": "속편의 매너리즘은 어쩔 수 없는 것인가...",
    "date": "15.02.05",
    "rating": "6",
    "author": "tear****",
    "review_id": "9669791",
    "movie_id": "43838"
  },
  {
    "review": "슈렉 시리즈 중 제일 별로 였던 것 같아요!",
    "date": "14.12.25",
    "rating": "6",
    "author": "clou****",
    "review_id": "9513050",
    "movie_id": "43838"
  },
  {
    "review": "음 못 한건 아니지만....",
    "date": "14.12.19",
    "rating": "1",
    "author": "wjst****",
    "review_id": "9489796",
    "movie_id": "43838"
  },
  {
    "review": "분위기도 우울하고 개연성도 없고 재미도 없고. 뜬금없는 교훈을 주는 마지막 장면이 압권.",
    "date": "14.10.14",
    "rating": "3",
    "author": "jiyu****",
    "review_id": "9291174",
    "movie_id": "43838"
  },
  {
    "review": "오히려 디즈니가 고마워 할 일.",
    "date": "14.09.25",
    "rating": "5",
    "author": "ogr5****",
    "review_id": "9240679",
    "movie_id": "43838"
  },
  {
    "review": "본인의 장점을 지나치게 의식하면 단점이 되기 마련.",
    "date": "14.09.19",
    "rating": "5",
    "author": "this****",
    "review_id": "9227094",
    "movie_id": "43838"
  },
  {
    "review": "솔직히 말해서 진짜 재밌는데ㅋㅋ 영화 볼줄 모르는 사람 많네",
    "date": "14.08.23",
    "rating": "10",
    "author": "smil****",
    "review_id": "9125130",
    "movie_id": "43838"
  },
  {
    "review": "나 재미있게 봤음...",
    "date": "14.07.27",
    "rating": "10",
    "author": "tmdq****",
    "review_id": "8968097",
    "movie_id": "43838"
  },
  {
    "review": "뭐지? 슈렉 1. 2 전부 수십번씩봤던 마니아인데 3가 나온줄도 몰랐고 3는 너무 재미없음ㄷㄷ",
    "date": "14.07.04",
    "rating": "1",
    "author": "hang****",
    "review_id": "8881500",
    "movie_id": "43838"
  },
  {
    "review": "평점이 너무낮음...",
    "date": "14.06.30",
    "rating": "10",
    "author": "howo****",
    "review_id": "8872360",
    "movie_id": "43838"
  },
  {
    "review": "역시 슈렉시리즈다운 톡톡튀는 아이디어만으로도 높은 점수를 받을만하다... 전편들보다는 코믹부분에서 떨어지지만 그래도 역시 재밌다",
    "date": "14.05.21",
    "rating": "8",
    "author": "rotj****",
    "review_id": "8750635",
    "movie_id": "43838"
  },
  {
    "review": "픽사의 우려먹기...",
    "date": "14.05.05",
    "rating": "6",
    "author": "dhrh****",
    "review_id": "8706976",
    "movie_id": "43838"
  },
  {
    "review": "솔직히 재밋다 평점까지마ㅡㅡ",
    "date": "14.04.10",
    "rating": "10",
    "author": "uyt5****",
    "review_id": "8640255",
    "movie_id": "43838"
  },
  {
    "review": "평점 마이너스는 어떻게 주는거지..?",
    "date": "14.04.03",
    "rating": "1",
    "author": "dmlg****",
    "review_id": "8626564",
    "movie_id": "43838"
  },
  {
    "review": "정말 재밌게 봤는데 평점이 낮네요.",
    "date": "14.03.19",
    "rating": "10",
    "author": "jung****",
    "review_id": "8587942",
    "movie_id": "43838"
  },
  {
    "review": "살짝 아쉽지만 그래도 재밌다",
    "date": "14.03.04",
    "rating": "10",
    "author": "gbwl****",
    "review_id": "8556152",
    "movie_id": "43838"
  },
  {
    "review": "최고예요. 너무 감동적이예요.",
    "date": "14.02.10",
    "rating": "10",
    "author": "psh0****",
    "review_id": "8496344",
    "movie_id": "43838"
  },
  {
    "review": "1,2편보다 기술적인 발전은 없지유. 슈렉 아기들 너무 귀여워유. 피오나 공주 아빠는 죽을 때 웃기게 죽어서 황당했네유. 아이들이 보면 재밌을 영화예유.",
    "date": "14.01.14",
    "rating": "10",
    "author": "real****",
    "review_id": "8382335",
    "movie_id": "43838"
  },
  {
    "review": "1,2편에 비해 너무 지루하다 , 결말은 좋았음",
    "date": "14.01.12",
    "rating": "6",
    "author": "the0****",
    "review_id": "8373844",
    "movie_id": "43838"
  },
  {
    "review": "슈렉시리즈는 다 좋네요...생각지 못한 캐릭터들의 반전도 그렇고, 아이들뿐만 아니라 성인들이 봐도 좋은 애니메이션이네요..",
    "date": "14.01.02",
    "rating": "8",
    "author": "leec****",
    "review_id": "8337985",
    "movie_id": "43838"
  },
  {
    "review": "굿",
    "date": "13.09.02",
    "rating": "10",
    "author": "hdh0****",
    "review_id": "7942504",
    "movie_id": "43838"
  },
  {
    "review": "공주들의 반전 변신이 그나마 볼만 했음.",
    "date": "13.08.19",
    "rating": "5",
    "author": "jjaj****",
    "review_id": "7903656",
    "movie_id": "43838"
  },
  {
    "review": "평점이 왜 낮나요? 1,2편보다 못할지언정 자체로 봐야지; 3편도 역시 really funny함",
    "date": "13.08.06",
    "rating": "10",
    "author": "bc20****",
    "review_id": "7847111",
    "movie_id": "43838"
  },
  {
    "review": "1, 2편보다 재밌었다. 근데 왜 평점들이 낮은 것인지...",
    "date": "13.08.04",
    "rating": "10",
    "author": "xyz2****",
    "review_id": "7837289",
    "movie_id": "43838"
  },
  {
    "review": "피요나 아빠가 재채기 반복할 때부터 알아봤다..",
    "date": "13.06.28",
    "rating": "5",
    "author": "boom****",
    "review_id": "7688035",
    "movie_id": "43838"
  },
  {
    "review": "큰기대감으로 보았으나, 큰 실망작으로...",
    "date": "13.02.12",
    "rating": "6",
    "author": "dldb****",
    "review_id": "7256636",
    "movie_id": "43838"
  },
  {
    "review": "난 이편이제일재밌던데.. 메세지도 여러가지로 멋지게 함축되있고. 뭘 더 바란다는건지;",
    "date": "13.02.04",
    "rating": "10",
    "author": "97ml****",
    "review_id": "7225481",
    "movie_id": "43838"
  },
  {
    "review": "돈이 목적이니 이런 작품이 나오는거지",
    "date": "13.02.02",
    "rating": "6",
    "author": "soqu****",
    "review_id": "7214717",
    "movie_id": "43838"
  },
  {
    "review": "아더  너무  찌질함",
    "date": "13.01.26",
    "rating": "10",
    "author": "7285****",
    "review_id": "7178718",
    "movie_id": "43838"
  },
  {
    "review": "슈렉답지 않은 큰 실망감을 준 시리즈. 코믹은 유지했지만 스토리는 최악. 딴 영화 보는것 같았음",
    "date": "13.01.06",
    "rating": "5",
    "author": "zero****",
    "review_id": "7085715",
    "movie_id": "43838"
  },
  {
    "review": "ㅎㅎ 재미있어요",
    "date": "12.12.28",
    "rating": "10",
    "author": "emkb****",
    "review_id": "7057326",
    "movie_id": "43838"
  },
  {
    "review": "마니 욱겼는데 평점이 왜이러지?......",
    "date": "12.10.27",
    "rating": "10",
    "author": "toto****",
    "review_id": "6830164",
    "movie_id": "43838"
  },
  {
    "review": "재밌다. 눈의 재미는 정말 최고다.",
    "date": "12.07.16",
    "rating": "8",
    "author": "perm****",
    "review_id": "6485868",
    "movie_id": "43838"
  },
  {
    "review": "맙소사! 이젠 아기까지...",
    "date": "12.06.13",
    "rating": "4",
    "author": "cont****",
    "review_id": "6389449",
    "movie_id": "43838"
  },
  {
    "review": "별로다",
    "date": "12.06.07",
    "rating": "1",
    "author": "dddd****",
    "review_id": "6374268",
    "movie_id": "43838"
  },
  {
    "review": "재미있어요*^^&*",
    "date": "12.05.19",
    "rating": "10",
    "author": "grac****",
    "review_id": "6310950",
    "movie_id": "43838"
  },
  {
    "review": "진짜 너무한다 ...",
    "date": "12.05.13",
    "rating": "4",
    "author": "o0o1****",
    "review_id": "6296550",
    "movie_id": "43838"
  },
  {
    "review": "평점이 너무 낮다",
    "date": "12.05.07",
    "rating": "10",
    "author": "iiii****",
    "review_id": "6279118",
    "movie_id": "43838"
  },
  {
    "review": "잘보았습니다.",
    "date": "12.05.05",
    "rating": "10",
    "author": "shsh****",
    "review_id": "6272265",
    "movie_id": "43838"
  },
  {
    "review": "2편이 2보 전진 3편은 4보 후퇴 코미디는 4보 전진 피오나, 고양이는 3편에서는 조연",
    "date": "12.02.13",
    "rating": "5",
    "author": "bur4****",
    "review_id": "6073154",
    "movie_id": "43838"
  },
  {
    "review": "2편이 2보 전진 3편은 4보 후퇴 코미디는 4보 전진 피오나, 고양이는 3편에서는 조연",
    "date": "12.02.13",
    "rating": "5",
    "author": "bur7****",
    "review_id": "6073150",
    "movie_id": "43838"
  },
  {
    "review": "히야. 이게 뭐야. 슈렉시리즈 중 이게 지대로 잼없자나???",
    "date": "12.01.21",
    "rating": "4",
    "author": "tree****",
    "review_id": "6007097",
    "movie_id": "43838"
  },
  {
    "review": "1이 신선했고,2가 준수했다면 3은 패러디 코미디다. 무서운 영화 시리즈를 보는 느낌.",
    "date": "12.01.18",
    "rating": "7",
    "author": "andr****",
    "review_id": "5996152",
    "movie_id": "43838"
  },
  {
    "review": "쓰레기",
    "date": "12.01.05",
    "rating": "1",
    "author": "city****",
    "review_id": "5962649",
    "movie_id": "43838"
  },
  {
    "review": "보통적?'' 뭐.. 재미잇엇다;",
    "date": "11.12.25",
    "rating": "9",
    "author": "tjqj****",
    "review_id": "5932568",
    "movie_id": "43838"
  },
  {
    "review": "슈렉영화중 가장 지루한시리즈",
    "date": "11.12.22",
    "rating": "6",
    "author": "flal****",
    "review_id": "5923506",
    "movie_id": "43838"
  },
  {
    "review": "결말이 뻔하닼",
    "date": "11.12.21",
    "rating": "7",
    "author": "lcm2****",
    "review_id": "5919694",
    "movie_id": "43838"
  },
  {
    "review": "3탄은 잉여..",
    "date": "11.12.01",
    "rating": "5",
    "author": "tn99****",
    "review_id": "5881735",
    "movie_id": "43838"
  },
  {
    "review": "점점 지루해지고있긴 하다",
    "date": "11.10.22",
    "rating": "6",
    "author": "ccpp****",
    "review_id": "5802319",
    "movie_id": "43838"
  },
  {
    "review": "천하의 슈렉도 속편이 거듭되다보니 힘이 떨어지는군",
    "date": "11.10.22",
    "rating": "2",
    "author": "rame****",
    "review_id": "5802318",
    "movie_id": "43838"
  },
  {
    "review": "애들과 함께보는 영화관람은 날 미치게 만들지",
    "date": "11.10.22",
    "rating": "2",
    "author": "kpcc****",
    "review_id": "5802315",
    "movie_id": "43838"
  },
  {
    "review": "솔직히 슈렉시리즈 중 제일 최악인건 맞아요. ㅡㅡ;괜히 3D로 보지 마세요. 돈아까움",
    "date": "11.09.25",
    "rating": "5",
    "author": "marc****",
    "review_id": "5752243",
    "movie_id": "43838"
  },
  {
    "review": "점점 지루해지고있긴 하다",
    "date": "11.09.08",
    "rating": "6",
    "author": "mais****",
    "review_id": "5714791",
    "movie_id": "43838"
  },
  {
    "review": "시리즈중최악",
    "date": "11.09.05",
    "rating": "6",
    "author": "gmyi****",
    "review_id": "5710471",
    "movie_id": "43838"
  },
  {
    "review": "완전 초대박이었어요!!! wow++!",
    "date": "11.08.11",
    "rating": "10",
    "author": "fose****",
    "review_id": "5637741",
    "movie_id": "43838"
  },
  {
    "review": "볼만했음 ㅋ",
    "date": "11.07.13",
    "rating": "7",
    "author": "rudd****",
    "review_id": "5540910",
    "movie_id": "43838"
  },
  {
    "review": "전편들보다 내 개그코드에 맞는 개그가 있어서 재밌었다. 영화자체는 그럭저럭^^",
    "date": "11.07.13",
    "rating": "8",
    "author": "xyan****",
    "review_id": "5539663",
    "movie_id": "43838"
  },
  {
    "review": "2보다는 좋은듯",
    "date": "11.06.26",
    "rating": "8",
    "author": "kaws****",
    "review_id": "5502065",
    "movie_id": "43838"
  },
  {
    "review": "이것도 그냥그랫는대 ㅋㅋㅋ",
    "date": "11.06.26",
    "rating": "7",
    "author": "sksm****",
    "review_id": "5501105",
    "movie_id": "43838"
  },
  {
    "review": "전편보다 웃기지는 않았지만 느낀게 많았어요 ㅎㅎ",
    "date": "11.03.27",
    "rating": "8",
    "author": "jeni****",
    "review_id": "5337924",
    "movie_id": "43838"
  },
  {
    "review": "뭐 걍 재밌었음",
    "date": "11.02.24",
    "rating": "8",
    "author": "jee8****",
    "review_id": "5270910",
    "movie_id": "43838"
  },
  {
    "review": "이번 편은 액션이었다",
    "date": "11.02.09",
    "rating": "7",
    "author": "pree****",
    "review_id": "5230209",
    "movie_id": "43838"
  },
  {
    "review": "1,2편에 비해 조금 덜 재미있었네요,,,^",
    "date": "11.01.17",
    "rating": "7",
    "author": "de03****",
    "review_id": "5164523",
    "movie_id": "43838"
  },
  {
    "review": "볼만햇음",
    "date": "11.01.17",
    "rating": "7",
    "author": "nikr****",
    "review_id": "5163568",
    "movie_id": "43838"
  },
  {
    "review": "패러디가 많아서 재밌었던 3편!",
    "date": "10.12.14",
    "rating": "8",
    "author": "aqaq****",
    "review_id": "5054042",
    "movie_id": "43838"
  },
  {
    "review": "2편을 3번보는개낮갯다는생각듬;;",
    "date": "10.12.05",
    "rating": "5",
    "author": "suhs****",
    "review_id": "5027330",
    "movie_id": "43838"
  },
  {
    "review": "1,2편이 무색한 기가 막히게 진부하고 평범한 3편",
    "date": "10.12.04",
    "rating": "5",
    "author": "jcr3****",
    "review_id": "5022323",
    "movie_id": "43838"
  },
  {
    "review": "유쾌한 전개와 화려한 목소리. 일상의 행복을 깨달은 슈렉. 높은기대치에 반비례.",
    "date": "10.11.27",
    "rating": "7",
    "author": "skyj****",
    "review_id": "4995628",
    "movie_id": "43838"
  },
  {
    "review": "좀 오버한다 싶었지만 여전히 웃기고 재밌었던 세번째 이야기",
    "date": "10.11.22",
    "rating": "6",
    "author": "egyp****",
    "review_id": "4980067",
    "movie_id": "43838"
  },
  {
    "review": "흥미진진한 사건등이 많아서 재밋음",
    "date": "10.11.19",
    "rating": "10",
    "author": "dong****",
    "review_id": "4972961",
    "movie_id": "43838"
  },
  {
    "review": "그냥 그럼 ...",
    "date": "10.11.07",
    "rating": "3",
    "author": "jjun****",
    "review_id": "4944190",
    "movie_id": "43838"
  },
  {
    "review": "식상하지만 최악보다는 낫네",
    "date": "10.11.07",
    "rating": "5",
    "author": "jjis****",
    "review_id": "4943253",
    "movie_id": "43838"
  },
  {
    "review": "1,2를 워낙 재밌게 봐서 정말 기대 많이 하고 봤다가 실망이 컸음. 어째서ㅠ,ㅠ",
    "date": "10.10.28",
    "rating": "7",
    "author": "mtas****",
    "review_id": "4924342",
    "movie_id": "43838"
  },
  {
    "review": "7점",
    "date": "10.09.14",
    "rating": "7",
    "author": "klov****",
    "review_id": "4834870",
    "movie_id": "43838"
  },
  {
    "review": "왜 슈렉영화는 점점 기대이하가 되는지...",
    "date": "10.09.03",
    "rating": "2",
    "author": "ljk0****",
    "review_id": "4814546",
    "movie_id": "43838"
  },
  {
    "review": "지금은 잘 기억이 안 났지만. 극장에서 봤는데 좀 이상하기도 했다.",
    "date": "10.08.25",
    "rating": "7",
    "author": "ci30****",
    "review_id": "4789657",
    "movie_id": "43838"
  },
  {
    "review": "재미 없다.",
    "date": "10.08.08",
    "rating": "5",
    "author": "marc****",
    "review_id": "4724525",
    "movie_id": "43838"
  },
  {
    "review": "스토리는 유치~BUT 코믹함은 인정~",
    "date": "10.08.07",
    "rating": "7",
    "author": "milk****",
    "review_id": "4718510",
    "movie_id": "43838"
  },
  {
    "review": "약발이 다해버린 코믹의 씁쓸함. 설마 여기서 한걸음 더나아갈줄은...",
    "date": "10.08.06",
    "rating": "6",
    "author": "reco****",
    "review_id": "4714545",
    "movie_id": "43838"
  },
  {
    "review": "내 영화표값을 쓰레기통에 버린기분이다.",
    "date": "10.08.05",
    "rating": "1",
    "author": "dada****",
    "review_id": "4709922",
    "movie_id": "43838"
  },
  {
    "review": "언제나 기대를 져버리지 않는 시리즈",
    "date": "10.08.04",
    "rating": "8",
    "author": "nala****",
    "review_id": "4706423",
    "movie_id": "43838"
  },
  {
    "review": "슈렉다운 슈렉? 굳어진 가치의 무비판적인 수용을 원하는가",
    "date": "10.08.03",
    "rating": "5",
    "author": "rudg****",
    "review_id": "4701404",
    "movie_id": "43838"
  },
  {
    "review": "신기하고 웃겼지만 조금 비현실적이구, 이해가 잘안가서요; ㅎ.ㅎ  만점 주구싶당♡~",
    "date": "10.08.01",
    "rating": "8",
    "author": "jko0****",
    "review_id": "4692246",
    "movie_id": "43838"
  },
  {
    "review": "1,2편보다 아기자기한건 덜 햇지만 3편이 젤 재밋다~",
    "date": "10.07.31",
    "rating": "10",
    "author": "zmfp****",
    "review_id": "4689677",
    "movie_id": "43838"
  },
  {
    "review": "1,2편에많았던소소한웃음들이3편에는별로없는듯ㅜㅜ공주들의액션씬은신선했네요ㅎㅎ",
    "date": "10.07.30",
    "rating": "7",
    "author": "jmy1****",
    "review_id": "4685347",
    "movie_id": "43838"
  },
  {
    "review": "제일재미 있다용♡",
    "date": "10.07.25",
    "rating": "10",
    "author": "dldm****",
    "review_id": "4669928",
    "movie_id": "43838"
  },
  {
    "review": "제일 잼썼어용 씨리즈중",
    "date": "10.07.22",
    "rating": "10",
    "author": "just****",
    "review_id": "4660523",
    "movie_id": "43838"
  },
  {
    "review": "완전재미없다",
    "date": "10.07.22",
    "rating": "1",
    "author": "qufr****",
    "review_id": "4659706",
    "movie_id": "43838"
  },
  {
    "review": "최대6점의영화",
    "date": "10.07.21",
    "rating": "5",
    "author": "star****",
    "review_id": "4657547",
    "movie_id": "43838"
  },
  {
    "review": "훈훈하고. 재밌긴 재밌었는데.. 음..",
    "date": "10.07.19",
    "rating": "7",
    "author": "lyae****",
    "review_id": "4653578",
    "movie_id": "43838"
  },
  {
    "review": "캐릭터들이 귀여움 ㅋㅋ",
    "date": "10.07.19",
    "rating": "10",
    "author": "igua****",
    "review_id": "4653030",
    "movie_id": "43838"
  },
  {
    "review": "어른들을 위한 동화, 슈렉 큰 웃음은 없지만 그래도 슈렉을 본것만 해도 즐겁다",
    "date": "10.07.11",
    "rating": "8",
    "author": "jhk3****",
    "review_id": "4628602",
    "movie_id": "43838"
  },
  {
    "review": "재미있다",
    "date": "10.07.10",
    "rating": "8",
    "author": "qkrs****",
    "review_id": "4626555",
    "movie_id": "43838"
  }
]