[
  {
    "review": "마크 아저씨는 헐크보다 로맨스가 더 어울리는구먼 ㅎ",
    "date": "15.07.13",
    "rating": "10",
    "author": "abou****",
    "review_id": "10100080",
    "movie_id": "43844"
  },
  {
    "review": "마크러팔로 최고에요!",
    "date": "15.06.29",
    "rating": "10",
    "author": "nmj0****",
    "review_id": "10050293",
    "movie_id": "43844"
  },
  {
    "review": "솔직히 뻔하긴 뻔한데... 볼만함 ㅋ ㅋ",
    "date": "15.05.09",
    "rating": "8",
    "author": "jjaj****",
    "review_id": "9905006",
    "movie_id": "43844"
  },
  {
    "review": "그저 그런 로코에 세젤귀 마크 러팔로 선생 끼얹기.",
    "date": "15.04.07",
    "rating": "7",
    "author": "floo****",
    "review_id": "9832520",
    "movie_id": "43844"
  },
  {
    "review": "예쁘지 않은 여자도 계속 보이게 하면 호감이 조금은 가게 된다",
    "date": "15.01.02",
    "rating": "1",
    "author": "hrns****",
    "review_id": "9553463",
    "movie_id": "43844"
  },
  {
    "review": "가을에 보기 딱 좋은 멜로 드라마.",
    "date": "14.10.20",
    "rating": "7",
    "author": "almo****",
    "review_id": "9305288",
    "movie_id": "43844"
  },
  {
    "review": "처음 보는 소재는 아니었지만 아름답게 재밌게 잘 풀어낸 로맨스영화였다.ㅋㅋ",
    "date": "14.10.10",
    "rating": "10",
    "author": "0718****",
    "review_id": "9282726",
    "movie_id": "43844"
  },
  {
    "review": "재미있고,유쾌하고,사랑스러운",
    "date": "14.10.05",
    "rating": "10",
    "author": "sang****",
    "review_id": "9264572",
    "movie_id": "43844"
  },
  {
    "review": "역시 반쯤 죽어야 사랑을 얻는다",
    "date": "14.09.25",
    "rating": "10",
    "author": "mftr****",
    "review_id": "9239429",
    "movie_id": "43844"
  },
  {
    "review": "달달한 영화. 남자 주인공 참 순수하네.",
    "date": "14.07.17",
    "rating": "7",
    "author": "dang****",
    "review_id": "8922352",
    "movie_id": "43844"
  },
  {
    "review": "허 이런 영화 맘에 든다 ㅎㅇㅎ",
    "date": "14.07.05",
    "rating": "8",
    "author": "guse****",
    "review_id": "8885533",
    "movie_id": "43844"
  },
  {
    "review": "재밌었다 .재밌었다 .",
    "date": "14.02.24",
    "rating": "9",
    "author": "zpah****",
    "review_id": "8534532",
    "movie_id": "43844"
  },
  {
    "review": "앞만보고 가지말고 가끔 여유를 갖고 살자...남쥔공 눈에만 보이는 여쥔공의 정체...?로맨틱하지만 넘 뻔한 스토리...",
    "date": "13.11.07",
    "rating": "5",
    "author": "egyp****",
    "review_id": "8121657",
    "movie_id": "43844"
  },
  {
    "review": "뻔해도 재밌었다ㅋㅋㅋ",
    "date": "13.08.18",
    "rating": "10",
    "author": "sany****",
    "review_id": "7898328",
    "movie_id": "43844"
  },
  {
    "review": "보고또봐도 뭉클한 영화..♥",
    "date": "13.07.08",
    "rating": "10",
    "author": "choi****",
    "review_id": "7716438",
    "movie_id": "43844"
  },
  {
    "review": "중학교땐 참 재밌게봤는데 리즈위더스푼 특유의 로코",
    "date": "13.06.27",
    "rating": "7",
    "author": "jjcv****",
    "review_id": "7684213",
    "movie_id": "43844"
  },
  {
    "review": "의외로 재밌네",
    "date": "13.02.09",
    "rating": "8",
    "author": "dlat****",
    "review_id": "7244354",
    "movie_id": "43844"
  },
  {
    "review": "평점조정요망 여자주인공이 너무 이기적이고 억지 전개가 유치하기그지없네ㅋ",
    "date": "13.01.25",
    "rating": "1",
    "author": "tlss****",
    "review_id": "7171837",
    "movie_id": "43844"
  },
  {
    "review": "좋아하는배우들이라서 봤는데 좀 실망;; 연출과 스토리 코미디 다 조금씩 부족함.",
    "date": "12.12.19",
    "rating": "6",
    "author": "zzz1****",
    "review_id": "7016971",
    "movie_id": "43844"
  },
  {
    "review": "뻔하지만 유쾌하게봤습니다",
    "date": "12.10.14",
    "rating": "8",
    "author": "jttu****",
    "review_id": "6799614",
    "movie_id": "43844"
  },
  {
    "review": "재밌고 좋았어요ㅋㅋ",
    "date": "12.08.10",
    "rating": "10",
    "author": "sdsd****",
    "review_id": "6589437",
    "movie_id": "43844"
  },
  {
    "review": "뻔한 스토리에 너무 빠른 전개... 그래도 기분 전환에는 좋았음.",
    "date": "12.07.30",
    "rating": "7",
    "author": "wodm****",
    "review_id": "6555097",
    "movie_id": "43844"
  },
  {
    "review": "남자 배우가 좀 더 매력적이었다면...",
    "date": "12.06.26",
    "rating": "6",
    "author": "nala****",
    "review_id": "6417167",
    "movie_id": "43844"
  },
  {
    "review": "유쾌한 판타지 로맨틱 코미디",
    "date": "12.06.25",
    "rating": "7",
    "author": "yols****",
    "review_id": "6415965",
    "movie_id": "43844"
  },
  {
    "review": "뻔한 내용..",
    "date": "12.06.25",
    "rating": "7",
    "author": "eaea****",
    "review_id": "6415850",
    "movie_id": "43844"
  },
  {
    "review": "남자라서 더 감동있게 봤다 나도 이런 사랑에 한번 빠져보고 싶다 내 전부를 걸 수 있는..",
    "date": "12.06.25",
    "rating": "10",
    "author": "kjje****",
    "review_id": "6415294",
    "movie_id": "43844"
  },
  {
    "review": "사랑스러움의 종결이다....너무 아름다워요!",
    "date": "12.06.09",
    "rating": "10",
    "author": "vant****",
    "review_id": "6378371",
    "movie_id": "43844"
  },
  {
    "review": "보는내내 위더스푼의 떽떽거리는 목소리가 귀에거슬림..가벼운마음으로 볼수있는 영화",
    "date": "12.06.08",
    "rating": "7",
    "author": "hydo****",
    "review_id": "6375450",
    "movie_id": "43844"
  },
  {
    "review": "예전 영화 뻔한이야기",
    "date": "12.06.01",
    "rating": "6",
    "author": "psp2****",
    "review_id": "6353480",
    "movie_id": "43844"
  },
  {
    "review": "너무 뻔해서 재밌다........",
    "date": "12.05.28",
    "rating": "9",
    "author": "hyej****",
    "review_id": "6342388",
    "movie_id": "43844"
  },
  {
    "review": "뻔할지라도 가볍게 감상할 수 있었다.",
    "date": "12.05.24",
    "rating": "7",
    "author": "wlfa****",
    "review_id": "6328268",
    "movie_id": "43844"
  },
  {
    "review": "진짜 너무너무 재밌었어요 로맨틱코미디 원래도 좋아하지만ㅜㅜ 이건진짜 너무좋음여",
    "date": "12.04.11",
    "rating": "9",
    "author": "hyon****",
    "review_id": "6208221",
    "movie_id": "43844"
  },
  {
    "review": "한때 참 유행했던 설정... 나쁘지 않았다.",
    "date": "12.03.11",
    "rating": "7",
    "author": "01aj****",
    "review_id": "6137577",
    "movie_id": "43844"
  },
  {
    "review": "모든건 좋은데 여주인공이 쫌 나댄다",
    "date": "12.03.07",
    "rating": "7",
    "author": "milk****",
    "review_id": "6129141",
    "movie_id": "43844"
  },
  {
    "review": "마크러팔로좋아서 이영화도 찾아서 봤음 재밌다 소재도 좋구 식상하지않음",
    "date": "12.02.16",
    "rating": "10",
    "author": "momo****",
    "review_id": "6080052",
    "movie_id": "43844"
  },
  {
    "review": "지나치게 해피엔딩인데 재밌게 봤다",
    "date": "11.12.21",
    "rating": "10",
    "author": "min8****",
    "review_id": "5918758",
    "movie_id": "43844"
  },
  {
    "review": "가볍고 유쾌한 영화",
    "date": "11.11.25",
    "rating": "7",
    "author": "yumi****",
    "review_id": "5870501",
    "movie_id": "43844"
  },
  {
    "review": "밑도끝도없이 진행되는전개",
    "date": "11.11.07",
    "rating": "5",
    "author": "milk****",
    "review_id": "5833637",
    "movie_id": "43844"
  },
  {
    "review": "서서히 호감도를 증가시켜간다",
    "date": "11.11.01",
    "rating": "8",
    "author": "cont****",
    "review_id": "5823280",
    "movie_id": "43844"
  },
  {
    "review": "1번쯤은 생각할수 있을 놀라운 경험속에 좋은 인연을 만나는것도 참 좋을듯...",
    "date": "11.10.22",
    "rating": "8",
    "author": "limh****",
    "review_id": "5802474",
    "movie_id": "43844"
  },
  {
    "review": "지루함없이 재미있게 본 영화다 - 마크 러팔로의 피코트가 멋있다 큭큭",
    "date": "11.07.19",
    "rating": "8",
    "author": "thew****",
    "review_id": "5554050",
    "movie_id": "43844"
  },
  {
    "review": "재밌었다 감동도 있었다 리즈 위더스푼 짱",
    "date": "11.06.04",
    "rating": "10",
    "author": "fnfn****",
    "review_id": "5463581",
    "movie_id": "43844"
  },
  {
    "review": "이 영화가 어떻게 끝날지 누구나 알수있다. 그래도 재밌게 볼수 있다.",
    "date": "11.05.09",
    "rating": "10",
    "author": "jchc****",
    "review_id": "5417323",
    "movie_id": "43844"
  },
  {
    "review": "괜찮은 로맨틱코미디",
    "date": "11.04.27",
    "rating": "8",
    "author": "pers****",
    "review_id": "5394493",
    "movie_id": "43844"
  },
  {
    "review": "환타지 로맨스물로 그럭저럭 괜찮은 편이지만, 초반을 참고 봐야되는 영화..",
    "date": "11.02.08",
    "rating": "7",
    "author": "come****",
    "review_id": "5229439",
    "movie_id": "43844"
  },
  {
    "review": "괜찮게 본 영화",
    "date": "11.02.05",
    "rating": "8",
    "author": "lmy0****",
    "review_id": "5219726",
    "movie_id": "43844"
  },
  {
    "review": "일반로맨스코미니영화들보다 한참 낮은수준인데 왜이리 평점이높은지.. 뒤죽박죽",
    "date": "11.01.18",
    "rating": "3",
    "author": "heuz****",
    "review_id": "5167523",
    "movie_id": "43844"
  },
  {
    "review": "로맨틱코미디는 언제봐도 기분좋다..",
    "date": "11.01.17",
    "rating": "10",
    "author": "wndd****",
    "review_id": "5163783",
    "movie_id": "43844"
  },
  {
    "review": "전형적인 틀을 벗어나지못한 로맨틱코미디. 위더스푼 나온것치곤 우수하다.(2)",
    "date": "11.01.10",
    "rating": "6",
    "author": "ejia****",
    "review_id": "5146285",
    "movie_id": "43844"
  },
  {
    "review": "정말 아름다운 영화입니다.....",
    "date": "10.11.23",
    "rating": "10",
    "author": "kj99****",
    "review_id": "4982952",
    "movie_id": "43844"
  },
  {
    "review": "내용이 뻔하고 식상한 전개에 무엇보다 감흥이나 감동이 전해지지 않는다.",
    "date": "10.11.01",
    "rating": "6",
    "author": "bcm0****",
    "review_id": "4931890",
    "movie_id": "43844"
  },
  {
    "review": "그녀의 생명이 끝나기전에 그녀를 병원에서 빼내자",
    "date": "10.10.13",
    "rating": "6",
    "author": "lemo****",
    "review_id": "4900545",
    "movie_id": "43844"
  },
  {
    "review": "위더스푼 나온 것 치곤 우수하다.",
    "date": "10.10.02",
    "rating": "3",
    "author": "pria****",
    "review_id": "4881128",
    "movie_id": "43844"
  },
  {
    "review": "괜찮네요 영화 볼만해요^^",
    "date": "10.09.01",
    "rating": "8",
    "author": "rlar****",
    "review_id": "4810903",
    "movie_id": "43844"
  },
  {
    "review": "앙증맞고 이쁜 영혼의 사랑... 나름 좋네여...",
    "date": "10.09.01",
    "rating": "7",
    "author": "urkn****",
    "review_id": "4809602",
    "movie_id": "43844"
  },
  {
    "review": "한국에서 한 귀신이산다와는 차원이다른 영화^^",
    "date": "10.07.19",
    "rating": "10",
    "author": "vmf2****",
    "review_id": "4651860",
    "movie_id": "43844"
  },
  {
    "review": "리즈 위더스푼 이쁘다..",
    "date": "10.07.18",
    "rating": "10",
    "author": "baba****",
    "review_id": "4649703",
    "movie_id": "43844"
  },
  {
    "review": "정원은 멋졌다.",
    "date": "10.07.15",
    "rating": "6",
    "author": "marc****",
    "review_id": "4641114",
    "movie_id": "43844"
  },
  {
    "review": "기욤뮈소의 소설을 본것같다. 꽃내음나는 영화",
    "date": "10.07.02",
    "rating": "10",
    "author": "psh8****",
    "review_id": "4606793",
    "movie_id": "43844"
  },
  {
    "review": "리즈 위더스푼 팬이라.. -_-",
    "date": "10.07.02",
    "rating": "8",
    "author": "pksj****",
    "review_id": "4604048",
    "movie_id": "43844"
  },
  {
    "review": "소설을먼저 보고 영화를 봤습니다 .... 너무 슬퍼요 .. 제인생의 최고의 영화",
    "date": "10.06.30",
    "rating": "10",
    "author": "qhtj****",
    "review_id": "4601749",
    "movie_id": "43844"
  },
  {
    "review": "리즈식의 로맨틱 코메디",
    "date": "10.06.30",
    "rating": "8",
    "author": "reki****",
    "review_id": "4601549",
    "movie_id": "43844"
  },
  {
    "review": "재밌게 볼만한 로맨스 영화",
    "date": "10.06.30",
    "rating": "8",
    "author": "hype****",
    "review_id": "4601058",
    "movie_id": "43844"
  },
  {
    "review": "감동적이에요......",
    "date": "10.06.02",
    "rating": "10",
    "author": "rob4****",
    "review_id": "4540022",
    "movie_id": "43844"
  },
  {
    "review": "잔잔하면서 감동에 조연들 연기도 좋구",
    "date": "10.04.10",
    "rating": "10",
    "author": "zuca****",
    "review_id": "4423860",
    "movie_id": "43844"
  },
  {
    "review": "마지막이 멋져",
    "date": "10.03.30",
    "rating": "10",
    "author": "jjon****",
    "review_id": "4398217",
    "movie_id": "43844"
  },
  {
    "review": "기억에서 지워지지가 않아...",
    "date": "10.03.27",
    "rating": "10",
    "author": "ljhg****",
    "review_id": "4389897",
    "movie_id": "43844"
  },
  {
    "review": "뻔한 장르물이지만 시간때우기엔 좋다.",
    "date": "10.03.02",
    "rating": "5",
    "author": "khkk****",
    "review_id": "4330206",
    "movie_id": "43844"
  },
  {
    "review": "흠 유치해",
    "date": "10.02.22",
    "rating": "4",
    "author": "yuj1****",
    "review_id": "4310177",
    "movie_id": "43844"
  },
  {
    "review": "정말재미있습니다 사랑과영혼삘임",
    "date": "10.02.22",
    "rating": "10",
    "author": "dntj****",
    "review_id": "4309422",
    "movie_id": "43844"
  },
  {
    "review": "좀 웃기긴하지만 감동..ㅠㅠ 슬픔 완전 대박 불쌍함 여자..ㅠㅠ100%",
    "date": "10.02.22",
    "rating": "10",
    "author": "cd01****",
    "review_id": "4309256",
    "movie_id": "43844"
  },
  {
    "review": "로맨틱코미디~!! 재미써용",
    "date": "10.02.08",
    "rating": "8",
    "author": "g514****",
    "review_id": "4261870",
    "movie_id": "43844"
  },
  {
    "review": "최고였음 ㅠㅠ...감동적이었음",
    "date": "10.01.31",
    "rating": "10",
    "author": "wlal****",
    "review_id": "4229928",
    "movie_id": "43844"
  },
  {
    "review": "우리나라걸 리메이크했지만 더 재밌고 눈물나고 즐거운 영화. 리즈 넘 귀엽다",
    "date": "10.01.31",
    "rating": "10",
    "author": "oliv****",
    "review_id": "4229557",
    "movie_id": "43844"
  },
  {
    "review": "뻔하지만 따뜻한 영화네요, 리즈와 데이빗의 운명적 사랑잉야기",
    "date": "10.01.31",
    "rating": "10",
    "author": "yado****",
    "review_id": "4227648",
    "movie_id": "43844"
  },
  {
    "review": "감동적인 영화네요..연인들이라면 한번쯤 꼭 봐야 하는영화...",
    "date": "10.01.27",
    "rating": "10",
    "author": "hsdv****",
    "review_id": "4214001",
    "movie_id": "43844"
  },
  {
    "review": "귀신이 산다로 시작하지만 로맨스 확실한 영화",
    "date": "10.01.27",
    "rating": "8",
    "author": "kism****",
    "review_id": "4213932",
    "movie_id": "43844"
  },
  {
    "review": "뻔한 내용이지만 연애해보고 싶은 마음이 들게 만드는 전형적인 로맨스영화.",
    "date": "10.01.23",
    "rating": "8",
    "author": "beck****",
    "review_id": "4201044",
    "movie_id": "43844"
  },
  {
    "review": "나진짜 로맨스같은거 안보는데 이거완전 재밌어요 ㅋㅋㅋ",
    "date": "10.01.23",
    "rating": "10",
    "author": "alst****",
    "review_id": "4200941",
    "movie_id": "43844"
  },
  {
    "review": "따라리라라라 진부해요 리즈는 언제나 좋지만요",
    "date": "10.01.17",
    "rating": "6",
    "author": "kgy6****",
    "review_id": "4180224",
    "movie_id": "43844"
  },
  {
    "review": "액션만 보는 나도 가슴이 뭉클해 지게 만드는 영화 .^^*",
    "date": "10.01.10",
    "rating": "10",
    "author": "lllo****",
    "review_id": "4157126",
    "movie_id": "43844"
  },
  {
    "review": "감독이 영화를 정말 잘 만들었어요. 완벽한 영화 강추 강추",
    "date": "10.01.05",
    "rating": "10",
    "author": "char****",
    "review_id": "4134723",
    "movie_id": "43844"
  },
  {
    "review": "미국판 '귀신이 산다' 인줄 알았음..",
    "date": "10.01.01",
    "rating": "7",
    "author": "stri****",
    "review_id": "4114615",
    "movie_id": "43844"
  },
  {
    "review": "아무 생각없이 봤는데 .. 은근히 시사하는게 많은 코메디",
    "date": "09.12.31",
    "rating": "8",
    "author": "driv****",
    "review_id": "4113221",
    "movie_id": "43844"
  },
  {
    "review": "꽤 괜찮네요..볼까말까 망설였던 영화인데 여자분들한테는 괜찮은 영화일듯",
    "date": "09.12.31",
    "rating": "10",
    "author": "ride****",
    "review_id": "4112230",
    "movie_id": "43844"
  },
  {
    "review": "뻔히 예상되는 내용과 결말에 졸작 영화다",
    "date": "09.12.31",
    "rating": "3",
    "author": "llpo****",
    "review_id": "4112194",
    "movie_id": "43844"
  },
  {
    "review": "방금전 티비에서해준거 보고오는길이다.볼만하다.ㅋㅋ",
    "date": "09.12.31",
    "rating": "10",
    "author": "dudx****",
    "review_id": "4111624",
    "movie_id": "43844"
  },
  {
    "review": "유치하지만 볼만 하다..",
    "date": "09.12.29",
    "rating": "7",
    "author": "tn99****",
    "review_id": "4105930",
    "movie_id": "43844"
  },
  {
    "review": "내용도 좋지만 그보다 아름다운 정원에 퐁빠졌어요. 꼭 우리집 옥상을 그렇게...ㅋㅋ",
    "date": "09.12.16",
    "rating": "10",
    "author": "mi_n****",
    "review_id": "4047854",
    "movie_id": "43844"
  },
  {
    "review": "평범한 로맨틱 코미디지만, 마음을 끄는 무언가가 있다.",
    "date": "09.12.14",
    "rating": "9",
    "author": "plzb****",
    "review_id": "4043014",
    "movie_id": "43844"
  },
  {
    "review": "좋은소설을이렇게밖에못풀어낸게안타까울따름이다...평점이너무높다",
    "date": "09.11.13",
    "rating": "4",
    "author": "kang****",
    "review_id": "3958048",
    "movie_id": "43844"
  },
  {
    "review": "별로 재미없네..",
    "date": "09.09.16",
    "rating": "6",
    "author": "bkm1****",
    "review_id": "3834637",
    "movie_id": "43844"
  },
  {
    "review": "뭐지..평이 높네",
    "date": "09.09.15",
    "rating": "6",
    "author": "bkm1****",
    "review_id": "3833226",
    "movie_id": "43844"
  },
  {
    "review": "정말 재미있음...ㅠㅠ 눈물까지 질질흘리구... 완전재미있어요!!",
    "date": "09.08.11",
    "rating": "10",
    "author": "duag****",
    "review_id": "3738112",
    "movie_id": "43844"
  },
  {
    "review": "그냥 그런 로맨스 코미디..",
    "date": "09.07.20",
    "rating": "7",
    "author": "grip****",
    "review_id": "3652175",
    "movie_id": "43844"
  },
  {
    "review": "뭐지 이건... 리즈위더스푼때문에 꾸역꾸역 본영화..",
    "date": "09.07.19",
    "rating": "2",
    "author": "leej****",
    "review_id": "3646068",
    "movie_id": "43844"
  },
  {
    "review": "리즈와 마크는 왜 이런 영화를 찍었을까... 배우가 아까워.",
    "date": "09.06.26",
    "rating": "4",
    "author": "kort****",
    "review_id": "3592513",
    "movie_id": "43844"
  },
  {
    "review": "러팔로 아녔음 화냈을듯. 후반 짧은 호흡이 아쉽다. 그들의 외로움은 제법 느껴졌다.",
    "date": "09.06.17",
    "rating": "4",
    "author": "kkot****",
    "review_id": "3571022",
    "movie_id": "43844"
  },
  {
    "review": "이영화 보면 마음이 편해짐",
    "date": "09.05.30",
    "rating": "10",
    "author": "thsn****",
    "review_id": "3531623",
    "movie_id": "43844"
  },
  {
    "review": "천국을 느낄수 있었다.",
    "date": "09.05.16",
    "rating": "10",
    "author": "kyh_****",
    "review_id": "3498248",
    "movie_id": "43844"
  }
]