[
  {
    "review": "나카시마  미카 비주얼 아니였음 ㅋㅋㅋ 진짜 큰일날뻔 ㅠㅠ",
    "date": "15.07.29",
    "rating": "4",
    "author": "j233****",
    "review_id": "10156992",
    "movie_id": "43906"
  },
  {
    "review": "원작 진짜 잘살렸다. 우정의 끈끈함을 발견할 수 있는 영화다.",
    "date": "15.07.27",
    "rating": "7",
    "author": "wjdd****",
    "review_id": "10148792",
    "movie_id": "43906"
  },
  {
    "review": "만화가 너무 잘생기고 예뻐서 그런지 영화로 보니까  내눈이 너무 힘들다... 좀더 잘생긴 배우로 했으면... 렌 진짜 기대했는데 충격",
    "date": "15.04.22",
    "rating": "1",
    "author": "dbso****",
    "review_id": "9857108",
    "movie_id": "43906"
  },
  {
    "review": "두명 케미 장난아니다 아오이 귀여움",
    "date": "15.04.11",
    "rating": "10",
    "author": "trki****",
    "review_id": "9840643",
    "movie_id": "43906"
  },
  {
    "review": "Glamorous sky 노래너무 좋다, 나카시마 미카도 좋고.",
    "date": "15.03.26",
    "rating": "10",
    "author": "qjrm****",
    "review_id": "9808047",
    "movie_id": "43906"
  },
  {
    "review": "재밌다~~ 여주인공 엄청이쁘다",
    "date": "14.11.02",
    "rating": "8",
    "author": "wjaw****",
    "review_id": "9336379",
    "movie_id": "43906"
  },
  {
    "review": "원작만화 분위기와 인물을 그대로 잘 살렸음. 다만, 미소년신 역할은 미스캐스팅 ㅜㅜ .",
    "date": "14.09.03",
    "rating": "9",
    "author": "hoga****",
    "review_id": "9157467",
    "movie_id": "43906"
  },
  {
    "review": "구라 안치고 남친 패고 싶다",
    "date": "14.08.22",
    "rating": "9",
    "author": "samt****",
    "review_id": "9122298",
    "movie_id": "43906"
  },
  {
    "review": "아직까지도 100번을 돌려보는 영화.특히나 레이라의  Endless story가 흘러나올 때 회상장면은 정말 최고였다. 아직도 소름이 돋음. soundtrack 소장할 정도로 ost가 굉장히 인상깊었음.",
    "date": "14.08.12",
    "rating": "10",
    "author": "gami****",
    "review_id": "9075004",
    "movie_id": "43906"
  },
  {
    "review": "원작에 충실하지만 왠지 모를 부족함.하지만 나카시마 미카와 미야자키 아오이보는 재미로 충분하다. 극장에서 봤는데 미카의 glamourous sky부를땐 완전한콘서트 현장!!",
    "date": "14.05.17",
    "rating": "7",
    "author": "uhol****",
    "review_id": "8739827",
    "movie_id": "43906"
  },
  {
    "review": "그때를 동경하는영화 너무이쁘다",
    "date": "14.05.14",
    "rating": "10",
    "author": "yoor****",
    "review_id": "8729619",
    "movie_id": "43906"
  },
  {
    "review": "내가 정말 사랑하는 영화",
    "date": "14.05.01",
    "rating": "10",
    "author": "1031****",
    "review_id": "8689550",
    "movie_id": "43906"
  },
  {
    "review": "솔직히 미카상이 영화살린건진짜맞는말 ㅋㅋ너무예쁘게나옴노래도 좋고",
    "date": "14.03.21",
    "rating": "10",
    "author": "gyfl****",
    "review_id": "8591649",
    "movie_id": "43906"
  },
  {
    "review": "이런영화 더잇을까... 나나아성은 깨기힘들듯... 안티가많은대신팬도많다는사실 ㅎ",
    "date": "14.03.14",
    "rating": "10",
    "author": "haya****",
    "review_id": "8574093",
    "movie_id": "43906"
  },
  {
    "review": "잔잔하고 감동적인 영화다. 감동이라고 해봤자 특별한건 아니고, 걍 일상에서 가슴  찡한 정도.. 일본 영화답게영화의 스토리와 전개는 그저 잔잔할 뿐이다. 임팩트도 없고 아주 안정되게 순항한다. 일본 영화의 이러한 밋밋함과 잔잔함이좋다.",
    "date": "14.03.09",
    "rating": "8",
    "author": "hoon****",
    "review_id": "8565196",
    "movie_id": "43906"
  },
  {
    "review": "추억이 많은 작품이라 그것만으로도 완벽 그 자체!",
    "date": "14.02.16",
    "rating": "10",
    "author": "7z7z****",
    "review_id": "8512128",
    "movie_id": "43906"
  },
  {
    "review": "따뜻한 우정이 그리운 사람들에게 추천하는 영화",
    "date": "14.02.05",
    "rating": "7",
    "author": "woos****",
    "review_id": "8478760",
    "movie_id": "43906"
  },
  {
    "review": "공감할 수 있는 캐릭터. 흐름도 자연스러웠고. 쓸데없이 엉엉 울게하는 영화들 보단 나았다.",
    "date": "14.02.01",
    "rating": "9",
    "author": "sifi****",
    "review_id": "8457455",
    "movie_id": "43906"
  },
  {
    "review": "오리지날사운드트랙만으로도완벽하다!",
    "date": "14.01.15",
    "rating": "10",
    "author": "vkvk****",
    "review_id": "8383813",
    "movie_id": "43906"
  },
  {
    "review": "정말 재밋고 부드러운맛이있는 영화 시즌 1,2 봣지만 정말 재미잇더군요 ㅠㅠ정말 감사합니다",
    "date": "13.12.26",
    "rating": "10",
    "author": "khs0****",
    "review_id": "8303633",
    "movie_id": "43906"
  },
  {
    "review": "나나 리뷰http://blog.naver.com/a1b2c4d3/40200751341",
    "date": "13.11.13",
    "rating": "10",
    "author": "a1b2****",
    "review_id": "8135057",
    "movie_id": "43906"
  },
  {
    "review": "만화를 영상매체로 옮긴 것에 의의를....  생각보다 이미지나 분위기를 잘 잡았다. (특히 그 집) 하치도 귀엽고 그래서 나나2는 보고 싶지 않다는.",
    "date": "13.10.03",
    "rating": "8",
    "author": "rumo****",
    "review_id": "8031939",
    "movie_id": "43906"
  },
  {
    "review": "굿ㅜㅜ넘멋진영화 열번넘게봤네요",
    "date": "13.08.21",
    "rating": "10",
    "author": "dydd****",
    "review_id": "7908250",
    "movie_id": "43906"
  },
  {
    "review": "원작을 알고 나카시마 미카를 알아야 재미가 있다.",
    "date": "13.08.19",
    "rating": "9",
    "author": "ghdu****",
    "review_id": "7903836",
    "movie_id": "43906"
  },
  {
    "review": "나카시마...노래도 잘하고 연기도 잘하고 ♡",
    "date": "13.08.15",
    "rating": "10",
    "author": "gkdp****",
    "review_id": "7882566",
    "movie_id": "43906"
  },
  {
    "review": "별내용없음 재밌지도 재미없지도 않음",
    "date": "13.06.06",
    "rating": "4",
    "author": "dltm****",
    "review_id": "7594150",
    "movie_id": "43906"
  },
  {
    "review": "ㅜㅜ모두모두좋아죽겟구려",
    "date": "13.05.05",
    "rating": "10",
    "author": "toom****",
    "review_id": "7507945",
    "movie_id": "43906"
  },
  {
    "review": "일본 영화 중 무관심 장르.",
    "date": "13.04.30",
    "rating": "2",
    "author": "pria****",
    "review_id": "7495011",
    "movie_id": "43906"
  },
  {
    "review": "원작을 잘 살린걸로 충분하다",
    "date": "13.01.07",
    "rating": "9",
    "author": "qort****",
    "review_id": "7089946",
    "movie_id": "43906"
  },
  {
    "review": "젊음은 그래서 좋구나",
    "date": "13.01.05",
    "rating": "7",
    "author": "kos4****",
    "review_id": "7084710",
    "movie_id": "43906"
  },
  {
    "review": "이걸 통해서 특별히 하려는 얘기는 없는 듯.",
    "date": "12.11.14",
    "rating": "5",
    "author": "boyc****",
    "review_id": "6888482",
    "movie_id": "43906"
  },
  {
    "review": "캐스팅을 거의 완벽하게 했음. 근데 원작에서 표현된 그들만의 분위기가 영화에선 덜 세밀하게 표현된 느낌이라 안타까웠음. 그래도 OST도 좋고 보긴 괜찮았음. 2편은 보지마세요 망함.",
    "date": "12.10.29",
    "rating": "6",
    "author": "mglo****",
    "review_id": "6833912",
    "movie_id": "43906"
  },
  {
    "review": "나카시마 미카의 매력이 이 영화를 살렸다 나머지는 그럭저럭",
    "date": "12.10.02",
    "rating": "10",
    "author": "yun_****",
    "review_id": "6754727",
    "movie_id": "43906"
  },
  {
    "review": "일본영화 좋아한다면 꼭 봐야할 영화!",
    "date": "12.09.25",
    "rating": "10",
    "author": "ske4****",
    "review_id": "6731536",
    "movie_id": "43906"
  },
  {
    "review": "감성터지는영화",
    "date": "12.07.26",
    "rating": "10",
    "author": "elin****",
    "review_id": "6534527",
    "movie_id": "43906"
  },
  {
    "review": "너무재미있게봤어요 ~",
    "date": "12.07.23",
    "rating": "10",
    "author": "fpdh****",
    "review_id": "6520509",
    "movie_id": "43906"
  },
  {
    "review": "\"첫사랑과도 같았던 우리..\"",
    "date": "12.06.16",
    "rating": "7",
    "author": "leti****",
    "review_id": "6395800",
    "movie_id": "43906"
  },
  {
    "review": "여기서 원작이랑 캐릭터가 맞아보이는 사람은 오사키 나나밖에 없는듯...",
    "date": "12.03.18",
    "rating": "5",
    "author": "mari****",
    "review_id": "6151525",
    "movie_id": "43906"
  },
  {
    "review": "노래도 좋고 정말 만화에서 툭 튀어나온듯 !",
    "date": "12.02.10",
    "rating": "8",
    "author": "o0o1****",
    "review_id": "6066063",
    "movie_id": "43906"
  },
  {
    "review": "음악도 괜찮고 내용도 괜찮음.그리고 아오이 졸라 예뻐",
    "date": "12.02.01",
    "rating": "7",
    "author": "ybna****",
    "review_id": "6041867",
    "movie_id": "43906"
  },
  {
    "review": "스토리도 부족하고, 평범하다.",
    "date": "12.01.02",
    "rating": "6",
    "author": "ci30****",
    "review_id": "5955653",
    "movie_id": "43906"
  },
  {
    "review": "어둡지만 빛나는 청춘.",
    "date": "11.10.28",
    "rating": "6",
    "author": "afte****",
    "review_id": "5814790",
    "movie_id": "43906"
  },
  {
    "review": "주연배우가 연기를 너무 못한다.",
    "date": "11.10.25",
    "rating": "4",
    "author": "cks0****",
    "review_id": "5809193",
    "movie_id": "43906"
  },
  {
    "review": "애니보고 잼나서 본건데  애니내용하고 같지만 끝까지는 안나오네요~",
    "date": "11.06.20",
    "rating": "8",
    "author": "eye1****",
    "review_id": "5491129",
    "movie_id": "43906"
  },
  {
    "review": "너무 담담하게 이야기하네요",
    "date": "11.06.18",
    "rating": "6",
    "author": "ll3l****",
    "review_id": "5486232",
    "movie_id": "43906"
  },
  {
    "review": "아무리 배우라도 사람이 그림만큼 우월할수없네.원작 만화책이나,애니는 더 강추!!",
    "date": "11.05.20",
    "rating": "8",
    "author": "nado****",
    "review_id": "5438415",
    "movie_id": "43906"
  },
  {
    "review": "허점이 많았지만 개인적으로 재밌게 봤다 아오이의 애교 때문인지는 몰라도..",
    "date": "11.05.18",
    "rating": "7",
    "author": "l_dl****",
    "review_id": "5434445",
    "movie_id": "43906"
  },
  {
    "review": "걍 그냥 그랬던듯..",
    "date": "11.03.09",
    "rating": "5",
    "author": "xtai****",
    "review_id": "5301684",
    "movie_id": "43906"
  },
  {
    "review": "코스프레영화ㅠ애니를영화화시킨게아니라이건뭐사람이애니따라하는느낌이라해야하나?",
    "date": "11.02.15",
    "rating": "4",
    "author": "jeal****",
    "review_id": "5246719",
    "movie_id": "43906"
  },
  {
    "review": "이름이 같은 두 여인의 다른삶...꽤 볼만한 영화다",
    "date": "11.01.29",
    "rating": "7",
    "author": "dbfl****",
    "review_id": "5193565",
    "movie_id": "43906"
  },
  {
    "review": "소재를 잘 살려서 재밋게 봄~ 나카시마 미카 짱",
    "date": "11.01.26",
    "rating": "9",
    "author": "rlqj****",
    "review_id": "5185560",
    "movie_id": "43906"
  },
  {
    "review": "미야자키아오이..귀엽네.. 귀여워.. 귀엽다구!!",
    "date": "11.01.15",
    "rating": "10",
    "author": "kjan****",
    "review_id": "5158787",
    "movie_id": "43906"
  },
  {
    "review": "이정도면 합격.",
    "date": "11.01.05",
    "rating": "7",
    "author": "fall****",
    "review_id": "5130764",
    "movie_id": "43906"
  },
  {
    "review": "캐스팅 적절. 보고서 판단하길",
    "date": "10.11.29",
    "rating": "10",
    "author": "kunh****",
    "review_id": "5007236",
    "movie_id": "43906"
  },
  {
    "review": "전혀 어울릴거 같지 않은 두 나나의 이야기 좋았다.",
    "date": "10.11.11",
    "rating": "8",
    "author": "marc****",
    "review_id": "4952835",
    "movie_id": "43906"
  },
  {
    "review": "평점이 왜이렇게 낮은거지?",
    "date": "10.09.20",
    "rating": "10",
    "author": "ttty****",
    "review_id": "4849789",
    "movie_id": "43906"
  },
  {
    "review": "싱크 대박! 다시 보고 싶은 영화~",
    "date": "10.09.19",
    "rating": "10",
    "author": "befo****",
    "review_id": "4846566",
    "movie_id": "43906"
  },
  {
    "review": "뭐지 이 어설픈 영화는??",
    "date": "10.08.03",
    "rating": "4",
    "author": "sun1****",
    "review_id": "4700079",
    "movie_id": "43906"
  },
  {
    "review": "고마츠나나 홧팅!~ 오사키 나나도 ㅋㅋ",
    "date": "10.07.30",
    "rating": "10",
    "author": "gnfm****",
    "review_id": "4686690",
    "movie_id": "43906"
  },
  {
    "review": "정말 싱크로율100%에 가까운 캐스팅이 인상깊네요",
    "date": "10.07.20",
    "rating": "10",
    "author": "gold****",
    "review_id": "4655352",
    "movie_id": "43906"
  },
  {
    "review": "처음에는 조금 지루했으나 갈수록 재밌어진다. 나나들은 캐스팅 최고인듯",
    "date": "10.07.19",
    "rating": "9",
    "author": "dldm****",
    "review_id": "4653605",
    "movie_id": "43906"
  },
  {
    "review": "여주들 캐스팅 하나는 정말 잘했네, 기대이상이었다",
    "date": "10.07.17",
    "rating": "8",
    "author": "odau****",
    "review_id": "4646210",
    "movie_id": "43906"
  },
  {
    "review": "진짜 두고두고보는 명작영화..이세계에 빠지게되는느낌",
    "date": "10.07.02",
    "rating": "10",
    "author": "zeal****",
    "review_id": "4606577",
    "movie_id": "43906"
  },
  {
    "review": "애니보고 봐로 봐서 그런지 되게 즐겁게 봤다~~~",
    "date": "10.07.01",
    "rating": "8",
    "author": "dudd****",
    "review_id": "4602207",
    "movie_id": "43906"
  },
  {
    "review": "만화책 보고 영화보기 최고..",
    "date": "10.06.30",
    "rating": "10",
    "author": "ganj****",
    "review_id": "4600247",
    "movie_id": "43906"
  },
  {
    "review": "매력넘친다",
    "date": "10.06.24",
    "rating": "10",
    "author": "xyxy****",
    "review_id": "4588985",
    "movie_id": "43906"
  },
  {
    "review": "아~ 재밌어요~ 가끔 생각날때마다 보고 있어요ㅋㅋ",
    "date": "10.06.21",
    "rating": "10",
    "author": "re_f****",
    "review_id": "4581632",
    "movie_id": "43906"
  },
  {
    "review": "다음영화 뚜비",
    "date": "10.06.17",
    "rating": "9",
    "author": "c42k****",
    "review_id": "4571501",
    "movie_id": "43906"
  },
  {
    "review": "너무 최공///",
    "date": "10.06.13",
    "rating": "10",
    "author": "jes7****",
    "review_id": "4562795",
    "movie_id": "43906"
  },
  {
    "review": "나카시마 미카의 매력과 재미있는 스토리 기대이상이었음.",
    "date": "10.06.11",
    "rating": "8",
    "author": "glor****",
    "review_id": "4558958",
    "movie_id": "43906"
  },
  {
    "review": "미카 노래만 잘하는게아니라 연기도 괜찮게하네 ~~~~~~",
    "date": "10.04.04",
    "rating": "6",
    "author": "fnsk****",
    "review_id": "4409215",
    "movie_id": "43906"
  },
  {
    "review": "왜 나카시마미카 매력에 빠지는지 알것같아.",
    "date": "10.03.28",
    "rating": "10",
    "author": "otl1****",
    "review_id": "4393472",
    "movie_id": "43906"
  },
  {
    "review": "정말 재밌어요! 추천합니다",
    "date": "10.03.27",
    "rating": "10",
    "author": "wldu****",
    "review_id": "4390727",
    "movie_id": "43906"
  },
  {
    "review": "부정적인 사고관을 가진 사람들은 이해못할 가슴 찡한 이야기.",
    "date": "10.03.19",
    "rating": "10",
    "author": "etes****",
    "review_id": "4367686",
    "movie_id": "43906"
  },
  {
    "review": "허무하네요. 남는거 하나없는 여자 두명의 그저그런 이야기",
    "date": "10.03.04",
    "rating": "4",
    "author": "athe****",
    "review_id": "4334500",
    "movie_id": "43906"
  },
  {
    "review": "좋았습니다^^",
    "date": "10.02.24",
    "rating": "10",
    "author": "alic****",
    "review_id": "4314439",
    "movie_id": "43906"
  },
  {
    "review": "마츠다류헤이ㅠㅠ",
    "date": "10.02.19",
    "rating": "10",
    "author": "rimi****",
    "review_id": "4301239",
    "movie_id": "43906"
  },
  {
    "review": "뭐그냥 볼만한 영화인듯하네요;",
    "date": "10.02.13",
    "rating": "9",
    "author": "scho****",
    "review_id": "4277748",
    "movie_id": "43906"
  },
  {
    "review": "허접한 청소년 영화 아닌가??",
    "date": "10.02.09",
    "rating": "4",
    "author": "kusa****",
    "review_id": "4264842",
    "movie_id": "43906"
  },
  {
    "review": "나카시마미카라는 배우가 누군지 알려준 영화...",
    "date": "10.02.07",
    "rating": "10",
    "author": "pink****",
    "review_id": "4254718",
    "movie_id": "43906"
  },
  {
    "review": "나나, 친구... 아 재밌다",
    "date": "10.01.31",
    "rating": "10",
    "author": "alle****",
    "review_id": "4227050",
    "movie_id": "43906"
  },
  {
    "review": "두명의 나나의 상반된 성격과 성장과정이 아련하게 여운이 남는다",
    "date": "10.01.23",
    "rating": "10",
    "author": "jinm****",
    "review_id": "4202718",
    "movie_id": "43906"
  },
  {
    "review": "하이하이 나나데쓰~~ 나나1,2 다 좋았다",
    "date": "10.01.15",
    "rating": "10",
    "author": "inmy****",
    "review_id": "4172440",
    "movie_id": "43906"
  },
  {
    "review": "걍 대박",
    "date": "10.01.12",
    "rating": "10",
    "author": "whdk****",
    "review_id": "4163413",
    "movie_id": "43906"
  },
  {
    "review": "나나ost두좋고 간지좔좔",
    "date": "10.01.07",
    "rating": "10",
    "author": "happ****",
    "review_id": "4144967",
    "movie_id": "43906"
  },
  {
    "review": "원작은 안봤지만 나름 볼만한 작품인듯 ^^",
    "date": "10.01.06",
    "rating": "8",
    "author": "krai****",
    "review_id": "4143024",
    "movie_id": "43906"
  },
  {
    "review": "정말 소름 끼칠정도로 멋진 나나. 재밌어서 끝나가는게 아쉬웠다.",
    "date": "09.12.26",
    "rating": "10",
    "author": "thsu****",
    "review_id": "4088324",
    "movie_id": "43906"
  },
  {
    "review": "나나......이마데모 오보에테이루?",
    "date": "09.12.09",
    "rating": "8",
    "author": "sona****",
    "review_id": "4029980",
    "movie_id": "43906"
  },
  {
    "review": "꿈을 향한 그들의 길. 10점도 부족하다.",
    "date": "09.11.29",
    "rating": "10",
    "author": "wjda****",
    "review_id": "4001291",
    "movie_id": "43906"
  },
  {
    "review": "영화를 보면서 오랜만에 울어본다... 왠지 2는 보기 싫다..",
    "date": "09.11.24",
    "rating": "10",
    "author": "ckfl****",
    "review_id": "3988157",
    "movie_id": "43906"
  },
  {
    "review": "이미지나 분위기가 참 좋았다..원작을 나름 잘 살린듯..",
    "date": "09.11.21",
    "rating": "7",
    "author": "wind****",
    "review_id": "3981037",
    "movie_id": "43906"
  },
  {
    "review": "구우웃!",
    "date": "09.11.18",
    "rating": "10",
    "author": "dlfl****",
    "review_id": "3973999",
    "movie_id": "43906"
  },
  {
    "review": "음악이 좋다",
    "date": "09.11.14",
    "rating": "7",
    "author": "mans****",
    "review_id": "3960344",
    "movie_id": "43906"
  },
  {
    "review": "난좋은듯 !!!",
    "date": "09.10.24",
    "rating": "10",
    "author": "lolo****",
    "review_id": "3912939",
    "movie_id": "43906"
  },
  {
    "review": "꽤나 좋았다. '나나'란 이름도 이쁘고말야.",
    "date": "09.10.18",
    "rating": "9",
    "author": "akiy****",
    "review_id": "3901375",
    "movie_id": "43906"
  },
  {
    "review": "난 좋았어",
    "date": "09.10.17",
    "rating": "10",
    "author": "hiph****",
    "review_id": "3898425",
    "movie_id": "43906"
  },
  {
    "review": "어느한군데 흠잡을데 없군요 이영화는! 정말 킹왕짱",
    "date": "09.10.03",
    "rating": "10",
    "author": "0805****",
    "review_id": "3869621",
    "movie_id": "43906"
  },
  {
    "review": "이토유나 Endless story 나올때 기찻길씬은 진짜 감동 ... ㅋ",
    "date": "09.09.05",
    "rating": "7",
    "author": "pure****",
    "review_id": "3812944",
    "movie_id": "43906"
  },
  {
    "review": "애니의감성디테일1/10도못살렸어..코마츠연기드럽게못하네.짱나.ㅠ",
    "date": "09.08.30",
    "rating": "5",
    "author": "luna****",
    "review_id": "3798743",
    "movie_id": "43906"
  },
  {
    "review": "미카 멋있다 ㅋㅋ노래도 좋고.괜찮음..",
    "date": "09.08.26",
    "rating": "10",
    "author": "snlo****",
    "review_id": "3789273",
    "movie_id": "43906"
  }
]