[
  {
    "review": "아무리  레알팬이지만...다큐  보는개  낫겠다.내돈~",
    "date": "15.05.18",
    "rating": "3",
    "author": "joon****",
    "review_id": "9929017",
    "movie_id": "43902"
  },
  {
    "review": "이런 망할 조낸 기대했는데 대체 일본인들은 왜나옴? 원숭이 다큐에나 나오라해 망할 레알을 이렇게 그지같이 만들어놓다니",
    "date": "15.02.17",
    "rating": "1",
    "author": "shin****",
    "review_id": "9705175",
    "movie_id": "43902"
  },
  {
    "review": "그러게 말이야 노잼 꿀잼",
    "date": "14.12.10",
    "rating": "10",
    "author": "cook****",
    "review_id": "9463655",
    "movie_id": "43902"
  },
  {
    "review": "재미없고 너무 내용이에바",
    "date": "14.12.09",
    "rating": "1",
    "author": "tokk****",
    "review_id": "9461294",
    "movie_id": "43902"
  },
  {
    "review": "최고다 평생이것만보다 죽어도 후회가없을듯",
    "date": "14.10.31",
    "rating": "10",
    "author": "kjin****",
    "review_id": "9331168",
    "movie_id": "43902"
  },
  {
    "review": "꿀잠보증수면제. 피곤한데 잠이 안올때 꼭 사용하세요 ^^",
    "date": "14.10.15",
    "rating": "1",
    "author": "tldh****",
    "review_id": "9294049",
    "movie_id": "43902"
  },
  {
    "review": "아내가꾸레다!!!!",
    "date": "14.07.07",
    "rating": "1",
    "author": "t0_r****",
    "review_id": "8892869",
    "movie_id": "43902"
  },
  {
    "review": "욕을 안할래야 안할수 없는 영화",
    "date": "14.04.15",
    "rating": "1",
    "author": "tjdw****",
    "review_id": "8651392",
    "movie_id": "43902"
  },
  {
    "review": "꾸리냄새가 진동하네 꾸레기좀 없어져라",
    "date": "14.03.30",
    "rating": "10",
    "author": "slag****",
    "review_id": "8617857",
    "movie_id": "43902"
  },
  {
    "review": "잠밖에 오지 않는 다큐.",
    "date": "14.01.27",
    "rating": "1",
    "author": "rona****",
    "review_id": "8434610",
    "movie_id": "43902"
  },
  {
    "review": "솔직히 내용은 이해가 안가지만 마지막 엘클라시코 더비 장면은 볼만 했다.",
    "date": "13.11.24",
    "rating": "3",
    "author": "tnsd****",
    "review_id": "8164619",
    "movie_id": "43902"
  },
  {
    "review": "그래도 나름 ....ㅋㅋ괜찮다...",
    "date": "13.08.31",
    "rating": "10",
    "author": "dins****",
    "review_id": "7937095",
    "movie_id": "43902"
  },
  {
    "review": "진짜 지금까지 본 영화 중 최고!",
    "date": "13.06.18",
    "rating": "10",
    "author": "loff****",
    "review_id": "7655491",
    "movie_id": "43902"
  },
  {
    "review": "재밌게 봤구만 왜들그래 약간 막장같은 부분이 몇군데 있었는데 재밌었음",
    "date": "13.06.02",
    "rating": "10",
    "author": "yong****",
    "review_id": "7573992",
    "movie_id": "43902"
  },
  {
    "review": "스토크만세",
    "date": "13.05.28",
    "rating": "1",
    "author": "tjqk****",
    "review_id": "7560245",
    "movie_id": "43902"
  },
  {
    "review": "댓글이 웃겨서 5점줄게 ㅎㅎ",
    "date": "13.04.03",
    "rating": "5",
    "author": "s_m_****",
    "review_id": "7431873",
    "movie_id": "43902"
  },
  {
    "review": "bajj/바르셀로나 팬이건 레알 팬이건 이건 별로입니다.전설의 선수들을 봐서 즐거웠다구요?차라리 유튜브에서 갈락티코 1기 경기영상을 찾아보세요.",
    "date": "13.03.20",
    "rating": "1",
    "author": "aidi****",
    "review_id": "7377525",
    "movie_id": "43902"
  },
  {
    "review": "쓰레기",
    "date": "13.02.01",
    "rating": "1",
    "author": "ehdg****",
    "review_id": "7208613",
    "movie_id": "43902"
  },
  {
    "review": "베컴, 지단, 피구를 볼 수 있다는거에서 즐거웠다. 특히 두번째 이야기에서 나오는 여자축구선수 정말 너무너무 아름답더라..이 여성도 실제 축구선수였던걸로 기억하는데..ㅎㅎ 그나저나 평점은 바셀팬들이 깍고 간걸까?",
    "date": "12.12.06",
    "rating": "9",
    "author": "bajj****",
    "review_id": "6977098",
    "movie_id": "43902"
  },
  {
    "review": "댓글들이 너무 재밌네ㅋㅋ  영화는 쓰레기여도 레알팬이라 10점",
    "date": "12.12.04",
    "rating": "10",
    "author": "cnck****",
    "review_id": "6972200",
    "movie_id": "43902"
  },
  {
    "review": "자미무",
    "date": "12.11.15",
    "rating": "10",
    "author": "gk74****",
    "review_id": "6892136",
    "movie_id": "43902"
  },
  {
    "review": "일본년들은 도대체 왜나오니 관련도없는 빠가년들",
    "date": "12.06.21",
    "rating": "1",
    "author": "sosv****",
    "review_id": "6405158",
    "movie_id": "43902"
  },
  {
    "review": "일본인이왜나와뺑신아, 보니까 죷또 잼없더라-- 0점없냐?",
    "date": "12.02.22",
    "rating": "1",
    "author": "les2****",
    "review_id": "6095137",
    "movie_id": "43902"
  },
  {
    "review": "레알!!!!!!!",
    "date": "12.02.21",
    "rating": "10",
    "author": "woo2****",
    "review_id": "6092289",
    "movie_id": "43902"
  },
  {
    "review": "짱임ㅋ 레알마드리드 짱임ㅋ",
    "date": "11.12.14",
    "rating": "10",
    "author": "wc99****",
    "review_id": "5905454",
    "movie_id": "43902"
  },
  {
    "review": "난 호날두가 좋아서 .......",
    "date": "11.08.16",
    "rating": "10",
    "author": "mike****",
    "review_id": "5658825",
    "movie_id": "43902"
  },
  {
    "review": "챔피언스리그 역대 최다 우승팀, 레알 마드리드 명성에 먹칠",
    "date": "11.07.15",
    "rating": "5",
    "author": "kims****",
    "review_id": "5543962",
    "movie_id": "43902"
  },
  {
    "review": "레알? 레알!신고",
    "date": "11.06.08",
    "rating": "9",
    "author": "oven****",
    "review_id": "5471816",
    "movie_id": "43902"
  },
  {
    "review": "ㅋㅋㅋㅋㅋㅋㅋㅋ 이분 좀 웃기네 ㅋㅋㅋ 속편 ㅋㅋㅋㅋㅋㅋㅋ",
    "date": "11.04.20",
    "rating": "10",
    "author": "kshw****",
    "review_id": "5383768",
    "movie_id": "43902"
  },
  {
    "review": "레알...홍보 영상인가? 2편 리버풀(부제:이스탄불의 기적)으로도 부탁해요~",
    "date": "11.04.15",
    "rating": "5",
    "author": "dhfb****",
    "review_id": "5374154",
    "movie_id": "43902"
  },
  {
    "review": "지단이 좋아서",
    "date": "11.01.24",
    "rating": "1",
    "author": "youd****",
    "review_id": "5180116",
    "movie_id": "43902"
  },
  {
    "review": "재미도없고 감동도없고 웬 일본새;끼들이나와",
    "date": "11.01.08",
    "rating": "3",
    "author": "jaem****",
    "review_id": "5139634",
    "movie_id": "43902"
  },
  {
    "review": "귯",
    "date": "11.01.07",
    "rating": "10",
    "author": "qkrw****",
    "review_id": "5136617",
    "movie_id": "43902"
  },
  {
    "review": "나는 카카가 좋아서...",
    "date": "10.12.26",
    "rating": "10",
    "author": "b012****",
    "review_id": "5087972",
    "movie_id": "43902"
  },
  {
    "review": "레알.............레알?................레알!",
    "date": "10.12.23",
    "rating": "10",
    "author": "tmsk****",
    "review_id": "5078754",
    "movie_id": "43902"
  },
  {
    "review": "오오.. 레알??",
    "date": "10.11.04",
    "rating": "10",
    "author": "akst****",
    "review_id": "4938031",
    "movie_id": "43902"
  },
  {
    "review": "레알 이네요. 레알?",
    "date": "10.10.24",
    "rating": "10",
    "author": "ehdg****",
    "review_id": "4918807",
    "movie_id": "43902"
  },
  {
    "review": "레알이세요?",
    "date": "10.08.10",
    "rating": "10",
    "author": "rmfo****",
    "review_id": "4730163",
    "movie_id": "43902"
  },
  {
    "review": "레알이셈?",
    "date": "10.08.04",
    "rating": "10",
    "author": "qjat****",
    "review_id": "4704118",
    "movie_id": "43902"
  },
  {
    "review": "레알임?",
    "date": "10.07.20",
    "rating": "10",
    "author": "rnjs****",
    "review_id": "4655569",
    "movie_id": "43902"
  },
  {
    "review": "최고다..",
    "date": "10.05.07",
    "rating": "10",
    "author": "next****",
    "review_id": "4484690",
    "movie_id": "43902"
  },
  {
    "review": "너무 멋잇다",
    "date": "10.05.04",
    "rating": "10",
    "author": "hu78****",
    "review_id": "4478795",
    "movie_id": "43902"
  },
  {
    "review": "제목 레알 쩐당 ㅋ",
    "date": "10.04.29",
    "rating": "10",
    "author": "song****",
    "review_id": "4464862",
    "movie_id": "43902"
  },
  {
    "review": "레알?",
    "date": "10.02.21",
    "rating": "10",
    "author": "ggoo****",
    "review_id": "4307414",
    "movie_id": "43902"
  },
  {
    "review": "ㄹ..레알!",
    "date": "10.01.17",
    "rating": "10",
    "author": "dong****",
    "review_id": "4180404",
    "movie_id": "43902"
  },
  {
    "review": "첼시 만세",
    "date": "10.01.09",
    "rating": "1",
    "author": "7cru****",
    "review_id": "4151827",
    "movie_id": "43902"
  },
  {
    "review": "레알이네",
    "date": "09.11.26",
    "rating": "8",
    "author": "rreg****",
    "review_id": "3992048",
    "movie_id": "43902"
  },
  {
    "review": "이 영화 왜 만든겨 레알이 아주 최고여?자기네가 최고라고 만든거?지금?",
    "date": "09.09.27",
    "rating": "1",
    "author": "kyji****",
    "review_id": "3855015",
    "movie_id": "43902"
  },
  {
    "review": "레알이 뭐 대단하다고.. 후속작으로 맨유나 만들어라",
    "date": "09.08.27",
    "rating": "7",
    "author": "flnl****",
    "review_id": "3792141",
    "movie_id": "43902"
  },
  {
    "review": "애들이나 좋아할듯",
    "date": "09.06.19",
    "rating": "1",
    "author": "dark****",
    "review_id": "3576106",
    "movie_id": "43902"
  },
  {
    "review": "축구팬이라면 충분히높은점수를줄듯",
    "date": "09.05.20",
    "rating": "9",
    "author": "dmfl****",
    "review_id": "3509015",
    "movie_id": "43902"
  },
  {
    "review": "이정도면.,.",
    "date": "09.05.10",
    "rating": "10",
    "author": "gkfr****",
    "review_id": "3485017",
    "movie_id": "43902"
  },
  {
    "review": "한 6~7점이 적당한거 같은데 평점이 너무 낮다.",
    "date": "09.05.02",
    "rating": "10",
    "author": "suns****",
    "review_id": "3459497",
    "movie_id": "43902"
  },
  {
    "review": "난 잘떄 이영화를 틀고 잔다. 이영화 끝까지 본적한번도없음",
    "date": "09.04.30",
    "rating": "1",
    "author": "sara****",
    "review_id": "3449287",
    "movie_id": "43902"
  },
  {
    "review": "이건뭐 스포츠영화를 심하게다큐로했네;;;",
    "date": "09.04.05",
    "rating": "3",
    "author": "aqzz****",
    "review_id": "3405816",
    "movie_id": "43902"
  },
  {
    "review": "레알 마드리드의 재분석? 아무튼 재밌다",
    "date": "09.03.03",
    "rating": "9",
    "author": "mins****",
    "review_id": "3344933",
    "movie_id": "43902"
  },
  {
    "review": "그래도 평점이 너무 낮은듯",
    "date": "09.02.23",
    "rating": "10",
    "author": "llpo****",
    "review_id": "3328718",
    "movie_id": "43902"
  },
  {
    "review": "더빙으로 보삼",
    "date": "09.01.15",
    "rating": "6",
    "author": "xx41****",
    "review_id": "3222903",
    "movie_id": "43902"
  },
  {
    "review": "헐리우드식의드라마틱함은 볼수없다! 그러나, 레알&축구를 사랑하는 사람이라면 감동!",
    "date": "09.01.14",
    "rating": "10",
    "author": "stro****",
    "review_id": "3220808",
    "movie_id": "43902"
  },
  {
    "review": "정말 영화로서는 조금 부족하구;; 단지 얼굴보는재미만 있네요...",
    "date": "09.01.11",
    "rating": "5",
    "author": "cech****",
    "review_id": "3210157",
    "movie_id": "43902"
  },
  {
    "review": "차라리 베르나뷰에서 선수들이 트레이닝 하는 실제모습 90분동안 보여달라",
    "date": "08.10.28",
    "rating": "1",
    "author": "sasd****",
    "review_id": "3024731",
    "movie_id": "43902"
  },
  {
    "review": "더빙판으로 보면 재밌음",
    "date": "08.09.17",
    "rating": "10",
    "author": "neh3****",
    "review_id": "2954609",
    "movie_id": "43902"
  },
  {
    "review": "왜 만들엇어요????",
    "date": "08.08.31",
    "rating": "1",
    "author": "a186****",
    "review_id": "2913536",
    "movie_id": "43902"
  },
  {
    "review": "95분짜리 레알마드리드 홍보 동영상",
    "date": "08.08.27",
    "rating": "1",
    "author": "liho****",
    "review_id": "2906345",
    "movie_id": "43902"
  },
  {
    "review": "보기 전부터 스토리는 기대도 안했고, 선수라도 보는 재미를 원했건만...",
    "date": "08.08.11",
    "rating": "4",
    "author": "kimg****",
    "review_id": "2861998",
    "movie_id": "43902"
  },
  {
    "review": "아놔-_-^  레알 이름이 아깝다 진짜 ㅡㅡ",
    "date": "08.08.09",
    "rating": "1",
    "author": "jely****",
    "review_id": "2856343",
    "movie_id": "43902"
  },
  {
    "review": "05년도 레알은 최고였다....하지만 지금은 추억속의 스타들..",
    "date": "08.08.09",
    "rating": "3",
    "author": "ambe****",
    "review_id": "2852977",
    "movie_id": "43902"
  },
  {
    "review": "그럼안보면 되지 욀케 욕들이 많아 그냥 봐 그냥",
    "date": "08.08.08",
    "rating": "10",
    "author": "pkd6****",
    "review_id": "2852040",
    "movie_id": "43902"
  },
  {
    "review": "아 너무 실망,... 극장에서 조조로 봤는데 파트너랑 저밖에 없더군요=-=",
    "date": "08.03.21",
    "rating": "1",
    "author": "dpcj****",
    "review_id": "2532836",
    "movie_id": "43902"
  },
  {
    "review": "왠만하면 영화 한번 보면 끝까지 다보는데, 이건 예외임. 보다 끔",
    "date": "08.03.20",
    "rating": "10",
    "author": "stco****",
    "review_id": "2530634",
    "movie_id": "43902"
  },
  {
    "review": "예수님도 이영화는 용서하지 못하신다",
    "date": "08.02.19",
    "rating": "1",
    "author": "kore****",
    "review_id": "2463791",
    "movie_id": "43902"
  },
  {
    "review": "베컴 스페셜을 보든지~나 왠만하면 영화 닥치고 보는데~이건 너무하더라~",
    "date": "07.12.18",
    "rating": "1",
    "author": "lady****",
    "review_id": "2241451",
    "movie_id": "43902"
  },
  {
    "review": "이거볼 시간있으면 스페셜영상 보는게 백배 나음. 홍보 영상일뿐",
    "date": "07.12.12",
    "rating": "1",
    "author": "kyng****",
    "review_id": "2227340",
    "movie_id": "43902"
  },
  {
    "review": "이거 벌레임",
    "date": "07.12.04",
    "rating": "10",
    "author": "aru3****",
    "review_id": "2206927",
    "movie_id": "43902"
  },
  {
    "review": "이거레알만든거지들선수들에게참감사표시해야되 점나온것도용하다",
    "date": "07.11.28",
    "rating": "2",
    "author": "nons****",
    "review_id": "2190968",
    "movie_id": "43902"
  },
  {
    "review": "영화로서 가치는 떨어짐",
    "date": "07.10.16",
    "rating": "3",
    "author": "kim9****",
    "review_id": "2093119",
    "movie_id": "43902"
  },
  {
    "review": "아나 쩐다",
    "date": "07.10.03",
    "rating": "10",
    "author": "wnxo****",
    "review_id": "2069156",
    "movie_id": "43902"
  },
  {
    "review": "89분 짜리 값비싼 홍보영상",
    "date": "07.09.27",
    "rating": "10",
    "author": "trou****",
    "review_id": "2053892",
    "movie_id": "43902"
  },
  {
    "review": "레알 팬이라서 봤는데  잠이 쏟아진다... 그저 얼굴보는재미로 봤다..",
    "date": "07.09.24",
    "rating": "10",
    "author": "snoo****",
    "review_id": "2043835",
    "movie_id": "43902"
  },
  {
    "review": "최악의 다큐멘터리",
    "date": "07.09.14",
    "rating": "5",
    "author": "v292****",
    "review_id": "2020653",
    "movie_id": "43902"
  },
  {
    "review": "페르시아 황제도 1점은 관대하다고 느낄거다",
    "date": "07.08.15",
    "rating": "1",
    "author": "minj****",
    "review_id": "1939578",
    "movie_id": "43902"
  },
  {
    "review": "내 1400포인트 물어내 ㅋㅋㅋㅋ",
    "date": "07.08.06",
    "rating": "1",
    "author": "spee****",
    "review_id": "1894632",
    "movie_id": "43902"
  },
  {
    "review": "지루움",
    "date": "07.07.21",
    "rating": "3",
    "author": "wngu****",
    "review_id": "1797751",
    "movie_id": "43902"
  },
  {
    "review": "다큐를 기대한게 아닌데....",
    "date": "07.06.25",
    "rating": "3",
    "author": "ghos****",
    "review_id": "1720880",
    "movie_id": "43902"
  },
  {
    "review": "레알을 싫어하거나 축구를 모른다면 -- 하지만 레알의 팬분들깬 추천ㅋㅋ",
    "date": "07.06.18",
    "rating": "10",
    "author": "zzan****",
    "review_id": "1707170",
    "movie_id": "43902"
  },
  {
    "review": "기대에 못미치긴 한다. 그러나 한가지 이야기 정도는 재밌다. 그찮아.",
    "date": "07.06.15",
    "rating": "6",
    "author": "rott****",
    "review_id": "1701573",
    "movie_id": "43902"
  },
  {
    "review": "니들이따구로할꺼야? 불쌍해서 10준다",
    "date": "07.04.27",
    "rating": "10",
    "author": "eowj****",
    "review_id": "1607615",
    "movie_id": "43902"
  },
  {
    "review": "어이없는 영화다 보다가 그냥 꺼버렸다",
    "date": "07.03.30",
    "rating": "1",
    "author": "hiuh****",
    "review_id": "1562860",
    "movie_id": "43902"
  },
  {
    "review": "god damn shit the fucker !!",
    "date": "07.02.12",
    "rating": "1",
    "author": "qw84****",
    "review_id": "1466347",
    "movie_id": "43902"
  },
  {
    "review": "이것도 영화라고! (1점도 아까움)",
    "date": "07.01.13",
    "rating": "1",
    "author": "hk09****",
    "review_id": "1379605",
    "movie_id": "43902"
  },
  {
    "review": "스포츠영화의 역동성에 호소하지만 짜임새는 엉망이다.",
    "date": "06.12.13",
    "rating": "6",
    "author": "dust****",
    "review_id": "1289300",
    "movie_id": "43902"
  },
  {
    "review": "장난하냐? 응?? 장난해???",
    "date": "06.10.24",
    "rating": "1",
    "author": "ago1****",
    "review_id": "1197788",
    "movie_id": "43902"
  },
  {
    "review": "OOO기..",
    "date": "06.10.07",
    "rating": "2",
    "author": "kkyu****",
    "review_id": "1167727",
    "movie_id": "43902"
  },
  {
    "review": "골보고 나서 바로 이영화 봤는데... 실망이 많이크다..",
    "date": "06.08.07",
    "rating": "1",
    "author": "daso****",
    "review_id": "980226",
    "movie_id": "43902"
  },
  {
    "review": "출연진이 좋네",
    "date": "06.08.04",
    "rating": "10",
    "author": "dodk****",
    "review_id": "965420",
    "movie_id": "43902"
  },
  {
    "review": "다큐와 축구이야기에서 길을 잃은듯..",
    "date": "06.08.03",
    "rating": "1",
    "author": "xkrd****",
    "review_id": "960905",
    "movie_id": "43902"
  },
  {
    "review": "볼만하던데?",
    "date": "06.07.23",
    "rating": "10",
    "author": "lsc7****",
    "review_id": "917610",
    "movie_id": "43902"
  },
  {
    "review": "학교에서 보여줬다가 맞아죽을뻔 했다",
    "date": "06.07.22",
    "rating": "1",
    "author": "seeh****",
    "review_id": "914601",
    "movie_id": "43902"
  },
  {
    "review": "킬링타임용도 안된다~ 너무 재미없다...",
    "date": "06.07.18",
    "rating": "1",
    "author": "badc****",
    "review_id": "902853",
    "movie_id": "43902"
  },
  {
    "review": "쓰레기",
    "date": "06.06.17",
    "rating": "1",
    "author": "sin2****",
    "review_id": "846782",
    "movie_id": "43902"
  }
]