[
  {
    "review": "그닥, 마블 팬이라서 보는거 아니면 굳이 추천하지 않음.",
    "date": "15.08.23",
    "rating": "7",
    "author": "kimh****",
    "review_id": "10265699",
    "movie_id": "43995"
  },
  {
    "review": "엑스맨 시리즈중 제일 망작. 이 감독 똥 치우느라 브라이언싱어 고생 좀 했을듯함ㅋ 데이즈오브퓨처 막판에 어이없지만 바꿔줘서 감사하다 절하고싶었으니 ㅋㅋ 암튼 3편은 정말...그냥 팬심임 ㅋㅋ",
    "date": "15.08.14",
    "rating": "5",
    "author": "geun****",
    "review_id": "10228664",
    "movie_id": "43995"
  },
  {
    "review": "스케일이 커지는 작용과 스토리가 떨어지는 반작용",
    "date": "15.08.14",
    "rating": "6",
    "author": "soqu****",
    "review_id": "10227244",
    "movie_id": "43995"
  },
  {
    "review": "드럽게 재미없다. 더 울버린보다 훨씬 재미없다. 엑스맨 최대 흑역사",
    "date": "15.08.05",
    "rating": "1",
    "author": "alex****",
    "review_id": "10186438",
    "movie_id": "43995"
  },
  {
    "review": "영화 작품성에 비해 평점이 너무 낮다",
    "date": "15.07.31",
    "rating": "10",
    "author": "drag****",
    "review_id": "10166136",
    "movie_id": "43995"
  },
  {
    "review": "개튼금포최악이네ㅡㅡ 말아먹었네 매그니토어쩔ㅡㅡ",
    "date": "15.07.18",
    "rating": "1",
    "author": "audr****",
    "review_id": "10117692",
    "movie_id": "43995"
  },
  {
    "review": "1-3편까지밧는데 3편이 그래도 볼만하다",
    "date": "15.07.16",
    "rating": "6",
    "author": "zzzo****",
    "review_id": "10108556",
    "movie_id": "43995"
  },
  {
    "review": "감독 주제에 원작이 버젓이 있고 후속작 나올 수 있는 작품을 마음대로 등장인물들 다죽이고 있네",
    "date": "15.07.14",
    "rating": "1",
    "author": "01sm****",
    "review_id": "10103691",
    "movie_id": "43995"
  },
  {
    "review": "신규 캐릭터들의 매력을 충분히 보여주지는 못했지만 스케일 큰 액션씬은 볼만하다..",
    "date": "15.06.20",
    "rating": "8",
    "author": "blue****",
    "review_id": "10014424",
    "movie_id": "43995"
  },
  {
    "review": "의외로 전작들보다 떨어지는 느낌이다. 그래도 엑스맨 마지막 시리즈 답게, 여기저기 부서지는 거대한 스케일과 화려한 CG 덕분에 본전은 지키는 속편이다. 쿠키 영상은 또 다른 보너스. 꼭 보시길.",
    "date": "15.06.06",
    "rating": "8",
    "author": "jms5****",
    "review_id": "9978776",
    "movie_id": "43995"
  },
  {
    "review": "'틱'던져놓고 신경 안 쓰기",
    "date": "15.05.18",
    "rating": "6",
    "author": "tlsq****",
    "review_id": "9928194",
    "movie_id": "43995"
  },
  {
    "review": "평점조절. 그래도 볼 만하다.",
    "date": "15.05.13",
    "rating": "10",
    "author": "lsh5****",
    "review_id": "9914025",
    "movie_id": "43995"
  },
  {
    "review": "최후의 전쟁답게 스케일은 짱 큰데 뭔가 이해안가는 진행이 있음 ㅜㅜ 그래도 마지막 장면 임팩트가 커서 괜찮",
    "date": "15.05.04",
    "rating": "9",
    "author": "kuks****",
    "review_id": "9892297",
    "movie_id": "43995"
  },
  {
    "review": "엑스맨 3부작 마지막에 어울리는 스케일",
    "date": "15.04.29",
    "rating": "8",
    "author": "high****",
    "review_id": "9878902",
    "movie_id": "43995"
  },
  {
    "review": "이런류의 영화는 오락성을 중요시해야 한다는걸 바뀐감독이 바로 알려줌!! 커진 규모만큼이나 볼거리도 풍성해졌다.",
    "date": "15.04.24",
    "rating": "8",
    "author": "ippo****",
    "review_id": "9861886",
    "movie_id": "43995"
  },
  {
    "review": "사회적 시의성이 줄어든데다 사이클롭스와 미스틱을 일찌감치 퇴장시킨 건 최악의 여러 수",
    "date": "15.04.19",
    "rating": "5",
    "author": "syoc****",
    "review_id": "9852414",
    "movie_id": "43995"
  },
  {
    "review": "재미는 뭐 그럭저럭 충분한데 결말이 허무했다. 스케일도 커져서 눈 즐거웠음.",
    "date": "15.03.13",
    "rating": "8",
    "author": "dkdl****",
    "review_id": "9776515",
    "movie_id": "43995"
  },
  {
    "review": "재밌으면 10점...영화가 심오할필요는 없거든? 고작 두시간동안 심오하면 얼마나 심오할려고...",
    "date": "15.02.20",
    "rating": "10",
    "author": "cjw2****",
    "review_id": "9719407",
    "movie_id": "43995"
  },
  {
    "review": "이름값은 한다..  엑스맨",
    "date": "15.02.14",
    "rating": "8",
    "author": "adiv****",
    "review_id": "9696892",
    "movie_id": "43995"
  },
  {
    "review": "3편에서 감독이 바뀐게 많이 아쉽다 브라이언싱어 감독이 메가폰을 들었어야 했었는데 말이다 이거 볼때 중딩이었는데개봉하고 바로 집앞에 영화관가서 봤던 기억이 난다",
    "date": "15.02.11",
    "rating": "10",
    "author": "jsga****",
    "review_id": "9686616",
    "movie_id": "43995"
  },
  {
    "review": "진을 죽일 필요 있었을까요, 약을 맞추면 될텐데.",
    "date": "15.01.24",
    "rating": "3",
    "author": "wg_e****",
    "review_id": "9632301",
    "movie_id": "43995"
  },
  {
    "review": "엑스맨 3부작 마지막 시리즈인데 이런식으로 끝내면 어떡함.다말아먹었네",
    "date": "15.01.23",
    "rating": "3",
    "author": "leey****",
    "review_id": "9627186",
    "movie_id": "43995"
  },
  {
    "review": "전편들 보다 확실히 볼거리는 많아졌는데, 뭔가 많이 부족한 스토리.. 그리고 뜬금없이 전편 마지막에 죽었던 진이 살아나와서 오히려 더 세진 역할로 나오다니.. 그리고 중간중간마다 쓸데없이 시간 잡는 장면들이 많이 나옴..",
    "date": "15.01.17",
    "rating": "6",
    "author": "khj8****",
    "review_id": "9606932",
    "movie_id": "43995"
  },
  {
    "review": "선악의 구분이 애매모호한... 엑스맨 1, 2 보다는 못한 느낌...",
    "date": "15.01.05",
    "rating": "6",
    "author": "nice****",
    "review_id": "9563681",
    "movie_id": "43995"
  },
  {
    "review": "진 그레이가 터무니없이 강하다",
    "date": "14.12.14",
    "rating": "1",
    "author": "mara****",
    "review_id": "9474477",
    "movie_id": "43995"
  },
  {
    "review": "솔직히 x맨 시리즈들중 가장 재미 없었습니다. 근데 예의는 지켜야죠, 명색이 동방예의지국인 한국인데.",
    "date": "14.11.30",
    "rating": "10",
    "author": "joyf****",
    "review_id": "9434996",
    "movie_id": "43995"
  },
  {
    "review": "좋은 소재로 어디까지 쓰레기를 만들 수 있는지 여실히 보여줬다. 안보느니만 못한 작품 아니 작품 소리도 아깝다.",
    "date": "14.11.16",
    "rating": "3",
    "author": "f4u4****",
    "review_id": "9389967",
    "movie_id": "43995"
  },
  {
    "review": "음... 맨 최근에 나온거랑 퍼스트클래스먼저 보고 4편조금 1편조금 3편조금봤는데 흠... 퍼스트클래스가 짱이구먼... 퍼스트클래스가 진짜 엑스맨시리즈중 짱이다",
    "date": "14.11.09",
    "rating": "10",
    "author": "awes****",
    "review_id": "9360202",
    "movie_id": "43995"
  },
  {
    "review": "역시 엑스맨 시리즈의 주인공은 매그니토랑 프로페서.",
    "date": "14.11.06",
    "rating": "7",
    "author": "hots****",
    "review_id": "9346888",
    "movie_id": "43995"
  },
  {
    "review": "캐릭터는 분명해지고 생명까지 부여.",
    "date": "14.10.31",
    "rating": "6",
    "author": "tear****",
    "review_id": "9330858",
    "movie_id": "43995"
  },
  {
    "review": "이토록 무궁무진한 매력을 지닌 돌연변이들을 당분간 마지막으로 보게 될 뻔한.. 키치하거나 화려하거나 둘중 그 어느것도 취하지 못한, 아쉬움만 가득한 그저그런 슈퍼히어로 액션무비.",
    "date": "14.09.28",
    "rating": "6",
    "author": "xnxl****",
    "review_id": "9245846",
    "movie_id": "43995"
  },
  {
    "review": "브라이언 싱어 감독이 얼마나 대단한지 보여주는 영화",
    "date": "14.09.08",
    "rating": "5",
    "author": "aa17****",
    "review_id": "9182455",
    "movie_id": "43995"
  },
  {
    "review": "액션자체는 훌륭하지만 너무 급하게 스토리를 정리한게 아닌가 싶다",
    "date": "14.08.26",
    "rating": "8",
    "author": "kmh0****",
    "review_id": "9134054",
    "movie_id": "43995"
  },
  {
    "review": "엑스맨의 괜찮은 마무리였다. 후속작을 기대 안했는데 프리퀄로 쏟아져 나와버렸다.",
    "date": "14.08.24",
    "rating": "10",
    "author": "next****",
    "review_id": "9129292",
    "movie_id": "43995"
  },
  {
    "review": "한편한편씩 시리즈를 보면서 점점 재미있어져간다고생각한다",
    "date": "14.08.02",
    "rating": "10",
    "author": "dltm****",
    "review_id": "9009773",
    "movie_id": "43995"
  },
  {
    "review": "초딩때 엑스맨1보고 중딩때 2보고 스물여섯먹고나서 다시 보고 있는데 3은 진짜 아니다.. 미스틱이 큐어맞으니까 버리고 미스틱은 에릭 위치 알려주고 뭐냐 내용이 이게 ㅋㅋ 그리고 또 메인 캐릭터 몇개를 버리는 건지.. 땜빵 감독이 내용을 너무 건드렸다",
    "date": "14.08.01",
    "rating": "2",
    "author": "hwan****",
    "review_id": "9002884",
    "movie_id": "43995"
  },
  {
    "review": "액션 멋있고 신나고 뻘개그 재밌고 전체적인 메시지는 좋은데 진과 울버린 로맨스만큼은 개연성이 없어도 너무 없어서 영화자체가 확 유치해짐..ㅜㅜ둘이 좋아하게되는 이유나 과정이나 사랑하는 장면을 좀 보태던지 이건 너무 억지야",
    "date": "14.08.01",
    "rating": "7",
    "author": "some****",
    "review_id": "8997991",
    "movie_id": "43995"
  },
  {
    "review": "엑스맨 케릭터들을 제대로 살리지도 못하고 이상한 곳에 초점을 두고 흘러간 시리즈",
    "date": "14.07.29",
    "rating": "5",
    "author": "jjaj****",
    "review_id": "8976064",
    "movie_id": "43995"
  },
  {
    "review": "살짝아쉬운 부분도잇지만 뭐.꽤재미잇엇다.근데 이상한말하는사람이많네.진한테큐어를맞춰?영화본거맞음?진이 큐어날아오니까소멸시킨거기억안남?큐어소년대려가라?가기도전에분자단위로소멸될텐데?영화안본듯한 말하지맙시다.",
    "date": "14.07.28",
    "rating": "9",
    "author": "rlar****",
    "review_id": "8974626",
    "movie_id": "43995"
  },
  {
    "review": "진한테 큐어맞히지 아님 그 큐어소년을 가까이 가게 하든지 에휴",
    "date": "14.07.28",
    "rating": "7",
    "author": "cmon****",
    "review_id": "8972984",
    "movie_id": "43995"
  },
  {
    "review": "아이고 돌연변이만 됐다하면 초능력 하나씩 다가지고있네.현실에서는 돌연변이는 기형아, 장애인 아니면 유산인데.체르노빌 원전사고는 돌연변이가 무엇인가를 보면준 사고.",
    "date": "14.06.30",
    "rating": "3",
    "author": "nort****",
    "review_id": "8870547",
    "movie_id": "43995"
  },
  {
    "review": "개노잼. 액스맨 퍼스트클라쓰 땜시 봣는데 진짜 빨리 결말지으려고 말도않되게 쓰러트리고 주제 자체가 말이 않됨 스포방지를 위해서 말은 않하지만 그거 맞을 사람만 맞으면 되는데 왜 그걸 없에려는 거야 OO인가",
    "date": "14.06.29",
    "rating": "3",
    "author": "gksk****",
    "review_id": "8869211",
    "movie_id": "43995"
  },
  {
    "review": "엑스맨시리즈는다재밌던데;;",
    "date": "14.06.28",
    "rating": "10",
    "author": "dleh****",
    "review_id": "8864112",
    "movie_id": "43995"
  },
  {
    "review": "감독이 바뀌니 시리즈의 성질도 바뀐다. 엑스맨의 매력은 단순한 능력대결이 아니거늘.",
    "date": "14.06.24",
    "rating": "5",
    "author": "this****",
    "review_id": "8851240",
    "movie_id": "43995"
  },
  {
    "review": "재밌어요!! 교수님..ㅠㅠ",
    "date": "14.06.24",
    "rating": "10",
    "author": "choc****",
    "review_id": "8850702",
    "movie_id": "43995"
  },
  {
    "review": "마지막장면 체스 움직일때... 하...",
    "date": "14.06.22",
    "rating": "9",
    "author": "hyun****",
    "review_id": "8846192",
    "movie_id": "43995"
  },
  {
    "review": "무난하게 본 것 같다. 나쁘지 않음~",
    "date": "14.06.21",
    "rating": "8",
    "author": "rode****",
    "review_id": "8845458",
    "movie_id": "43995"
  },
  {
    "review": "데이즈 오브 퓨쳐 패스트를 보려고 1-3편까지 연속해서 봤다. 액션이 화려해 지고 규모는 증가하고, 재료는 그대론데 갑작스레 질이 떨어진다. 감독의 차이가...이데올로기의 관념적 갈등은 사라지고, 때리고 부수고 난장판 만드는데만 집중한 아쉬움이 있다.",
    "date": "14.06.20",
    "rating": "5",
    "author": "kors****",
    "review_id": "8841690",
    "movie_id": "43995"
  },
  {
    "review": "오글오글. 유치유치.",
    "date": "14.06.16",
    "rating": "4",
    "author": "rand****",
    "review_id": "8835581",
    "movie_id": "43995"
  },
  {
    "review": "1, 2편보다 낫긴한데 최후의 전쟁치곤 좀 허술한 감이 있다.",
    "date": "14.06.16",
    "rating": "7",
    "author": "pmsr****",
    "review_id": "8835092",
    "movie_id": "43995"
  },
  {
    "review": "2에비해 스토리전개가 조금 빠른감이 있고 스캇의 죽음이 아쉽다. 그래도 역작이다.",
    "date": "14.06.15",
    "rating": "9",
    "author": "best****",
    "review_id": "8832032",
    "movie_id": "43995"
  },
  {
    "review": "감독 하나 바뀐다고 영화가 이렇게 되다니...",
    "date": "14.06.11",
    "rating": "8",
    "author": "huns****",
    "review_id": "8821022",
    "movie_id": "43995"
  },
  {
    "review": "재밌긴 했는데 이거하고 울버린 때문에 엑스맨이 망했다고 생각하는 사람들이 많음 다들 8점 후반때인데 그래도 영화 자체는 재밌었다는점이",
    "date": "14.06.07",
    "rating": "8",
    "author": "yssj****",
    "review_id": "8808403",
    "movie_id": "43995"
  },
  {
    "review": "다시 봐도 재미있다!!",
    "date": "14.06.07",
    "rating": "10",
    "author": "dnrk****",
    "review_id": "8805854",
    "movie_id": "43995"
  },
  {
    "review": "진 그레이  많이 늙었구나ㅜㅡ",
    "date": "14.06.06",
    "rating": "9",
    "author": "kyd9****",
    "review_id": "8802206",
    "movie_id": "43995"
  },
  {
    "review": "엑스맨1,2보다 액션, cg, 인간과 돌연변이의 갈등을 가장 잘 표현한 것은 인정한다. 하지만 중요인물들 능력 다없에고 다죽이면 이제 다음부터 어떻게 하려는 건지 원... 그리고 마지막에 찰스는 어찌된거지??",
    "date": "14.06.05",
    "rating": "7",
    "author": "uisw****",
    "review_id": "8800722",
    "movie_id": "43995"
  },
  {
    "review": "중요한 재료를 가지고 5살짜리 애한테 요리를 시키면 어떻해?",
    "date": "14.06.05",
    "rating": "5",
    "author": "khs1****",
    "review_id": "8800554",
    "movie_id": "43995"
  },
  {
    "review": "마지막에서 크게 휘청대는 시리즈",
    "date": "14.06.05",
    "rating": "5",
    "author": "ndw1****",
    "review_id": "8796977",
    "movie_id": "43995"
  },
  {
    "review": "드래곤볼마냥 막무가내 스토리 전개에 거침이 없지만 재미없는 정도는 아니다.",
    "date": "14.06.04",
    "rating": "6",
    "author": "bbq2****",
    "review_id": "8794489",
    "movie_id": "43995"
  },
  {
    "review": "맨 마지막 쿠키영상에 찰스가 돌아옵니다",
    "date": "14.06.04",
    "rating": "8",
    "author": "ujin****",
    "review_id": "8793103",
    "movie_id": "43995"
  },
  {
    "review": "엑스맨들이 잠시 우주로 떠나는 편",
    "date": "14.06.03",
    "rating": "5",
    "author": "nell****",
    "review_id": "8789162",
    "movie_id": "43995"
  },
  {
    "review": "말이 필요없다.. 엑스맨 최고..",
    "date": "14.06.02",
    "rating": "10",
    "author": "spsi****",
    "review_id": "8788319",
    "movie_id": "43995"
  },
  {
    "review": "it's better than newest one.",
    "date": "14.06.02",
    "rating": "10",
    "author": "leob****",
    "review_id": "8787766",
    "movie_id": "43995"
  },
  {
    "review": "잘 나가다가 힘 풀리는 느낌은 있지만, 충분히 재밌음! 다양한 능력을 가진 뮤턴트 구경(?)도 재미남",
    "date": "14.06.02",
    "rating": "8",
    "author": "dnvk****",
    "review_id": "8786351",
    "movie_id": "43995"
  },
  {
    "review": "설정 몇개가 괴랄맞긴 해도 전체적으로 참 볼만한 영화였다. 평점은 8점대 이상이 적합할듯.",
    "date": "14.06.01",
    "rating": "8",
    "author": "bc20****",
    "review_id": "8783618",
    "movie_id": "43995"
  },
  {
    "review": "데이즈오브퓨처패스트 보고 첨부터 다봤는데 진짜 엑스맨 시리즈가 영웅물중에 최고인듯..ㅠㅠ",
    "date": "14.05.30",
    "rating": "10",
    "author": "berr****",
    "review_id": "8777569",
    "movie_id": "43995"
  },
  {
    "review": "갈수록 발전해가는 엑스맨..1편 2편을 넘는 3편!",
    "date": "14.05.30",
    "rating": "9",
    "author": "cryc****",
    "review_id": "8776278",
    "movie_id": "43995"
  },
  {
    "review": "말그대로 정말 밑도끝도없는 최후의 전쟁...약간은 실망",
    "date": "14.05.28",
    "rating": "6",
    "author": "jjcv****",
    "review_id": "8772515",
    "movie_id": "43995"
  },
  {
    "review": "엑스맨 시리즈 중 3가 최악이라 하는데는 이유가 있구나..",
    "date": "14.05.28",
    "rating": "5",
    "author": "dmsg****",
    "review_id": "8772090",
    "movie_id": "43995"
  },
  {
    "review": "1, 2, 3 다 8점 정도",
    "date": "14.05.27",
    "rating": "8",
    "author": "seli****",
    "review_id": "8770778",
    "movie_id": "43995"
  },
  {
    "review": "그 대단한 능력으로 삼지창에 죽다니..",
    "date": "14.05.27",
    "rating": "7",
    "author": "angd****",
    "review_id": "8770036",
    "movie_id": "43995"
  },
  {
    "review": "재밋당 ㅎㅎ 데이즈오브퓨처페스트 보구 다시보는 중",
    "date": "14.05.25",
    "rating": "10",
    "author": "cott****",
    "review_id": "8762303",
    "movie_id": "43995"
  },
  {
    "review": "엑스맨이니깐      주는거임",
    "date": "14.05.24",
    "rating": "10",
    "author": "tjdd****",
    "review_id": "8760572",
    "movie_id": "43995"
  },
  {
    "review": "몰아보기중. 진 능력 포쓰 쩐다",
    "date": "14.05.24",
    "rating": "8",
    "author": "come****",
    "review_id": "8760540",
    "movie_id": "43995"
  },
  {
    "review": "개봉관에서 보는거 신중하게 고려하세요. 헐리웃 블록버스트라고 하기엔 CG가 너무 조악하고 그냥 미스틱 제니퍼 로렌스 본걸로 위안중.",
    "date": "14.05.24",
    "rating": "6",
    "author": "hoho****",
    "review_id": "8759765",
    "movie_id": "43995"
  },
  {
    "review": "이게 바로 엑스맨의 암흑기 시절이군요...",
    "date": "14.05.23",
    "rating": "5",
    "author": "hoop****",
    "review_id": "8758370",
    "movie_id": "43995"
  },
  {
    "review": "쓰레기. 리부팅 아니었음 어쩔뻔했니?",
    "date": "14.05.22",
    "rating": "1",
    "author": "kkkk****",
    "review_id": "8754458",
    "movie_id": "43995"
  },
  {
    "review": "엑스맨의 정체성을 잃었지만, 오락영화로서는 충분하다",
    "date": "14.05.22",
    "rating": "8",
    "author": "fghy****",
    "review_id": "8753796",
    "movie_id": "43995"
  },
  {
    "review": "기존시리즈 그리고 그후시리즈들과 비교해도 한숨밖에 안나오는 작품",
    "date": "14.05.22",
    "rating": "5",
    "author": "meko****",
    "review_id": "8753326",
    "movie_id": "43995"
  },
  {
    "review": "철학은 사라지고 의문만을 남겼다",
    "date": "14.05.19",
    "rating": "5",
    "author": "klk3****",
    "review_id": "8746030",
    "movie_id": "43995"
  },
  {
    "review": "최후의 전쟁 치곤 허무한 끝.",
    "date": "14.05.18",
    "rating": "7",
    "author": "tjeh****",
    "review_id": "8745486",
    "movie_id": "43995"
  },
  {
    "review": "너무 캐릭터 소모가 심함..미스틱도 그렇고 사이클롭스도 그렇고 찰스도 그렇고 중요캐릭터들을 너무 훅 보내버림 진그레이도 잘 다뤄진거 같지 않고..그래도 보는재미는 있더라 ㅋㅋ",
    "date": "14.05.17",
    "rating": "7",
    "author": "ssdj****",
    "review_id": "8737986",
    "movie_id": "43995"
  },
  {
    "review": "항상 보면서 느낀건 내가 이걸 왜 보고 있지 라는 의문이 든다",
    "date": "14.05.15",
    "rating": "6",
    "author": "lkyl****",
    "review_id": "8731528",
    "movie_id": "43995"
  },
  {
    "review": "엑스맨은 다 재미있는듯 울버린시리즈빼고",
    "date": "14.05.11",
    "rating": "8",
    "author": "choi****",
    "review_id": "8722593",
    "movie_id": "43995"
  },
  {
    "review": "1,2에 단절된느낌들과 너무 꼬여버린 세계관때문에 졸작이됨",
    "date": "14.04.30",
    "rating": "4",
    "author": "hwhe****",
    "review_id": "8686457",
    "movie_id": "43995"
  },
  {
    "review": "난 재미있게봤는데 평이안좋네..",
    "date": "14.04.26",
    "rating": "10",
    "author": "park****",
    "review_id": "8673217",
    "movie_id": "43995"
  },
  {
    "review": "엑스맨 최종작이라 의미가 크지만 그래도 너무쓸데없는 장면이 나오고 결말도 허무함",
    "date": "14.04.21",
    "rating": "7",
    "author": "xx41****",
    "review_id": "8663967",
    "movie_id": "43995"
  },
  {
    "review": "재미있었다. 퍼스트 비긴즈를 보았기 때문에 쿠키 영상이 더욱 더 충격이었다. 엑스맨 시리즈를 보고 느낀 점은 나도 저러한 능력이 있었으면 좋겠다는 것이었다. 이걸 보니 인간은 참 무능하다는 생각이 들기도 하고 말이다. 참고로 수위가 매우 높아졌다.",
    "date": "14.02.26",
    "rating": "10",
    "author": "wint****",
    "review_id": "8538597",
    "movie_id": "43995"
  },
  {
    "review": "이것 저것 볼거리가 많아서 재미는 있다.",
    "date": "14.02.25",
    "rating": "7",
    "author": "cult****",
    "review_id": "8537257",
    "movie_id": "43995"
  },
  {
    "review": "8점이 정확히 맞는 재밌는영화 재미있다 단지 2점이 부족하다 왜 일까?",
    "date": "14.02.12",
    "rating": "8",
    "author": "ejaq****",
    "review_id": "8502166",
    "movie_id": "43995"
  },
  {
    "review": "스케일만 진화하고 모든 것이 퇴보했다",
    "date": "14.02.10",
    "rating": "4",
    "author": "rcan****",
    "review_id": "8494247",
    "movie_id": "43995"
  },
  {
    "review": "TV시리즈의 에피소드를 보는 느낌..",
    "date": "14.02.09",
    "rating": "5",
    "author": "niv9****",
    "review_id": "8490473",
    "movie_id": "43995"
  },
  {
    "review": "1.2편보다 볼거리도 많고 재미잇음...마블은 떡밥의 신인듯",
    "date": "14.02.08",
    "rating": "9",
    "author": "chek****",
    "review_id": "8488480",
    "movie_id": "43995"
  },
  {
    "review": "더 울버린은 별로였는데 이건 재밌겠다",
    "date": "14.02.05",
    "rating": "10",
    "author": "azxc****",
    "review_id": "8478556",
    "movie_id": "43995"
  },
  {
    "review": "액스맨 재미는 있다만 능력이 헷갈리기 쉽다 그래서 집중력이 흐트려지는 맛이있다 주인공들은 거의다 엑스맨으로 유명해진것같다 그 주인공은 바로 엑스맨 이영화에서도 울버린만 살려주었다",
    "date": "14.01.29",
    "rating": "9",
    "author": "jiny****",
    "review_id": "8445097",
    "movie_id": "43995"
  },
  {
    "review": "엑스맨은 항상 뭔가가 아쉽다. 다양한 능력들에 비해 액션은 크기만 할뿐 알맹이가 없는 느낌. 하지만 보는 내내 지루하진 않다.",
    "date": "14.01.15",
    "rating": "7",
    "author": "pk16****",
    "review_id": "8384876",
    "movie_id": "43995"
  },
  {
    "review": "몇명을 쳐죽인거냐 생각이없엇네..",
    "date": "14.01.12",
    "rating": "5",
    "author": "kang****",
    "review_id": "8375632",
    "movie_id": "43995"
  },
  {
    "review": "유치찬란 신기방기한 히어로물",
    "date": "13.12.15",
    "rating": "6",
    "author": "sjzm****",
    "review_id": "8216546",
    "movie_id": "43995"
  },
  {
    "review": "포스터에서도 그렇고 그 날개달린. 영화 초반부터 범상치않은 기운을 주더니 한것도없고..그리고 전작의?커트 바그너도 기대했는데 없었고..엑스맨 리더라던 싸이클롭스의 능력도 제대로 못보고 죽었고..엄청 중요한 역할같던 미스틱..그렇게 버려지고 안나오고..",
    "date": "13.11.23",
    "rating": "5",
    "author": "sked****",
    "review_id": "8163806",
    "movie_id": "43995"
  },
  {
    "review": "시리즈가 점점 지나갈수록 살짝 망해가는 느낌이다",
    "date": "13.11.10",
    "rating": "8",
    "author": "534k****",
    "review_id": "8128849",
    "movie_id": "43995"
  }
]