[
  {
    "review": "이런걸 장인정신이라고 하는거지..손맛이 느껴지는 웰메이드 영화",
    "date": "15.04.30",
    "rating": "10",
    "author": "haru****",
    "review_id": "9880161",
    "movie_id": "44006"
  },
  {
    "review": "또 보고 싶다!!ㅋㅋ..",
    "date": "15.04.30",
    "rating": "10",
    "author": "unok****",
    "review_id": "9880024",
    "movie_id": "44006"
  },
  {
    "review": "명작 중의 명작,  클레이 애니메이션은 그냥 좋다. 아무나 만들 수도 없고 만들면 마음에 안 들 수가 없음!",
    "date": "15.04.29",
    "rating": "10",
    "author": "sain****",
    "review_id": "9878088",
    "movie_id": "44006"
  },
  {
    "review": "어렸을때 티비에서 진짜 많이 봤는데... 요즘도 이런 애니 가 다시 다올라나 ㅠㅠㅋ 기요미 그로밋^*^",
    "date": "15.04.29",
    "rating": "10",
    "author": "mjni****",
    "review_id": "9878042",
    "movie_id": "44006"
  },
  {
    "review": "최고의 작품입돠~~~",
    "date": "15.04.29",
    "rating": "10",
    "author": "gusd****",
    "review_id": "9878025",
    "movie_id": "44006"
  },
  {
    "review": "클레이 애니는 그냥 만점 줘야함...",
    "date": "15.04.29",
    "rating": "10",
    "author": "koeu****",
    "review_id": "9878014",
    "movie_id": "44006"
  },
  {
    "review": "오랜만에 열광했던 애니메이션! 거대토끼는 짱짱맨이야",
    "date": "15.04.29",
    "rating": "10",
    "author": "bmy2****",
    "review_id": "9878000",
    "movie_id": "44006"
  },
  {
    "review": "진짜 재밌게 봤던 영화!!! 너무 잘 만든 애니메이션 ㅎㅎ",
    "date": "15.04.29",
    "rating": "10",
    "author": "duye****",
    "review_id": "9877999",
    "movie_id": "44006"
  },
  {
    "review": "한땀 한땀, 진정한 땀의 승부!",
    "date": "15.04.29",
    "rating": "10",
    "author": "dysr****",
    "review_id": "9877990",
    "movie_id": "44006"
  },
  {
    "review": "언제봐도 재밌는 영화.",
    "date": "15.01.15",
    "rating": "10",
    "author": "xxxj****",
    "review_id": "9596116",
    "movie_id": "44006"
  },
  {
    "review": "어렸을때 봤는데 지금 다시 보니 감회가 새롭네요.",
    "date": "14.12.11",
    "rating": "10",
    "author": "jupi****",
    "review_id": "9464561",
    "movie_id": "44006"
  },
  {
    "review": "장인의 손길이기에 네러티브만 좋으면 마스터피스.",
    "date": "14.07.02",
    "rating": "7",
    "author": "tear****",
    "review_id": "8874793",
    "movie_id": "44006"
  },
  {
    "review": "참 이상하게 생겼는데 정감가는 캐릭터와 재밌는 내용이다",
    "date": "14.04.02",
    "rating": "8",
    "author": "lkyl****",
    "review_id": "8624116",
    "movie_id": "44006"
  },
  {
    "review": "전의 3편에 비해 너무 전형적인 일반 애니가 된 것 같다.",
    "date": "14.02.16",
    "rating": "8",
    "author": "qufa****",
    "review_id": "8512095",
    "movie_id": "44006"
  },
  {
    "review": "스토리랑 재미는 예전 전자바지소동과 양털도둑 보다는 덜하다는 느낌이 들지만 그래도 어릴적 추억생각이 나서 9점",
    "date": "13.12.21",
    "rating": "9",
    "author": "ghks****",
    "review_id": "8261516",
    "movie_id": "44006"
  },
  {
    "review": "진짜 손맛!이 들어있는 에니메이션...",
    "date": "13.12.05",
    "rating": "8",
    "author": "milk****",
    "review_id": "8191073",
    "movie_id": "44006"
  },
  {
    "review": "아주 재밋게본 걸작 ㅎ 다시보고싶다",
    "date": "13.12.01",
    "rating": "10",
    "author": "wwww****",
    "review_id": "8183004",
    "movie_id": "44006"
  },
  {
    "review": "완전 짱 재미있습니다.",
    "date": "13.11.25",
    "rating": "10",
    "author": "kim6****",
    "review_id": "8167878",
    "movie_id": "44006"
  },
  {
    "review": "추억이 새록새록... 역시나 변함없는 재미!!! ㅎㅎ",
    "date": "13.11.11",
    "rating": "10",
    "author": "bora****",
    "review_id": "8132311",
    "movie_id": "44006"
  },
  {
    "review": "클레이메이션의 전설...",
    "date": "13.06.28",
    "rating": "10",
    "author": "tmdb****",
    "review_id": "7686224",
    "movie_id": "44006"
  },
  {
    "review": "십점 만점에 십점윌리스와 그로밋 강력추천합니다♥",
    "date": "13.05.26",
    "rating": "10",
    "author": "minj****",
    "review_id": "7555907",
    "movie_id": "44006"
  },
  {
    "review": "어린 시절 기억을 떠올리게 해주는.. 정성으로 만든 클레이 애니메이션..",
    "date": "13.01.13",
    "rating": "7",
    "author": "blue****",
    "review_id": "7111743",
    "movie_id": "44006"
  },
  {
    "review": "킬링타임용ㅋ있을듯ㅋㅋ 재미있음 2번봐도재미",
    "date": "13.01.13",
    "rating": "9",
    "author": "ban1****",
    "review_id": "7108893",
    "movie_id": "44006"
  },
  {
    "review": "어렸을때 보고 이것만 붙잡았던 생각이 나지만  지금봐도 최고의명작인듯",
    "date": "13.01.02",
    "rating": "10",
    "author": "dntj****",
    "review_id": "7077171",
    "movie_id": "44006"
  },
  {
    "review": "몇 번을 반복해봐도 질리지 않을 최고의 애니메이션 중 하나!",
    "date": "12.12.23",
    "rating": "8",
    "author": "dbsw****",
    "review_id": "7035183",
    "movie_id": "44006"
  },
  {
    "review": "대박 재미있어요!!!!",
    "date": "12.12.16",
    "rating": "10",
    "author": "juri****",
    "review_id": "7010357",
    "movie_id": "44006"
  },
  {
    "review": "짱이다",
    "date": "12.10.13",
    "rating": "10",
    "author": "gj09****",
    "review_id": "6797450",
    "movie_id": "44006"
  },
  {
    "review": "최...최..고",
    "date": "12.07.17",
    "rating": "10",
    "author": "pkt5****",
    "review_id": "6489203",
    "movie_id": "44006"
  },
  {
    "review": "10살 때 봤는데도 딱히...",
    "date": "12.07.14",
    "rating": "8",
    "author": "kimj****",
    "review_id": "6479857",
    "movie_id": "44006"
  },
  {
    "review": "닉 파크의 캐릭터들에 열광한적은 한번도 없지만,그럼에도 훌륭한 장인의 손길과 향기",
    "date": "12.06.09",
    "rating": "7",
    "author": "cksn****",
    "review_id": "6379357",
    "movie_id": "44006"
  },
  {
    "review": "아주 재밋네요 ㅎㅎ",
    "date": "12.05.25",
    "rating": "10",
    "author": "kill****",
    "review_id": "6332028",
    "movie_id": "44006"
  },
  {
    "review": "더 보편화되고 활성화되어야 할 장르",
    "date": "12.05.08",
    "rating": "7",
    "author": "kwon****",
    "review_id": "6283126",
    "movie_id": "44006"
  },
  {
    "review": "최고의 영화",
    "date": "12.03.27",
    "rating": "10",
    "author": "iiii****",
    "review_id": "6172415",
    "movie_id": "44006"
  },
  {
    "review": "어렸을때 즐겨 봤던 영화",
    "date": "12.03.11",
    "rating": "10",
    "author": "mey4****",
    "review_id": "6137020",
    "movie_id": "44006"
  },
  {
    "review": "재밌는데, 그동안 월그는 단편만 봐와서 그런지 이건 그다지네^^;; 그래도 짱임",
    "date": "12.03.11",
    "rating": "9",
    "author": "qwe2****",
    "review_id": "6137017",
    "movie_id": "44006"
  },
  {
    "review": "아기자기한 캐릭터들 넘 귀엽고 재밌음ㅋ",
    "date": "12.02.26",
    "rating": "8",
    "author": "rudd****",
    "review_id": "6106180",
    "movie_id": "44006"
  },
  {
    "review": "5살때 극장에서 이거보다 울었는데 ㅋ거대토끼가 그당시에는 매우 무서워보였나봐ㅋㅋ",
    "date": "12.01.13",
    "rating": "10",
    "author": "jeaw****",
    "review_id": "5981864",
    "movie_id": "44006"
  },
  {
    "review": "진짜 말이 필요없습니다 ㅎ",
    "date": "12.01.12",
    "rating": "10",
    "author": "dltl****",
    "review_id": "5981124",
    "movie_id": "44006"
  },
  {
    "review": "정말...살면서 토이 스토리 시리즈보다 재미있는 애니메이션 시리즈는 처음이다.",
    "date": "12.01.10",
    "rating": "10",
    "author": "qkrw****",
    "review_id": "5975628",
    "movie_id": "44006"
  },
  {
    "review": "한번더 보고 싶어!!!!!",
    "date": "12.01.06",
    "rating": "10",
    "author": "cho6****",
    "review_id": "5965926",
    "movie_id": "44006"
  },
  {
    "review": "치즈~",
    "date": "11.12.22",
    "rating": "10",
    "author": "asie****",
    "review_id": "5922949",
    "movie_id": "44006"
  },
  {
    "review": "아... 한번 더 보고싶은데..ㅠ",
    "date": "11.12.15",
    "rating": "10",
    "author": "i553****",
    "review_id": "5906497",
    "movie_id": "44006"
  },
  {
    "review": "이런 작품은 그냥 닥치고 별 10개.",
    "date": "11.12.11",
    "rating": "10",
    "author": "smao****",
    "review_id": "5900523",
    "movie_id": "44006"
  },
  {
    "review": "역시 월래스와 그로밋.. 어릴적으로 돌아간 것 마냥, 너무 재밌게 봤음.",
    "date": "11.08.20",
    "rating": "10",
    "author": "wodm****",
    "review_id": "5672188",
    "movie_id": "44006"
  },
  {
    "review": "완전 재미있었어요..한동안 미친듯이 봤는데, 지금은 대사까지 다 외울 정도라니까요",
    "date": "11.08.17",
    "rating": "10",
    "author": "judy****",
    "review_id": "5661027",
    "movie_id": "44006"
  },
  {
    "review": "하루에 6초정도만든다고한다 월레스와그로밋이제일기역에남고 추억이돼었다",
    "date": "11.07.22",
    "rating": "10",
    "author": "ehd3****",
    "review_id": "5561487",
    "movie_id": "44006"
  },
  {
    "review": "아주약간 늘어졌지만ㅎ 재밌다ㅋㅋ 귀여운토끼들 보는맛도 있음ㅎㅎ",
    "date": "11.06.27",
    "rating": "8",
    "author": "okan****",
    "review_id": "5502899",
    "movie_id": "44006"
  },
  {
    "review": "누구일까요? 원렛츠와 그로밋",
    "date": "11.06.06",
    "rating": "9",
    "author": "ansg****",
    "review_id": "5468831",
    "movie_id": "44006"
  },
  {
    "review": "그로밋 너무 좋아요.",
    "date": "11.03.20",
    "rating": "10",
    "author": "hyb2****",
    "review_id": "5324305",
    "movie_id": "44006"
  },
  {
    "review": "4.6",
    "date": "11.03.20",
    "rating": "4",
    "author": "one5****",
    "review_id": "5323781",
    "movie_id": "44006"
  },
  {
    "review": "와~~!!좋다",
    "date": "11.01.30",
    "rating": "10",
    "author": "minb****",
    "review_id": "5197103",
    "movie_id": "44006"
  },
  {
    "review": "아~",
    "date": "11.01.23",
    "rating": "7",
    "author": "lgj2****",
    "review_id": "5178556",
    "movie_id": "44006"
  },
  {
    "review": "야~~~~~~~~~~",
    "date": "11.01.13",
    "rating": "10",
    "author": "khyi****",
    "review_id": "5154575",
    "movie_id": "44006"
  },
  {
    "review": "기발하고 신선한 볼거리가 조금은 헐리웃에 물들여진 느낌이지만 그래도!",
    "date": "11.01.07",
    "rating": "10",
    "author": "kjs9****",
    "review_id": "5135722",
    "movie_id": "44006"
  },
  {
    "review": "최고~!!",
    "date": "10.12.30",
    "rating": "10",
    "author": "joys****",
    "review_id": "5105037",
    "movie_id": "44006"
  },
  {
    "review": "다운되요?",
    "date": "10.12.30",
    "rating": "9",
    "author": "doea****",
    "review_id": "5102182",
    "movie_id": "44006"
  },
  {
    "review": "정말 고생했습니다.",
    "date": "10.10.24",
    "rating": "9",
    "author": "dlwo****",
    "review_id": "4918544",
    "movie_id": "44006"
  },
  {
    "review": "모든 시리즈가 귀엽고 몽글몽글함! 그로밋 얼굴에 묻어있는 지문자국에 왠지 감동..^^",
    "date": "10.10.20",
    "rating": "10",
    "author": "mtas****",
    "review_id": "4912718",
    "movie_id": "44006"
  },
  {
    "review": "클레이 애니는 언제나 놀라워!",
    "date": "10.10.14",
    "rating": "10",
    "author": "cont****",
    "review_id": "4902791",
    "movie_id": "44006"
  },
  {
    "review": "진짜로 또보고 싶네요~ㅠ영어학원에서 봤는데실감이않나서서점에서사서 봐야겠네요~",
    "date": "10.10.14",
    "rating": "10",
    "author": "joon****",
    "review_id": "4902569",
    "movie_id": "44006"
  },
  {
    "review": "다시 보고 싶네요ㅠㅠㅠ",
    "date": "10.09.19",
    "rating": "10",
    "author": "wjd3****",
    "review_id": "4847533",
    "movie_id": "44006"
  },
  {
    "review": "DVD제목'월레스와그로밋'인데 영화자막엔 이름이 화리사,거위미터 래...",
    "date": "10.09.18",
    "rating": "10",
    "author": "doct****",
    "review_id": "4845178",
    "movie_id": "44006"
  },
  {
    "review": "10점 줄 정도는 아닌듯...",
    "date": "10.08.15",
    "rating": "6",
    "author": "marc****",
    "review_id": "4749815",
    "movie_id": "44006"
  },
  {
    "review": "이게 왜? 8점대냐? 어떻게 만들어졌는지는 알고 평점이 이꼬라지가?",
    "date": "10.07.30",
    "rating": "10",
    "author": "razo****",
    "review_id": "4685688",
    "movie_id": "44006"
  },
  {
    "review": "이 만화보면 크레커에 치즈발라먹고싶어",
    "date": "10.05.31",
    "rating": "10",
    "author": "zjvl****",
    "review_id": "4535252",
    "movie_id": "44006"
  },
  {
    "review": "거대토끼의 저주는 물론 이번에 나온 빵과 죽음의 문제역시 강츄",
    "date": "10.05.05",
    "rating": "10",
    "author": "mumu****",
    "review_id": "4480583",
    "movie_id": "44006"
  },
  {
    "review": "오 하느님! 이게 진정 찰흙이란 말입니까!!!!!!",
    "date": "10.04.10",
    "rating": "10",
    "author": "ard2****",
    "review_id": "4423674",
    "movie_id": "44006"
  },
  {
    "review": "진짜 너무 재밌어요~귀여운 공포를 원하신다면 보세요~사실 공포도 아님..ㅋ",
    "date": "10.03.22",
    "rating": "10",
    "author": "choc****",
    "review_id": "4376937",
    "movie_id": "44006"
  },
  {
    "review": "너무나도 재미있는 애니메이션! 그립네요~",
    "date": "10.02.18",
    "rating": "10",
    "author": "suji****",
    "review_id": "4298208",
    "movie_id": "44006"
  },
  {
    "review": "그로밋 등에서 지문을 본듯.",
    "date": "10.01.28",
    "rating": "10",
    "author": "odtd****",
    "review_id": "4216317",
    "movie_id": "44006"
  },
  {
    "review": "옛기억이 나는 재미난 애니메이션 참으로 재밌음 우리집에 시리지 다있을정도로 재미",
    "date": "10.01.20",
    "rating": "10",
    "author": "oiuy****",
    "review_id": "4191159",
    "movie_id": "44006"
  },
  {
    "review": "옛기억이 ....ㅜㅜ 내 인생에 있어서 월레스와 그로밋은 그 어떠한 애니보다 제일 짱",
    "date": "10.01.16",
    "rating": "10",
    "author": "hahu****",
    "review_id": "4176370",
    "movie_id": "44006"
  },
  {
    "review": "옛기억이 ....ㅜㅜ  내 인생에 있어서 월레스와 그로밋은 그 어떠한 애니보다 제일 짱",
    "date": "10.01.13",
    "rating": "10",
    "author": "jun_****",
    "review_id": "4164388",
    "movie_id": "44006"
  },
  {
    "review": "OO아 영화에 우연성을 따지니 태휘날에서도 진태가 폭탄과 총안맞은건 태클안했내",
    "date": "09.12.25",
    "rating": "10",
    "author": "96jo****",
    "review_id": "4081173",
    "movie_id": "44006"
  },
  {
    "review": "우연이지만 잼있다",
    "date": "09.12.24",
    "rating": "10",
    "author": "57s0****",
    "review_id": "4077466",
    "movie_id": "44006"
  },
  {
    "review": "방금 SBS에서 크리스마스 특집으로 하더라고요 ㅎ 끝났지만 한번더 보고싶어요 추천!",
    "date": "09.12.23",
    "rating": "10",
    "author": "0108****",
    "review_id": "4073800",
    "movie_id": "44006"
  },
  {
    "review": "우연성이 너무심해",
    "date": "09.12.23",
    "rating": "1",
    "author": "4409****",
    "review_id": "4073771",
    "movie_id": "44006"
  },
  {
    "review": "딱 좋아. 하지만 뭔가 부족해...",
    "date": "09.11.16",
    "rating": "7",
    "author": "jiyu****",
    "review_id": "3968500",
    "movie_id": "44006"
  },
  {
    "review": "내인생최고의영화......사랑해",
    "date": "09.11.14",
    "rating": "10",
    "author": "cute****",
    "review_id": "3959997",
    "movie_id": "44006"
  },
  {
    "review": "완전 재밌음",
    "date": "09.11.14",
    "rating": "10",
    "author": "prol****",
    "review_id": "3959991",
    "movie_id": "44006"
  },
  {
    "review": "그로밋 완전 귀여워",
    "date": "09.10.27",
    "rating": "8",
    "author": "kamj****",
    "review_id": "3919501",
    "movie_id": "44006"
  },
  {
    "review": "귀엽고 엉뚱한 상상력",
    "date": "09.10.21",
    "rating": "6",
    "author": "goms****",
    "review_id": "3907708",
    "movie_id": "44006"
  },
  {
    "review": "재미있게 봤어요 짱짱짱!",
    "date": "09.10.11",
    "rating": "10",
    "author": "sola****",
    "review_id": "3885996",
    "movie_id": "44006"
  },
  {
    "review": "재밌게 봤던 기억이 나네요~",
    "date": "09.09.28",
    "rating": "6",
    "author": "elfm****",
    "review_id": "3856028",
    "movie_id": "44006"
  },
  {
    "review": "tv시리즈 원작이 더 잼있었다 ㅎㅎ",
    "date": "09.09.15",
    "rating": "8",
    "author": "bkm1****",
    "review_id": "3833223",
    "movie_id": "44006"
  },
  {
    "review": "very good!",
    "date": "09.09.05",
    "rating": "10",
    "author": "haes****",
    "review_id": "3813472",
    "movie_id": "44006"
  },
  {
    "review": "재밌는 찰흙놀이...",
    "date": "09.08.26",
    "rating": "7",
    "author": "imf0****",
    "review_id": "3789814",
    "movie_id": "44006"
  },
  {
    "review": "너무재미잇네 ~!",
    "date": "09.08.07",
    "rating": "10",
    "author": "rlaq****",
    "review_id": "3718981",
    "movie_id": "44006"
  },
  {
    "review": "전작을보신분이라면 전작에서느꼇던향수를 다시한번 느낄수있다는것입니다",
    "date": "09.07.17",
    "rating": "9",
    "author": "mrbe****",
    "review_id": "3638817",
    "movie_id": "44006"
  },
  {
    "review": "너무 재미있어요.",
    "date": "09.06.30",
    "rating": "10",
    "author": "whrn****",
    "review_id": "3602498",
    "movie_id": "44006"
  },
  {
    "review": "더할 나위 없이 경이로운 애니지만 스토리는 단순 평범..",
    "date": "09.06.13",
    "rating": "8",
    "author": "kusa****",
    "review_id": "3562179",
    "movie_id": "44006"
  },
  {
    "review": "다시 보게 되서 기쁩니다.",
    "date": "09.04.18",
    "rating": "10",
    "author": "0527****",
    "review_id": "3426484",
    "movie_id": "44006"
  },
  {
    "review": "이 영화 왜 이렇게 좋은지 모르겠습니다.",
    "date": "09.04.18",
    "rating": "10",
    "author": "dong****",
    "review_id": "3426463",
    "movie_id": "44006"
  },
  {
    "review": "스토리와 다이나믹한 효과가 멋진 작품이나 많은 복선 긴 전개에 지루한 감도 있었음",
    "date": "09.04.07",
    "rating": "8",
    "author": "mine****",
    "review_id": "3409945",
    "movie_id": "44006"
  },
  {
    "review": "그로밋 귀엽고 스토리도 재밌네",
    "date": "09.02.17",
    "rating": "10",
    "author": "mete****",
    "review_id": "3311344",
    "movie_id": "44006"
  },
  {
    "review": "뭐....재미있음근데...후기가",
    "date": "09.02.16",
    "rating": "9",
    "author": "free****",
    "review_id": "3309405",
    "movie_id": "44006"
  },
  {
    "review": "결말이. .좀 그렇지만... 쩝",
    "date": "09.02.16",
    "rating": "8",
    "author": "xx41****",
    "review_id": "3308937",
    "movie_id": "44006"
  },
  {
    "review": "꽤 재밌음 ㅋㅋㅋ 특히 토끼들이 너무 귀여워요;ㅁ;",
    "date": "09.02.02",
    "rating": "9",
    "author": "mihi****",
    "review_id": "3271365",
    "movie_id": "44006"
  },
  {
    "review": "그로밋이 너무 귀엽습니다. ㅎ",
    "date": "09.01.30",
    "rating": "10",
    "author": "ccam****",
    "review_id": "3265038",
    "movie_id": "44006"
  },
  {
    "review": "사랑스런 두 캐릭터",
    "date": "09.01.10",
    "rating": "8",
    "author": "leh0****",
    "review_id": "3207609",
    "movie_id": "44006"
  }
]