[
  {
    "review": "와... 대단하다... 정말이지... 여러의미로.",
    "date": "15.07.15",
    "rating": "1",
    "author": "dlag****",
    "review_id": "10107990",
    "movie_id": "44019"
  },
  {
    "review": "내 첫사랑과의 데이트를 망친 개같은영화 갑자기 생각나서 대락 10년이 지나서 평점 남긴다. 마이너스는 없냐 내가 이영화 이후에 김수로 개싫어한다진짜 극혐.",
    "date": "15.07.05",
    "rating": "1",
    "author": "youb****",
    "review_id": "10071806",
    "movie_id": "44019"
  },
  {
    "review": "[ 스토리 3, 비주얼 3, 연출 3, 연기 4 ]　잘 살렸다면 한국형 히어로로 성장할 수 있었을텐데.. 김수로 혼자선 역부족이다.",
    "date": "15.06.25",
    "rating": "3",
    "author": "eyeb****",
    "review_id": "10034963",
    "movie_id": "44019"
  },
  {
    "review": "핵노잼ㅠㅠㅠ 재미도 감동도 없네",
    "date": "15.04.03",
    "rating": "1",
    "author": "leea****",
    "review_id": "9824887",
    "movie_id": "44019"
  },
  {
    "review": "허접한 다크 히어로 뱀파이어. 코미디는 없고, 액션은 허접. 더군다나 탁문수 역의 손병호 컨셉은 상당히 거슬림. 익숙하고 진부한 스토리 전개. 더 놀라운 것은 같은 해 나온 해바라기보다 흥행했다는 사실",
    "date": "15.03.01",
    "rating": "1",
    "author": "jjaj****",
    "review_id": "9748213",
    "movie_id": "44019"
  },
  {
    "review": "아앗 이런 최고의 영화를 6점을 주다니!!! 내 화가나서 10점을 줍니다. 한7점대가 정상인데 이상하군요.",
    "date": "14.10.14",
    "rating": "10",
    "author": "sosi****",
    "review_id": "9292728",
    "movie_id": "44019"
  },
  {
    "review": "잘 나가는 김수로 데려다 가장 잘 할만한 역할을 준 것 까지만 좋았다...나머지는 그냥 모...SOSO",
    "date": "14.08.28",
    "rating": "7",
    "author": "lees****",
    "review_id": "9140191",
    "movie_id": "44019"
  },
  {
    "review": "여장한 남자 좀 웃기간한데 전반적으로 재미없다",
    "date": "14.08.21",
    "rating": "1",
    "author": "ari1****",
    "review_id": "9116785",
    "movie_id": "44019"
  },
  {
    "review": "김수로가 열심히 할수록 짠해지는 영화.",
    "date": "14.08.11",
    "rating": "4",
    "author": "whia****",
    "review_id": "9070369",
    "movie_id": "44019"
  },
  {
    "review": "심각하게 재미없다. 김수로 최악 필모그래피.",
    "date": "14.08.04",
    "rating": "4",
    "author": "heot****",
    "review_id": "9023774",
    "movie_id": "44019"
  },
  {
    "review": "진짜 진짜 허접한 영화다",
    "date": "14.07.06",
    "rating": "1",
    "author": "seun****",
    "review_id": "8889311",
    "movie_id": "44019"
  },
  {
    "review": "어릴때 볼만함 ㅋㅋㅋ다만 어릴때",
    "date": "14.04.06",
    "rating": "10",
    "author": "gbwl****",
    "review_id": "8631289",
    "movie_id": "44019"
  },
  {
    "review": "웃기지도 않고 재미도 없고, 피만 빨림.",
    "date": "13.09.30",
    "rating": "3",
    "author": "tear****",
    "review_id": "8023930",
    "movie_id": "44019"
  },
  {
    "review": "므흣하게 흥분하면 흡혈귀화 된다거나 주변인물등 코믹영화로써 기본 설정은 아주 좋았지만, 그 설정을 풀어나가기 위한 세세한 스토리 전개가 완전 개판인 영화. 개인적으로는 돈 아까웠던 영화.",
    "date": "13.07.20",
    "rating": "4",
    "author": "966f****",
    "review_id": "7766751",
    "movie_id": "44019"
  },
  {
    "review": "이게 한쿡영화의 현실이다",
    "date": "13.07.01",
    "rating": "1",
    "author": "ske4****",
    "review_id": "7694828",
    "movie_id": "44019"
  },
  {
    "review": "별1개도아까워",
    "date": "13.06.30",
    "rating": "1",
    "author": "aaa7****",
    "review_id": "7691870",
    "movie_id": "44019"
  },
  {
    "review": "상상플러스 영화 홍보하러 나와서 꼭지점 댄스만 흥하고 영화는 쪽박 차고 300만 넘으면 속편제작한다고 했는데 망함",
    "date": "13.06.28",
    "rating": "4",
    "author": "tipe****",
    "review_id": "7687720",
    "movie_id": "44019"
  },
  {
    "review": "그냥 심심할때 티비에서 해주면 재밋는거가틈",
    "date": "13.06.28",
    "rating": "5",
    "author": "rkrp****",
    "review_id": "7687150",
    "movie_id": "44019"
  },
  {
    "review": "김수로 코믹 연기.  볼만하고 완전 재미있습니다.",
    "date": "13.05.27",
    "rating": "10",
    "author": "rldn****",
    "review_id": "7558825",
    "movie_id": "44019"
  },
  {
    "review": "그냥 코메디영화 더이상의 것도 없고 그런데 그렇게 웃기지도 않음",
    "date": "13.05.27",
    "rating": "5",
    "author": "adiv****",
    "review_id": "7558340",
    "movie_id": "44019"
  },
  {
    "review": "영화이따구로 만들지마라 졵나재미없어 흥분하면 변한데메 마지막에 여자떨어질때 왜안변함??  왜떨어지고 흥분해서변함 졵나이해안가네 이거망작임 절대보지마삼",
    "date": "13.05.18",
    "rating": "1",
    "author": "rlaf****",
    "review_id": "7536082",
    "movie_id": "44019"
  },
  {
    "review": "좀 약하다",
    "date": "13.05.08",
    "rating": "6",
    "author": "garn****",
    "review_id": "7515665",
    "movie_id": "44019"
  },
  {
    "review": "불쌍해서 10점 주려다 만다.",
    "date": "13.04.07",
    "rating": "5",
    "author": "axfo****",
    "review_id": "7441697",
    "movie_id": "44019"
  },
  {
    "review": "19세같음 야한것만나옴",
    "date": "13.02.21",
    "rating": "5",
    "author": "tjsr****",
    "review_id": "7285478",
    "movie_id": "44019"
  },
  {
    "review": "15세가 아닌듯 19세 정도?",
    "date": "13.02.01",
    "rating": "1",
    "author": "mey4****",
    "review_id": "7208890",
    "movie_id": "44019"
  },
  {
    "review": "완전 최악이다..조여정이 더 신기해..어떻게 안 죽었는지.",
    "date": "13.01.27",
    "rating": "1",
    "author": "jins****",
    "review_id": "7183298",
    "movie_id": "44019"
  },
  {
    "review": "가족이랑보는데 ㅈㄴ야한장면계속나와서 개뻘쭘하네",
    "date": "13.01.27",
    "rating": "4",
    "author": "rkda****",
    "review_id": "7183007",
    "movie_id": "44019"
  },
  {
    "review": "피는 목숨이다.",
    "date": "13.01.26",
    "rating": "3",
    "author": "kos4****",
    "review_id": "7176491",
    "movie_id": "44019"
  },
  {
    "review": "ㅂㅅ",
    "date": "12.12.10",
    "rating": "1",
    "author": "luna****",
    "review_id": "6990716",
    "movie_id": "44019"
  },
  {
    "review": "내생애 최악의 영화임..",
    "date": "12.11.21",
    "rating": "1",
    "author": "paga****",
    "review_id": "6910782",
    "movie_id": "44019"
  },
  {
    "review": "각시탈 조단장에 익숙해져서그런가 손병호씨 악역에 화장분장 좀 그렇네",
    "date": "12.11.09",
    "rating": "10",
    "author": "june****",
    "review_id": "6869003",
    "movie_id": "44019"
  },
  {
    "review": "처음시작할때  루마니아에서 한국까지 상륙한 모기가 억지스러워우면서  재미있게봤습니다ㅋ",
    "date": "12.06.18",
    "rating": "8",
    "author": "scho****",
    "review_id": "6401242",
    "movie_id": "44019"
  },
  {
    "review": "2탄 나올까????",
    "date": "12.06.15",
    "rating": "6",
    "author": "kch_****",
    "review_id": "6392072",
    "movie_id": "44019"
  },
  {
    "review": "아주 웃겼는데 평점이 ㅄ이네",
    "date": "12.06.05",
    "rating": "10",
    "author": "iiii****",
    "review_id": "6365936",
    "movie_id": "44019"
  },
  {
    "review": "딱 중간까지만 볼만했다",
    "date": "12.05.03",
    "rating": "5",
    "author": "dudd****",
    "review_id": "6267240",
    "movie_id": "44019"
  },
  {
    "review": "더럽게 재미없다",
    "date": "12.04.21",
    "rating": "4",
    "author": "tsp0****",
    "review_id": "6236514",
    "movie_id": "44019"
  },
  {
    "review": "4.3",
    "date": "12.03.08",
    "rating": "4",
    "author": "one5****",
    "review_id": "6129910",
    "movie_id": "44019"
  },
  {
    "review": "김수로 완전 배역에 딱임.표정연기ㅋㅋ 손병호 ㅋㅋㅋㅋ 코믹하구 잼있었음.",
    "date": "12.01.07",
    "rating": "9",
    "author": "kis5****",
    "review_id": "5966612",
    "movie_id": "44019"
  },
  {
    "review": "볼때는 재밌게본거같은데 집에서 봐서 다행이다",
    "date": "12.01.06",
    "rating": "4",
    "author": "qkqh****",
    "review_id": "5965786",
    "movie_id": "44019"
  },
  {
    "review": "이런영활 조조로도 아니고 일반으로 돈내고 봤었다는게 피눈물",
    "date": "11.12.30",
    "rating": "1",
    "author": "blue****",
    "review_id": "5948427",
    "movie_id": "44019"
  },
  {
    "review": "저 이거 완전좋았는데요",
    "date": "11.12.06",
    "rating": "10",
    "author": "yyy0****",
    "review_id": "5891219",
    "movie_id": "44019"
  },
  {
    "review": "노력이 보이나 이건 아니다...",
    "date": "11.10.01",
    "rating": "5",
    "author": "tn99****",
    "review_id": "5764708",
    "movie_id": "44019"
  },
  {
    "review": "김수로 정말 말만하면 빵빵 터지는구나~!!ㅋㅋ",
    "date": "11.09.28",
    "rating": "10",
    "author": "jean****",
    "review_id": "5757949",
    "movie_id": "44019"
  },
  {
    "review": "시간 보내기용",
    "date": "11.09.28",
    "rating": "5",
    "author": "wlgh****",
    "review_id": "5756881",
    "movie_id": "44019"
  },
  {
    "review": "한국의 짐 캐리 김수로의 열연에도 불구하고 재미는 산으로",
    "date": "11.07.18",
    "rating": "2",
    "author": "ccpp****",
    "review_id": "5552687",
    "movie_id": "44019"
  },
  {
    "review": "너무 식상한 소재를 골랐구나",
    "date": "11.07.18",
    "rating": "2",
    "author": "rame****",
    "review_id": "5552685",
    "movie_id": "44019"
  },
  {
    "review": "여러모로 수준 미달",
    "date": "11.07.18",
    "rating": "2",
    "author": "kpcc****",
    "review_id": "5552682",
    "movie_id": "44019"
  },
  {
    "review": "정말...킬링타임용이란게..적절하다.완전애자는아닌데.정말허접한영화.",
    "date": "11.07.17",
    "rating": "6",
    "author": "zang****",
    "review_id": "5549113",
    "movie_id": "44019"
  },
  {
    "review": "ㅋㅋㅋ 소재 정말 좋았고 김수로연기도 굿",
    "date": "11.04.27",
    "rating": "10",
    "author": "kaws****",
    "review_id": "5393929",
    "movie_id": "44019"
  },
  {
    "review": "열 맞춰 걷듯 반듯하니 효율성은 좋다만 거기까지.",
    "date": "11.04.15",
    "rating": "5",
    "author": "rygh****",
    "review_id": "5375871",
    "movie_id": "44019"
  },
  {
    "review": "독특한 뱀파이어",
    "date": "11.02.25",
    "rating": "7",
    "author": "yser****",
    "review_id": "5273945",
    "movie_id": "44019"
  },
  {
    "review": "소재만 좋았던 영화",
    "date": "11.02.05",
    "rating": "5",
    "author": "jero****",
    "review_id": "5217578",
    "movie_id": "44019"
  },
  {
    "review": "손병호씨 연기가 볼만했다~",
    "date": "11.02.02",
    "rating": "10",
    "author": "rook****",
    "review_id": "5208236",
    "movie_id": "44019"
  },
  {
    "review": "재미",
    "date": "11.01.29",
    "rating": "10",
    "author": "qert****",
    "review_id": "5192666",
    "movie_id": "44019"
  },
  {
    "review": "이건 아니잖아 이건 아니잖아",
    "date": "11.01.28",
    "rating": "1",
    "author": "qudr****",
    "review_id": "5192146",
    "movie_id": "44019"
  },
  {
    "review": "생각보단 괜찮았는데 나쁘지않음 ㅋㅋ",
    "date": "10.10.27",
    "rating": "7",
    "author": "rudd****",
    "review_id": "4924081",
    "movie_id": "44019"
  },
  {
    "review": "이런영화 만들지 말자..ㅉㅉ",
    "date": "10.09.18",
    "rating": "1",
    "author": "khot****",
    "review_id": "4845492",
    "movie_id": "44019"
  },
  {
    "review": "재밌어요~ 김수로가 해서 잘어울렸어요",
    "date": "10.07.18",
    "rating": "10",
    "author": "anfe****",
    "review_id": "4650919",
    "movie_id": "44019"
  },
  {
    "review": "본인은 이 영화에 대해 그럭저럭 볼만하다는 반응을 나타내었다",
    "date": "10.06.21",
    "rating": "6",
    "author": "spar****",
    "review_id": "4582951",
    "movie_id": "44019"
  },
  {
    "review": "괜찮은 소재로 유머러스하게 꾸민 영화...보는 눈이 즐거웠다^^",
    "date": "10.05.18",
    "rating": "8",
    "author": "oliv****",
    "review_id": "4507978",
    "movie_id": "44019"
  },
  {
    "review": "드라큘라에서 마스크 쓴 이소룡, 헐크에서 배트맨까지.. 참 가지가지한다",
    "date": "10.05.06",
    "rating": "5",
    "author": "mygr****",
    "review_id": "4482045",
    "movie_id": "44019"
  },
  {
    "review": "영화를 다 보는게 힘들지경이라면 말 다한거지 뭐,,,,,,,,",
    "date": "10.04.24",
    "rating": "4",
    "author": "seee****",
    "review_id": "4451463",
    "movie_id": "44019"
  },
  {
    "review": "낫 배드",
    "date": "10.04.20",
    "rating": "7",
    "author": "jsm1****",
    "review_id": "4445350",
    "movie_id": "44019"
  },
  {
    "review": "내가 이걸 영화관가서 봤다니 ㅠㅠ",
    "date": "10.04.18",
    "rating": "5",
    "author": "pjh8****",
    "review_id": "4440045",
    "movie_id": "44019"
  },
  {
    "review": "오늘 봤는데 생각보다 재미있었어요. 그래도 사람이 되지않은 것이 아쉽긴 했어요.",
    "date": "10.03.26",
    "rating": "10",
    "author": "tjtk****",
    "review_id": "4389238",
    "movie_id": "44019"
  },
  {
    "review": "소재만 좋았음.",
    "date": "10.03.06",
    "rating": "5",
    "author": "yoma****",
    "review_id": "4339734",
    "movie_id": "44019"
  },
  {
    "review": "코믹이라....코믹보다는 조금더 진지하게 갔더라면 더 성공했을지도 모르겠네",
    "date": "10.02.25",
    "rating": "5",
    "author": "wodn****",
    "review_id": "4318171",
    "movie_id": "44019"
  },
  {
    "review": "역시 영화는 아무나 하는게 아니야~~~~~~",
    "date": "10.02.10",
    "rating": "3",
    "author": "jmkp****",
    "review_id": "4266725",
    "movie_id": "44019"
  },
  {
    "review": "이 좋은 소재를 못 살리다니...",
    "date": "10.01.15",
    "rating": "4",
    "author": "dlwo****",
    "review_id": "4171473",
    "movie_id": "44019"
  },
  {
    "review": "좋은작품",
    "date": "09.12.12",
    "rating": "10",
    "author": "dkwi****",
    "review_id": "4037793",
    "movie_id": "44019"
  },
  {
    "review": "흡혈귀의 역할이 너무 잘어울렸고 흥분하면 변하는 김수로씨가 너무 재미있었습니다.",
    "date": "09.11.29",
    "rating": "10",
    "author": "cutt****",
    "review_id": "4000388",
    "movie_id": "44019"
  },
  {
    "review": "무뇌스러운 기분이 뭔지알려준 고마운 작품",
    "date": "09.11.10",
    "rating": "1",
    "author": "baje****",
    "review_id": "3950102",
    "movie_id": "44019"
  },
  {
    "review": "먼가 스토리 라인이 없으면 웃기던가 좀 액션을 보여주던가...........",
    "date": "09.10.24",
    "rating": "2",
    "author": "cyfi****",
    "review_id": "3911947",
    "movie_id": "44019"
  },
  {
    "review": "난 웃긴 영화를 보고싶었을 뿐이고. 김수로 힘들어간 연기는 어색할 뿐이고.",
    "date": "09.09.27",
    "rating": "3",
    "author": "kkot****",
    "review_id": "3854257",
    "movie_id": "44019"
  },
  {
    "review": "개성 없는 모방 일색의 유치하고 가벼운 오락물.",
    "date": "09.09.22",
    "rating": "1",
    "author": "dg_d****",
    "review_id": "3843575",
    "movie_id": "44019"
  },
  {
    "review": "첫주연작이기 때문일까? 고분분투하는 김수로가 안타깝다",
    "date": "09.09.16",
    "rating": "4",
    "author": "si2p****",
    "review_id": "3834957",
    "movie_id": "44019"
  },
  {
    "review": "할말없다 .........",
    "date": "09.07.29",
    "rating": "1",
    "author": "kt36****",
    "review_id": "3679118",
    "movie_id": "44019"
  },
  {
    "review": "........ 기대이하였었음..",
    "date": "09.07.20",
    "rating": "4",
    "author": "sobi****",
    "review_id": "3649569",
    "movie_id": "44019"
  },
  {
    "review": "정겨운 김수로씨~ 전개가 약간 느슨하긴 하지만 그냥 볼만합니다. ^_^",
    "date": "09.07.12",
    "rating": "7",
    "author": "kukm****",
    "review_id": "3625524",
    "movie_id": "44019"
  },
  {
    "review": "그래도 김수로 코믹연기때문에 어느정도 재미는 있었다",
    "date": "09.06.19",
    "rating": "5",
    "author": "iss2****",
    "review_id": "3574538",
    "movie_id": "44019"
  },
  {
    "review": "후반부에 신파로 흐르며 김이 확 빠진다. 한국 코메디의 고질적인 문제점.",
    "date": "09.06.13",
    "rating": "3",
    "author": "rush****",
    "review_id": "3563179",
    "movie_id": "44019"
  },
  {
    "review": "친구꼬임에 넘어가서 봤던 영화 돈 아깝다는걸 느끼게 해줌.",
    "date": "09.04.30",
    "rating": "1",
    "author": "powo****",
    "review_id": "3452281",
    "movie_id": "44019"
  },
  {
    "review": "개인적으로 정말 재밌게 본 영화.",
    "date": "09.04.27",
    "rating": "10",
    "author": "12lu****",
    "review_id": "3444487",
    "movie_id": "44019"
  },
  {
    "review": "아..난 김수로 조연나올때가 좋다구!!",
    "date": "09.04.23",
    "rating": "1",
    "author": "jkh0****",
    "review_id": "3435817",
    "movie_id": "44019"
  },
  {
    "review": "이 영화의 관련자전원의 마누라나 딸내미들의 목덜미를 물어뜯어주고 싶다.ㅋㅋ",
    "date": "09.04.19",
    "rating": "1",
    "author": "baks****",
    "review_id": "3428793",
    "movie_id": "44019"
  },
  {
    "review": "김수로는역시 조연일때가 빛을보는배우....",
    "date": "09.04.14",
    "rating": "1",
    "author": "ssy4****",
    "review_id": "3421189",
    "movie_id": "44019"
  },
  {
    "review": "평점 0을 주고 싶은 0화",
    "date": "09.04.11",
    "rating": "1",
    "author": "lwkk****",
    "review_id": "3414911",
    "movie_id": "44019"
  },
  {
    "review": "호들갑떠는 영화..",
    "date": "09.04.07",
    "rating": "5",
    "author": "bkm1****",
    "review_id": "3409684",
    "movie_id": "44019"
  },
  {
    "review": "쓰레기 영화중에도 쓰레기 이게 뭐니??",
    "date": "09.03.28",
    "rating": "1",
    "author": "ajwj****",
    "review_id": "3391806",
    "movie_id": "44019"
  },
  {
    "review": "평점 6점도 과분한 영화",
    "date": "09.03.23",
    "rating": "1",
    "author": "noxp****",
    "review_id": "3383589",
    "movie_id": "44019"
  },
  {
    "review": "웃기 거북한 영화....",
    "date": "09.03.19",
    "rating": "6",
    "author": "rlad****",
    "review_id": "3375241",
    "movie_id": "44019"
  },
  {
    "review": "김수로의 원맨쇼",
    "date": "09.03.15",
    "rating": "6",
    "author": "mem9****",
    "review_id": "3366933",
    "movie_id": "44019"
  },
  {
    "review": "후항후앙, 넘재밌당. 티비틀다 걍 나오길래 봤는데.. ㅋㅋㅋ",
    "date": "09.03.14",
    "rating": "10",
    "author": "inot****",
    "review_id": "3365189",
    "movie_id": "44019"
  },
  {
    "review": "별로 재미없었다..",
    "date": "09.03.07",
    "rating": "5",
    "author": "bkm1****",
    "review_id": "3352122",
    "movie_id": "44019"
  },
  {
    "review": "내가 이걸 극장가서 왜봤을까?",
    "date": "09.02.28",
    "rating": "5",
    "author": "lkyl****",
    "review_id": "3338104",
    "movie_id": "44019"
  },
  {
    "review": "후반부터 봤는데 뒤부터 보길 잘했네 첨부터 봤으면 욕나왔을듯. 옛다 1점",
    "date": "09.02.22",
    "rating": "1",
    "author": "dkan****",
    "review_id": "3323352",
    "movie_id": "44019"
  },
  {
    "review": "우왕굳ㅋㅋ",
    "date": "09.02.18",
    "rating": "10",
    "author": "won9****",
    "review_id": "3313456",
    "movie_id": "44019"
  },
  {
    "review": "흡혈귀가 엽기적으로 표현된것 자체가 좋았다",
    "date": "09.02.08",
    "rating": "8",
    "author": "mins****",
    "review_id": "3287834",
    "movie_id": "44019"
  },
  {
    "review": "잘 좀 만들지 ...",
    "date": "09.02.06",
    "rating": "3",
    "author": "gang****",
    "review_id": "3283275",
    "movie_id": "44019"
  },
  {
    "review": "드라큘라형사라 그것도 우리나라에 재미있습니다.",
    "date": "09.02.06",
    "rating": "10",
    "author": "dong****",
    "review_id": "3281595",
    "movie_id": "44019"
  }
]