[
  {
    "review": "그가 뛰어내리지 않았다면 어떻게 되었을까",
    "date": "15.03.22",
    "rating": "10",
    "author": "sksi****",
    "review_id": "9798776",
    "movie_id": "44025"
  },
  {
    "review": "영화가 끝나고 심장이 멈춰버렸다.",
    "date": "14.08.03",
    "rating": "10",
    "author": "amug****",
    "review_id": "9018292",
    "movie_id": "44025"
  },
  {
    "review": "일본스러움 소재도 그렇고 연출도 그렇고 감동도 교훈도 여운도 없는데 있는거처럼 포장돼있는 느낌이 강한 영화",
    "date": "14.07.14",
    "rating": "1",
    "author": "icap****",
    "review_id": "8916865",
    "movie_id": "44025"
  },
  {
    "review": "ㅇㅁ c c c x c c cx  c c",
    "date": "14.05.25",
    "rating": "10",
    "author": "rkdg****",
    "review_id": "8762958",
    "movie_id": "44025"
  },
  {
    "review": "황금빛 해바라기.금발의 초원은 단어 그대로 환상적이다! 이상과 현실. 정신적인 것과 외면적인 것. 생각할 수 있는 영화, 게다가 영상미, 독특한 분위기까지 더해서 여운이 남는다.",
    "date": "14.01.26",
    "rating": "9",
    "author": "ehdr****",
    "review_id": "8431494",
    "movie_id": "44025"
  },
  {
    "review": "꿈과 현실의 경계가 그렇게 중요한가? 꿈, 현실 이딴 차이는 단어의 차이 그 이상 그 이하도 아닐 뿐. 그저 그 속에서 자신의 삶을 사랑하고, 이 모든 것이 멋지다라고 외칠 수 있으면 그만인 것 아닌가?",
    "date": "13.05.08",
    "rating": "9",
    "author": "ha_e****",
    "review_id": "7515415",
    "movie_id": "44025"
  },
  {
    "review": "혼자만의 꿈속에서 살아간다는 것이 남에게 피해를 주는건 아니다 닛뽀리가 돌아가신 우리 할아버지랑 너무 닮아서 많이 울었네",
    "date": "12.12.08",
    "rating": "10",
    "author": "bett****",
    "review_id": "6984559",
    "movie_id": "44025"
  },
  {
    "review": "가슴이 뭉클..힐링영화",
    "date": "12.06.29",
    "rating": "10",
    "author": "marn****",
    "review_id": "6426357",
    "movie_id": "44025"
  },
  {
    "review": "음악도 화면도 배우도 다 좋았다. 끝까지 늙은 모습을 보여주지 않은 건 좋은 선택",
    "date": "12.06.22",
    "rating": "9",
    "author": "jull****",
    "review_id": "6407239",
    "movie_id": "44025"
  },
  {
    "review": "잔잔하고 괜찮은데 결말이 너무 예상 가능해서 그냥 그랬어요. 소설로읽는게 나을듯",
    "date": "12.06.12",
    "rating": "7",
    "author": "qkdr****",
    "review_id": "6386354",
    "movie_id": "44025"
  },
  {
    "review": "지붕위에 올라선 닛포리의 말에서 카타르시스를 느낀다. 마지막까지 이 영화 최고다!",
    "date": "11.12.21",
    "rating": "10",
    "author": "cali****",
    "review_id": "5918937",
    "movie_id": "44025"
  },
  {
    "review": "경계에 선 사람들의 이누도 잇신감독이 만들어낸 또 다른 영화지만 엔딩이 미흡하다.",
    "date": "11.08.25",
    "rating": "7",
    "author": "crys****",
    "review_id": "5686924",
    "movie_id": "44025"
  },
  {
    "review": "순정만화를 보고 난 것만 같은 느낌.",
    "date": "11.07.21",
    "rating": "8",
    "author": "seef****",
    "review_id": "5559231",
    "movie_id": "44025"
  },
  {
    "review": "꿈은거대 현실은 시망...",
    "date": "11.05.05",
    "rating": "6",
    "author": "zany****",
    "review_id": "5406368",
    "movie_id": "44025"
  },
  {
    "review": "로맨스가 초점이라기 보다는 삶에 대한 태도를 멘토링해주는 영화~!",
    "date": "11.03.25",
    "rating": "9",
    "author": "aram****",
    "review_id": "5334270",
    "movie_id": "44025"
  },
  {
    "review": "지독한현실과 꿈같은사랑. 습기찬듯 뿌옇고 왠지모르게 슬픈영화",
    "date": "11.02.25",
    "rating": "7",
    "author": "byul****",
    "review_id": "5275549",
    "movie_id": "44025"
  },
  {
    "review": "꿈이라면 날것이고 현실이라면 떨어질테죠",
    "date": "11.01.28",
    "rating": "6",
    "author": "hyej****",
    "review_id": "5192535",
    "movie_id": "44025"
  },
  {
    "review": "어떤 슬픈 영화보다도 많이 울었다 정말 좋다 이 영화",
    "date": "10.12.05",
    "rating": "10",
    "author": "sjsg****",
    "review_id": "5026683",
    "movie_id": "44025"
  },
  {
    "review": "꿈?? 현실?? 꿈 같은 영화.. 별로 공감은 안된다..",
    "date": "10.11.26",
    "rating": "5",
    "author": "tn99****",
    "review_id": "4991431",
    "movie_id": "44025"
  },
  {
    "review": "시나리오가 정말 독특했다 ~~~~~~~",
    "date": "10.09.30",
    "rating": "7",
    "author": "fnsk****",
    "review_id": "4876269",
    "movie_id": "44025"
  },
  {
    "review": "시점이 돋보이네 ㅋ",
    "date": "10.09.22",
    "rating": "8",
    "author": "leei****",
    "review_id": "4856133",
    "movie_id": "44025"
  },
  {
    "review": "큰 기대보다는 귀여운 치즈루를 볼 수 있었다는 점에서.. ㅎㅎ",
    "date": "10.09.08",
    "rating": "8",
    "author": "hj78****",
    "review_id": "4824455",
    "movie_id": "44025"
  },
  {
    "review": "할아버지 멋진데!!",
    "date": "10.09.02",
    "rating": "10",
    "author": "jung****",
    "review_id": "4812817",
    "movie_id": "44025"
  },
  {
    "review": "노을이 질 때 용기있게 기적처럼 사랑을 고백하고 싶다. 꿈을 꾸는 것 보단,,",
    "date": "10.08.19",
    "rating": "10",
    "author": "tsba****",
    "review_id": "4763892",
    "movie_id": "44025"
  },
  {
    "review": "치즈루때문에 보는거지만 역시 뭔가 일본인다운발상",
    "date": "10.07.22",
    "rating": "8",
    "author": "duwn****",
    "review_id": "4660178",
    "movie_id": "44025"
  },
  {
    "review": "좋았더라.",
    "date": "10.07.06",
    "rating": "8",
    "author": "dela****",
    "review_id": "4616190",
    "movie_id": "44025"
  },
  {
    "review": "코믹하면서도 감성적이고 재미있는 영화",
    "date": "10.04.25",
    "rating": "9",
    "author": "meca****",
    "review_id": "4454063",
    "movie_id": "44025"
  },
  {
    "review": "치즈루때문에보긴봤는데..",
    "date": "10.04.22",
    "rating": "7",
    "author": "yks_****",
    "review_id": "4448437",
    "movie_id": "44025"
  },
  {
    "review": "청혼하는 장면에서 치즈루의 표정이 기억에 남는다",
    "date": "10.01.28",
    "rating": "9",
    "author": "ypal****",
    "review_id": "4217057",
    "movie_id": "44025"
  },
  {
    "review": "이 행복감",
    "date": "09.12.29",
    "rating": "10",
    "author": "happ****",
    "review_id": "4104917",
    "movie_id": "44025"
  },
  {
    "review": "어려워어려워어려워 하고싶은 얘기가 뭐임",
    "date": "09.12.20",
    "rating": "5",
    "author": "jaia****",
    "review_id": "4062340",
    "movie_id": "44025"
  },
  {
    "review": "너무 좋았던 영화~~~",
    "date": "09.11.29",
    "rating": "10",
    "author": "kkk2****",
    "review_id": "3999819",
    "movie_id": "44025"
  },
  {
    "review": "많은게 생각나게 하는 영화 각자의 입장에따라서....다만 내게는 먼가 찌릿한 감성을",
    "date": "09.11.03",
    "rating": "10",
    "author": "modo****",
    "review_id": "3934523",
    "movie_id": "44025"
  },
  {
    "review": "나는 왜 이렇게 별로 였을까",
    "date": "09.11.02",
    "rating": "5",
    "author": "tjsd****",
    "review_id": "3931540",
    "movie_id": "44025"
  },
  {
    "review": "이누도 잇신의 마스터피스, 이 감독의 모든 작품중 최고였음",
    "date": "09.09.20",
    "rating": "10",
    "author": "hong****",
    "review_id": "3839963",
    "movie_id": "44025"
  },
  {
    "review": "공감이 안 갑니다 ㅈㅅ ㅠ",
    "date": "09.08.17",
    "rating": "6",
    "author": "syy2****",
    "review_id": "3759217",
    "movie_id": "44025"
  },
  {
    "review": "다양한 해석과 공감이 가능한...",
    "date": "09.07.07",
    "rating": "10",
    "author": "iepa****",
    "review_id": "3616464",
    "movie_id": "44025"
  },
  {
    "review": "재미있네요^",
    "date": "09.06.17",
    "rating": "8",
    "author": "rlar****",
    "review_id": "3570960",
    "movie_id": "44025"
  },
  {
    "review": "솔직히 별 재미없음 뭘 말하는지도 몰겠고 다만 남주, 여주 다 멋짐",
    "date": "09.05.17",
    "rating": "6",
    "author": "njel****",
    "review_id": "3502714",
    "movie_id": "44025"
  },
  {
    "review": "현실꿈현실",
    "date": "09.04.08",
    "rating": "10",
    "author": "thun****",
    "review_id": "3410781",
    "movie_id": "44025"
  },
  {
    "review": "진짜 스무살의 청년과 소녀의 만남.",
    "date": "09.02.11",
    "rating": "8",
    "author": "mkin****",
    "review_id": "3294612",
    "movie_id": "44025"
  },
  {
    "review": "무한상상 상상력 만으로도 의미있는영화",
    "date": "08.11.05",
    "rating": "10",
    "author": "cnrr****",
    "review_id": "3035896",
    "movie_id": "44025"
  },
  {
    "review": "카프카의 '변신' 아이돌 영화로 성공적으로 재조립.",
    "date": "08.11.03",
    "rating": "9",
    "author": "void****",
    "review_id": "3032828",
    "movie_id": "44025"
  },
  {
    "review": "정말 인상깊게 봤지만, 밑분 말씀도 일리있는듯..좋은 소재로 애정에 올인한듯 ㅎㅎ",
    "date": "08.10.18",
    "rating": "10",
    "author": "port****",
    "review_id": "3007067",
    "movie_id": "44025"
  },
  {
    "review": "더 깊은 사유를 끌어 낼 수 있는 소재로 '애정'만에 올인하다~",
    "date": "08.09.30",
    "rating": "8",
    "author": "heod****",
    "review_id": "2975692",
    "movie_id": "44025"
  },
  {
    "review": "더할나위 없지만 엔딩크레딧에서의 분위기 망침은 이해불가...",
    "date": "08.08.29",
    "rating": "8",
    "author": "blin****",
    "review_id": "2908929",
    "movie_id": "44025"
  },
  {
    "review": "이누도 잇신이기에 5점. 이누도 잇신이 아니었다면 1점",
    "date": "08.08.28",
    "rating": "5",
    "author": "goti****",
    "review_id": "2907727",
    "movie_id": "44025"
  },
  {
    "review": "치즈루 때문에 봤지만 소제도 괜찮았고 결말도 산뜻하였다..",
    "date": "08.08.12",
    "rating": "10",
    "author": "yaya****",
    "review_id": "2865189",
    "movie_id": "44025"
  },
  {
    "review": "귀여운 영화였지만 일본영화가 모두 그렇듯 끝의 허무함과 건조함은 어쩔 수 없다",
    "date": "08.08.05",
    "rating": "7",
    "author": "pink****",
    "review_id": "2836616",
    "movie_id": "44025"
  },
  {
    "review": "진짜 너무 재밌었다..",
    "date": "08.08.01",
    "rating": "10",
    "author": "zhwp****",
    "review_id": "2824601",
    "movie_id": "44025"
  },
  {
    "review": "여운.. 이누도잇신",
    "date": "08.08.01",
    "rating": "10",
    "author": "0107****",
    "review_id": "2822644",
    "movie_id": "44025"
  },
  {
    "review": "처음에 이감독의영화는 뭔가 지루할듯 무거울듯 하지만보는순간 어느새빠져버린다",
    "date": "08.07.14",
    "rating": "10",
    "author": "yimx****",
    "review_id": "2762194",
    "movie_id": "44025"
  },
  {
    "review": "전혀 이해못함... 다시보긴 싫고 ㅠㅠ 알려주실분?",
    "date": "08.05.12",
    "rating": "4",
    "author": "wind****",
    "review_id": "2635610",
    "movie_id": "44025"
  },
  {
    "review": "역시 이누도 잇신!",
    "date": "08.03.03",
    "rating": "10",
    "author": "kakd****",
    "review_id": "2500961",
    "movie_id": "44025"
  },
  {
    "review": "잔잔하다",
    "date": "08.02.18",
    "rating": "7",
    "author": "qnfr****",
    "review_id": "2458320",
    "movie_id": "44025"
  },
  {
    "review": "괜찮은 영화",
    "date": "08.02.10",
    "rating": "8",
    "author": "lllm****",
    "review_id": "2432145",
    "movie_id": "44025"
  },
  {
    "review": "이누도 잇신의 생각만큼은 명료하다.",
    "date": "08.02.09",
    "rating": "6",
    "author": "loft****",
    "review_id": "2426388",
    "movie_id": "44025"
  },
  {
    "review": "때론 힘들다고 생각되는 현실이지만 \"지금 내가 살고있는 현실의 모든것은 아름답다.\"",
    "date": "08.02.07",
    "rating": "10",
    "author": "juny****",
    "review_id": "2418680",
    "movie_id": "44025"
  },
  {
    "review": "일본영화가 허무한건 알았지만 이거완전 쓰레기 아놔 이세야 유스케때문에 본건데ㅠㅠ",
    "date": "08.01.29",
    "rating": "1",
    "author": "kse9****",
    "review_id": "2384969",
    "movie_id": "44025"
  },
  {
    "review": "볼만 ㅎ",
    "date": "08.01.25",
    "rating": "8",
    "author": "win_****",
    "review_id": "2370049",
    "movie_id": "44025"
  },
  {
    "review": "이누도잇신 님 존경합니다",
    "date": "08.01.19",
    "rating": "10",
    "author": "ydj1****",
    "review_id": "2348564",
    "movie_id": "44025"
  },
  {
    "review": "나의 기억은 과연 몇살에서 멈추어있는 걸까...",
    "date": "08.01.16",
    "rating": "8",
    "author": "fon9****",
    "review_id": "2337271",
    "movie_id": "44025"
  },
  {
    "review": "ㅡㅡ 아 이게뭐야 너무느려 일본영화는 이래서 싫어 아... 진짜",
    "date": "08.01.12",
    "rating": "1",
    "author": "whit****",
    "review_id": "2322292",
    "movie_id": "44025"
  },
  {
    "review": "마지막에 남자자살 네이버애들이 왜이리 점수를 후하게 줬냐 뜬금없이 재미없다",
    "date": "08.01.12",
    "rating": "1",
    "author": "elma****",
    "review_id": "2321284",
    "movie_id": "44025"
  },
  {
    "review": "일본영화는 이래서 싫다 ㅡㅡ 너무 단순해 허무해 감동이 오질않아 조제도",
    "date": "08.01.12",
    "rating": "1",
    "author": "djos****",
    "review_id": "2321272",
    "movie_id": "44025"
  },
  {
    "review": "솔직히 ㅡㅡ 이건아니다 정말 허무 그자체 재미도 없고 아오 나진짜",
    "date": "08.01.12",
    "rating": "2",
    "author": "djos****",
    "review_id": "2321270",
    "movie_id": "44025"
  },
  {
    "review": "산뜻하면서도 가슴에 남는 영화. 아름다웠어.",
    "date": "07.12.28",
    "rating": "10",
    "author": "none****",
    "review_id": "2276125",
    "movie_id": "44025"
  },
  {
    "review": "너무 좋다. 조제보다 더 재밌게 본 영화다",
    "date": "07.12.13",
    "rating": "10",
    "author": "sona****",
    "review_id": "2230160",
    "movie_id": "44025"
  },
  {
    "review": "음,,그냥 그랬다... 일본영화 좋아하지만 이건 그다지..",
    "date": "07.11.28",
    "rating": "6",
    "author": "pqow****",
    "review_id": "2190581",
    "movie_id": "44025"
  },
  {
    "review": "역시 이누도 잇신 감독 영화는 좋다,,치즈루도,,ㅋㅋㅋ",
    "date": "07.11.06",
    "rating": "10",
    "author": "shjj****",
    "review_id": "2136362",
    "movie_id": "44025"
  },
  {
    "review": "처음부터 끝까지 이해 불가! 지루하진않다",
    "date": "07.11.01",
    "rating": "6",
    "author": "yesj****",
    "review_id": "2125725",
    "movie_id": "44025"
  },
  {
    "review": "필요에 의한 공존관계., 닛포리씨 나라도 당신을 떠나진 못해.,",
    "date": "07.10.26",
    "rating": "10",
    "author": "tttt****",
    "review_id": "2112069",
    "movie_id": "44025"
  },
  {
    "review": "good",
    "date": "07.10.22",
    "rating": "7",
    "author": "cles****",
    "review_id": "2105810",
    "movie_id": "44025"
  },
  {
    "review": "날아! 계속 눈물이 난다",
    "date": "07.10.14",
    "rating": "10",
    "author": "napp****",
    "review_id": "2088830",
    "movie_id": "44025"
  },
  {
    "review": "남주인공 심정 지대공감! 돈벌자 치즈루 같은 가정부가 필요해!",
    "date": "07.10.13",
    "rating": "9",
    "author": "kism****",
    "review_id": "2085619",
    "movie_id": "44025"
  },
  {
    "review": "연기나 촬영, 스토리 모두가 엉성하게만 느껴지는건 나뿐일까..",
    "date": "07.09.26",
    "rating": "3",
    "author": "seaw****",
    "review_id": "2053050",
    "movie_id": "44025"
  },
  {
    "review": "판타스틱!!! 이란 수식어가 아깝지 않았다..",
    "date": "07.09.22",
    "rating": "7",
    "author": "evil****",
    "review_id": "2036536",
    "movie_id": "44025"
  },
  {
    "review": "영계를 너무 사랑한 노망든 한 할배의 이야기 재미있었다.",
    "date": "07.09.19",
    "rating": "8",
    "author": "mjw9****",
    "review_id": "2031739",
    "movie_id": "44025"
  },
  {
    "review": "완전감동",
    "date": "07.08.31",
    "rating": "10",
    "author": "tlsg****",
    "review_id": "1992538",
    "movie_id": "44025"
  },
  {
    "review": "보이는 것이 전부가 아닌 순수함으로 그들을 바라봐야..",
    "date": "07.08.19",
    "rating": "8",
    "author": "wiza****",
    "review_id": "1957799",
    "movie_id": "44025"
  },
  {
    "review": "너무 아름답다~",
    "date": "07.08.17",
    "rating": "10",
    "author": "yuns****",
    "review_id": "1952448",
    "movie_id": "44025"
  },
  {
    "review": "꿈에서 깨어나고도 아픈 마음....",
    "date": "07.08.11",
    "rating": "8",
    "author": "opol****",
    "review_id": "1921348",
    "movie_id": "44025"
  },
  {
    "review": "아껴두고 보고 싶은 즐거움",
    "date": "07.08.11",
    "rating": "10",
    "author": "crab****",
    "review_id": "1919667",
    "movie_id": "44025"
  },
  {
    "review": "내용뿐만아니라. 캐스팅도 역시..마돈나, 이케와키 치즈루",
    "date": "07.08.04",
    "rating": "10",
    "author": "bana****",
    "review_id": "1873842",
    "movie_id": "44025"
  },
  {
    "review": "쨍쨍한 햇살이 치즈루를 비치는 이곳은 유스케만의 꿈?",
    "date": "07.07.31",
    "rating": "10",
    "author": "hyun****",
    "review_id": "1831524",
    "movie_id": "44025"
  },
  {
    "review": "어머, 학생들이 이영활 보러왔네... 어때서?",
    "date": "07.07.21",
    "rating": "7",
    "author": "7bx2****",
    "review_id": "1795798",
    "movie_id": "44025"
  },
  {
    "review": "될듯하면서도 절대안될듯한 관계..너무노골적이야!!",
    "date": "07.07.15",
    "rating": "8",
    "author": "bebo****",
    "review_id": "1776288",
    "movie_id": "44025"
  },
  {
    "review": "소년이여, 영원하라. 그리고 비상하라.",
    "date": "07.07.14",
    "rating": "10",
    "author": "uesh****",
    "review_id": "1775510",
    "movie_id": "44025"
  },
  {
    "review": "영상 속 햇살이 참 좋아요~",
    "date": "07.07.06",
    "rating": "10",
    "author": "rsy8****",
    "review_id": "1751907",
    "movie_id": "44025"
  },
  {
    "review": "그는 여전히 소년이다",
    "date": "07.06.27",
    "rating": "8",
    "author": "dong****",
    "review_id": "1724263",
    "movie_id": "44025"
  },
  {
    "review": "일본문화가 나한텐 안맞나보다. 영화를 이해할수가 없었다 졸리다",
    "date": "07.06.17",
    "rating": "6",
    "author": "peli****",
    "review_id": "1706793",
    "movie_id": "44025"
  },
  {
    "review": "이영화에 메종드나 조제보다 훨씬 더 좋은 점수를 주고 싶다",
    "date": "07.06.17",
    "rating": "10",
    "author": "pack****",
    "review_id": "1705336",
    "movie_id": "44025"
  },
  {
    "review": "이누도잇신감독의 '이해'와'사랑'의 표현력은 아름답고도아름답다",
    "date": "07.06.17",
    "rating": "10",
    "author": "yomi****",
    "review_id": "1705149",
    "movie_id": "44025"
  },
  {
    "review": "먼가 허술한듯하지만 엔딩으로 갈수록 가슴이 짠해 오는..",
    "date": "07.06.08",
    "rating": "8",
    "author": "pzsz****",
    "review_id": "1690815",
    "movie_id": "44025"
  },
  {
    "review": "현실을 받아들이는 것이 얼마나 힘이 들었을까.. 가슴이 너무 아팠다.",
    "date": "07.06.05",
    "rating": "10",
    "author": "bonb****",
    "review_id": "1683146",
    "movie_id": "44025"
  },
  {
    "review": "조제,메종드히미코의 감성을 기대했지만..영화는 이질적인 곳으로 향했다.",
    "date": "07.06.03",
    "rating": "6",
    "author": "lsh1****",
    "review_id": "1678682",
    "movie_id": "44025"
  },
  {
    "review": "서글픈 현실속에서도 과연 행복은 찾을 수 있게 될까요..",
    "date": "07.05.27",
    "rating": "10",
    "author": "shin****",
    "review_id": "1667489",
    "movie_id": "44025"
  },
  {
    "review": "이제 알겠다..행복하게 현실을 받아들이는법..",
    "date": "07.05.17",
    "rating": "10",
    "author": "cool****",
    "review_id": "1642588",
    "movie_id": "44025"
  },
  {
    "review": "현실과 꿈",
    "date": "07.05.16",
    "rating": "10",
    "author": "dkfd****",
    "review_id": "1641845",
    "movie_id": "44025"
  },
  {
    "review": "꿈속에선결코심장이멈출수없다",
    "date": "07.05.11",
    "rating": "10",
    "author": "pwl1****",
    "review_id": "1632710",
    "movie_id": "44025"
  }
]