[
  {
    "review": "퀴어를 이렇게 물흐르듯 자연스럽게 담아내다니.",
    "date": "15.07.12",
    "rating": "10",
    "author": "icec****",
    "review_id": "10094318",
    "movie_id": "44022"
  },
  {
    "review": "피키피키피키!!! 난 남들과 틀리지 않아 조금 다를 뿐이야.",
    "date": "15.07.05",
    "rating": "8",
    "author": "dora****",
    "review_id": "10073770",
    "movie_id": "44022"
  },
  {
    "review": "제 취향과 정반대의 영화지만 이렇게 감동을 울린 영화는 오랜만. 섬세하고 서정적인 느낌 매우 좋다.",
    "date": "15.07.04",
    "rating": "10",
    "author": "mi29****",
    "review_id": "10067263",
    "movie_id": "44022"
  },
  {
    "review": "소재 자체가 예상 밖이라 그런지 내용도 전혀 상상외로 전개되어 쉴틈없이 보게된영화 이 영화은 시바사키 코우 작품 보다가 보게됐는데 이거 여주 컨셉상 못생겨야해서 노메이크업으로 출현한 것 같은데 못생겨 보이지가 않고 오히려 개성적으로 보여 더 매력적",
    "date": "15.07.04",
    "rating": "10",
    "author": "kiky****",
    "review_id": "10067111",
    "movie_id": "44022"
  },
  {
    "review": "오다기리 조, 잘 생겼네. 근데 영화가 잔잔해도 너무 잔잔해.",
    "date": "15.04.10",
    "rating": "6",
    "author": "ango****",
    "review_id": "9837692",
    "movie_id": "44022"
  },
  {
    "review": "나는 동성애를 찬성한다.라고  생각했는데 이영화를 보고 느낀점.아..나는 말만 찬성할뿐 그들을 한번이라도 이해하려고 한적은 없었나? 라는 생각이 든다. 이해할수록 아프다. 응원하고싶다.",
    "date": "15.03.31",
    "rating": "9",
    "author": "gorg****",
    "review_id": "9818315",
    "movie_id": "44022"
  },
  {
    "review": "그 또한 삶이고 사람의 일생이라는 것... 잔잔함 속에 재미와 풍경이 있는 멋진 영화!",
    "date": "15.03.12",
    "rating": "10",
    "author": "unip****",
    "review_id": "9775839",
    "movie_id": "44022"
  },
  {
    "review": "하루히코가 게이라는게 슬플뿐... 눈빛이 참 슬픈게 매력적이네",
    "date": "15.02.01",
    "rating": "9",
    "author": "clin****",
    "review_id": "9658551",
    "movie_id": "44022"
  },
  {
    "review": "잔잔한 분위기가 동성애라는 코드에 어울려 좋았지만...  처음부터 끝까지 너무 잔잔하기만 하였던게 아쉽네요",
    "date": "15.01.20",
    "rating": "8",
    "author": "tuml****",
    "review_id": "9616648",
    "movie_id": "44022"
  },
  {
    "review": "정말 최악의 영화다. 지루하고 나뜨겁고 내용없고 억지감동에 정말 최악이다.",
    "date": "15.01.17",
    "rating": "1",
    "author": "jwin****",
    "review_id": "9603923",
    "movie_id": "44022"
  },
  {
    "review": "뮤지컬 장면중 마지막에 춤추고 사람들이 반으로 떨어져 각자 자리로 돌아가는 그 장면 ...이누도잇신 감독은 이장면을 통해 '모두 모였다 때가 되면 각자 다시 자신의 자리로 돌아가는 현실의 리얼함'을 표현했다고 하네요.감탄스러울 뿐이네요..",
    "date": "14.12.10",
    "rating": "10",
    "author": "wjdd****",
    "review_id": "9462731",
    "movie_id": "44022"
  },
  {
    "review": "오다리기조...멋있네...코우는 사납게 생겨서인지 역할이 딱이다^^; 이누도 잇신 영화 좋다.",
    "date": "14.12.02",
    "rating": "9",
    "author": "lkh6****",
    "review_id": "9441680",
    "movie_id": "44022"
  },
  {
    "review": "사람마다 사랑의 기준은 다르다",
    "date": "14.11.12",
    "rating": "10",
    "author": "ksj8****",
    "review_id": "9375813",
    "movie_id": "44022"
  },
  {
    "review": "영환 잔잔히 괜찮지만 왜 책이나 영화에 나오는 게이들은 획일적으로 늘 피해자고 밝고 순순하고 착하고 여리게만 나오는건지. 가족을 버려 파탄내고 아프다고 아들에게 책임을 맡기는건  여주 사오리말대로 자기들의 행복밖엔 모르고 정말 이기적이다.",
    "date": "14.11.05",
    "rating": "7",
    "author": "whia****",
    "review_id": "9342963",
    "movie_id": "44022"
  },
  {
    "review": "하고싶은것 다 하고 사는듯 보이는 사람들도  하지못하는것들이 있고 인내해야 하는 것들이 있다. 그것이 사람이고 그 아픔이 아름다움이다.",
    "date": "14.10.20",
    "rating": "10",
    "author": "play****",
    "review_id": "9304642",
    "movie_id": "44022"
  },
  {
    "review": "주제에 좀 거부감이 있긴한데 내용은 좀 다른 시각으로 보는듯..오대길이 리즈시절이네...근데 시바샛키 코우는 왜 인기가 있는거지?",
    "date": "14.09.06",
    "rating": "7",
    "author": "7606****",
    "review_id": "9172800",
    "movie_id": "44022"
  },
  {
    "review": "오다기리죠의 미모가 어마무시했던 기억이",
    "date": "14.07.20",
    "rating": "10",
    "author": "beut****",
    "review_id": "8934009",
    "movie_id": "44022"
  },
  {
    "review": "한적한 휴가같은 영화. 단순히 그곳이 주는 이미지의 잔상이 아닌 그곳에서 그들이 이뤄내는 갈등의 해소와 소통의 따뜻함이 주는 그 아늑함 편안함 덕분에 이 영화는 어떤 이미지로 강렬히 남았다.",
    "date": "14.07.17",
    "rating": "8",
    "author": "xnxl****",
    "review_id": "8924785",
    "movie_id": "44022"
  },
  {
    "review": "너무 매력적이어서 자꾸생각나는 영화",
    "date": "14.06.22",
    "rating": "8",
    "author": "hide****",
    "review_id": "8848282",
    "movie_id": "44022"
  },
  {
    "review": "이런 분위기가 참 좋다 피키피키",
    "date": "14.04.26",
    "rating": "9",
    "author": "choi****",
    "review_id": "8675270",
    "movie_id": "44022"
  },
  {
    "review": "사오리가 보고 싶어 피키피키피키",
    "date": "14.04.19",
    "rating": "8",
    "author": "mabs****",
    "review_id": "8658450",
    "movie_id": "44022"
  },
  {
    "review": "의미는 참 좋은 영화였다. 일본 특유의 독특함은 좋은데 간혹 그독특함이 너무 부담스러울 때가 있다.개그도 나랑은 좀안맞고.. 아직도 익숙해지기 힘들다.언젠간 익숙해지겠지..",
    "date": "14.04.01",
    "rating": "7",
    "author": "ehwj****",
    "review_id": "8622531",
    "movie_id": "44022"
  },
  {
    "review": "정말 아름답게 담아놨음에도 정말 슬프다. 그 들을 아직 이해할 수 없어서 미안하다",
    "date": "14.01.29",
    "rating": "8",
    "author": "jgs_****",
    "review_id": "8441281",
    "movie_id": "44022"
  },
  {
    "review": "일본 영화 중에서 가장 좋아하는 영화.. 오다기리 죠의 리즈시절을 감상토록.",
    "date": "14.01.10",
    "rating": "9",
    "author": "fash****",
    "review_id": "8366339",
    "movie_id": "44022"
  },
  {
    "review": "잔잔하게 흐르는데 굳이 큰 걸 담으려 든다.",
    "date": "13.11.18",
    "rating": "6",
    "author": "tear****",
    "review_id": "8151682",
    "movie_id": "44022"
  },
  {
    "review": "좋다 좋아 이런분위기 때문에 일본영화 찾아보는거 같아요",
    "date": "13.11.18",
    "rating": "10",
    "author": "qken****",
    "review_id": "8149059",
    "movie_id": "44022"
  },
  {
    "review": "오다기리조..참 잘생겼네",
    "date": "13.11.15",
    "rating": "8",
    "author": "wjdd****",
    "review_id": "8139857",
    "movie_id": "44022"
  },
  {
    "review": "소재의 다양성을 갖는 일본영화의 감동적인 수작입니다.",
    "date": "13.10.29",
    "rating": "10",
    "author": "mani****",
    "review_id": "8099310",
    "movie_id": "44022"
  },
  {
    "review": "잔잔한 일본 특유의 감성이 묻어났던 듯. 기대 안하고 봐서 그런지 괜찮았다. 오다기리 조의 외모에 평점은 좀 덧붙였다.",
    "date": "13.09.24",
    "rating": "10",
    "author": "hugh****",
    "review_id": "8012721",
    "movie_id": "44022"
  },
  {
    "review": "진짜  일본영화는 잔잔하다 못해 너무 지루하다  영화의 의도도 모르겠고 ...",
    "date": "13.09.17",
    "rating": "7",
    "author": "jjan****",
    "review_id": "7990755",
    "movie_id": "44022"
  },
  {
    "review": "새벽용 감성 영화",
    "date": "13.07.31",
    "rating": "9",
    "author": "dada****",
    "review_id": "7801522",
    "movie_id": "44022"
  },
  {
    "review": "힐링영화 중에 가장 기억에 남는다. 영화를 보면서 많은 생각을 할수있었고 영화속 분위기에 잠겨 그윽한 꿈을 꿀수있던 ..",
    "date": "13.07.17",
    "rating": "9",
    "author": "euny****",
    "review_id": "7752171",
    "movie_id": "44022"
  },
  {
    "review": "잔잔한 영상미, 조용한 감동, 또 하나 건졌다~",
    "date": "13.06.17",
    "rating": "9",
    "author": "z08k****",
    "review_id": "7650469",
    "movie_id": "44022"
  },
  {
    "review": "재밌다기보다 잔잔하고 볼만한영화 .. 역시 오다기리죠는 잘생겻네요 그덕분에 평점도 높은듯",
    "date": "13.06.09",
    "rating": "8",
    "author": "eiei****",
    "review_id": "7617808",
    "movie_id": "44022"
  },
  {
    "review": "나중에 또 다시 보고싶은 영화.",
    "date": "13.04.23",
    "rating": "9",
    "author": "eden****",
    "review_id": "7477361",
    "movie_id": "44022"
  },
  {
    "review": "시도는 좋은 영화 여주캐릭터가 좋다",
    "date": "13.04.11",
    "rating": "5",
    "author": "jjcv****",
    "review_id": "7450101",
    "movie_id": "44022"
  },
  {
    "review": "절제된 영화.",
    "date": "13.04.06",
    "rating": "8",
    "author": "dlwo****",
    "review_id": "7437638",
    "movie_id": "44022"
  },
  {
    "review": ".....",
    "date": "13.02.12",
    "rating": "10",
    "author": "psg2****",
    "review_id": "7255578",
    "movie_id": "44022"
  },
  {
    "review": "조제 게이편을 본듯한 느낌.. 잇신 감독의 절제되고 잔잔한영상은 정말..",
    "date": "13.02.11",
    "rating": "8",
    "author": "sk41****",
    "review_id": "7250066",
    "movie_id": "44022"
  },
  {
    "review": "이누도잇신감독 시바사키코우 오다기리죠 주연다른말이필요없네요! 소수자에대해 일상적으로 따뜻하게풀어가는스토리ㅈ좋았어요오다기리죠 캐스팅은 정말 완벽",
    "date": "13.02.10",
    "rating": "9",
    "author": "vick****",
    "review_id": "7246135",
    "movie_id": "44022"
  },
  {
    "review": "인물들 행동을 조금만 살피면 영화가 굉장히 재밌게 느껴질것. 이 영화는 직접 나서서 이 사람이 이런 생각을 하고있다 말하지는 않아도 인물의 감정은 확실히 드러내고있다.전개가 오바하지 않는점이 너무좋다. 페이스 조절이훌륭!무게가적당!잘 만들어진 영화다.",
    "date": "13.01.26",
    "rating": "9",
    "author": "fhtl****",
    "review_id": "7175743",
    "movie_id": "44022"
  },
  {
    "review": "몇년 지난 후에 다시봐도 느낌있는 영화.",
    "date": "13.01.23",
    "rating": "10",
    "author": "kimj****",
    "review_id": "7156626",
    "movie_id": "44022"
  },
  {
    "review": "잔잔하고 루즈하다고 표현한다면 틀린말은 아니겠지만 기껏해야 그정도다. 훌륭한 소재 빼고는 없다. 잔잔함을 내세우는 영화의 장점인 섬세한 감정선도,노래도 없다. 뭘 느껴야할지 어수선한 장면..여주의 표정은 무표정과 어색한인상쓴미간 딱 하나뿐이다.",
    "date": "13.01.15",
    "rating": "5",
    "author": "hyun****",
    "review_id": "7117831",
    "movie_id": "44022"
  },
  {
    "review": "한국영화는 자극적이고 쎈 느낌이라 별로 안좋아하는데일본영화의 깔끔하고 친근한 영상 그리고일본 특유의 루즈함이 너무 좋다보는 사람을 편안하게 하기도 하고 더 집중하게 만들기도 한다 정말 아름다운 영화",
    "date": "13.01.01",
    "rating": "10",
    "author": "home****",
    "review_id": "7069479",
    "movie_id": "44022"
  },
  {
    "review": "잘 모르겠어여. 이 소재로 이 정도 밖에 못끌어내남?",
    "date": "12.12.17",
    "rating": "6",
    "author": "jisu****",
    "review_id": "7011790",
    "movie_id": "44022"
  },
  {
    "review": "인생에 답이 어디 있겠는가? 그냥 순간순간 자신의 욕망에 충실하고, 그것을 발판삼아 자기 삶을 만들어나가는 수밖에. 그 과정에서 자신의 또 다른 삶이 치명적인 상처로 괴로워할지언정 그것마저도 진정으로 사랑할 수 있다면, 화해는 이뤄진 것 아닐까?",
    "date": "12.12.03",
    "rating": "8",
    "author": "ha_e****",
    "review_id": "6967899",
    "movie_id": "44022"
  },
  {
    "review": "영화시나리오초고단계에서부터,성적소수자인 감독에게 맡겼다면,좀 더 각본의완성도가 충실해지지 않았을까?쿨하게 시작해서,허망하게 끝난다.감독이 동성애에 대한 편견이나 선입견이 있는듯 싶다.나포함 대다수의 이성애자가 자유롭지 못함.머리로만 접근하면 뭐함?응?",
    "date": "12.11.04",
    "rating": "3",
    "author": "baks****",
    "review_id": "6852218",
    "movie_id": "44022"
  },
  {
    "review": "충분히 많은것을 표현하고 만들수 있었을텐데.. 스토리의 빈약성이 좀 보이는듯. 영화가 표현하고자 하는 것에 대해서는 이해를 하겠으나 스토리와 캐릭터들 관계사이의 육하원칙이 부실한거 같음. 사오리의 관점에서보다는 하루히코의 관점에서 영화가 흘러갔다면..",
    "date": "12.10.01",
    "rating": "8",
    "author": "ball****",
    "review_id": "6748441",
    "movie_id": "44022"
  },
  {
    "review": "가족을 버린 게이아빠와 딸 그리고 그 아빠의 연인과 동료게이들... 의외의 조합으로 산뜻하게 출발해놓고는  진부한 화해의 메시지도 제대로 담지 못하고 아무렇게나 횡설수설하다가 급 마무리? 결론은 딱 하나 오다기리 조는 참 잘생겼군",
    "date": "12.09.24",
    "rating": "1",
    "author": "icar****",
    "review_id": "6730395",
    "movie_id": "44022"
  },
  {
    "review": "나랑 다르긴 하지만.그들 사랑스럽더라",
    "date": "12.09.06",
    "rating": "8",
    "author": "moll****",
    "review_id": "6673758",
    "movie_id": "44022"
  },
  {
    "review": "감정표현이 너무 좋았어요..사랑감정",
    "date": "12.08.15",
    "rating": "9",
    "author": "aka_****",
    "review_id": "6605871",
    "movie_id": "44022"
  },
  {
    "review": "스토리의힘부족",
    "date": "12.08.15",
    "rating": "7",
    "author": "lgur****",
    "review_id": "6605484",
    "movie_id": "44022"
  },
  {
    "review": "10점",
    "date": "12.07.20",
    "rating": "10",
    "author": "kmhh****",
    "review_id": "6500802",
    "movie_id": "44022"
  },
  {
    "review": "오다기리조 참 잘생겼더라. 너무 조용하고 느려서 지루했다. 뭘 말하고자하는건지도 잘 캐치해내지 못했다.",
    "date": "12.07.17",
    "rating": "7",
    "author": "ala9****",
    "review_id": "6488842",
    "movie_id": "44022"
  },
  {
    "review": "일본 특유의 잔잔함, 그렇지만 감동이 있을 줄 알았다.",
    "date": "12.07.15",
    "rating": "5",
    "author": "kim9****",
    "review_id": "6482941",
    "movie_id": "44022"
  },
  {
    "review": "주연 배우의 매력",
    "date": "12.07.12",
    "rating": "8",
    "author": "ggan****",
    "review_id": "6471380",
    "movie_id": "44022"
  },
  {
    "review": "오다기리 내사랑오다기리 @.@",
    "date": "12.07.05",
    "rating": "10",
    "author": "ch88****",
    "review_id": "6445626",
    "movie_id": "44022"
  },
  {
    "review": "기대안하고 봤는데 정말 완전 재밌네요!!",
    "date": "12.06.20",
    "rating": "10",
    "author": "cdrl****",
    "review_id": "6403519",
    "movie_id": "44022"
  },
  {
    "review": "게이는 레이스 달린 옷을 좋아한다?",
    "date": "12.06.15",
    "rating": "1",
    "author": "jsuk****",
    "review_id": "6393866",
    "movie_id": "44022"
  },
  {
    "review": "사랑 그리고 또다랑 사랑",
    "date": "12.06.09",
    "rating": "8",
    "author": "h700****",
    "review_id": "6380855",
    "movie_id": "44022"
  },
  {
    "review": "영화에 내용이 없다 정말 내가 뭘봤지? 하는 느낌 보지마세요",
    "date": "12.05.20",
    "rating": "1",
    "author": "senw****",
    "review_id": "6316682",
    "movie_id": "44022"
  },
  {
    "review": "가질 수 없는 오다기리죠를 원하는 여성들은 이 영화를 봅니다.",
    "date": "12.05.13",
    "rating": "9",
    "author": "oops****",
    "review_id": "6294273",
    "movie_id": "44022"
  },
  {
    "review": "조제,호랑이,물고기들은 재미있게 봤는데 이 영화는 나랑 안맞았다. 넘 지루함...",
    "date": "12.05.04",
    "rating": "1",
    "author": "hope****",
    "review_id": "6270561",
    "movie_id": "44022"
  },
  {
    "review": "마음이 흔들리는.. 두번째..세번째..오늘 다시 보게되는.. 그런",
    "date": "12.04.12",
    "rating": "9",
    "author": "winn****",
    "review_id": "6212785",
    "movie_id": "44022"
  },
  {
    "review": "분명 뭔가 있겠지.. 감동이라도 있겠지했지만 오다기리 조뿐이였다...",
    "date": "12.04.10",
    "rating": "4",
    "author": "wlfa****",
    "review_id": "6206848",
    "movie_id": "44022"
  },
  {
    "review": "이건 뭐 오다기리죠만 보다가 끝났네 ㅋㅋㅋㅋㅋㅋㅋㅋㅋㅋㅋ",
    "date": "12.03.31",
    "rating": "8",
    "author": "shle****",
    "review_id": "6182919",
    "movie_id": "44022"
  },
  {
    "review": "오다기리죠 ㅠㅠㅠㅠㅠㅠㅠㅠㅠㅠㅠㅠㅠㅠ 웰케 섹시함 ㅠㅠ 재밌었어요!강추!",
    "date": "12.03.07",
    "rating": "10",
    "author": "ekek****",
    "review_id": "6129264",
    "movie_id": "44022"
  },
  {
    "review": "그냥 보고 또 보고 싶어지는 영화",
    "date": "12.03.02",
    "rating": "10",
    "author": "flaj****",
    "review_id": "6118783",
    "movie_id": "44022"
  },
  {
    "review": "오다기리 죠의 배바지가 기억에 남네요",
    "date": "12.02.18",
    "rating": "10",
    "author": "sose****",
    "review_id": "6085571",
    "movie_id": "44022"
  },
  {
    "review": "초반엔 약간 지루한듯 싶었는데, 잔잔하고 볼수록 매력이 느껴졌던 영화. 피키피키핏",
    "date": "12.02.02",
    "rating": "8",
    "author": "ekds****",
    "review_id": "6044262",
    "movie_id": "44022"
  },
  {
    "review": "잔잔함이 매력적일수도 있었겠지만 한편으로 진짜 지루했던 영화 남녀주인공땜에봤음",
    "date": "12.02.02",
    "rating": "5",
    "author": "unky****",
    "review_id": "6044051",
    "movie_id": "44022"
  },
  {
    "review": "오다기리죠에게서 눈을 떼지 못하게 되는군요.",
    "date": "12.01.28",
    "rating": "10",
    "author": "korf****",
    "review_id": "6030810",
    "movie_id": "44022"
  },
  {
    "review": "담담하면서 잔잔했던 영화.  마지막엔 그 담담함이 묵직한 감동으로 가슴에 와닿았다",
    "date": "12.01.17",
    "rating": "7",
    "author": "prem****",
    "review_id": "5993031",
    "movie_id": "44022"
  },
  {
    "review": "잔잔해요! 일본영화중에 가장 재미나게 봤어요!",
    "date": "12.01.15",
    "rating": "10",
    "author": "john****",
    "review_id": "5988444",
    "movie_id": "44022"
  },
  {
    "review": "오다기리죠에 넋을 놓고 보네요 너무 매력적임",
    "date": "12.01.14",
    "rating": "10",
    "author": "nand****",
    "review_id": "5984330",
    "movie_id": "44022"
  },
  {
    "review": "잔잔하고 뭔가 감동적이였다.",
    "date": "12.01.07",
    "rating": "7",
    "author": "ygap****",
    "review_id": "5967997",
    "movie_id": "44022"
  },
  {
    "review": "모르겠다. 일본정서에 맞는영화인듯",
    "date": "12.01.07",
    "rating": "7",
    "author": "okre****",
    "review_id": "5967207",
    "movie_id": "44022"
  },
  {
    "review": "잔잔한 감동.. 여운.. 그냥 일단 한번 보는 걸 추천",
    "date": "12.01.06",
    "rating": "9",
    "author": "lala****",
    "review_id": "5964510",
    "movie_id": "44022"
  },
  {
    "review": "잔잔한 여운과 감동이 남는,,그리고 오다기리조에게 다시한번더 반하게 만드는 영화",
    "date": "12.01.03",
    "rating": "10",
    "author": "swan****",
    "review_id": "5957595",
    "movie_id": "44022"
  },
  {
    "review": "오다기리죠빼고는 눈살찌푸릴 장면 좀 있음",
    "date": "11.12.31",
    "rating": "6",
    "author": "us45****",
    "review_id": "5950060",
    "movie_id": "44022"
  },
  {
    "review": "중간중간 뭔가..싶은부분도 있었지만 두 남녀주인공이 정말 잘풀어나간듯",
    "date": "11.12.29",
    "rating": "9",
    "author": "wlsa****",
    "review_id": "5945360",
    "movie_id": "44022"
  },
  {
    "review": "지루했다.하지만 관람 후 일주일이 된 지금 영화 생각을 하면 뭔가 따뜻하다.",
    "date": "11.12.10",
    "rating": "8",
    "author": "ifso****",
    "review_id": "5897148",
    "movie_id": "44022"
  },
  {
    "review": "'사랑'은 그 어떠한 수식어와 조건도 필요 없다.",
    "date": "11.12.03",
    "rating": "7",
    "author": "stit****",
    "review_id": "5885157",
    "movie_id": "44022"
  },
  {
    "review": "개인의 자유",
    "date": "11.11.23",
    "rating": "7",
    "author": "kooh****",
    "review_id": "5866818",
    "movie_id": "44022"
  },
  {
    "review": "담담하게 이어가는 일본특유의 잔잔함을 전해준다....너무 좋았다.",
    "date": "11.11.20",
    "rating": "10",
    "author": "sypa****",
    "review_id": "5860525",
    "movie_id": "44022"
  },
  {
    "review": "게이연기,거부감있게 다가오는게 아니라 애절함,진실성이 느껴져서 너무 좋았다",
    "date": "11.11.08",
    "rating": "10",
    "author": "haer****",
    "review_id": "5835875",
    "movie_id": "44022"
  },
  {
    "review": "일본 특유의 루즈한 영화... .난 정말 못 보겠음...",
    "date": "11.11.03",
    "rating": "1",
    "author": "rkd2****",
    "review_id": "5826835",
    "movie_id": "44022"
  },
  {
    "review": "독특한 동성애의 영화 오다기리조 빠져든다",
    "date": "11.10.10",
    "rating": "8",
    "author": "happ****",
    "review_id": "5781014",
    "movie_id": "44022"
  },
  {
    "review": "새로운 시각에서 볼수 있었던 조금은 독특한 영화",
    "date": "11.09.28",
    "rating": "8",
    "author": "dlgo****",
    "review_id": "5757895",
    "movie_id": "44022"
  },
  {
    "review": "무거운 주제들을 자연스럽게 풀어낸 감독의 센스가 돋보인 영화",
    "date": "11.09.19",
    "rating": "10",
    "author": "thfl****",
    "review_id": "5741185",
    "movie_id": "44022"
  },
  {
    "review": "촘촘하면서 무리없는 전개.채광을 잘살린 화면.처음부터끝까지 일정템포 잘 유지.",
    "date": "11.08.11",
    "rating": "9",
    "author": "myst****",
    "review_id": "5637474",
    "movie_id": "44022"
  },
  {
    "review": "볼만했습니다.. 지금까지 봐온 영화들과는 조금 달라 재미없다고 느끼는분들도있을듯",
    "date": "11.08.04",
    "rating": "8",
    "author": "robi****",
    "review_id": "5597514",
    "movie_id": "44022"
  },
  {
    "review": "그냥 좋다.",
    "date": "11.08.02",
    "rating": "10",
    "author": "lde1****",
    "review_id": "5593123",
    "movie_id": "44022"
  },
  {
    "review": "앤티크  때도 그렇고 , 게이만 등장하면 난리치는 사람들때문에 짜증났음",
    "date": "11.07.23",
    "rating": "10",
    "author": "whwl****",
    "review_id": "5564021",
    "movie_id": "44022"
  },
  {
    "review": "그냥 별다른거 없이 허무",
    "date": "11.07.07",
    "rating": "6",
    "author": "gree****",
    "review_id": "5526777",
    "movie_id": "44022"
  },
  {
    "review": "당신은 당신의 나는 나의 인생을 행복하게 살면 되는 것 아닌가요?",
    "date": "11.07.06",
    "rating": "8",
    "author": "seef****",
    "review_id": "5525224",
    "movie_id": "44022"
  },
  {
    "review": "게이의 멋짐을 모르는당신이 불쌍해 \"찰지구나\"",
    "date": "11.06.01",
    "rating": "10",
    "author": "picc****",
    "review_id": "5459417",
    "movie_id": "44022"
  },
  {
    "review": "조금 졸렸음. 오다기리 엉덩이가 조금 부담스러움",
    "date": "11.05.11",
    "rating": "7",
    "author": "come****",
    "review_id": "5421982",
    "movie_id": "44022"
  },
  {
    "review": "생각이 많이드는 영화 재밌다!!",
    "date": "11.05.08",
    "rating": "9",
    "author": "dnql****",
    "review_id": "5415887",
    "movie_id": "44022"
  },
  {
    "review": "끝까지 관람하실 것을 권합니다.",
    "date": "11.05.05",
    "rating": "8",
    "author": "frot****",
    "review_id": "5406715",
    "movie_id": "44022"
  }
]