[
  {
    "review": "모든 관계는 정리되고, 마음은 젖어들고, 사랑이 끝났다고 해서 세상이 끝나는 것은 아니듯이, 모든 것은 그대로임에도, 우린 사랑을 놓지 못한다.",
    "date": "15.07.30",
    "rating": "10",
    "author": "sych****",
    "review_id": "10161881",
    "movie_id": "44039"
  },
  {
    "review": "사랑하는 사람이여... 영원히 내곁에 있어줬으면...",
    "date": "14.09.05",
    "rating": "8",
    "author": "sona****",
    "review_id": "9167444",
    "movie_id": "44039"
  },
  {
    "review": "언어적 고백이 관계에 미치는 영향",
    "date": "13.09.21",
    "rating": "9",
    "author": "5292****",
    "review_id": "8006295",
    "movie_id": "44039"
  },
  {
    "review": "테레사의 타자기 소리가 공간을 울리듯, 영화 또한 나를 울렸다.",
    "date": "13.03.03",
    "rating": "9",
    "author": "beau****",
    "review_id": "7320527",
    "movie_id": "44039"
  },
  {
    "review": "침묵의 함성",
    "date": "12.06.09",
    "rating": "8",
    "author": "bung****",
    "review_id": "6379052",
    "movie_id": "44039"
  },
  {
    "review": "영화 분위기만큼이나 무겁고 진진하게 다가오는 감동",
    "date": "12.05.12",
    "rating": "10",
    "author": "ksen****",
    "review_id": "6293131",
    "movie_id": "44039"
  },
  {
    "review": "무겁고 쓸쓸한 영화.",
    "date": "11.11.27",
    "rating": "10",
    "author": "jj55****",
    "review_id": "5874464",
    "movie_id": "44039"
  },
  {
    "review": "Be With Me",
    "date": "11.09.24",
    "rating": "6",
    "author": "cnc3****",
    "review_id": "5748712",
    "movie_id": "44039"
  },
  {
    "review": "외로움을 던져주다가 위로해준다",
    "date": "11.09.10",
    "rating": "7",
    "author": "athe****",
    "review_id": "5719812",
    "movie_id": "44039"
  },
  {
    "review": "침묵의 대화",
    "date": "11.03.16",
    "rating": "7",
    "author": "tjsd****",
    "review_id": "5317209",
    "movie_id": "44039"
  },
  {
    "review": "무겁네...",
    "date": "10.11.22",
    "rating": "7",
    "author": "tall****",
    "review_id": "4980815",
    "movie_id": "44039"
  },
  {
    "review": "담담하지만 심금을 두드리는 그런 영화.",
    "date": "10.10.25",
    "rating": "9",
    "author": "fffl****",
    "review_id": "4921103",
    "movie_id": "44039"
  },
  {
    "review": "침묵 속에서 느껴지던 색다른 감동과 여운...",
    "date": "10.01.08",
    "rating": "7",
    "author": "egyp****",
    "review_id": "4148281",
    "movie_id": "44039"
  },
  {
    "review": "내가 웃을 수 있도록, 언제나 내 곁에 있어줘",
    "date": "09.11.29",
    "rating": "9",
    "author": "gato****",
    "review_id": "4002427",
    "movie_id": "44039"
  },
  {
    "review": "잔잔한... 그러나 긴 여운",
    "date": "09.09.05",
    "rating": "9",
    "author": "coto****",
    "review_id": "3812676",
    "movie_id": "44039"
  },
  {
    "review": "음악도 좋고 털보 경비원 짠 하더라.....죽은 할머니가 쳐다모는 것도,,,",
    "date": "09.08.02",
    "rating": "10",
    "author": "xjvm****",
    "review_id": "3695370",
    "movie_id": "44039"
  },
  {
    "review": "무겁고 조용한 공기가 말을 걸어온다. 진실로 다가온다.",
    "date": "09.06.02",
    "rating": "6",
    "author": "yaaa****",
    "review_id": "3541148",
    "movie_id": "44039"
  },
  {
    "review": "두 노인의 포옹이 영화의 모든 것을 설명해 준다. Be with me my beloved love!",
    "date": "09.05.04",
    "rating": "8",
    "author": "kusa****",
    "review_id": "3467906",
    "movie_id": "44039"
  },
  {
    "review": "쩝.. 지루한거 그 이상도 이하도..",
    "date": "09.04.28",
    "rating": "5",
    "author": "auri****",
    "review_id": "3446624",
    "movie_id": "44039"
  },
  {
    "review": "보고, 느껴 보세요.",
    "date": "09.03.12",
    "rating": "10",
    "author": "gree****",
    "review_id": "3362050",
    "movie_id": "44039"
  },
  {
    "review": "Happy-few의 작품. 이 기쁨을 발견한자들은 행운아들.",
    "date": "09.03.03",
    "rating": "10",
    "author": "pm04****",
    "review_id": "3345075",
    "movie_id": "44039"
  },
  {
    "review": "난 왜 아무것도 못느끼겠지.. 지루할 뿐.",
    "date": "09.02.01",
    "rating": "6",
    "author": "lleg****",
    "review_id": "3268739",
    "movie_id": "44039"
  },
  {
    "review": "크리스마스에 일어날 수 있는 기적",
    "date": "08.12.31",
    "rating": "10",
    "author": "jack****",
    "review_id": "3171575",
    "movie_id": "44039"
  },
  {
    "review": "영화 뒷부분의 느낌은 좋았다..몇개 이야기만으로 좀더 많이보여줬으면 더 좋았으련만",
    "date": "08.11.30",
    "rating": "8",
    "author": "1pim****",
    "review_id": "3081177",
    "movie_id": "44039"
  },
  {
    "review": "보는 영화라기 보다 읽는 영화였던듯",
    "date": "08.09.25",
    "rating": "6",
    "author": "movi****",
    "review_id": "2968784",
    "movie_id": "44039"
  },
  {
    "review": "쉬운위로가아닌진심어린인간에대한연민으로꽉찬영화.. 왈칵....ㅠㅠ",
    "date": "08.09.25",
    "rating": "10",
    "author": "hise****",
    "review_id": "2968405",
    "movie_id": "44039"
  },
  {
    "review": "점수를 매기는 게 어색할 정도.. 이 느낌을 어찌 말로 다할까.",
    "date": "08.08.22",
    "rating": "10",
    "author": "0415****",
    "review_id": "2895317",
    "movie_id": "44039"
  },
  {
    "review": "평소라면 못 느꼈을 것들이,.. 힘든시기에 잘 다가오네요",
    "date": "08.08.18",
    "rating": "9",
    "author": "exot****",
    "review_id": "2881902",
    "movie_id": "44039"
  },
  {
    "review": "내곁에있어줘요..사랑하는사람이여..나의미소가 사라지지않도록...",
    "date": "08.06.14",
    "rating": "9",
    "author": "bboj****",
    "review_id": "2699259",
    "movie_id": "44039"
  },
  {
    "review": "인생과 인생이 맞물리는 것. 그것이 인생의 본질.",
    "date": "08.04.06",
    "rating": "8",
    "author": "seiz****",
    "review_id": "2563307",
    "movie_id": "44039"
  },
  {
    "review": "영화를 관람하는 내내 지속적으로 감동의 파동이 밀려들었던 영화",
    "date": "08.03.20",
    "rating": "10",
    "author": "koon****",
    "review_id": "2531472",
    "movie_id": "44039"
  },
  {
    "review": "사실 재밌지는 않다. 하지만 몰랐던 사실을 알게해준다.",
    "date": "08.03.11",
    "rating": "10",
    "author": "movi****",
    "review_id": "2514709",
    "movie_id": "44039"
  },
  {
    "review": "에릭쿠 영화는 말그대로 말이필요없다.",
    "date": "08.03.08",
    "rating": "10",
    "author": "gaze****",
    "review_id": "2508421",
    "movie_id": "44039"
  },
  {
    "review": "잡으면 사라질듯, 먼 옛날 그리던 그는 뿌연 안개 속에 .",
    "date": "08.03.04",
    "rating": "10",
    "author": "taij****",
    "review_id": "2502813",
    "movie_id": "44039"
  },
  {
    "review": "언제나 내곁에 있어주오.......",
    "date": "08.03.01",
    "rating": "10",
    "author": "gomi****",
    "review_id": "2494510",
    "movie_id": "44039"
  },
  {
    "review": "안타까워요..ㅠㅠ",
    "date": "08.02.23",
    "rating": "10",
    "author": "zltm****",
    "review_id": "2476110",
    "movie_id": "44039"
  },
  {
    "review": "가슴이 먹먹하네요..",
    "date": "08.01.22",
    "rating": "10",
    "author": "walk****",
    "review_id": "2356842",
    "movie_id": "44039"
  },
  {
    "review": "치유받은 느낌",
    "date": "08.01.01",
    "rating": "10",
    "author": "iswe****",
    "review_id": "2286656",
    "movie_id": "44039"
  },
  {
    "review": "침묵이 전하는 이야기 sigh...........",
    "date": "07.11.18",
    "rating": "10",
    "author": "hyej****",
    "review_id": "2161160",
    "movie_id": "44039"
  },
  {
    "review": "내가 본 최고의 인트로. 먹먹한 감동. 찬란한 스토리",
    "date": "07.10.24",
    "rating": "10",
    "author": "free****",
    "review_id": "2108921",
    "movie_id": "44039"
  },
  {
    "review": "최고의 영화로서 “내곁에 있어줘”는 전혀 손색이 없다.",
    "date": "07.09.25",
    "rating": "10",
    "author": "yout****",
    "review_id": "2048814",
    "movie_id": "44039"
  },
  {
    "review": "내 인생 최고의 영화.",
    "date": "07.09.23",
    "rating": "10",
    "author": "ppoi****",
    "review_id": "2042908",
    "movie_id": "44039"
  },
  {
    "review": "작위적 강요가 전무한.. 침묵과 나즈막한 이야기뿐.. 그러나..",
    "date": "07.09.23",
    "rating": "10",
    "author": "poet****",
    "review_id": "2042260",
    "movie_id": "44039"
  },
  {
    "review": "침묵속의 의미있는 메세지",
    "date": "07.09.16",
    "rating": "7",
    "author": "deja****",
    "review_id": "2024340",
    "movie_id": "44039"
  },
  {
    "review": "영화는 끝났지만 긴 여운이 남는다. 소리없는 여백의 멋진 영화다...",
    "date": "07.09.07",
    "rating": "9",
    "author": "ador****",
    "review_id": "2006668",
    "movie_id": "44039"
  },
  {
    "review": "1년전 시네큐브에서 흘렸던 눈물.",
    "date": "07.08.19",
    "rating": "10",
    "author": "band****",
    "review_id": "1957305",
    "movie_id": "44039"
  },
  {
    "review": "가슴이 젖어 들 수 밖에 없는 이 아름다운 건조함.",
    "date": "07.07.27",
    "rating": "9",
    "author": "hman****",
    "review_id": "1814633",
    "movie_id": "44039"
  },
  {
    "review": "일상의 고요함 속 외로움을 끌어안은 사람들의 이야기.",
    "date": "07.07.26",
    "rating": "10",
    "author": "ziyo****",
    "review_id": "1811914",
    "movie_id": "44039"
  },
  {
    "review": "놀랍네요.",
    "date": "07.07.16",
    "rating": "10",
    "author": "anne****",
    "review_id": "1780186",
    "movie_id": "44039"
  },
  {
    "review": "그 지루할수있는 상황에서 숨죽이며 몰입하게만들었던,  아름다운 감동.",
    "date": "07.07.04",
    "rating": "9",
    "author": "2001****",
    "review_id": "1745742",
    "movie_id": "44039"
  },
  {
    "review": "내 슬픔을 안아주세요",
    "date": "07.06.30",
    "rating": "10",
    "author": "revi****",
    "review_id": "1734333",
    "movie_id": "44039"
  },
  {
    "review": "이 여운이... 길게... 이어졌으면 좋겠네요. :)",
    "date": "07.06.12",
    "rating": "10",
    "author": "mist****",
    "review_id": "1697139",
    "movie_id": "44039"
  },
  {
    "review": "휴우 좋네요 ~ ^^",
    "date": "07.05.06",
    "rating": "10",
    "author": "redw****",
    "review_id": "1623743",
    "movie_id": "44039"
  },
  {
    "review": "외롭고나",
    "date": "07.04.20",
    "rating": "8",
    "author": "ever****",
    "review_id": "1596296",
    "movie_id": "44039"
  },
  {
    "review": "사랑을 하고 사랑을 잃고 그리고 살아간다. 사랑이 있어서.",
    "date": "07.04.11",
    "rating": "10",
    "author": "kill****",
    "review_id": "1583993",
    "movie_id": "44039"
  },
  {
    "review": "기억에 남을 영화",
    "date": "07.03.20",
    "rating": "10",
    "author": "zeed****",
    "review_id": "1544460",
    "movie_id": "44039"
  },
  {
    "review": "영화속 얘기가 아닌 지금 이 순간 내 얘기이기도 하다",
    "date": "07.02.28",
    "rating": "10",
    "author": "donj****",
    "review_id": "1508881",
    "movie_id": "44039"
  },
  {
    "review": "헐리우드의 소음에 익숙해 있다면, 당신은 지루하다고 말할 것이다.",
    "date": "07.02.27",
    "rating": "8",
    "author": "attr****",
    "review_id": "1505770",
    "movie_id": "44039"
  },
  {
    "review": "외롭고 쓸쓸한 당신, 이 영화의 품에 안기라. 희미한 빛이 생기니.",
    "date": "07.02.20",
    "rating": "7",
    "author": "hadl****",
    "review_id": "1488087",
    "movie_id": "44039"
  },
  {
    "review": "마음으로 눈물을 흘리게하는...그리곤 그들의치유가 나의치유로..",
    "date": "07.02.15",
    "rating": "10",
    "author": "hadl****",
    "review_id": "1472114",
    "movie_id": "44039"
  },
  {
    "review": "소리없이 조용하게 내마음에 닿는다.",
    "date": "07.02.06",
    "rating": "10",
    "author": "luck****",
    "review_id": "1449214",
    "movie_id": "44039"
  },
  {
    "review": "눈물이 자연스럽게 흐르는... 오랜만에 멋진 영화를 본 기분!",
    "date": "07.01.28",
    "rating": "10",
    "author": "crsr****",
    "review_id": "1420877",
    "movie_id": "44039"
  },
  {
    "review": "한시간 반동안 양서를 읽고 명곡을 들은 기분!",
    "date": "07.01.17",
    "rating": "9",
    "author": "linu****",
    "review_id": "1393374",
    "movie_id": "44039"
  },
  {
    "review": "사랑하는 그대여 내곁에 있어줘..",
    "date": "07.01.15",
    "rating": "10",
    "author": "jell****",
    "review_id": "1387251",
    "movie_id": "44039"
  },
  {
    "review": "조용하다 수면제같은 영화",
    "date": "07.01.12",
    "rating": "5",
    "author": "2052****",
    "review_id": "1378502",
    "movie_id": "44039"
  },
  {
    "review": "여운이 남는 감동",
    "date": "06.12.16",
    "rating": "8",
    "author": "jomo****",
    "review_id": "1298127",
    "movie_id": "44039"
  },
  {
    "review": "진정 아름답다고 할 수 있는 영화!!",
    "date": "06.12.16",
    "rating": "10",
    "author": "csh1****",
    "review_id": "1295763",
    "movie_id": "44039"
  },
  {
    "review": "아 씨 보다 짜증나... 재미없어....",
    "date": "06.12.15",
    "rating": "4",
    "author": "pcm1****",
    "review_id": "1295001",
    "movie_id": "44039"
  },
  {
    "review": "소통의 중요성, 침묵으로 보여준다.",
    "date": "06.12.06",
    "rating": "10",
    "author": "tk34****",
    "review_id": "1271333",
    "movie_id": "44039"
  },
  {
    "review": "10점 주어 마땅하나 지금 나의 용도로서는 아니였다.",
    "date": "06.12.04",
    "rating": "7",
    "author": "hyuk****",
    "review_id": "1266511",
    "movie_id": "44039"
  },
  {
    "review": "Be with me!! 아버지의 눈물에서 눈물이 안나올 수가 없다",
    "date": "06.11.29",
    "rating": "10",
    "author": "grie****",
    "review_id": "1257939",
    "movie_id": "44039"
  },
  {
    "review": "영화의 힘. 말할 수 없는 위대함",
    "date": "06.11.15",
    "rating": "10",
    "author": "leed****",
    "review_id": "1233350",
    "movie_id": "44039"
  },
  {
    "review": "이런영화가 좋다...하지만 평점5점이상은 ....",
    "date": "06.11.11",
    "rating": "5",
    "author": "lhlh****",
    "review_id": "1227159",
    "movie_id": "44039"
  },
  {
    "review": "슬픈 사랑들의 이야기... 그래서 우리의 이야기...",
    "date": "06.10.22",
    "rating": "9",
    "author": "juck****",
    "review_id": "1194372",
    "movie_id": "44039"
  },
  {
    "review": "너무 좋아요...",
    "date": "06.10.20",
    "rating": "10",
    "author": "maeu****",
    "review_id": "1189877",
    "movie_id": "44039"
  },
  {
    "review": "두 에피소드는 필요 없는 듯...",
    "date": "06.10.07",
    "rating": "5",
    "author": "tolb****",
    "review_id": "1168281",
    "movie_id": "44039"
  },
  {
    "review": "지독한 적막함 속의 단비",
    "date": "06.09.27",
    "rating": "9",
    "author": "mall****",
    "review_id": "1145924",
    "movie_id": "44039"
  },
  {
    "review": "소리없는 화면이 길어질 수록 눈물은 더 흐른다",
    "date": "06.09.26",
    "rating": "10",
    "author": "hqod****",
    "review_id": "1143305",
    "movie_id": "44039"
  },
  {
    "review": "우리가 사랑하며 살 수 밖에 없는 이유",
    "date": "06.09.18",
    "rating": "10",
    "author": "obvi****",
    "review_id": "1130970",
    "movie_id": "44039"
  },
  {
    "review": "아....슬픔, 희망, 안도, 기쁨 등 인간의 감정 콘테스트",
    "date": "06.09.10",
    "rating": "10",
    "author": "kunn****",
    "review_id": "1115570",
    "movie_id": "44039"
  },
  {
    "review": "톡...톡...톡... 정말 볼 만한 영화...",
    "date": "06.08.17",
    "rating": "10",
    "author": "cher****",
    "review_id": "1047841",
    "movie_id": "44039"
  },
  {
    "review": "흐르는 눈물을 닦으며 미소 짓게 만든다...",
    "date": "06.07.15",
    "rating": "9",
    "author": "deli****",
    "review_id": "892117",
    "movie_id": "44039"
  },
  {
    "review": "뻔한 이야기는 원래 말이 필요 없는 법.",
    "date": "06.07.03",
    "rating": "4",
    "author": "bads****",
    "review_id": "868928",
    "movie_id": "44039"
  },
  {
    "review": "진짜지루함남들지루하다는예술영화다잘보는데이건완전돈아까움",
    "date": "06.06.21",
    "rating": "1",
    "author": "oioi****",
    "review_id": "852421",
    "movie_id": "44039"
  },
  {
    "review": "상투적일 수 있는 메시지를 진중한 감동으로 변신시키다",
    "date": "06.06.21",
    "rating": "8",
    "author": "odd0****",
    "review_id": "852137",
    "movie_id": "44039"
  },
  {
    "review": "사랑  절망 희망=인생",
    "date": "06.06.19",
    "rating": "10",
    "author": "righ****",
    "review_id": "849851",
    "movie_id": "44039"
  },
  {
    "review": "오랜만에 솔직한 눈물을 흘렸다",
    "date": "06.06.10",
    "rating": "10",
    "author": "dark****",
    "review_id": "838658",
    "movie_id": "44039"
  },
  {
    "review": ",,,고요한 울림으로 내 맘에 깊은 파장이...",
    "date": "06.06.01",
    "rating": "9",
    "author": "1229****",
    "review_id": "826234",
    "movie_id": "44039"
  },
  {
    "review": "긴 여운이 아직도 남아있네요..",
    "date": "06.05.31",
    "rating": "10",
    "author": "gers****",
    "review_id": "824927",
    "movie_id": "44039"
  },
  {
    "review": "젠장.. 눈물이 쏟아져나와서 고생했다.",
    "date": "06.05.31",
    "rating": "10",
    "author": "bars****",
    "review_id": "823987",
    "movie_id": "44039"
  },
  {
    "review": "plz be with me",
    "date": "06.05.26",
    "rating": "10",
    "author": "chsh****",
    "review_id": "816968",
    "movie_id": "44039"
  },
  {
    "review": "잔잔함이 파도처럼 다가오는..그리고 눈물 한방울..",
    "date": "06.05.24",
    "rating": "10",
    "author": "choh****",
    "review_id": "814141",
    "movie_id": "44039"
  },
  {
    "review": "아무 것도 아니다. 그저 일상.",
    "date": "06.05.21",
    "rating": "9",
    "author": "psyb****",
    "review_id": "810720",
    "movie_id": "44039"
  },
  {
    "review": "침묵의 가공할 파워.. 맞는말이네",
    "date": "06.05.20",
    "rating": "10",
    "author": "heee****",
    "review_id": "808980",
    "movie_id": "44039"
  },
  {
    "review": "러브 액추얼리가 더 대단한 영화라는 생각이 드는 이유는 뭘까",
    "date": "06.05.20",
    "rating": "6",
    "author": "soul****",
    "review_id": "808892",
    "movie_id": "44039"
  },
  {
    "review": "새삼스레 다시 외로움을 느끼게되는,,",
    "date": "06.05.15",
    "rating": "5",
    "author": "aa17****",
    "review_id": "801534",
    "movie_id": "44039"
  },
  {
    "review": "고요해진다. 다시 사랑하고 싶어졌다.",
    "date": "06.05.15",
    "rating": "10",
    "author": "zmff****",
    "review_id": "801458",
    "movie_id": "44039"
  },
  {
    "review": "무조건적인 사랑에 대한 특색있는 영화 ....",
    "date": "06.05.11",
    "rating": "7",
    "author": "74pa****",
    "review_id": "795442",
    "movie_id": "44039"
  },
  {
    "review": "사랑한다는 건 분명 무모한 일이다. 그러나 사랑한다.",
    "date": "06.05.10",
    "rating": "10",
    "author": "jung****",
    "review_id": "794905",
    "movie_id": "44039"
  },
  {
    "review": "마지막포옹과주제는동감 하지만 진부한 표피성은 동의못함",
    "date": "06.05.10",
    "rating": "6",
    "author": "erhe****",
    "review_id": "794461",
    "movie_id": "44039"
  }
]