[
  {
    "review": "명배우의 열연이 좋은 영화",
    "date": "15.05.16",
    "rating": "6",
    "author": "peti****",
    "review_id": "9920525",
    "movie_id": "44037"
  },
  {
    "review": "정의와 권력욕, 당연해 보이는 대립 사이에서 김빠지는 결말까지...",
    "date": "14.12.03",
    "rating": "4",
    "author": "samg****",
    "review_id": "9444258",
    "movie_id": "44037"
  },
  {
    "review": "재밌게 잘 보았습니다.",
    "date": "14.01.18",
    "rating": "3",
    "author": "jin1****",
    "review_id": "8395799",
    "movie_id": "44037"
  },
  {
    "review": "사실적인 묘사와 탄탄한 스토리, 뛰어난 연기, 깔끔한 마무리. 진부하게 느껴질지 모르는 결말은 휴머니즘이라고 해두자. 범죄영화에서 갖출 모든 요소를 지니고 있다.",
    "date": "12.12.26",
    "rating": "9",
    "author": "cjc9****",
    "review_id": "7050444",
    "movie_id": "44037"
  },
  {
    "review": "후반부가 맘에 들었다.",
    "date": "12.11.16",
    "rating": "10",
    "author": "sdn_****",
    "review_id": "6892486",
    "movie_id": "44037"
  },
  {
    "review": "오랬만에 본 프랑OO 액션,내면연기 굳~감상 여운이 남아",
    "date": "12.06.09",
    "rating": "10",
    "author": "skhm****",
    "review_id": "6379425",
    "movie_id": "44037"
  },
  {
    "review": "그럭저럭",
    "date": "12.05.23",
    "rating": "5",
    "author": "firs****",
    "review_id": "6324446",
    "movie_id": "44037"
  },
  {
    "review": "볼만함~",
    "date": "12.04.21",
    "rating": "9",
    "author": "kino****",
    "review_id": "6237605",
    "movie_id": "44037"
  },
  {
    "review": "분위기 잘잡아가다가 갑자기 진부함으로...",
    "date": "11.06.30",
    "rating": "6",
    "author": "bbq2****",
    "review_id": "5510748",
    "movie_id": "44037"
  },
  {
    "review": "옛다!8점 묵직한 프랑스 느와르",
    "date": "11.03.02",
    "rating": "8",
    "author": "wein****",
    "review_id": "5288533",
    "movie_id": "44037"
  },
  {
    "review": "잼잇는영화지만 개인적으로부당거래가 더 좋다",
    "date": "11.02.03",
    "rating": "7",
    "author": "tall****",
    "review_id": "5210921",
    "movie_id": "44037"
  },
  {
    "review": "두 배우가 주는 묵직함, 강렬한 스토리 모두 잊혀지지 않을 것만 같다.",
    "date": "11.01.31",
    "rating": "10",
    "author": "alwa****",
    "review_id": "5199235",
    "movie_id": "44037"
  },
  {
    "review": "영화의 이해력과집중도가 딸리면(밑에 저평점 준사람들) 이영화못본다.난잼있게보았다",
    "date": "10.11.06",
    "rating": "10",
    "author": "boby****",
    "review_id": "4941753",
    "movie_id": "44037"
  },
  {
    "review": "기대안하고 봤는데 존나 재밌었다 이게 뭐가 지루함?몰입도 쩔었는데ㅋㅋㅋ",
    "date": "10.10.29",
    "rating": "10",
    "author": "govl****",
    "review_id": "4926616",
    "movie_id": "44037"
  },
  {
    "review": "최고의 프랑스 영화,한 순간도 눈을 떼지 못하는 재미와 몰입도 수작이다",
    "date": "10.09.30",
    "rating": "10",
    "author": "rose****",
    "review_id": "4877373",
    "movie_id": "44037"
  },
  {
    "review": "홍콩느와르와는 또다른 프랑스느와르.다소 지루한 점만 빼면 딱좋음.",
    "date": "10.08.30",
    "rating": "8",
    "author": "hbki****",
    "review_id": "4804340",
    "movie_id": "44037"
  },
  {
    "review": "선과 악이 과연 경계로 삼아도 될만큼 믿음직 한걸까..",
    "date": "10.07.25",
    "rating": "7",
    "author": "bomu****",
    "review_id": "4671618",
    "movie_id": "44037"
  },
  {
    "review": "경찰은 특별한 존재가 아니다...",
    "date": "10.05.20",
    "rating": "4",
    "author": "dysy****",
    "review_id": "4511893",
    "movie_id": "44037"
  },
  {
    "review": "인간의 탐욕과 정의. 전개 분위기는 괜찮았다.",
    "date": "10.03.26",
    "rating": "7",
    "author": "wlfa****",
    "review_id": "4388841",
    "movie_id": "44037"
  },
  {
    "review": "↓지가 멍청해서 이해못한건 생각도 못하고 ㅉㅉㅉ",
    "date": "10.03.19",
    "rating": "10",
    "author": "nom1****",
    "review_id": "4366433",
    "movie_id": "44037"
  },
  {
    "review": "네이버평점은 도무지 믿을 수가 없다. 이게 재밌냐?",
    "date": "10.03.05",
    "rating": "4",
    "author": "cfhe****",
    "review_id": "4336801",
    "movie_id": "44037"
  },
  {
    "review": "중무장한 범인들인거 뻔히 알면서 D데이까지 잡아놓고 권총으로 댐비는건 무슨짓;",
    "date": "10.02.13",
    "rating": "1",
    "author": "byro****",
    "review_id": "4275946",
    "movie_id": "44037"
  },
  {
    "review": "지루하지 않은 프랑스 영화",
    "date": "10.01.27",
    "rating": "8",
    "author": "vogu****",
    "review_id": "4212995",
    "movie_id": "44037"
  },
  {
    "review": "탄탄한스토리와 완성도높은 영화..정말괜찮은영화.한번쯤음 꼭 볼만하네요",
    "date": "10.01.26",
    "rating": "10",
    "author": "rlae****",
    "review_id": "4210769",
    "movie_id": "44037"
  },
  {
    "review": "상당히 완성도가 높고 사실적인 영화입니다. 프랑스영화 선입견이 없어졌어요",
    "date": "10.01.15",
    "rating": "10",
    "author": "mm8m****",
    "review_id": "4174273",
    "movie_id": "44037"
  },
  {
    "review": "이것이 바로 진정한 이야기의 힘이다 근데 티티는 좀 불쌍 ;;",
    "date": "09.12.21",
    "rating": "10",
    "author": "pjin****",
    "review_id": "4065055",
    "movie_id": "44037"
  },
  {
    "review": "로그인하게 만들다니!!!!",
    "date": "09.12.08",
    "rating": "10",
    "author": "qust****",
    "review_id": "4028941",
    "movie_id": "44037"
  },
  {
    "review": "초딩들 글쓴거 보면 참 수준에 맞는영화 보든가 이 영화가 재미없으면 머가 재밌지?",
    "date": "09.11.25",
    "rating": "10",
    "author": "youl****",
    "review_id": "3989523",
    "movie_id": "44037"
  },
  {
    "review": "OO가 주인공 알아보는 장면까지 봤다...말이 되나?",
    "date": "09.11.23",
    "rating": "1",
    "author": "wunb****",
    "review_id": "3986124",
    "movie_id": "44037"
  },
  {
    "review": "구성이 상당히 부실한 영화. 역시 네이버 평점은 믿을수 없다.",
    "date": "09.11.07",
    "rating": "1",
    "author": "iluv****",
    "review_id": "3943125",
    "movie_id": "44037"
  },
  {
    "review": "프랑스영화는 대붑분 지루하고 재미없을줄 알았는데 이작품은 잘 만든것 같네요",
    "date": "09.10.24",
    "rating": "10",
    "author": "jou1****",
    "review_id": "3911974",
    "movie_id": "44037"
  },
  {
    "review": "아 왤캐 지루하지...",
    "date": "09.10.17",
    "rating": "5",
    "author": "cont****",
    "review_id": "3898858",
    "movie_id": "44037"
  },
  {
    "review": "생각보다 재밌는데 재미없다는 사람들은 뭐지?영화평론가라도 된다는건가..",
    "date": "09.10.16",
    "rating": "10",
    "author": "saho****",
    "review_id": "3895855",
    "movie_id": "44037"
  },
  {
    "review": "느와르..하지만 스토리 연결성이 다소,,,, 아타까운...",
    "date": "09.10.07",
    "rating": "7",
    "author": "milk****",
    "review_id": "3878705",
    "movie_id": "44037"
  },
  {
    "review": "뭔가 찜찜한 결말.. 그래도 볼만함..",
    "date": "09.10.07",
    "rating": "9",
    "author": "ppid****",
    "review_id": "3878125",
    "movie_id": "44037"
  },
  {
    "review": "적당한 프랑스 액션. 아름다운 골리노",
    "date": "09.10.05",
    "rating": "5",
    "author": "pria****",
    "review_id": "3873084",
    "movie_id": "44037"
  },
  {
    "review": "1점 준 사람은 도대체 무슨 영화가 재밌다는건지. 정말 괜찮은 영화다.",
    "date": "09.10.03",
    "rating": "10",
    "author": "yaji****",
    "review_id": "3869914",
    "movie_id": "44037"
  },
  {
    "review": "맥빠지는 결말. 지루함 그자체;; 평점에 낚였다 ㅅㅂ  평점깍아야지 지미럴",
    "date": "09.09.27",
    "rating": "1",
    "author": "eve1****",
    "review_id": "3854341",
    "movie_id": "44037"
  },
  {
    "review": "욕심을 부리면 언젠가 화를 당하게된다",
    "date": "09.09.25",
    "rating": "8",
    "author": "fsre****",
    "review_id": "3848846",
    "movie_id": "44037"
  },
  {
    "review": "정말 괜찮은 영화 같다... 굿....짬임새 있는 구성에 나도 모르게 빠져든다....",
    "date": "09.09.21",
    "rating": "10",
    "author": "ysky****",
    "review_id": "3842840",
    "movie_id": "44037"
  },
  {
    "review": "인간의 탐욕. 언제나 그것이 문제의 원인이다.",
    "date": "09.09.18",
    "rating": "8",
    "author": "noxp****",
    "review_id": "3837631",
    "movie_id": "44037"
  },
  {
    "review": "실화인가요? 다소 충격적이고,, 티티의 마지막 의리..",
    "date": "09.09.14",
    "rating": "10",
    "author": "dmsg****",
    "review_id": "3831569",
    "movie_id": "44037"
  },
  {
    "review": "요즘 세상은 악해야 살아남는가?? 그래도 정의는 살아있다..",
    "date": "09.09.12",
    "rating": "9",
    "author": "roka****",
    "review_id": "3826362",
    "movie_id": "44037"
  },
  {
    "review": "막장으로 가지도 않고...지루하지도 않았던 영화....",
    "date": "09.09.12",
    "rating": "8",
    "author": "lasa****",
    "review_id": "3825715",
    "movie_id": "44037"
  },
  {
    "review": "not bad",
    "date": "09.09.07",
    "rating": "8",
    "author": "zita****",
    "review_id": "3818329",
    "movie_id": "44037"
  },
  {
    "review": "내용이 잘 짜여진 드라마 네요. 재밌게 잘 봤어요~",
    "date": "09.09.07",
    "rating": "10",
    "author": "wind****",
    "review_id": "3816434",
    "movie_id": "44037"
  },
  {
    "review": "도대체가 말도 안되는 영화.....",
    "date": "09.09.06",
    "rating": "1",
    "author": "righ****",
    "review_id": "3816088",
    "movie_id": "44037"
  },
  {
    "review": "모처럼 재미있게 본 영화^^ 헐리우드영화와는 차원이 다른...............",
    "date": "09.08.29",
    "rating": "8",
    "author": "addz****",
    "review_id": "3795162",
    "movie_id": "44037"
  },
  {
    "review": "중후한 간지남들의 연기에 박수!!!",
    "date": "09.07.04",
    "rating": "8",
    "author": "smfi****",
    "review_id": "3610205",
    "movie_id": "44037"
  },
  {
    "review": "기대이상 좋은 경찰느와르 한편봤다,!범죄자의 막무가내 액션이 기억이나네ㅋㅋ",
    "date": "09.06.03",
    "rating": "10",
    "author": "quat****",
    "review_id": "3542779",
    "movie_id": "44037"
  },
  {
    "review": "주연들 연기좋고 리얼하다 프랑스영화는재미없고어렵다라는 편견을 가진사람에게 강추",
    "date": "08.10.31",
    "rating": "8",
    "author": "trak****",
    "review_id": "3028011",
    "movie_id": "44037"
  },
  {
    "review": "OO가 주인공 알아본 부분만 빼면 완벽.",
    "date": "08.10.11",
    "rating": "9",
    "author": "sago****",
    "review_id": "2993894",
    "movie_id": "44037"
  },
  {
    "review": "기막힌 결말",
    "date": "08.02.26",
    "rating": "10",
    "author": "sury****",
    "review_id": "2486255",
    "movie_id": "44037"
  },
  {
    "review": "프랑스느낌좋고,연기잘하고,",
    "date": "08.01.17",
    "rating": "1",
    "author": "snzi****",
    "review_id": "2338354",
    "movie_id": "44037"
  },
  {
    "review": "나쁘지 않았다. 하지만 초반의 긴장감이 갈수록 힘을 잃은 것이 아쉽다.",
    "date": "08.01.08",
    "rating": "7",
    "author": "taeh****",
    "review_id": "2307362",
    "movie_id": "44037"
  },
  {
    "review": "'경찰 vs 경찰 vs 범죄자'의 삼각 구도의 갈등. 괜찮은 구성이다.",
    "date": "08.01.07",
    "rating": "8",
    "author": "caca****",
    "review_id": "2304892",
    "movie_id": "44037"
  },
  {
    "review": "영화를 보고난후 느낌.. 아~ 맥없어",
    "date": "07.10.29",
    "rating": "3",
    "author": "pyxi****",
    "review_id": "2120097",
    "movie_id": "44037"
  },
  {
    "review": "형식을 파괴하면서도 더 큰 재미를 추구하는 모범적인 영화",
    "date": "07.10.13",
    "rating": "7",
    "author": "okjo****",
    "review_id": "2087463",
    "movie_id": "44037"
  },
  {
    "review": "2년전에 본 최고의 프랑스영화.. 근데 내 평점 국내개봉하면서 지웠구나",
    "date": "07.09.07",
    "rating": "10",
    "author": "gall****",
    "review_id": "2006655",
    "movie_id": "44037"
  },
  {
    "review": "볼만",
    "date": "07.08.26",
    "rating": "8",
    "author": "mr_p****",
    "review_id": "1981500",
    "movie_id": "44037"
  },
  {
    "review": "망가져버린 인생..죽어버린 아내...그래도 권선징악",
    "date": "07.08.26",
    "rating": "9",
    "author": "chog****",
    "review_id": "1979429",
    "movie_id": "44037"
  },
  {
    "review": "괜찮다고 느낄정도는아니었다",
    "date": "07.08.26",
    "rating": "5",
    "author": "seok****",
    "review_id": "1979154",
    "movie_id": "44037"
  },
  {
    "review": "신선한 영화구성 자체가 반전...",
    "date": "07.08.09",
    "rating": "8",
    "author": "kiwi****",
    "review_id": "1908245",
    "movie_id": "44037"
  },
  {
    "review": "초반이 너무 지루하지만 않았다면... 내용은 좋다. 반전은 예측가능",
    "date": "07.08.01",
    "rating": "8",
    "author": "psyc****",
    "review_id": "1837821",
    "movie_id": "44037"
  },
  {
    "review": "깝깝한영화.액션이면 총싸움 해야지 말싸움 액션만 한다, 인상만쓰다 끝",
    "date": "07.06.27",
    "rating": "1",
    "author": "hana****",
    "review_id": "1724692",
    "movie_id": "44037"
  },
  {
    "review": "어느것하나 빠지지 않았다.",
    "date": "07.05.26",
    "rating": "10",
    "author": "chem****",
    "review_id": "1663084",
    "movie_id": "44037"
  },
  {
    "review": "넘치는 과잉의 감정들이 아쉽다...두 노익장은 여전하구나..",
    "date": "07.04.12",
    "rating": "7",
    "author": "mino****",
    "review_id": "1585336",
    "movie_id": "44037"
  },
  {
    "review": "좋은 영화입니다.",
    "date": "07.04.05",
    "rating": "10",
    "author": "sona****",
    "review_id": "1573642",
    "movie_id": "44037"
  },
  {
    "review": "할리우리드에 젖은 이들이여 함부로 평하지 말라",
    "date": "07.04.01",
    "rating": "9",
    "author": "reke****",
    "review_id": "1567820",
    "movie_id": "44037"
  },
  {
    "review": "재미있다. 영화를 좋아하는 사람들에게 추천함",
    "date": "07.03.19",
    "rating": "10",
    "author": "uyle****",
    "review_id": "1542596",
    "movie_id": "44037"
  },
  {
    "review": "전체적으로 어두운 분위기지만 구성은 괜찮았다는...",
    "date": "07.02.04",
    "rating": "8",
    "author": "newp****",
    "review_id": "1442361",
    "movie_id": "44037"
  },
  {
    "review": "good",
    "date": "07.01.30",
    "rating": "7",
    "author": "kcch****",
    "review_id": "1427991",
    "movie_id": "44037"
  },
  {
    "review": "이영화를 끝까지본다면 그대의 인내심도 대단하다 할만하오",
    "date": "06.12.18",
    "rating": "1",
    "author": "dusf****",
    "review_id": "1303632",
    "movie_id": "44037"
  },
  {
    "review": "굿",
    "date": "06.12.17",
    "rating": "8",
    "author": "ysuh****",
    "review_id": "1298472",
    "movie_id": "44037"
  },
  {
    "review": "이런류 그닥 조아하지 않지만 잼있게봤다.잘만든영화",
    "date": "06.12.16",
    "rating": "9",
    "author": "naeg****",
    "review_id": "1295963",
    "movie_id": "44037"
  },
  {
    "review": "잼나네요. ㅎㅎ",
    "date": "06.11.15",
    "rating": "9",
    "author": "jeeb****",
    "review_id": "1234180",
    "movie_id": "44037"
  },
  {
    "review": "레오 멎지다.영화도 진지하고 잼있다",
    "date": "06.10.30",
    "rating": "10",
    "author": "jndb****",
    "review_id": "1206724",
    "movie_id": "44037"
  },
  {
    "review": "오떼이유 아저씨 멋지더만...--b",
    "date": "06.10.29",
    "rating": "10",
    "author": "kocb****",
    "review_id": "1205951",
    "movie_id": "44037"
  },
  {
    "review": "괜찮던데...",
    "date": "06.10.29",
    "rating": "10",
    "author": "unli****",
    "review_id": "1205854",
    "movie_id": "44037"
  },
  {
    "review": "프랑스판\"히트\"주인공도로버트드니로와비슷하네",
    "date": "06.10.29",
    "rating": "7",
    "author": "seno****",
    "review_id": "1204821",
    "movie_id": "44037"
  },
  {
    "review": "재미잇네.",
    "date": "06.10.29",
    "rating": "10",
    "author": "wjdw****",
    "review_id": "1204764",
    "movie_id": "44037"
  },
  {
    "review": "이 영화 보면서 정말 분노가 치밀었다.",
    "date": "06.10.29",
    "rating": "10",
    "author": "hyhi****",
    "review_id": "1204756",
    "movie_id": "44037"
  },
  {
    "review": "볼만햇다. 그 셧업에서 주인공 제라르 여기서는 왜이렇게 ㅉㅉ",
    "date": "06.10.29",
    "rating": "10",
    "author": "wjdw****",
    "review_id": "1204753",
    "movie_id": "44037"
  },
  {
    "review": "스토리 구성 등등 볼만한 영화 단 결말이 좀 김빠지네,,",
    "date": "06.10.28",
    "rating": "8",
    "author": "ks82****",
    "review_id": "1202578",
    "movie_id": "44037"
  },
  {
    "review": "분노가 끓다가 끝이 좀 허무한",
    "date": "06.10.19",
    "rating": "7",
    "author": "hori****",
    "review_id": "1188984",
    "movie_id": "44037"
  },
  {
    "review": "그렇게 재밌는지는 모르겠지마.. 마지막에 벌을 받는다",
    "date": "06.10.18",
    "rating": "8",
    "author": "medm****",
    "review_id": "1187832",
    "movie_id": "44037"
  },
  {
    "review": "알랭드롱 영화의 향수를 자극하는 영화",
    "date": "06.10.15",
    "rating": "9",
    "author": "tico****",
    "review_id": "1181619",
    "movie_id": "44037"
  },
  {
    "review": "탄탄한 스토리에 맘에 드는 엔딩.",
    "date": "06.10.09",
    "rating": "9",
    "author": "sae1****",
    "review_id": "1173869",
    "movie_id": "44037"
  },
  {
    "review": "이야기가 치밀하지 못하다. 특히 끝은 작위적",
    "date": "06.10.05",
    "rating": "6",
    "author": "visi****",
    "review_id": "1162807",
    "movie_id": "44037"
  },
  {
    "review": "응징이 약하고 허무하다..하지만 좋은영화임에 틀림없다.",
    "date": "06.09.29",
    "rating": "9",
    "author": "kore****",
    "review_id": "1148533",
    "movie_id": "44037"
  },
  {
    "review": "때려부수는 영화만 좋아하는 인간들은 지루했겠지",
    "date": "06.09.09",
    "rating": "9",
    "author": "eeec****",
    "review_id": "1113431",
    "movie_id": "44037"
  },
  {
    "review": "뭔대 감히 졸작이란 소릴하지?자신있음자기가만들어보던가",
    "date": "06.08.19",
    "rating": "10",
    "author": "miro****",
    "review_id": "1054250",
    "movie_id": "44037"
  },
  {
    "review": "재밌네...",
    "date": "06.08.06",
    "rating": "10",
    "author": "sung****",
    "review_id": "979229",
    "movie_id": "44037"
  },
  {
    "review": "산만하고 복수가 밋밋하다 졸작인데비해 평점이 높다",
    "date": "06.08.05",
    "rating": "1",
    "author": "moon****",
    "review_id": "972876",
    "movie_id": "44037"
  },
  {
    "review": "지루함의 극치를 달린다.",
    "date": "06.07.29",
    "rating": "1",
    "author": "dwch****",
    "review_id": "935876",
    "movie_id": "44037"
  },
  {
    "review": "1시간까지는 좋았는데 . .",
    "date": "06.07.24",
    "rating": "9",
    "author": "seoy****",
    "review_id": "918068",
    "movie_id": "44037"
  },
  {
    "review": "무엇을 위한 삶인지 스스로에게 되물어보라",
    "date": "06.07.13",
    "rating": "9",
    "author": "moro****",
    "review_id": "888261",
    "movie_id": "44037"
  },
  {
    "review": "2번이나 봤다..너무 괜찮은 영화~",
    "date": "06.07.11",
    "rating": "10",
    "author": "jjyj****",
    "review_id": "884716",
    "movie_id": "44037"
  },
  {
    "review": "마초적 감성이 충만한,홍콩느와르에 대한 향수를 자극",
    "date": "06.07.10",
    "rating": "7",
    "author": "mlif****",
    "review_id": "882577",
    "movie_id": "44037"
  },
  {
    "review": "보는 내내.. 최고의 영화라는 탄성을 질렀다..",
    "date": "06.07.08",
    "rating": "10",
    "author": "ikrz****",
    "review_id": "877294",
    "movie_id": "44037"
  }
]