[
  {
    "review": "손예진 하든캐리네요 인정",
    "date": "15.08.14",
    "rating": "10",
    "author": "0603****",
    "review_id": "10229744",
    "movie_id": "44044"
  },
  {
    "review": "헷초등학생때봤던애니메이션을어제다시봤는데기억에너무대단한애니메이션이였어서일본꺼겠구나했는데..근데우비랑금이성우는정말아닌거같다더신비롭고소녀같은성우분이해주시면좋았을텐데손예진ㅋ우리나라에대단하신성우분들이얼마나많으신데ㅠㅜ(왕하트)아무튼다시보게되어정말영광이였습니다♡",
    "date": "15.08.11",
    "rating": "10",
    "author": "ekdu****",
    "review_id": "10216501",
    "movie_id": "44044"
  },
  {
    "review": "진짜 너무좋다 성우 목소리도 좋고 그림체도 좋고 노래가 진짜 맘에든다 정말오래오래기억할껍니다 2기도나오면좋겠다",
    "date": "15.08.05",
    "rating": "10",
    "author": "xgml****",
    "review_id": "10190510",
    "movie_id": "44044"
  },
  {
    "review": "영상은 좋았으나 알아들을수 없는 목소리에 집중하기 힘들었고 어색한 연예인 더빙이 더해져 짜증마저 났다 전문성우분들로 구성된 여우비 재개봉을 기대해본다",
    "date": "15.08.01",
    "rating": "5",
    "author": "dcra****",
    "review_id": "10168276",
    "movie_id": "44044"
  },
  {
    "review": "정말 이런 영화가 많이 나왔으면 좋겠다. 어린아이들이 봤을땐 이해가 조금 안되지만 나중에 커서 그때의 영화를 한번 더 봤을때 이해를 하고 그 시절을 떠올리며 추억할수 있게 해주는 그런 영화. 한가지 아쉬운건 성우를 전문 성우를 썼으면.",
    "date": "15.07.23",
    "rating": "10",
    "author": "sara****",
    "review_id": "10134440",
    "movie_id": "44044"
  },
  {
    "review": "어릴 때 본거지만 아직도 기억에 남음. 전문성우 써서 재개봉했으면 좋겠다",
    "date": "15.07.19",
    "rating": "9",
    "author": "eeee****",
    "review_id": "10121539",
    "movie_id": "44044"
  },
  {
    "review": "너무 재미있어요.전 십대 초반....",
    "date": "15.07.19",
    "rating": "10",
    "author": "heou****",
    "review_id": "10119660",
    "movie_id": "44044"
  },
  {
    "review": "'한국형 지브리 애니'같은 느낌을 받았다. 설정, 스토리, 캐릭터, 색감 모두 좋다. 많은 사람들이 말하듯, 성우 GG... 너무 아쉽다. 손예진인줄 몰랐는데 알고 깝놀. 전문 성우 쓰지.. 손예진 연기 못한다고 생각했는데 목소리 연기도 GG...",
    "date": "15.07.03",
    "rating": "9",
    "author": "yumi****",
    "review_id": "10064763",
    "movie_id": "44044"
  },
  {
    "review": "여우비 2나왔으면 좋겠다.",
    "date": "15.06.28",
    "rating": "10",
    "author": "nawo****",
    "review_id": "10046765",
    "movie_id": "44044"
  },
  {
    "review": "성우 빼곤 모든것이 최고, 이거 2도 나오면좋고 ost는 레전듭니다.",
    "date": "15.06.21",
    "rating": "9",
    "author": "5688****",
    "review_id": "10018757",
    "movie_id": "44044"
  },
  {
    "review": "어렸을 때 이 영화를 보고 밤새도록 울었었는데ㅠㅠ 여우비 너무 불쌍해ㅜ",
    "date": "15.06.20",
    "rating": "10",
    "author": "xqor****",
    "review_id": "10015827",
    "movie_id": "44044"
  },
  {
    "review": "내가 성우해도 이거보단 잘하겟다 0점 주기는업나",
    "date": "15.06.14",
    "rating": "1",
    "author": "dhre****",
    "review_id": "9998613",
    "movie_id": "44044"
  },
  {
    "review": "어릴때 아빠손잡고 봤는데 얼마나 감동적이고 환상적이였는지 제 어린추억중 소중한 추억이였어요",
    "date": "15.06.07",
    "rating": "10",
    "author": "smg1****",
    "review_id": "9982220",
    "movie_id": "44044"
  },
  {
    "review": "스토리도 개인적으로 좋았고. 영상미나 색감은 정말 예쁜데....제발 전문성우써주세요..왜 성우라는 직업이있을까요..ㅠㅠ",
    "date": "15.06.06",
    "rating": "10",
    "author": "kiri****",
    "review_id": "9980206",
    "movie_id": "44044"
  },
  {
    "review": "어렸을땐마냥무섭기만했는데지금은느껴지는게많다....",
    "date": "15.05.23",
    "rating": "10",
    "author": "dud0****",
    "review_id": "9940290",
    "movie_id": "44044"
  },
  {
    "review": "퀼리티는 고급수준, 허나 성우는 똥.",
    "date": "15.05.20",
    "rating": "5",
    "author": "vaig****",
    "review_id": "9933582",
    "movie_id": "44044"
  },
  {
    "review": "제가 가장좋아하는 영화에요!!!너무너무 좋아요!!",
    "date": "15.04.26",
    "rating": "10",
    "author": "lims****",
    "review_id": "9870079",
    "movie_id": "44044"
  },
  {
    "review": "일단은 굉장한 연출이었음 근데 성우있는데 왜 성우 안쓰냐고",
    "date": "15.04.16",
    "rating": "8",
    "author": "choa****",
    "review_id": "9848634",
    "movie_id": "44044"
  },
  {
    "review": "ost 너무 좋다...",
    "date": "15.04.13",
    "rating": "10",
    "author": "tjwl****",
    "review_id": "9844564",
    "movie_id": "44044"
  },
  {
    "review": "진짜 이거 지억에 깊게 남은... 성우 목소리는 잘어울렷는데 연기력이 똥이었음 그냥 똥 전문성우좀 쓰시죠;",
    "date": "15.03.25",
    "rating": "10",
    "author": "juhi****",
    "review_id": "9805430",
    "movie_id": "44044"
  },
  {
    "review": "초등학교때 봤었는데 정말 추억 돋네요..스핑크스 노래도 중독성 있고ㅎ 재밌었지만 역시 성우 목소리가..",
    "date": "15.03.20",
    "rating": "9",
    "author": "qort****",
    "review_id": "9795806",
    "movie_id": "44044"
  },
  {
    "review": "군대에서 봤는데 소리 왕창 키워도 주인공이 뭐라 하는지 알아듣질 못하겠다. 애초에 생긴건 꼬맹인데 목소리는 성인목소리인 것부터가 문제.",
    "date": "15.03.09",
    "rating": "6",
    "author": "akak****",
    "review_id": "9769667",
    "movie_id": "44044"
  },
  {
    "review": "전문성우로 더빙해서 다시보고 싶다.",
    "date": "15.02.11",
    "rating": "10",
    "author": "rice****",
    "review_id": "9687295",
    "movie_id": "44044"
  },
  {
    "review": "내용은 되게 좋은데...진짜 연예인 성우 하지마라 개그맨 아이돌 포함성우가했다면 대박칠 우리나라애니였다연예인이 다망침ㅡ.ㅡ성우뒀다뭐하냐 그분들은 할일없어서 성우하는줄아냐 연기도 되게 별로인데배우면드라마찍고 개그맨이면 개그를 하세요",
    "date": "15.02.07",
    "rating": "3",
    "author": "hise****",
    "review_id": "9677158",
    "movie_id": "44044"
  },
  {
    "review": "초등학교때 본 기억이 나네..이거 그림체도 내용도 너무 좋았음",
    "date": "15.01.29",
    "rating": "10",
    "author": "youn****",
    "review_id": "9648485",
    "movie_id": "44044"
  },
  {
    "review": "어린시절 이것을 본 순간으로 돌아간 것 같아서 좋았다",
    "date": "15.01.11",
    "rating": "10",
    "author": "sdf1****",
    "review_id": "9582830",
    "movie_id": "44044"
  },
  {
    "review": "뭐 스토리는 주관적으로 괜찮았는데, 성우... 정말 이거 내놓기 전에 목소리랑 캐릭터 매치가 안된다고는 생각 안해봤나보다.",
    "date": "15.01.06",
    "rating": "8",
    "author": "khkg****",
    "review_id": "9568500",
    "movie_id": "44044"
  },
  {
    "review": "개봉했을때부터 지금까지도 어떻게든 찾아내서 보고있어요ㅠㅠ 진짜 최고같아 겁나 재밌던데 성우도 어울리든데",
    "date": "14.12.12",
    "rating": "10",
    "author": "123r****",
    "review_id": "9468374",
    "movie_id": "44044"
  },
  {
    "review": "나는 희망한다. 나의 꿈을... 영화는 나에게 알게해줬다! 나의 마음속에 담겨져 있는 나의 마음을...",
    "date": "14.12.10",
    "rating": "10",
    "author": "1004****",
    "review_id": "9461996",
    "movie_id": "44044"
  },
  {
    "review": "2006년 자품이라고는 믿겨지지않는 그런 작품이다. 이 애니메이션이 개봉한 초등학교 4학년때나 고등학교에 다니고있는 지금이나 그때 그 전율을 잊지 못할것이다.",
    "date": "14.12.02",
    "rating": "10",
    "author": "tkdf****",
    "review_id": "9440674",
    "movie_id": "44044"
  },
  {
    "review": "굳굳굳굳다시봐도정말좋음",
    "date": "14.11.30",
    "rating": "10",
    "author": "oyj5****",
    "review_id": "9437284",
    "movie_id": "44044"
  },
  {
    "review": "후속 지금이라도 나와라 한국애니 좀 살려보자",
    "date": "14.11.27",
    "rating": "10",
    "author": "gett****",
    "review_id": "9425646",
    "movie_id": "44044"
  },
  {
    "review": "내가 이걸 보고 애니메이터가 되고싶다 생각했었지 아마",
    "date": "14.11.11",
    "rating": "10",
    "author": "yeo_****",
    "review_id": "9371959",
    "movie_id": "44044"
  },
  {
    "review": "봐도 봐도 잊혀지지 않는 이 영화!!!                    환상적이고 여러 재미있는 사건들!!흥미진진한 사건이 있어 재미있었다.~",
    "date": "14.10.30",
    "rating": "10",
    "author": "0412****",
    "review_id": "9329765",
    "movie_id": "44044"
  },
  {
    "review": "도움 안 되는 인물들이 너무 많고 이야기도 많이 분산되어있다",
    "date": "14.10.26",
    "rating": "8",
    "author": "ddeg****",
    "review_id": "9317492",
    "movie_id": "44044"
  },
  {
    "review": "일본에니만큼 멋진 한국작품이었음!!!정말 감적이었다,,,",
    "date": "14.10.25",
    "rating": "10",
    "author": "yysk****",
    "review_id": "9317178",
    "movie_id": "44044"
  },
  {
    "review": "일본애니만을 보고자랐는데 이애니는 한국작품이라는게 믿겨지지않을정도로 수준높은 작품이였다. 한국애니를보고 후유증에 시달리는건 이 영화가 유일무이함",
    "date": "14.10.25",
    "rating": "10",
    "author": "wjd1****",
    "review_id": "9315158",
    "movie_id": "44044"
  },
  {
    "review": "진짜 감동이 끝내준다사실 류덕환이랑 손예진이 짱이지만 ㅋㅋ",
    "date": "14.10.18",
    "rating": "10",
    "author": "baek****",
    "review_id": "9301183",
    "movie_id": "44044"
  },
  {
    "review": "추억도 새록새록 나고 한국 애니매이션 영화중에 이런 영화도 있었나 생각하게된다..",
    "date": "14.10.15",
    "rating": "10",
    "author": "dkan****",
    "review_id": "9293144",
    "movie_id": "44044"
  },
  {
    "review": "7년전에본거같은데지금다시봐도정말좋은영화인것같아요다들성우어쩌구하시는데그럴거면님들이해보세요괜한연애인핑계대지말고작품성만보시라구요집중이안되는건보는사람사정입니다.작품성표현그런거자체는정말좋습니다아름답고신비로운영화였고정말오랜시간이지나도감명깊습니다.",
    "date": "14.10.10",
    "rating": "10",
    "author": "jmsm****",
    "review_id": "9280066",
    "movie_id": "44044"
  },
  {
    "review": "우리나라가 만들었다고 생각하니 너무 기분이좋아요다른나라 들의 애니메이션의 특유에 그림체가아닌 자기만에 그림체와 그리고 높은퀄리티 또 아름다운 효과가 이렇게 어우러진것이 스토리상 과 참잘맞는거같아요 ost도 너무 마음에들어요근데 마지막이많이아쉬워요?",
    "date": "14.10.09",
    "rating": "9",
    "author": "kss0****",
    "review_id": "9279528",
    "movie_id": "44044"
  },
  {
    "review": "어릴때 한번봤을때 참 신기하고 즐겁게 봤고 제작년에 생각이나 찾아서 봤을땐 웃기고 그냥 즐겁게봤고 지금 다시보니 성우가 참 아쉬운것같다.애들일텐데애들같지않은목소리ㅋ좋은성우뽑아서 했으면 잘돼지않았을까하는아쉬운영화.",
    "date": "14.10.05",
    "rating": "8",
    "author": "tjdd****",
    "review_id": "9267977",
    "movie_id": "44044"
  },
  {
    "review": "ost듣다가 영화도 보았습니다. 정말 감동적이고 좋았는데 성우가 조금 아쉬운 영화였습니다. 전문 성우를 썼었으면 더 애절했을텐데.",
    "date": "14.09.21",
    "rating": "10",
    "author": "tebl****",
    "review_id": "9233035",
    "movie_id": "44044"
  },
  {
    "review": "옛날에 어떤마을에 아싸!!",
    "date": "14.09.14",
    "rating": "10",
    "author": "answ****",
    "review_id": "9214440",
    "movie_id": "44044"
  },
  {
    "review": "구미호너무 귀여워요~ 스토리도 너무 좋구요 하지만 쪼금 아쉬워요 아무래도 구미호 같은 경우에는 좀더 귀엽고 성숙한 목소리가 돋보여야 좋은 데 약간 생쥐의 기질이 보였 어요~^^",
    "date": "14.08.31",
    "rating": "10",
    "author": "min1****",
    "review_id": "9149210",
    "movie_id": "44044"
  },
  {
    "review": "내가 젤  좋아하는 애니메이션",
    "date": "14.08.30",
    "rating": "10",
    "author": "dock****",
    "review_id": "9146452",
    "movie_id": "44044"
  },
  {
    "review": "진심 작화와 캐릭터 디자인은 짱짱 좋은데 성우가 망쳤다.. 성우만 좋았으면 개인적으로 제일 좋아했던 작품....",
    "date": "14.08.20",
    "rating": "6",
    "author": "yh98****",
    "review_id": "9116083",
    "movie_id": "44044"
  },
  {
    "review": "무난한 스토리에, 무난한 감동.. 결말은 살짝 슬프다.. 그리고 나는.. 손예진 목소리 연기 좋았는데.. ^^;;;",
    "date": "14.08.20",
    "rating": "7",
    "author": "self****",
    "review_id": "9114586",
    "movie_id": "44044"
  },
  {
    "review": "스토리도 좋고 2006년이라고 안믿겨지는 아름다운작화에 반햇는데 애들 목소리가... 연예인을 쓰지않앗다면 완벽한 영화일것같네요 그래도 여운을 남겨주는 좋은영화라고 생각합니다",
    "date": "14.08.17",
    "rating": "9",
    "author": "deri****",
    "review_id": "9099411",
    "movie_id": "44044"
  },
  {
    "review": "솔찍히 목소리자채만들으면 쫌이상하긴했지만 영화채널밑에 계속 손예진더빙 이런글떠서  방해되긴했음 암튼 감동",
    "date": "14.08.12",
    "rating": "10",
    "author": "moon****",
    "review_id": "9074704",
    "movie_id": "44044"
  },
  {
    "review": "목소리가 이상하지만 재미있네여",
    "date": "14.08.11",
    "rating": "10",
    "author": "skpc****",
    "review_id": "9068423",
    "movie_id": "44044"
  },
  {
    "review": "연예인을 왜쓰냐 ㅋㅋㅋ  성우가 괜히 성우가 아닌데 말여... 화면이랑 따로 노는 목소리가  집중을 흐린다",
    "date": "14.08.11",
    "rating": "5",
    "author": "dsm5****",
    "review_id": "9068407",
    "movie_id": "44044"
  },
  {
    "review": "아이들과 보기 좋은 영화네요 많이 아쉬운 점은 연예인들말고 성우 분들 써주세요 제발",
    "date": "14.08.11",
    "rating": "1",
    "author": "yesl****",
    "review_id": "9068401",
    "movie_id": "44044"
  },
  {
    "review": "괜찮은 영화이지만 성우가 미스네요. 솔직히 연예인을 성우로 쓰는건 돈낭비라고 봅니다",
    "date": "14.08.11",
    "rating": "4",
    "author": "tjsd****",
    "review_id": "9068298",
    "movie_id": "44044"
  },
  {
    "review": "연예인따위 쓰지말고 제발 전문 성우들을 쓰라고! 멍청이들아!",
    "date": "14.08.10",
    "rating": "1",
    "author": "ske4****",
    "review_id": "9061666",
    "movie_id": "44044"
  },
  {
    "review": "그림좋고 내용도 상징적으로 가슴 먹먹해지게 좋았다. 하지만 구조, 재미가 미흡했고 무엇보다 성우가 미스.",
    "date": "14.08.03",
    "rating": "5",
    "author": "nji6****",
    "review_id": "9019226",
    "movie_id": "44044"
  },
  {
    "review": "내인생의 최고의 영화중 한편!!",
    "date": "14.08.03",
    "rating": "10",
    "author": "idol****",
    "review_id": "9012586",
    "movie_id": "44044"
  },
  {
    "review": "몽환적인 애니메이션을 좋아하는데 정말...7년이 지난 중2가 되어서도 잊지못한 애니메이션...",
    "date": "14.08.01",
    "rating": "10",
    "author": "hkc6****",
    "review_id": "9003905",
    "movie_id": "44044"
  },
  {
    "review": "한국작품이라기믿기지않을정도로 작품성이 뛰어난 영화인것 같습니다 무척 인상적이네요 스토리를 조금만 다듬는다면 정말 좋은작품이 될것같은데.. 높게 평가하는만큼 아쉬움도 많습니다",
    "date": "14.07.30",
    "rating": "9",
    "author": "sooi****",
    "review_id": "8986307",
    "movie_id": "44044"
  },
  {
    "review": "캐릭터랑 목소리가안맞는느낌이지만 그래도잘봤습니다ㅎㅎ",
    "date": "14.07.26",
    "rating": "8",
    "author": "gkdu****",
    "review_id": "8962318",
    "movie_id": "44044"
  },
  {
    "review": "여우비는 어린여운데 안그래도 저음에 나이많은 손예진 목소리가.. 뜨아ㅋ 하지만 영상미는 좋았음 한국 애니의 발전을 기대해봄",
    "date": "14.07.24",
    "rating": "10",
    "author": "ari1****",
    "review_id": "8949755",
    "movie_id": "44044"
  },
  {
    "review": "지금은  고딩인  남동생 이 초등학생일때 대리고 극장가서 봤는데... 엉엉 울던 동생의 모습을 잊을 수가 없다.. 내게도 어렸던 동생에게도 큰 여운으로 남았던 애니메이션...",
    "date": "14.07.23",
    "rating": "7",
    "author": "lybl****",
    "review_id": "8941300",
    "movie_id": "44044"
  },
  {
    "review": "내가 본 영화중 슬프고재밌고더 나왔으면 하는 영화는 처음이다..",
    "date": "14.07.20",
    "rating": "10",
    "author": "peh0****",
    "review_id": "8936528",
    "movie_id": "44044"
  },
  {
    "review": "보고 울뻔했습니다 ㅠㅠ",
    "date": "14.07.06",
    "rating": "10",
    "author": "dnjs****",
    "review_id": "8890986",
    "movie_id": "44044"
  },
  {
    "review": "영화는 좋은데 성우는 좋지않는다... 일본 성우 목소리 들었다면 완전한 대박을 날것 같았다..내가 보는 애니중에 제일 감동있고 뭔가 신비롭고 표현할수 없는 무엇과가 있다 이 < 천년여우 여우비 >를 보고 난후에..",
    "date": "14.06.18",
    "rating": "10",
    "author": "n___****",
    "review_id": "8837897",
    "movie_id": "44044"
  },
  {
    "review": "굳 아주아주 재밋고 감동적",
    "date": "14.06.14",
    "rating": "10",
    "author": "rshr****",
    "review_id": "8830345",
    "movie_id": "44044"
  },
  {
    "review": "볼만한데 스토리가 약간 아쉽네요ㅎ",
    "date": "14.06.07",
    "rating": "10",
    "author": "zxok****",
    "review_id": "8809343",
    "movie_id": "44044"
  },
  {
    "review": "만화영화 보면서 아름답고 순수하다 생각한적은 처음이었는데 다만 성우가 너무 노답.... 연예인 성우랑 전문 성우랑너무 차이난다. 개인적으로 전문성우로 다시 더빙해주면 다시 한번 보게될거 같다.",
    "date": "14.06.06",
    "rating": "8",
    "author": "saru****",
    "review_id": "8804067",
    "movie_id": "44044"
  },
  {
    "review": "완전 감동적이에요! ^^",
    "date": "14.06.05",
    "rating": "10",
    "author": "naml****",
    "review_id": "8798555",
    "movie_id": "44044"
  },
  {
    "review": "제일 마지막 여우비 영혼빠져나가는 장면은 진짜 한국 애니역사상 최고의 장면이었음. 쓸데없는 쓸모없는 외계인같은거 안넣고 다른걸로 대체했다면 훨씬 좋았을것같은데... OST는 아주 좋음",
    "date": "14.06.01",
    "rating": "8",
    "author": "ask2****",
    "review_id": "8785002",
    "movie_id": "44044"
  },
  {
    "review": "이거 리메이크해서 재개봉하면 안되나요.도서도 다시 좀 팔고",
    "date": "14.05.06",
    "rating": "10",
    "author": "mh01****",
    "review_id": "8709448",
    "movie_id": "44044"
  },
  {
    "review": "제가 초등학교 때 여우비 처음 보고나서 너무 재밌어서 4번을 봤고요.지금 고딩인데도 TV 다시보기로 또 봐버렸네요. 너무너무 재밌어요 !!지금까지 본 모든 애니 중에 가장 재밌는 것 같아요. 보고 또 보게 되는 애니매이션 여우비 짱짱맨.",
    "date": "14.05.05",
    "rating": "10",
    "author": "gtw0****",
    "review_id": "8707180",
    "movie_id": "44044"
  },
  {
    "review": "몇년전에 나온 여우비가 김치워리어보다 1000배는 낫다.. 노답 김치워리어 ㅉㅉ",
    "date": "14.05.03",
    "rating": "10",
    "author": "rebo****",
    "review_id": "8697256",
    "movie_id": "44044"
  },
  {
    "review": "너무너무 ㅡㄹ펏음. 영혼 얘기할때",
    "date": "14.04.29",
    "rating": "10",
    "author": "twot****",
    "review_id": "8681784",
    "movie_id": "44044"
  },
  {
    "review": "흑흑흑흑늣그스그스그슥",
    "date": "14.04.26",
    "rating": "10",
    "author": "rlad****",
    "review_id": "8674670",
    "movie_id": "44044"
  },
  {
    "review": "초6 때 본 영화인데 연예인 더빙인줄 지금 알았네",
    "date": "14.04.10",
    "rating": "9",
    "author": "dahy****",
    "review_id": "8640818",
    "movie_id": "44044"
  },
  {
    "review": "너무 슬펏던것 같아요 이거 나온년도가 제가 11살때 인데. 세월도 세월인지 내용은. 구체적으로 잘기억하지는 않지만요",
    "date": "14.03.29",
    "rating": "7",
    "author": "aabb****",
    "review_id": "8613952",
    "movie_id": "44044"
  },
  {
    "review": "아 뭔가 너무... 너무 아쉬움이 남는다. 그림도 스토리도 뭔가 살짝 아쉽다.. 조금만 더 부드럽게 다듬어서 재개봉했으면 좋겠다..ㅠㅠ 그리고 아 진짜 제발 연예인 쓰지 말자 전문성우 놔두고 연예인 ㅡㅡ 마당을나온암탉도 성우때문에 화내면서 봤는데 아",
    "date": "14.03.28",
    "rating": "7",
    "author": "ddon****",
    "review_id": "8612420",
    "movie_id": "44044"
  },
  {
    "review": "흐엥 감동 흐어어어어ㅓ이ㅏ",
    "date": "14.03.26",
    "rating": "10",
    "author": "dydd****",
    "review_id": "8608628",
    "movie_id": "44044"
  },
  {
    "review": "무엇보다도 감동적이였습니다... 초2부터 지금까지 매일 명장면이라도 꼭 챙겨봅니다. 성우가 좀 아쉽고, 도중에 대사가 안들려도(옛날이라...), 성우를 바꾸면 그 목소리들이 그리울듯.. 제발2나왔으면.09년도에 생긴다는데 그후로 5년동안 기다림...",
    "date": "14.03.25",
    "rating": "10",
    "author": "suhu****",
    "review_id": "8606121",
    "movie_id": "44044"
  },
  {
    "review": "굿굿..베리베리굿...",
    "date": "14.03.20",
    "rating": "10",
    "author": "jinh****",
    "review_id": "8590181",
    "movie_id": "44044"
  },
  {
    "review": "하..  슬퍼요 전 원래 잘 안 우는 성격인데..영화같은건 울컥도 안 하는 데이거보고 눈물방울이 하나..",
    "date": "14.03.13",
    "rating": "9",
    "author": "pixx****",
    "review_id": "8573554",
    "movie_id": "44044"
  },
  {
    "review": "정말 연애인 더빙만 없었더라면 최고인데....",
    "date": "14.03.08",
    "rating": "10",
    "author": "chj0****",
    "review_id": "8562139",
    "movie_id": "44044"
  },
  {
    "review": "어린애 한테서 어떻게 허스키한 어른 목소리가 나오는거지? 정말 연예인 더빙좀 하지마라  연기자들이 연기는 잘하는데 목소리는 별로인 사람 많은거 모르냐",
    "date": "14.03.02",
    "rating": "3",
    "author": "han4****",
    "review_id": "8552480",
    "movie_id": "44044"
  },
  {
    "review": "재미짐2나오면좋겠음(그럴린없지만)",
    "date": "14.02.21",
    "rating": "10",
    "author": "rjsg****",
    "review_id": "8525054",
    "movie_id": "44044"
  },
  {
    "review": "어렸을 떄 본 기억이 있는데 재미 있게 봤었다. ㅎ",
    "date": "14.02.15",
    "rating": "10",
    "author": "pc59****",
    "review_id": "8509486",
    "movie_id": "44044"
  },
  {
    "review": "아직도 기억나는 영화 감동적이였다",
    "date": "14.02.09",
    "rating": "10",
    "author": "wjdw****",
    "review_id": "8490856",
    "movie_id": "44044"
  },
  {
    "review": "언제 여우비2탄 이나올까여..빨리 보고싶어요 ㅠㅠ",
    "date": "14.01.30",
    "rating": "10",
    "author": "dnr5****",
    "review_id": "8447940",
    "movie_id": "44044"
  },
  {
    "review": "정말 좋은데.. 진짜 좋은데.. 전문 성우만 썼으면 10점..",
    "date": "14.01.14",
    "rating": "9",
    "author": "lroi****",
    "review_id": "8383195",
    "movie_id": "44044"
  },
  {
    "review": "감동이었어요 최고였어요ㅠㅠㅠ",
    "date": "14.01.12",
    "rating": "10",
    "author": "jkco****",
    "review_id": "8377122",
    "movie_id": "44044"
  },
  {
    "review": "여우비 살짝 엑소의 시우민 닮은거 같다..나만 그런가..??",
    "date": "14.01.08",
    "rating": "10",
    "author": "dltp****",
    "review_id": "8362106",
    "movie_id": "44044"
  },
  {
    "review": "여우가 참 여우주연상감이네요",
    "date": "14.01.07",
    "rating": "10",
    "author": "ht62****",
    "review_id": "8358803",
    "movie_id": "44044"
  },
  {
    "review": "극중 박준하씨의 와꾸가 아주 인싱적이네요",
    "date": "14.01.07",
    "rating": "10",
    "author": "cdw0****",
    "review_id": "8358802",
    "movie_id": "44044"
  },
  {
    "review": "이거 좋음ㅋ엄청좋음ㅋㅋㅋ",
    "date": "13.12.28",
    "rating": "10",
    "author": "cgw1****",
    "review_id": "8316592",
    "movie_id": "44044"
  },
  {
    "review": "아이들의 순수한 사랑을 정말 잘 표현한 것 같다ㅠㅠ 너무 아름답다",
    "date": "13.12.25",
    "rating": "10",
    "author": "lge0****",
    "review_id": "8296813",
    "movie_id": "44044"
  },
  {
    "review": "영상은 이쁜데 뭔가 스토리가 부실한듯 러닝타임을 짧게하려고 그런거같기도하고 글구 너무 나이먹어서 봤다ㅠ",
    "date": "13.12.23",
    "rating": "7",
    "author": "rhfl****",
    "review_id": "8280861",
    "movie_id": "44044"
  },
  {
    "review": "왜 영혼이 갇혀버린 건지는 모르겠지만 재밌었어요.",
    "date": "13.12.22",
    "rating": "10",
    "author": "dmsq****",
    "review_id": "8269774",
    "movie_id": "44044"
  },
  {
    "review": "너무 예쁘고 감동적인 영화다♥",
    "date": "13.12.15",
    "rating": "10",
    "author": "sara****",
    "review_id": "8215494",
    "movie_id": "44044"
  },
  {
    "review": "성우가 좀 그랬지만 10점",
    "date": "13.11.26",
    "rating": "10",
    "author": "flam****",
    "review_id": "8170039",
    "movie_id": "44044"
  },
  {
    "review": "즐겁게 본것 같다 ;다만 아쉬운 부분을 보완 하면 더 흥행 햇을 거라는 생각이 든다;",
    "date": "13.11.06",
    "rating": "10",
    "author": "hhs8****",
    "review_id": "8118215",
    "movie_id": "44044"
  }
]