[
  {
    "review": "4차원이다 진짜 무슨내용인지 모르겠지만 색감이 너무 좋다",
    "date": "15.06.03",
    "rating": "4",
    "author": "ny__****",
    "review_id": "9971689",
    "movie_id": "44043"
  },
  {
    "review": "보는내내 신선하고 독특해서 정말 시간 가는줄몰랐다. 재밌는 요소와 판타지를 가미해서 스토리를 떠나 새롭게 느껴지는 영화 였다. 남주와 여주의 사랑스런 러브스토리.",
    "date": "14.10.04",
    "rating": "10",
    "author": "bonn****",
    "review_id": "9260648",
    "movie_id": "44043"
  },
  {
    "review": "유쾌상쾌한 신세대 동화.",
    "date": "13.10.17",
    "rating": "9",
    "author": "tear****",
    "review_id": "8066085",
    "movie_id": "44043"
  },
  {
    "review": "재밌어요",
    "date": "13.06.02",
    "rating": "7",
    "author": "chee****",
    "review_id": "7573451",
    "movie_id": "44043"
  },
  {
    "review": "난 할머니 환생이 토나와 ㅡ ㅡ왜하필 진의 뱃속이야그 얘기가 영화전체를 깍아먹었음",
    "date": "13.01.18",
    "rating": "3",
    "author": "surh****",
    "review_id": "7129797",
    "movie_id": "44043"
  },
  {
    "review": "변방의 아이디어로 무장하다.",
    "date": "12.09.30",
    "rating": "4",
    "author": "pria****",
    "review_id": "6745063",
    "movie_id": "44043"
  },
  {
    "review": "와안전 내스타일ㅋㅋ",
    "date": "12.09.23",
    "rating": "10",
    "author": "byul****",
    "review_id": "6727094",
    "movie_id": "44043"
  },
  {
    "review": "특이해 보이려고만 애쓴 영화. 여주인공의 학예회수준 연기도 안습. 졸면서 본 몇 안되는 영화들중 하나.",
    "date": "12.09.22",
    "rating": "3",
    "author": "jieu****",
    "review_id": "6719472",
    "movie_id": "44043"
  },
  {
    "review": "재밌게 봤네요 ㅎㅎ. 이런 스타일의 영화 정말 좋아합니다.",
    "date": "12.09.22",
    "rating": "10",
    "author": "psj4****",
    "review_id": "6719068",
    "movie_id": "44043"
  },
  {
    "review": "태국영화중 최근들어 가장 훌륭하다고 생각하는 작품 누구에게나 꼭 추천하고 싶네요",
    "date": "12.06.24",
    "rating": "10",
    "author": "supe****",
    "review_id": "6412575",
    "movie_id": "44043"
  },
  {
    "review": "영화의 퀄리티가 정말 돋보이고 감독의 노력과 땀이 확연히 느껴지는 작품이라고생각!",
    "date": "12.04.08",
    "rating": "9",
    "author": "haek****",
    "review_id": "6201631",
    "movie_id": "44043"
  },
  {
    "review": "영화분위기가 약간 우울하네, 그래도 후반부 노을씬에서 감동",
    "date": "11.10.22",
    "rating": "8",
    "author": "kweo****",
    "review_id": "5802248",
    "movie_id": "44043"
  },
  {
    "review": "창의력넘친다.. 색다르고 독튼한 영화. 신선한느낌이 든다. 간혹 나오는 유머가 굿",
    "date": "11.08.19",
    "rating": "9",
    "author": "dogc****",
    "review_id": "5669469",
    "movie_id": "44043"
  },
  {
    "review": "뭐가 뭔지 모르겠지만, 뛰어난 색채와 기발한 상상력땜에 후하게 별점 준다.",
    "date": "11.04.23",
    "rating": "6",
    "author": "jp47****",
    "review_id": "5388521",
    "movie_id": "44043"
  },
  {
    "review": "색채와 영상은 스타일리쉬하지만 전개는 지루.........",
    "date": "11.01.24",
    "rating": "8",
    "author": "son9****",
    "review_id": "5181094",
    "movie_id": "44043"
  },
  {
    "review": "글쎄................",
    "date": "10.12.27",
    "rating": "5",
    "author": "cand****",
    "review_id": "5093907",
    "movie_id": "44043"
  },
  {
    "review": "기대 안하고 봤는데 진짜 독특하고 재밌고 훈훈한 결말 ㅋㅋ 남자주인공 멋있다~",
    "date": "10.07.26",
    "rating": "10",
    "author": "elod****",
    "review_id": "4672137",
    "movie_id": "44043"
  },
  {
    "review": "여러모로 재미있었습니다~",
    "date": "10.07.07",
    "rating": "9",
    "author": "dino****",
    "review_id": "4620053",
    "movie_id": "44043"
  },
  {
    "review": "미쓰라진",
    "date": "10.06.20",
    "rating": "6",
    "author": "bbq2****",
    "review_id": "4578869",
    "movie_id": "44043"
  },
  {
    "review": "기대이하.... 평점이좀높은듯",
    "date": "10.06.04",
    "rating": "4",
    "author": "flyh****",
    "review_id": "4544183",
    "movie_id": "44043"
  },
  {
    "review": "상큼 발랄 신비 개그..!! 톡톡 튀는 영화.",
    "date": "10.04.29",
    "rating": "10",
    "author": "ishu****",
    "review_id": "4465065",
    "movie_id": "44043"
  },
  {
    "review": "완전 내 스타일..감각이 뛰어나다!!",
    "date": "10.03.16",
    "rating": "10",
    "author": "dywj****",
    "review_id": "4361997",
    "movie_id": "44043"
  },
  {
    "review": "가장 좋아하는 영화다.",
    "date": "10.01.24",
    "rating": "10",
    "author": "h_ei****",
    "review_id": "4204744",
    "movie_id": "44043"
  },
  {
    "review": "꿈꾸는영화, 강추!",
    "date": "10.01.05",
    "rating": "10",
    "author": "lhr1****",
    "review_id": "4134852",
    "movie_id": "44043"
  },
  {
    "review": "강렬한 색채만으로 이끌기엔 스토리의 몰입도가 너무 떨어진다 지루해",
    "date": "09.12.23",
    "rating": "5",
    "author": "fair****",
    "review_id": "4072319",
    "movie_id": "44043"
  },
  {
    "review": "주제가로 쓰인 Modern Dog의 노래 껀(before) 자주 자주 듣고 있다",
    "date": "09.10.15",
    "rating": "8",
    "author": "pado****",
    "review_id": "3894086",
    "movie_id": "44043"
  },
  {
    "review": "사랑스러움을 이끌어내는 인공미가 결국엔 날 슬프게 하네.",
    "date": "09.09.19",
    "rating": "5",
    "author": "kkot****",
    "review_id": "3839493",
    "movie_id": "44043"
  },
  {
    "review": "미친센스 ㅋㅋㅋㅋ",
    "date": "09.07.20",
    "rating": "10",
    "author": "gamj****",
    "review_id": "3649032",
    "movie_id": "44043"
  },
  {
    "review": "최고...연출이 정말 멋졌다. 태국을 다시 보게 된다",
    "date": "09.06.15",
    "rating": "10",
    "author": "zoo4****",
    "review_id": "3566881",
    "movie_id": "44043"
  },
  {
    "review": "상큼한데 어린엄마에피소드는슬프다 ㅠㅠㅠㅠㅠㅠ",
    "date": "09.03.23",
    "rating": "10",
    "author": "tige****",
    "review_id": "3384235",
    "movie_id": "44043"
  },
  {
    "review": "아멜리에 태국판같은 느낌. 엉뚱하면서 재미있는 사랑이야기",
    "date": "09.03.09",
    "rating": "8",
    "author": "nala****",
    "review_id": "3356270",
    "movie_id": "44043"
  },
  {
    "review": "완전 귀엽고 이쁜 영화",
    "date": "09.03.03",
    "rating": "10",
    "author": "sunn****",
    "review_id": "3345394",
    "movie_id": "44043"
  },
  {
    "review": "다소 지루하지만 불교적이며, 사랑, 배경이 아름다운 판타지 코믹 멜로물.",
    "date": "09.01.15",
    "rating": "8",
    "author": "gksq****",
    "review_id": "3222140",
    "movie_id": "44043"
  },
  {
    "review": "느낌이 괜찮다.  이런 느낌 정말 좋다 ㅋ",
    "date": "08.12.14",
    "rating": "8",
    "author": "dodl****",
    "review_id": "3117877",
    "movie_id": "44043"
  },
  {
    "review": "뭔가 아쉽다.. 영화는 좋았음",
    "date": "08.12.14",
    "rating": "8",
    "author": "dhqj****",
    "review_id": "3115701",
    "movie_id": "44043"
  },
  {
    "review": "음악, 색감 영상이 넘이쁜영화 ㅎㅎ",
    "date": "08.12.11",
    "rating": "10",
    "author": "heer****",
    "review_id": "3108560",
    "movie_id": "44043"
  },
  {
    "review": "유쾌하게 봤다! 색감도 넘 예뻤음",
    "date": "08.11.30",
    "rating": "10",
    "author": "rudn****",
    "review_id": "3081262",
    "movie_id": "44043"
  },
  {
    "review": "볼만한. 여운남는 오프닝 노래 (영화보는 내내 떠나지 않는 미쓰라진+김병만 퓨젼)",
    "date": "08.11.19",
    "rating": "8",
    "author": "stak****",
    "review_id": "3059279",
    "movie_id": "44043"
  },
  {
    "review": "태국이라 낮설다 생각지 마라, 결국 우리 모습.",
    "date": "08.09.28",
    "rating": "9",
    "author": "moah****",
    "review_id": "2973222",
    "movie_id": "44043"
  },
  {
    "review": "태국 영화도 볼 만했다ㅎㅎ",
    "date": "08.09.16",
    "rating": "9",
    "author": "soru****",
    "review_id": "2951277",
    "movie_id": "44043"
  },
  {
    "review": "참 유쾌했던 작품",
    "date": "08.09.16",
    "rating": "10",
    "author": "man0****",
    "review_id": "2951018",
    "movie_id": "44043"
  },
  {
    "review": "이거 와전 좋아하는 영환데~ 추석떄 티비에서 해줘서 좋았어요! 상상력 짱!",
    "date": "08.09.16",
    "rating": "10",
    "author": "popp****",
    "review_id": "2950989",
    "movie_id": "44043"
  },
  {
    "review": "난 재밌던데 ㅎㅎ",
    "date": "08.09.16",
    "rating": "10",
    "author": "read****",
    "review_id": "2950764",
    "movie_id": "44043"
  },
  {
    "review": "진짜 재미있다ㅎㅎㅎㅎㅎ",
    "date": "08.09.16",
    "rating": "10",
    "author": "kill****",
    "review_id": "2950673",
    "movie_id": "44043"
  },
  {
    "review": "현실을 벗어난 '초현실주의'지만, 사실 해학적 의미는 현실적이다.",
    "date": "08.09.16",
    "rating": "10",
    "author": "dkek****",
    "review_id": "2950384",
    "movie_id": "44043"
  },
  {
    "review": "아무리봐도 미쓰라 닮았어 ㅋㅋㅋㅋㅋ 색감 최고~",
    "date": "08.09.16",
    "rating": "8",
    "author": "ckdd****",
    "review_id": "2949800",
    "movie_id": "44043"
  },
  {
    "review": "미쓰라닮은남자주인공 'ㅁ'",
    "date": "08.09.15",
    "rating": "6",
    "author": "317k****",
    "review_id": "2947387",
    "movie_id": "44043"
  },
  {
    "review": "독특함이 후반부로 갈수록 따분함에 묻혀버린다",
    "date": "08.08.28",
    "rating": "5",
    "author": "iren****",
    "review_id": "2906826",
    "movie_id": "44043"
  },
  {
    "review": "나만 이영화를 이해못했구나...",
    "date": "08.08.24",
    "rating": "2",
    "author": "dypd****",
    "review_id": "2898710",
    "movie_id": "44043"
  },
  {
    "review": "예쁜 포장지로 곱게 싸놓은것만 같은...",
    "date": "08.07.29",
    "rating": "9",
    "author": "tige****",
    "review_id": "2813694",
    "movie_id": "44043"
  },
  {
    "review": "특이한데.저렴한 화면이 참 이뻐보인다는.결국 자연보호??",
    "date": "08.07.22",
    "rating": "10",
    "author": "n_nu****",
    "review_id": "2792162",
    "movie_id": "44043"
  },
  {
    "review": "의외의 판타지성 의외의 태국영화 + 평점 좀만 올리자 + 남주인공 미쓰라진 닮았다",
    "date": "08.04.15",
    "rating": "10",
    "author": "alex****",
    "review_id": "2581769",
    "movie_id": "44043"
  },
  {
    "review": "창의력.",
    "date": "08.02.22",
    "rating": "10",
    "author": "urti****",
    "review_id": "2470991",
    "movie_id": "44043"
  },
  {
    "review": "내가 지금까지 본 영화중에 영상이 가장 이쁜영화.색이 정말 너무너무 예쁘다.",
    "date": "08.02.11",
    "rating": "8",
    "author": "bsbl****",
    "review_id": "2436967",
    "movie_id": "44043"
  },
  {
    "review": "사랑의 의미를 찾아가는 저렴한 판타지",
    "date": "08.01.16",
    "rating": "7",
    "author": "visk****",
    "review_id": "2335651",
    "movie_id": "44043"
  },
  {
    "review": "기대이상... 나름대로 꽤 독특했다...",
    "date": "08.01.12",
    "rating": "7",
    "author": "evil****",
    "review_id": "2321912",
    "movie_id": "44043"
  },
  {
    "review": "색감과 기발함은 독특했는데 왜 난 지루했지?",
    "date": "07.11.07",
    "rating": "8",
    "author": "kism****",
    "review_id": "2137611",
    "movie_id": "44043"
  },
  {
    "review": "색감이 너무 좋다.엉뚱한 상상으로 전개되는 이야기와 엔딩도 맘에든다",
    "date": "07.09.05",
    "rating": "10",
    "author": "1pim****",
    "review_id": "2002551",
    "movie_id": "44043"
  },
  {
    "review": "영화는 거짓말을 하지 않는다.",
    "date": "07.08.26",
    "rating": "7",
    "author": "subt****",
    "review_id": "1979872",
    "movie_id": "44043"
  },
  {
    "review": "색감은 예쁜데. 그냥 그래. 영화 본 뒤 소감은, \"그래서 어쩌라고\"",
    "date": "07.08.19",
    "rating": "4",
    "author": "nahy****",
    "review_id": "1958099",
    "movie_id": "44043"
  },
  {
    "review": "독특한 영상미에 기발한 소재들, 그치만 조금은 힘없는 스토리",
    "date": "07.05.20",
    "rating": "7",
    "author": "1986****",
    "review_id": "1647775",
    "movie_id": "44043"
  },
  {
    "review": "탈색된 현실들과의 알록달록 사랑 행진",
    "date": "07.03.18",
    "rating": "6",
    "author": "rine****",
    "review_id": "1540005",
    "movie_id": "44043"
  },
  {
    "review": "사랑스럽다 기발한 상상력도 좋고 음악도 굳 ♡",
    "date": "07.03.15",
    "rating": "9",
    "author": "milk****",
    "review_id": "1535136",
    "movie_id": "44043"
  },
  {
    "review": "기대이하.평작이다. 뛰어난 면도 떨어지는 면도 없는..걍 뭐 걍",
    "date": "07.02.08",
    "rating": "5",
    "author": "mnzm****",
    "review_id": "1455049",
    "movie_id": "44043"
  },
  {
    "review": "세상은 어둡지만, 색깔과 사랑은 빛났다.",
    "date": "06.12.26",
    "rating": "8",
    "author": "joey****",
    "review_id": "1331125",
    "movie_id": "44043"
  },
  {
    "review": "무엇하나 색다르지 않은것이없다.통통튀는색감도 좋다",
    "date": "06.11.13",
    "rating": "8",
    "author": "moon****",
    "review_id": "1231159",
    "movie_id": "44043"
  },
  {
    "review": "음악 중독된다. 근데 내용이 너무 지루해.영상은 예쁨",
    "date": "06.10.30",
    "rating": "8",
    "author": "onga****",
    "review_id": "1206869",
    "movie_id": "44043"
  },
  {
    "review": "방콕 갈 땐 꼬리 달고 가세요. 그리고, 등산화 팝니다. 010-...",
    "date": "06.10.27",
    "rating": "10",
    "author": "nano****",
    "review_id": "1202333",
    "movie_id": "44043"
  },
  {
    "review": "내가 찾던 바로 그 영화 !",
    "date": "06.10.25",
    "rating": "10",
    "author": "siro****",
    "review_id": "1199115",
    "movie_id": "44043"
  },
  {
    "review": "팟의 사랑스러운 정신세계",
    "date": "06.10.03",
    "rating": "10",
    "author": "woou****",
    "review_id": "1155857",
    "movie_id": "44043"
  },
  {
    "review": "멋집니다!! ^ㅇ^",
    "date": "06.09.18",
    "rating": "10",
    "author": "huna****",
    "review_id": "1131579",
    "movie_id": "44043"
  },
  {
    "review": "형형색색 색채감있는 영상미가 인상적인 영화..",
    "date": "06.08.28",
    "rating": "7",
    "author": "gall****",
    "review_id": "1087223",
    "movie_id": "44043"
  },
  {
    "review": "화려한 비주얼, 멋진 음악, 도시 속 사람과 사랑에 관한 판타지",
    "date": "06.08.09",
    "rating": "7",
    "author": "lks3****",
    "review_id": "987908",
    "movie_id": "44043"
  },
  {
    "review": "분위기 괜찮네요",
    "date": "06.08.02",
    "rating": "9",
    "author": "mssu****",
    "review_id": "957586",
    "movie_id": "44043"
  },
  {
    "review": "상큼한 아멜리에의 환상과 달리 분열증적이고 키치적이다",
    "date": "06.08.01",
    "rating": "5",
    "author": "nasd****",
    "review_id": "954491",
    "movie_id": "44043"
  },
  {
    "review": "이런영화첨이다..환상적인색채감, 위트,완성도까지..다좋다!",
    "date": "06.07.31",
    "rating": "9",
    "author": "sumi****",
    "review_id": "949364",
    "movie_id": "44043"
  },
  {
    "review": "음악이 좋았다.. 상큼함도 좋았구..",
    "date": "06.07.26",
    "rating": "9",
    "author": "vuud****",
    "review_id": "923605",
    "movie_id": "44043"
  },
  {
    "review": "꿈 같은 영화.",
    "date": "06.07.26",
    "rating": "7",
    "author": "alre****",
    "review_id": "923368",
    "movie_id": "44043"
  },
  {
    "review": "기발함 음악좋음. 색감등. 참 좋게 본 영화임 남자배우 멋져요.",
    "date": "06.07.24",
    "rating": "9",
    "author": "ssae****",
    "review_id": "918791",
    "movie_id": "44043"
  },
  {
    "review": "음악 은근 중독성 강함~ 색감 최고~~",
    "date": "06.07.23",
    "rating": "9",
    "author": "liqu****",
    "review_id": "915016",
    "movie_id": "44043"
  },
  {
    "review": "참신상큼신선! 태국영화도 재밌구나!",
    "date": "06.07.11",
    "rating": "9",
    "author": "asha****",
    "review_id": "884206",
    "movie_id": "44043"
  },
  {
    "review": "신기하면서 예쁘고 귀엽고_ 싱거우면서 재밌다",
    "date": "06.07.02",
    "rating": "8",
    "author": "yk55****",
    "review_id": "867163",
    "movie_id": "44043"
  },
  {
    "review": "첨으로본태국영화.상상력풍부한사랑스런영화.아멜리에보다훨훨남",
    "date": "06.07.02",
    "rating": "10",
    "author": "oioi****",
    "review_id": "866870",
    "movie_id": "44043"
  },
  {
    "review": "재미있을것 같다가.... 서서히 졸림..._ _;",
    "date": "06.07.02",
    "rating": "4",
    "author": "fabi****",
    "review_id": "866631",
    "movie_id": "44043"
  },
  {
    "review": "첨으로 본 태국영화... 신선하고 참으로 독특한...ㅎㅎ",
    "date": "06.06.20",
    "rating": "7",
    "author": "carm****",
    "review_id": "850518",
    "movie_id": "44043"
  },
  {
    "review": "몽환적인 분위기가 일품~영화음악 은근히 중독성 있는..",
    "date": "06.06.19",
    "rating": "10",
    "author": "leeh****",
    "review_id": "850160",
    "movie_id": "44043"
  },
  {
    "review": "풍부한 상상력과 화려한 색채감각,, 은근히 웃게만드는 영화~",
    "date": "06.06.15",
    "rating": "8",
    "author": "icec****",
    "review_id": "844852",
    "movie_id": "44043"
  },
  {
    "review": "발상이 독특했던..너무 재밌었다 크크",
    "date": "06.05.31",
    "rating": "10",
    "author": "bozz****",
    "review_id": "825645",
    "movie_id": "44043"
  },
  {
    "review": "최고!!!!!!!",
    "date": "06.05.29",
    "rating": "10",
    "author": "andy****",
    "review_id": "821428",
    "movie_id": "44043"
  },
  {
    "review": "상업적인 영화는 거리가 있는듯.. 그러나 색채감은 줄이는데..",
    "date": "06.05.27",
    "rating": "1",
    "author": "lshp****",
    "review_id": "818881",
    "movie_id": "44043"
  },
  {
    "review": "2000년도의 한국영화를 보는듯한 풋풋함",
    "date": "06.05.25",
    "rating": "8",
    "author": "175r****",
    "review_id": "815004",
    "movie_id": "44043"
  },
  {
    "review": "계속되는 넘 예쁜 색채! 아기자기한 위트의 상큼한 영화!",
    "date": "06.05.23",
    "rating": "8",
    "author": "rabb****",
    "review_id": "812743",
    "movie_id": "44043"
  },
  {
    "review": "상상력의 극한!!!!!!!!!!1",
    "date": "06.05.21",
    "rating": "10",
    "author": "tjdw****",
    "review_id": "809631",
    "movie_id": "44043"
  },
  {
    "review": "재미있는 상상력때문에 좋았던...",
    "date": "06.05.20",
    "rating": "9",
    "author": "isj9****",
    "review_id": "808318",
    "movie_id": "44043"
  },
  {
    "review": "나쁘지 않다",
    "date": "06.05.18",
    "rating": "6",
    "author": "yuji****",
    "review_id": "805065",
    "movie_id": "44043"
  },
  {
    "review": "예쁘고 환상적이며 생각할 여지가 있는 너무 잘 만든 영화!!!!",
    "date": "06.05.14",
    "rating": "10",
    "author": "do_u****",
    "review_id": "800194",
    "movie_id": "44043"
  },
  {
    "review": "내사랑!",
    "date": "06.05.05",
    "rating": "10",
    "author": "yya1****",
    "review_id": "787756",
    "movie_id": "44043"
  },
  {
    "review": "삶이 마법이 된 영화",
    "date": "06.04.07",
    "rating": "10",
    "author": "sayy****",
    "review_id": "752332",
    "movie_id": "44043"
  },
  {
    "review": "아기자기한 상상력에 너무나 즐거웠던 영화",
    "date": "06.04.06",
    "rating": "10",
    "author": "moon****",
    "review_id": "751042",
    "movie_id": "44043"
  },
  {
    "review": "wow~  색채가 정말 아름다웠던.. 음악도good :D",
    "date": "06.03.30",
    "rating": "9",
    "author": "pink****",
    "review_id": "741259",
    "movie_id": "44043"
  }
]