[
  {
    "review": "이란 영화군 글쎄...",
    "date": "14.05.26",
    "rating": "8",
    "author": "534k****",
    "review_id": "8767837",
    "movie_id": "44098"
  },
  {
    "review": "이란 영화의 감동은 말로 표현 할 수가 없다!!",
    "date": "12.07.13",
    "rating": "10",
    "author": "alls****",
    "review_id": "6475464",
    "movie_id": "44098"
  },
  {
    "review": "구렛나루의 압박",
    "date": "10.05.03",
    "rating": "1",
    "author": "jymi****",
    "review_id": "4476868",
    "movie_id": "44098"
  },
  {
    "review": "또 다시 시작되는 암흑.",
    "date": "09.09.06",
    "rating": "7",
    "author": "caca****",
    "review_id": "3814513",
    "movie_id": "44098"
  },
  {
    "review": "좀 깬다.........",
    "date": "09.07.17",
    "rating": "6",
    "author": "lohe****",
    "review_id": "3642515",
    "movie_id": "44098"
  },
  {
    "review": "아직 다는 못받지만 천국의아이들 만든 사람이라서 그런지 잼있다 ㅋㅋ",
    "date": "07.12.17",
    "rating": "7",
    "author": "minj****",
    "review_id": "2239924",
    "movie_id": "44098"
  }
]