[
  {
    "review": "너무 뻔한 알레고리. 진부한 메세지. 진지함을 가장한 키치적뮤지컬은 키치도 진지함도 그 어느 쪽도 못되고.... 부실한 내면의 콘텐츠는 스타일로 포장할 수없다. 총체적인 망작....",
    "date": "15.03.29",
    "rating": "2",
    "author": "stem****",
    "review_id": "9815470",
    "movie_id": "44097"
  },
  {
    "review": "수박은 물이 될 수 없다. 식욕은 성욕을 채울 수 없다. 섹스는 사랑을 채울 수 없다.",
    "date": "14.03.24",
    "rating": "4",
    "author": "jhl0****",
    "review_id": "8604605",
    "movie_id": "44097"
  },
  {
    "review": "ㅋㅋㅋㅋㅋㅋㅋㅋㅋㅋㅋㅋㅋㅋㅋㅋㅋㅋㅋㅋ",
    "date": "13.08.06",
    "rating": "1",
    "author": "tjrl****",
    "review_id": "7851144",
    "movie_id": "44097"
  },
  {
    "review": "기발했지만 지루하다. 게다가 재미도 없다. 그다지 볼것도 없다.",
    "date": "11.10.16",
    "rating": "5",
    "author": "sipj****",
    "review_id": "5792932",
    "movie_id": "44097"
  },
  {
    "review": "신선했다",
    "date": "10.10.28",
    "rating": "10",
    "author": "qmqm****",
    "review_id": "4924773",
    "movie_id": "44097"
  },
  {
    "review": "무미건조한 공기만 가득차다",
    "date": "10.10.15",
    "rating": "2",
    "author": "goms****",
    "review_id": "4904226",
    "movie_id": "44097"
  },
  {
    "review": "네이버 평점 아쉽고 슬프다",
    "date": "10.07.17",
    "rating": "10",
    "author": "shjt****",
    "review_id": "4647381",
    "movie_id": "44097"
  },
  {
    "review": "대만산이나 일본 AV영화보다 배우의 연기, 각본의 내용, 감독의 자질이 크게 떨어진다",
    "date": "10.06.27",
    "rating": "1",
    "author": "jnlu****",
    "review_id": "4594146",
    "movie_id": "44097"
  },
  {
    "review": "뮤지컬 형식은 굉장히 좋았는데 무슨 야동이냐,,,",
    "date": "09.09.11",
    "rating": "7",
    "author": "leem****",
    "review_id": "3824835",
    "movie_id": "44097"
  },
  {
    "review": "예술영화를 무조건 옹호하면 이러한 결과물이 나온다.",
    "date": "09.08.06",
    "rating": "5",
    "author": "paus****",
    "review_id": "3716943",
    "movie_id": "44097"
  },
  {
    "review": "보는 이마저 고립시켜버리는, 갈데까지 가버린 단절. 영화속 뮤지컬 형식은 좋다.",
    "date": "09.06.17",
    "rating": "5",
    "author": "kkot****",
    "review_id": "3571002",
    "movie_id": "44097"
  },
  {
    "review": "끝없는 목마름을 해소하는 파격. 너무 극단적이야.",
    "date": "08.12.01",
    "rating": "5",
    "author": "hadl****",
    "review_id": "3084575",
    "movie_id": "44097"
  },
  {
    "review": "남는건 수박",
    "date": "08.06.21",
    "rating": "6",
    "author": "yasu****",
    "review_id": "2712385",
    "movie_id": "44097"
  },
  {
    "review": "수박광고영화 올여름수박어캐먹냐 ㅠㅠ",
    "date": "08.05.19",
    "rating": "2",
    "author": "wlsd****",
    "review_id": "2651970",
    "movie_id": "44097"
  },
  {
    "review": "거 참 왜 수박덩이가? 희안하네",
    "date": "08.04.29",
    "rating": "6",
    "author": "kos4****",
    "review_id": "2604571",
    "movie_id": "44097"
  },
  {
    "review": "고독과 외로움의 끝에... 사랑. 목마름의 끝은 사랑의 시작.",
    "date": "08.02.03",
    "rating": "8",
    "author": "ey36****",
    "review_id": "2403790",
    "movie_id": "44097"
  },
  {
    "review": "좋은데, 좀 그래...",
    "date": "07.09.30",
    "rating": "8",
    "author": "grea****",
    "review_id": "2062078",
    "movie_id": "44097"
  },
  {
    "review": "아 토할거 같어",
    "date": "07.07.27",
    "rating": "1",
    "author": "syhl****",
    "review_id": "1816221",
    "movie_id": "44097"
  },
  {
    "review": "고상한 이기주의, 예술. 난 분명 못느꼈다.",
    "date": "07.05.13",
    "rating": "5",
    "author": "sspi****",
    "review_id": "1635441",
    "movie_id": "44097"
  },
  {
    "review": "장르를 넘나드는 차이 밍량의 냉소.",
    "date": "07.04.12",
    "rating": "6",
    "author": "jals****",
    "review_id": "1585288",
    "movie_id": "44097"
  },
  {
    "review": "이 영화 좋다. 타이틀이 올라가면서 든 생각. 이유 없음.",
    "date": "07.03.20",
    "rating": "8",
    "author": "orac****",
    "review_id": "1545012",
    "movie_id": "44097"
  },
  {
    "review": "섹스 얘기만 나오면 예술?",
    "date": "07.03.18",
    "rating": "2",
    "author": "veva****",
    "review_id": "1541421",
    "movie_id": "44097"
  },
  {
    "review": "웃기는 판타지 영화라 여길지 모르겠으나, 예술공헌만큼은 굿.",
    "date": "07.03.02",
    "rating": "10",
    "author": "lhcg****",
    "review_id": "1513816",
    "movie_id": "44097"
  },
  {
    "review": "수박과 물이라.. 섹스는 수단일 뿐, 물(사랑)이 될 순 없다.",
    "date": "07.03.02",
    "rating": "10",
    "author": "leeh****",
    "review_id": "1513815",
    "movie_id": "44097"
  },
  {
    "review": "갈증나는 포르노 코메디... 영화'쾌락의 공범자들'이 생각난다.",
    "date": "07.02.25",
    "rating": "8",
    "author": "heod****",
    "review_id": "1500829",
    "movie_id": "44097"
  },
  {
    "review": "뮤지컬장면 아니면 아마 끝까지 못봤을듯...",
    "date": "07.02.24",
    "rating": "3",
    "author": "ghos****",
    "review_id": "1498083",
    "movie_id": "44097"
  },
  {
    "review": "내 정서로는 이해할 수없는 그냥 야한영화",
    "date": "07.02.23",
    "rating": "5",
    "author": "gynt****",
    "review_id": "1496805",
    "movie_id": "44097"
  },
  {
    "review": "치열하고 슬픈 차이밍랑식 영화",
    "date": "07.01.09",
    "rating": "7",
    "author": "znzn****",
    "review_id": "1368953",
    "movie_id": "44097"
  },
  {
    "review": "잘못된 사랑을 배운 자, 사랑을 만나다...",
    "date": "06.12.23",
    "rating": "6",
    "author": "juck****",
    "review_id": "1316661",
    "movie_id": "44097"
  },
  {
    "review": "별로.",
    "date": "06.12.11",
    "rating": "5",
    "author": "ch1s****",
    "review_id": "1284477",
    "movie_id": "44097"
  },
  {
    "review": "비 없이 영화를 만들 줄 아는 감독",
    "date": "06.12.09",
    "rating": "8",
    "author": "qweb****",
    "review_id": "1278006",
    "movie_id": "44097"
  },
  {
    "review": "느린 진행은 충격적인 화면도 일상처럼 받아들이게 한다",
    "date": "06.10.28",
    "rating": "3",
    "author": "okjo****",
    "review_id": "1203172",
    "movie_id": "44097"
  },
  {
    "review": "갈증해소엔 수박도, 물도, 아닌 케토레이",
    "date": "06.10.10",
    "rating": "4",
    "author": "chw0****",
    "review_id": "1175139",
    "movie_id": "44097"
  },
  {
    "review": "독특하긴 한데...잠안올때 보세요~ 직빵입니다.",
    "date": "06.09.22",
    "rating": "6",
    "author": "doll****",
    "review_id": "1137649",
    "movie_id": "44097"
  },
  {
    "review": "수박, 포르노배우, PET병, 물, 그리고... 물끄러미 바라보다!",
    "date": "06.09.03",
    "rating": "7",
    "author": "goma****",
    "review_id": "1098650",
    "movie_id": "44097"
  },
  {
    "review": "좀 쉽게 만들어라 제길.. 성질급한 놈은 대체 보질 못하겠다..",
    "date": "06.07.21",
    "rating": "4",
    "author": "plan****",
    "review_id": "910715",
    "movie_id": "44097"
  },
  {
    "review": "외롭고 서글픈 영화, 그런데 왜 가위질을 하나요?",
    "date": "06.06.18",
    "rating": "9",
    "author": "pols****",
    "review_id": "848415",
    "movie_id": "44097"
  },
  {
    "review": "무삭제 안 야하네.....수박밖에 기억에 안남아",
    "date": "06.06.15",
    "rating": "2",
    "author": "gall****",
    "review_id": "844586",
    "movie_id": "44097"
  },
  {
    "review": "차이밍량의 기존 팬들을 위해 점점 더 침잠 침잠...",
    "date": "06.05.31",
    "rating": "6",
    "author": "soul****",
    "review_id": "825578",
    "movie_id": "44097"
  },
  {
    "review": "이질감느끼는척했지만속으로는다받아들인...-_-",
    "date": "06.05.15",
    "rating": "9",
    "author": "rkdt****",
    "review_id": "800702",
    "movie_id": "44097"
  },
  {
    "review": "접점을 좇는 수평선, 편견을 없애면 그 의미에 전율하게 된다",
    "date": "06.05.15",
    "rating": "10",
    "author": "oop0****",
    "review_id": "800645",
    "movie_id": "44097"
  },
  {
    "review": "뜨거울수록 현실은 차갑다.",
    "date": "06.04.26",
    "rating": "7",
    "author": "jimi****",
    "review_id": "775817",
    "movie_id": "44097"
  },
  {
    "review": "이 영화를 보기위해서는 충분한 집중력이 필요할 것이다.",
    "date": "06.04.07",
    "rating": "6",
    "author": "arti****",
    "review_id": "751238",
    "movie_id": "44097"
  },
  {
    "review": "센세이션만으로 영화를 만들려는 것...",
    "date": "06.03.31",
    "rating": "1",
    "author": "tolb****",
    "review_id": "741982",
    "movie_id": "44097"
  },
  {
    "review": "보고싶어 죽겠다고 생각했다가 빨리 안끝나 죽고싶어질 영화...",
    "date": "06.03.26",
    "rating": "5",
    "author": "sepe****",
    "review_id": "735538",
    "movie_id": "44097"
  },
  {
    "review": "뮤지컬로 사회비판적으로도 다 훌륭한 영화.",
    "date": "06.03.24",
    "rating": "10",
    "author": "slam****",
    "review_id": "731232",
    "movie_id": "44097"
  },
  {
    "review": "오르가즘에 대한 심오하고도 깊은 성찰이라 해두자,,",
    "date": "06.03.20",
    "rating": "10",
    "author": "leeh****",
    "review_id": "725989",
    "movie_id": "44097"
  },
  {
    "review": "구멍이후 최고의 차이밍량표 영화",
    "date": "06.03.17",
    "rating": "10",
    "author": "kino****",
    "review_id": "719811",
    "movie_id": "44097"
  },
  {
    "review": "그래도 뮤지컬 장면은 참으로 인상적이더이다",
    "date": "06.03.15",
    "rating": "9",
    "author": "jude****",
    "review_id": "717393",
    "movie_id": "44097"
  },
  {
    "review": "밑에분에 한표~~나도 야한영화좋아하지만..이건 아니야",
    "date": "06.02.26",
    "rating": "1",
    "author": "qpqp****",
    "review_id": "692673",
    "movie_id": "44097"
  },
  {
    "review": "정신병자들은 10점 주겠군..ㅡ ㅡ 후후~",
    "date": "06.02.18",
    "rating": "1",
    "author": "gums****",
    "review_id": "679296",
    "movie_id": "44097"
  },
  {
    "review": "우리나라 등급심사위원들이 쓰레기라는걸 이 영화를 보면",
    "date": "06.02.09",
    "rating": "9",
    "author": "inja****",
    "review_id": "656402",
    "movie_id": "44097"
  },
  {
    "review": "갈증은 물의 문제가 아니다. 물에 대한 욕망의 문제다.",
    "date": "06.02.03",
    "rating": "10",
    "author": "guru****",
    "review_id": "643731",
    "movie_id": "44097"
  },
  {
    "review": "목마르냐??? 물은 셀프다",
    "date": "06.01.12",
    "rating": "1",
    "author": "ago1****",
    "review_id": "581720",
    "movie_id": "44097"
  },
  {
    "review": "정말, 이 영화를 왜 봤을까 후회된다.. 상은 왜 받은 거야..?",
    "date": "06.01.04",
    "rating": "1",
    "author": "cjyc****",
    "review_id": "558085",
    "movie_id": "44097"
  },
  {
    "review": "이 영화 왜 보지??",
    "date": "06.01.01",
    "rating": "1",
    "author": "hkc8****",
    "review_id": "550760",
    "movie_id": "44097"
  },
  {
    "review": "갈증=고독=성욕??차이밍량이 말하고자하는건 사랑이 아니라 성욕",
    "date": "05.12.22",
    "rating": "6",
    "author": "linu****",
    "review_id": "519637",
    "movie_id": "44097"
  },
  {
    "review": "이 영화를 뭐 때문에 보는지 이해가 안된다.",
    "date": "05.12.22",
    "rating": "3",
    "author": "mrgh****",
    "review_id": "519503",
    "movie_id": "44097"
  },
  {
    "review": "ㅡㅡ; 왜 화가나지",
    "date": "05.12.18",
    "rating": "2",
    "author": "drap****",
    "review_id": "511746",
    "movie_id": "44097"
  },
  {
    "review": "이영화는 존경받아야한다 그들에게 박수를 보내야한다",
    "date": "05.12.08",
    "rating": "10",
    "author": "tcpt****",
    "review_id": "497860",
    "movie_id": "44097"
  },
  {
    "review": "별로. 정말로 별로.. 뮤지컬? 글쎄",
    "date": "05.11.30",
    "rating": "6",
    "author": "jeeb****",
    "review_id": "489472",
    "movie_id": "44097"
  },
  {
    "review": "이게 예술영화인지는 모르겠으나 적성에 안맞네...",
    "date": "05.11.30",
    "rating": "3",
    "author": "bles****",
    "review_id": "489250",
    "movie_id": "44097"
  },
  {
    "review": "보는내내 불쾌한 느낌",
    "date": "05.11.24",
    "rating": "4",
    "author": "blue****",
    "review_id": "483984",
    "movie_id": "44097"
  },
  {
    "review": "노골적인 장면이 오히려 영화를 망치는 결과",
    "date": "05.11.24",
    "rating": "5",
    "author": "mare****",
    "review_id": "483566",
    "movie_id": "44097"
  },
  {
    "review": "기대보다는 못하지만 그래도 좋은 영화. 무삭제 개봉가능할까",
    "date": "05.10.23",
    "rating": "8",
    "author": "mrz1****",
    "review_id": "452372",
    "movie_id": "44097"
  },
  {
    "review": "올해 피프때 본것중에 제일 재밌었다.",
    "date": "05.10.13",
    "rating": "10",
    "author": "pbad****",
    "review_id": "441130",
    "movie_id": "44097"
  },
  {
    "review": "그의 갈증에 감사한다.",
    "date": "05.10.10",
    "rating": "10",
    "author": "greg****",
    "review_id": "439267",
    "movie_id": "44097"
  },
  {
    "review": "입맛이 헛헛해서 베스킨의 레인보우 샤베트로 달래고 왔다.",
    "date": "05.10.10",
    "rating": "1",
    "author": "da_a****",
    "review_id": "438790",
    "movie_id": "44097"
  },
  {
    "review": "인물들의 미묘한 묘사가 일품인것 같다..",
    "date": "05.10.08",
    "rating": "8",
    "author": "kuxd****",
    "review_id": "436983",
    "movie_id": "44097"
  }
]