[
  {
    "review": "단연 최고라 할수있습니다. 꼭 보세요..",
    "date": "14.08.16",
    "rating": "10",
    "author": "sixy****",
    "review_id": "9097585",
    "movie_id": "44096"
  },
  {
    "review": "최고의 영화입니다..",
    "date": "14.06.17",
    "rating": "10",
    "author": "2k75****",
    "review_id": "8837533",
    "movie_id": "44096"
  },
  {
    "review": "인도의 비극. 우리도 한 때는 거의 비숫한 수준 일 듯",
    "date": "14.03.26",
    "rating": "10",
    "author": "clie****",
    "review_id": "8607293",
    "movie_id": "44096"
  },
  {
    "review": "인도만이 가지고 있는 아름다움과 추악함을 동시에... 신이 진실이 아니라, 진실이 신이다.  -간디",
    "date": "13.11.16",
    "rating": "7",
    "author": "bbq2****",
    "review_id": "8145004",
    "movie_id": "44096"
  },
  {
    "review": "너무나도 슬픈 영화..",
    "date": "13.10.10",
    "rating": "10",
    "author": "alem****",
    "review_id": "8050758",
    "movie_id": "44096"
  },
  {
    "review": "기쁨은 기쁘지 못하게, 슬픔은 슬프지 못하게. 그래도 문제제기가 있고 재미가 있다. 용광로 같은 영화.",
    "date": "13.06.16",
    "rating": "10",
    "author": "dusk****",
    "review_id": "7645494",
    "movie_id": "44096"
  },
  {
    "review": "요즘 인도영화매력에 빠져서 하나씩 보기시작했다 정보가없어 평점과리뷰에만 의존해서 기대만땅하고 봤는데 기대가큰탓인지재밌는줄거리에 비해 너무 잔잔하게 흐러가는듯해서 감동은 크진않았지만 지루하진않았다",
    "date": "13.03.17",
    "rating": "8",
    "author": "lede****",
    "review_id": "7356076",
    "movie_id": "44096"
  },
  {
    "review": "종교는 명목일 뿐이고 모든게 다 돈때문이다",
    "date": "13.01.07",
    "rating": "10",
    "author": "fash****",
    "review_id": "7089847",
    "movie_id": "44096"
  },
  {
    "review": "정말 잘 만든 영화",
    "date": "12.11.04",
    "rating": "10",
    "author": "aom_****",
    "review_id": "6856235",
    "movie_id": "44096"
  },
  {
    "review": "이런악습이 사라지기를",
    "date": "12.10.29",
    "rating": "10",
    "author": "kind****",
    "review_id": "6834055",
    "movie_id": "44096"
  },
  {
    "review": "여자.. 무슨 죄야.. ㅠㅠㅠㅠㅠㅠㅠㅠㅠ",
    "date": "12.09.27",
    "rating": "7",
    "author": "sugi****",
    "review_id": "6737502",
    "movie_id": "44096"
  },
  {
    "review": "다시 한번 종교를 생각하게 해주는 영화",
    "date": "12.05.10",
    "rating": "10",
    "author": "o_lu****",
    "review_id": "6286844",
    "movie_id": "44096"
  },
  {
    "review": "내용도 좋지만 일단 비주얼이 훈훈하네요...",
    "date": "12.02.19",
    "rating": "10",
    "author": "mees****",
    "review_id": "6088119",
    "movie_id": "44096"
  },
  {
    "review": "긴 여운을 남기는 영화네요.",
    "date": "12.02.15",
    "rating": "10",
    "author": "ckj2****",
    "review_id": "6077241",
    "movie_id": "44096"
  },
  {
    "review": "마음이 먹먹해져서 다시 볼 수 없을것 같은 영화",
    "date": "12.02.15",
    "rating": "10",
    "author": "holi****",
    "review_id": "6076298",
    "movie_id": "44096"
  },
  {
    "review": "힘이 불균형한 상태의 진리란 얼마나 이기적인지! 비인간적 도덕성을 통한 폭력..",
    "date": "12.02.13",
    "rating": "9",
    "author": "3ali****",
    "review_id": "6072235",
    "movie_id": "44096"
  },
  {
    "review": "진실이 종교라는말....눈물나네요",
    "date": "12.02.11",
    "rating": "10",
    "author": "lara****",
    "review_id": "6066904",
    "movie_id": "44096"
  },
  {
    "review": "종교가 없는 곳이 바로 천국",
    "date": "12.01.12",
    "rating": "10",
    "author": "mool****",
    "review_id": "5979660",
    "movie_id": "44096"
  },
  {
    "review": "진실을 보기 어렵다. 그리고 진실이라고 여기는 것을 살아내기는 더욱 어렵다",
    "date": "11.06.09",
    "rating": "8",
    "author": "25jo****",
    "review_id": "5473420",
    "movie_id": "44096"
  },
  {
    "review": "단순하고 정직한 연출이지만 마음을 흔든다.",
    "date": "11.02.20",
    "rating": "7",
    "author": "hadl****",
    "review_id": "5258371",
    "movie_id": "44096"
  },
  {
    "review": "어쩐지 열대나무도 그렇고 바라나시가 바라나시 같지가 않더라...",
    "date": "11.02.12",
    "rating": "9",
    "author": "huks****",
    "review_id": "5239267",
    "movie_id": "44096"
  },
  {
    "review": "아직도 어둠에 묶여 사는 그땅을 위해 기도하며",
    "date": "11.01.01",
    "rating": "10",
    "author": "mslc****",
    "review_id": "5111047",
    "movie_id": "44096"
  },
  {
    "review": "세상의 다양한 삶의 종교적 믿음과 진실 사이에서 많은 것을 생각하게 하는 영화.",
    "date": "10.10.02",
    "rating": "8",
    "author": "utha****",
    "review_id": "4881268",
    "movie_id": "44096"
  },
  {
    "review": "최고",
    "date": "10.09.12",
    "rating": "10",
    "author": "yoon****",
    "review_id": "4830681",
    "movie_id": "44096"
  },
  {
    "review": "영화 좋네요..^^ 마음도 짠하고.. 주연 배우들도 너무 멋집니다!",
    "date": "10.09.05",
    "rating": "10",
    "author": "ecla****",
    "review_id": "4817346",
    "movie_id": "44096"
  },
  {
    "review": "악습되어온 믿음과 신념은 진실의 적이라네...",
    "date": "10.08.26",
    "rating": "10",
    "author": "sooh****",
    "review_id": "4792685",
    "movie_id": "44096"
  },
  {
    "review": "여태본 인도영화중에 완성도가 가장 높지 않았나 하는.. 잔잔한 감동..추천합니다",
    "date": "10.08.15",
    "rating": "10",
    "author": "fedr****",
    "review_id": "4749005",
    "movie_id": "44096"
  },
  {
    "review": "로미오와 줄리엣을 생각했다면 잔잔한 지루함에 충격을... 그리고 간디는 위대한가..",
    "date": "10.06.20",
    "rating": "6",
    "author": "amy0****",
    "review_id": "4578225",
    "movie_id": "44096"
  },
  {
    "review": "거짓 신앙이 주는 악습을 잘 표현한 수작. 그러나 에수님은 우리에게 진리를 주셨다.",
    "date": "10.05.12",
    "rating": "10",
    "author": "pete****",
    "review_id": "4494292",
    "movie_id": "44096"
  },
  {
    "review": "종교의 허울 속에 갇혀 사는 어리석은 영혼들을 위하여",
    "date": "10.04.27",
    "rating": "8",
    "author": "bles****",
    "review_id": "4460765",
    "movie_id": "44096"
  },
  {
    "review": "평점 주기가 조심스러운 심도깊은 영화.",
    "date": "10.04.22",
    "rating": "8",
    "author": "met1****",
    "review_id": "4447930",
    "movie_id": "44096"
  },
  {
    "review": "무엇이 진실인지, 무엇이 믿음인지 알게 해주는- 너무 오랜만에 감동을 주는 영화",
    "date": "10.04.04",
    "rating": "10",
    "author": "skyb****",
    "review_id": "4410272",
    "movie_id": "44096"
  },
  {
    "review": "영화 잘만들었네요...조용하고 잔잔하지만 하나도 지루하지않게 봤어요...",
    "date": "10.03.26",
    "rating": "10",
    "author": "mako****",
    "review_id": "4387637",
    "movie_id": "44096"
  },
  {
    "review": "현재 상영중이네... 정말 감동적으로 봤던 영화인데..",
    "date": "10.03.26",
    "rating": "10",
    "author": "idir****",
    "review_id": "4387466",
    "movie_id": "44096"
  },
  {
    "review": "나라얀 멋있고 훌륭한 사람이네요..힌두,이슬람 여자들 정말 말할 수 없이 불쌍함",
    "date": "10.03.26",
    "rating": "10",
    "author": "chee****",
    "review_id": "4387438",
    "movie_id": "44096"
  },
  {
    "review": "정말 재밌게 봤습니다...눈물...",
    "date": "10.03.19",
    "rating": "10",
    "author": "idiq****",
    "review_id": "4367494",
    "movie_id": "44096"
  },
  {
    "review": "여러번 다시 보고싶게 만든 영화~",
    "date": "10.03.17",
    "rating": "10",
    "author": "leey****",
    "review_id": "4363731",
    "movie_id": "44096"
  },
  {
    "review": "신이 진리가 아니라 진리가 신이다. 부디 후생엔 과부의 굴레에서 벗어나길..",
    "date": "10.03.14",
    "rating": "7",
    "author": "kusa****",
    "review_id": "4355354",
    "movie_id": "44096"
  },
  {
    "review": "그 모든 이름없이 살다간 여인들에게 .....................",
    "date": "10.03.13",
    "rating": "10",
    "author": "baul****",
    "review_id": "4354016",
    "movie_id": "44096"
  },
  {
    "review": "굳",
    "date": "10.03.12",
    "rating": "10",
    "author": "by_h****",
    "review_id": "4351929",
    "movie_id": "44096"
  },
  {
    "review": "눈물나~화이팅!",
    "date": "10.03.11",
    "rating": "10",
    "author": "gree****",
    "review_id": "4349424",
    "movie_id": "44096"
  },
  {
    "review": "깊은 감동에 크레딧이 다 올라갈때까지 움직일 수 없었다. 오랜만에 영화보고 눈물이.",
    "date": "10.03.10",
    "rating": "10",
    "author": "lady****",
    "review_id": "4348666",
    "movie_id": "44096"
  },
  {
    "review": "그냥 지나치기엔 너무나 소중한 영화. 가족, 친구 누구에게도 추천하고픈 영화!!",
    "date": "10.03.09",
    "rating": "9",
    "author": "jard****",
    "review_id": "4346802",
    "movie_id": "44096"
  },
  {
    "review": "깨끗하고 맑다...그런데 여자라서그런지 참 갑갑했다......",
    "date": "10.03.09",
    "rating": "6",
    "author": "sptl****",
    "review_id": "4345326",
    "movie_id": "44096"
  },
  {
    "review": "2001년에도 인도의 인권, 종교, 인식, 관습, 신분 등의 문제가 복잡하게 얽혀있구만.",
    "date": "10.03.06",
    "rating": "6",
    "author": "kos4****",
    "review_id": "4338925",
    "movie_id": "44096"
  },
  {
    "review": "어린아이의 시선으로 풀어내어 더 감동이 있었던것 같습니다..",
    "date": "10.03.05",
    "rating": "6",
    "author": "eunk****",
    "review_id": "4335550",
    "movie_id": "44096"
  },
  {
    "review": "강추! 종교, 전통 이런 골치아픈 얘기를 재미있고 감동적으로 그린 명작!",
    "date": "10.03.04",
    "rating": "8",
    "author": "ilea****",
    "review_id": "4334527",
    "movie_id": "44096"
  },
  {
    "review": "과부팔자 과부가 안다...휴~",
    "date": "10.03.04",
    "rating": "9",
    "author": "ttlb****",
    "review_id": "4334357",
    "movie_id": "44096"
  },
  {
    "review": "불합리한 관습과 종교 교리에 구속당하는 인도 여인들의 가혹한 삶을 그린 드라마",
    "date": "10.03.02",
    "rating": "7",
    "author": "egyp****",
    "review_id": "4329971",
    "movie_id": "44096"
  },
  {
    "review": "오랫만에 좋은 영화네요, 감동입니다.",
    "date": "10.02.26",
    "rating": "10",
    "author": "dood****",
    "review_id": "4319910",
    "movie_id": "44096"
  },
  {
    "review": "오랜만에 마음이 따뜻해지는 영화!! 인도영화는 생소한데 어렵지 않게 다가갔네요~",
    "date": "10.02.25",
    "rating": "10",
    "author": "love****",
    "review_id": "4316644",
    "movie_id": "44096"
  },
  {
    "review": "인도영화는 볼때마다 놀랍습니다. 감동을 주는 영화네요.. 꼭 보세요..",
    "date": "10.02.25",
    "rating": "10",
    "author": "mcoo****",
    "review_id": "4316590",
    "movie_id": "44096"
  },
  {
    "review": "여자분들이라면 특히- 꼭 보셔야하는 영화",
    "date": "10.02.25",
    "rating": "10",
    "author": "chef****",
    "review_id": "4316574",
    "movie_id": "44096"
  },
  {
    "review": "감동적이네요..ㅜㅜ",
    "date": "10.02.25",
    "rating": "9",
    "author": "nbki****",
    "review_id": "4316504",
    "movie_id": "44096"
  },
  {
    "review": "드디어 개봉하네요! 제가 최고로 꼽은 라스트 씬 영화중 하나입니다.",
    "date": "10.02.25",
    "rating": "9",
    "author": "ilea****",
    "review_id": "4316005",
    "movie_id": "44096"
  },
  {
    "review": "인도영화는 처음인데..매력에 빠졌네여..아쉬람 적극추천!",
    "date": "10.02.24",
    "rating": "10",
    "author": "alwa****",
    "review_id": "4315377",
    "movie_id": "44096"
  },
  {
    "review": "이건 대박 영화다. 쭈이야 깔랴니 연기 장난 아니다.헐",
    "date": "10.02.24",
    "rating": "10",
    "author": "jjsm****",
    "review_id": "4315365",
    "movie_id": "44096"
  },
  {
    "review": "올만에 멜로 봤는데 찡~하네요 추천합니다!!",
    "date": "10.02.24",
    "rating": "10",
    "author": "disp****",
    "review_id": "4315355",
    "movie_id": "44096"
  },
  {
    "review": "감동",
    "date": "10.02.24",
    "rating": "10",
    "author": "wnsq****",
    "review_id": "4315352",
    "movie_id": "44096"
  },
  {
    "review": "나 감동 먹었어!! 눈물 났다구!! 이런게 영화지!!!",
    "date": "10.02.24",
    "rating": "10",
    "author": "agda****",
    "review_id": "4315345",
    "movie_id": "44096"
  },
  {
    "review": "쭈이야~이름이 계속 귓전에~!! 어두운 내용을 밝게 이끌고가는 연출력이 돋보입니다~",
    "date": "10.02.24",
    "rating": "10",
    "author": "prev****",
    "review_id": "4315344",
    "movie_id": "44096"
  },
  {
    "review": "간만에 감동을 느낀영화..",
    "date": "10.02.24",
    "rating": "10",
    "author": "bado****",
    "review_id": "4315339",
    "movie_id": "44096"
  },
  {
    "review": "인도영화!! 아쉬람!! 괜히 발리우드란 말이 나오는게 아닙니다!!",
    "date": "10.02.24",
    "rating": "8",
    "author": "inla****",
    "review_id": "4315334",
    "movie_id": "44096"
  },
  {
    "review": "2010년의 인도에서는 이런 사랑이 없길...",
    "date": "10.02.24",
    "rating": "10",
    "author": "jbar****",
    "review_id": "4315328",
    "movie_id": "44096"
  },
  {
    "review": "남자가 아닌 한 인간으로서 봐야할 영화, 아쉬람....",
    "date": "10.02.24",
    "rating": "10",
    "author": "ausf****",
    "review_id": "4314404",
    "movie_id": "44096"
  },
  {
    "review": "처음엔지루할수있으나초반의장면들이가진의미가드러나면서잔잔함속에매력이있는영화",
    "date": "10.02.23",
    "rating": "8",
    "author": "sjfo****",
    "review_id": "4311788",
    "movie_id": "44096"
  },
  {
    "review": "우연히 보고 깜짝 놀란 영화. 아름답고 슬프다. 진정.",
    "date": "10.02.22",
    "rating": "10",
    "author": "wind****",
    "review_id": "4308613",
    "movie_id": "44096"
  },
  {
    "review": "재미와 감동을 동시에 느낄 수 있는 흔치않은 영화... 꼭 보시길...",
    "date": "10.02.19",
    "rating": "10",
    "author": "icya****",
    "review_id": "4300804",
    "movie_id": "44096"
  },
  {
    "review": "왜남자한테 보란거지;",
    "date": "10.02.17",
    "rating": "6",
    "author": "4676****",
    "review_id": "4293966",
    "movie_id": "44096"
  },
  {
    "review": "굿 아닌데?",
    "date": "10.02.10",
    "rating": "1",
    "author": "dltl****",
    "review_id": "4266932",
    "movie_id": "44096"
  },
  {
    "review": "무엇을 위해 살고 있습니까?",
    "date": "08.04.27",
    "rating": "8",
    "author": "shmr****",
    "review_id": "2602425",
    "movie_id": "44096"
  },
  {
    "review": "최고",
    "date": "08.02.05",
    "rating": "10",
    "author": "swtt****",
    "review_id": "2410833",
    "movie_id": "44096"
  },
  {
    "review": "good",
    "date": "07.12.04",
    "rating": "3",
    "author": "cles****",
    "review_id": "2205205",
    "movie_id": "44096"
  },
  {
    "review": "볼만",
    "date": "07.10.07",
    "rating": "4",
    "author": "ysuh****",
    "review_id": "2077128",
    "movie_id": "44096"
  },
  {
    "review": "잊혀지지 않는 영상과 함께..... 슬픔...",
    "date": "07.09.07",
    "rating": "10",
    "author": "fres****",
    "review_id": "2007071",
    "movie_id": "44096"
  },
  {
    "review": "정말 말하고 싶은 메세지가 무엇인지 제대로 보여주는 영화...",
    "date": "07.08.05",
    "rating": "10",
    "author": "masa****",
    "review_id": "1882472",
    "movie_id": "44096"
  },
  {
    "review": "여기서 태어난게 그나마 다행스럽게 느껴지는.. 좀 느리긴 하지만 좋은영화",
    "date": "07.07.30",
    "rating": "10",
    "author": "spri****",
    "review_id": "1826604",
    "movie_id": "44096"
  },
  {
    "review": "감동도 있고 좋은 영화라 생각되지만, 너무 느려 보기 힘들었다.",
    "date": "07.07.21",
    "rating": "6",
    "author": "caca****",
    "review_id": "1797379",
    "movie_id": "44096"
  },
  {
    "review": "이땅의  여성들 남성들이봐야할영화.신이 진실이 아니라 진실이 곧 신이다.",
    "date": "07.07.17",
    "rating": "10",
    "author": "whm1****",
    "review_id": "1783811",
    "movie_id": "44096"
  },
  {
    "review": "꼭다시보고싶은 영화  이런영화가 많이 만들어져야된다는 생각이 듭니다",
    "date": "07.07.16",
    "rating": "10",
    "author": "zksd****",
    "review_id": "1782453",
    "movie_id": "44096"
  },
  {
    "review": "아.. 40자로는 도저히 다 못써요..꼭 다시 보고싶은 영홥니다..",
    "date": "07.05.22",
    "rating": "10",
    "author": "alay****",
    "review_id": "1650998",
    "movie_id": "44096"
  },
  {
    "review": "억압받는 틀, 살아가는 인간 그 속의 이야기들 ..",
    "date": "06.09.29",
    "rating": "10",
    "author": "00ks****",
    "review_id": "1149002",
    "movie_id": "44096"
  },
  {
    "review": "힘있는 대사와 화면, 주제에 대한 다각적 이해와 탁월한 엔딩.",
    "date": "06.04.26",
    "rating": "9",
    "author": "namr****",
    "review_id": "776690",
    "movie_id": "44096"
  },
  {
    "review": "흥행성보다는 작품성이 돋보이는 영화",
    "date": "06.03.07",
    "rating": "10",
    "author": "stev****",
    "review_id": "707860",
    "movie_id": "44096"
  },
  {
    "review": "여성을 화나게 하는 영화,슬프게 하는 영화,사랑하게 하는 영화",
    "date": "05.12.01",
    "rating": "10",
    "author": "alon****",
    "review_id": "491007",
    "movie_id": "44096"
  },
  {
    "review": "영화를 좋아하는 사람or 여자라면,꼭 봐야할 영화.",
    "date": "05.11.05",
    "rating": "10",
    "author": "pret****",
    "review_id": "465363",
    "movie_id": "44096"
  },
  {
    "review": "개봉이 되면 꼭 보시길 바래요. 여자분들이라면 특히-",
    "date": "05.10.11",
    "rating": "9",
    "author": "86ju****",
    "review_id": "440332",
    "movie_id": "44096"
  },
  {
    "review": "너무나 멋진영화. 당신이 여성이라면 꼭! 보세요~",
    "date": "05.10.11",
    "rating": "9",
    "author": "mnms****",
    "review_id": "439625",
    "movie_id": "44096"
  }
]