[
  {
    "review": "괜찮았다.",
    "date": "07.01.13",
    "rating": "7",
    "author": "qweb****",
    "review_id": "1381272",
    "movie_id": "44114"
  },
  {
    "review": "오프닝, 잊을 수 없다. 하지만, 나에게는 아직 어렵다.",
    "date": "06.10.18",
    "rating": "8",
    "author": "poke****",
    "review_id": "1186749",
    "movie_id": "44114"
  },
  {
    "review": "정지의 미학?관계의 정리?대화의 단절?또는 ,고립된 인생들!",
    "date": "06.10.10",
    "rating": "6",
    "author": "juck****",
    "review_id": "1174937",
    "movie_id": "44114"
  },
  {
    "review": "어제 봤는데... 정말 맘에 들었어요.. 인디영화 화이팅!!",
    "date": "06.10.10",
    "rating": "9",
    "author": "netl****",
    "review_id": "1174469",
    "movie_id": "44114"
  },
  {
    "review": "이 영화의 맛을 알고싶다면 포기하는것이 좋다.",
    "date": "06.10.05",
    "rating": "8",
    "author": "yesi****",
    "review_id": "1163442",
    "movie_id": "44114"
  },
  {
    "review": "혼잣말은 질색이다",
    "date": "06.10.05",
    "rating": "1",
    "author": "makj****",
    "review_id": "1161497",
    "movie_id": "44114"
  },
  {
    "review": "조금더좋은환경에서보고싶네요",
    "date": "06.10.04",
    "rating": "4",
    "author": "jqwe****",
    "review_id": "1159813",
    "movie_id": "44114"
  },
  {
    "review": "인디영화=재미없다, 좋긴 했는데 너무 지루해서",
    "date": "06.10.02",
    "rating": "3",
    "author": "sing****",
    "review_id": "1155751",
    "movie_id": "44114"
  },
  {
    "review": "관객조롱하냐?1점도아깝다",
    "date": "06.10.01",
    "rating": "1",
    "author": "gucc****",
    "review_id": "1152131",
    "movie_id": "44114"
  },
  {
    "review": "인디라 아직 미숙한건지 확실한 캐릭터 외엔 닿지 않는 느낌.",
    "date": "06.09.28",
    "rating": "7",
    "author": "love****",
    "review_id": "1146133",
    "movie_id": "44114"
  },
  {
    "review": "말 그대로 인디영화",
    "date": "06.09.16",
    "rating": "4",
    "author": "shus****",
    "review_id": "1125050",
    "movie_id": "44114"
  },
  {
    "review": "Good",
    "date": "06.09.15",
    "rating": "8",
    "author": "kkki****",
    "review_id": "1123839",
    "movie_id": "44114"
  }
]