[
  {
    "review": "전역하고 수년이 지난 지금 다시보니 감회가 새롭고 대단한 영화다. 본 영화만큼이나 군대내에서의 조직원들의 심리묘사를 사실적으로 표현한걸 못봤다,사회나 군대나 정해진 매뉴얼대로 따르는게 왕도다. 어리광,응석부리며 고집세우면 본인뿐아니라 주변인도 피곤하다",
    "date": "15.08.20",
    "rating": "10",
    "author": "lawk****",
    "review_id": "10253318",
    "movie_id": "44111"
  },
  {
    "review": "와 진짜 보면서 군대생각 나네... 근데 마지막 대사에 너 나가면 뭐 할래? 하는데... 나 지금 전역해서 뭘 하고있지 싶어서 스스로가 한심해졌음...",
    "date": "15.08.11",
    "rating": "10",
    "author": "impl****",
    "review_id": "10216402",
    "movie_id": "44111"
  },
  {
    "review": "군생활이나 어떠한 생활이나 부조리는 있는것 같습니다!!각 사람의 개인의 마음에서 어떻게 바라보는가가 중요한것 같습니다 ㅠㅠ",
    "date": "15.08.09",
    "rating": "10",
    "author": "jpc2****",
    "review_id": "10207919",
    "movie_id": "44111"
  },
  {
    "review": "군대 안다녀온사람은 꼭 봐라 ㅋㅋ",
    "date": "15.08.05",
    "rating": "10",
    "author": "jkh5****",
    "review_id": "10186128",
    "movie_id": "44111"
  },
  {
    "review": "군대에서나 사회에서나사람존나 피곤하게 하는 스타일",
    "date": "15.07.11",
    "rating": "10",
    "author": "sksw****",
    "review_id": "10090185",
    "movie_id": "44111"
  },
  {
    "review": "아직 군대 안간 애들있으면 봐라... 군대가서 적응못하고 자살 탈영하는애들이 승영이같은애들이니 참고해라...",
    "date": "15.07.02",
    "rating": "10",
    "author": "gnsg****",
    "review_id": "10062844",
    "movie_id": "44111"
  },
  {
    "review": "진짜사나이 같은 픽션이 아닌 실제 군대생활 그대로를 옮겨놓은 진정한 수작임.",
    "date": "15.06.23",
    "rating": "10",
    "author": "hauk****",
    "review_id": "10024122",
    "movie_id": "44111"
  },
  {
    "review": "자대배치 첫 날의 그 숨막히는 공기가 느껴진다.",
    "date": "15.06.16",
    "rating": "10",
    "author": "seib****",
    "review_id": "10004188",
    "movie_id": "44111"
  },
  {
    "review": "먹먹하고 답답하다. 남자들이 군대 갔다와서 마초스타일로 변하는 경우를 많이 봤는데...그 이유를 조금은 알겠다.",
    "date": "15.06.14",
    "rating": "10",
    "author": "yuzt****",
    "review_id": "9999537",
    "movie_id": "44111"
  },
  {
    "review": "군대이야기를 진짜 적나라하며 절제하며 잘나타낸영화 이것만큼 잘표현한 군영화는 없다고 생각합니다.있는그대로를 보여주는 영화",
    "date": "15.06.11",
    "rating": "10",
    "author": "rlaa****",
    "review_id": "9991082",
    "movie_id": "44111"
  },
  {
    "review": "보는내내 암걸리는줄...나도 고참한테 너같은새낀 없었단말까지 들었지만 이건 너무하네...ㅎ",
    "date": "15.06.08",
    "rating": "8",
    "author": "jiew****",
    "review_id": "9985625",
    "movie_id": "44111"
  },
  {
    "review": "군생활의 추억이 되살아나려고하네요",
    "date": "15.06.07",
    "rating": "10",
    "author": "sook****",
    "review_id": "9981316",
    "movie_id": "44111"
  },
  {
    "review": "새벽을 넘어 시간가는줄모르고 보기시작하면서 어 긴가민가 하정우인줄몰랐네 역시명불허전 하정우여서좋았고 승영이어서 좋았네.하지만 끝마무리가 ...하정우를 만날수있어서 정말좋았네 승영의 재발견도 괜찮았구.",
    "date": "15.06.01",
    "rating": "10",
    "author": "wiza****",
    "review_id": "9967470",
    "movie_id": "44111"
  },
  {
    "review": "오히려 심대석과 심영일이 군대에서 좋은 고참이다. 받아들일걸 받아들이고 자기대에서부터는 그 전통을 짜르는 고참들이 괜찮은 고참들이다. 승영이 같은 경우는 상병 3호봉 이상 넘어가면 사람 확바뀐다.",
    "date": "15.05.30",
    "rating": "8",
    "author": "bfwe****",
    "review_id": "9961669",
    "movie_id": "44111"
  },
  {
    "review": "전역한지 4년차 인데. 나도 뭐 옛날 사람 아니고 나름 최근에 군전역했다고 볼수 있는데  군생활 나름 할만하다. 일년만 참아라 그럼 몸이 그 사회에 적응한다 거기서 6개월만 좀더 참아라 아무도 뭐라 안한다 남은 6개월은 스스로와의 시간싸움이다",
    "date": "15.05.21",
    "rating": "9",
    "author": "tkdg****",
    "review_id": "9936689",
    "movie_id": "44111"
  },
  {
    "review": "밑에 13군번은 조용히 하고있자 .. 낄때 안낄때 구분해야지..",
    "date": "15.05.14",
    "rating": "9",
    "author": "tntj****",
    "review_id": "9917230",
    "movie_id": "44111"
  },
  {
    "review": "06군번인데 얼차려 강도만 살짝 다를 뿐 리얼 100% 그대로임.. 지금도 뭐 마찬가지겠지?.. 얼차려 정도만 없어지거나 덜할 뿐 군대는 안바껴~",
    "date": "15.04.29",
    "rating": "8",
    "author": "life****",
    "review_id": "9878221",
    "movie_id": "44111"
  },
  {
    "review": "13 군번이지만... 대 공감 이게 진짜 군대다.... 군대 안갔다왔으면 이영화를 보고 느끼면 된다.... 군필자들 화이팅",
    "date": "15.04.23",
    "rating": "10",
    "author": "rlaw****",
    "review_id": "9859942",
    "movie_id": "44111"
  },
  {
    "review": "영화가 아니라 그냥 현실 일부분을 보여주는 것 같은 느낌",
    "date": "15.04.22",
    "rating": "10",
    "author": "khio****",
    "review_id": "9856839",
    "movie_id": "44111"
  },
  {
    "review": "개인적으로 많은 생각을 하게 하는 영화입니다",
    "date": "15.04.14",
    "rating": "10",
    "author": "tick****",
    "review_id": "9845250",
    "movie_id": "44111"
  },
  {
    "review": "2년군생활을 고작 2시간안에 고스란하면서 완벽하게 담아냈다. 실제 군생활과 정말흡사함.",
    "date": "15.04.12",
    "rating": "10",
    "author": "imst****",
    "review_id": "9842989",
    "movie_id": "44111"
  },
  {
    "review": "악몽이 다시 생각난다 우울증 걸릴것 같다",
    "date": "15.04.11",
    "rating": "10",
    "author": "msoa****",
    "review_id": "9840985",
    "movie_id": "44111"
  },
  {
    "review": "군대영화는 이 영화가 갑이지요",
    "date": "15.04.08",
    "rating": "10",
    "author": "good****",
    "review_id": "9835142",
    "movie_id": "44111"
  },
  {
    "review": "몇년 만에 다시 보는데 이승영 존나 깝깝하네. 군문화도 x같은건 사실이지만 이승영은 사회에서도 존나 피곤할 스타일.",
    "date": "15.04.07",
    "rating": "10",
    "author": "ngda****",
    "review_id": "9832489",
    "movie_id": "44111"
  },
  {
    "review": "영화의 본질을 캐치하지 못한놈들이  참 많구나.. 부조리한 군 내부의 문제점을 비판하는 내용인데 단순히 요즘 군대 군대 같지 않다 미필들 이거 보고 잘해라 군대 힘든 부심 부리면서 이런 소리나 남발하고 앉았으니..",
    "date": "15.04.05",
    "rating": "9",
    "author": "ksry****",
    "review_id": "9827867",
    "movie_id": "44111"
  },
  {
    "review": "요새 군대는 ㅁ르겠는데 06-군번으로 2000년대 초반 중반까지의 군대를 정말 100% 반영했다고 볼 수 있다",
    "date": "15.04.02",
    "rating": "10",
    "author": "aaze****",
    "review_id": "9821423",
    "movie_id": "44111"
  },
  {
    "review": "부정할 수 없는 군생활의 단면.",
    "date": "15.03.27",
    "rating": "10",
    "author": "elkd****",
    "review_id": "9810204",
    "movie_id": "44111"
  },
  {
    "review": "여자들 이거보면 세상 참편하게 산다는 생각안듬?",
    "date": "15.03.17",
    "rating": "10",
    "author": "jiwo****",
    "review_id": "9790181",
    "movie_id": "44111"
  },
  {
    "review": "어떻게 심의에 통과 되었는지 의아할 만큼 현실적인 영화",
    "date": "15.03.10",
    "rating": "10",
    "author": "aust****",
    "review_id": "9770141",
    "movie_id": "44111"
  },
  {
    "review": "엔딩까지 뒷맛이 씁쓸한 약재같은 영화",
    "date": "15.03.03",
    "rating": "7",
    "author": "qmfk****",
    "review_id": "9753616",
    "movie_id": "44111"
  },
  {
    "review": "군대 갔다온 남자라면 공감할 수 있는 내용이 많고 생각보다 리얼했고, 잘만든영화",
    "date": "15.02.28",
    "rating": "9",
    "author": "ygh8****",
    "review_id": "9746199",
    "movie_id": "44111"
  },
  {
    "review": "대한민국 군대를 제대로 해부하는 치명적 관찰일기",
    "date": "15.02.26",
    "rating": "8",
    "author": "rcan****",
    "review_id": "9739793",
    "movie_id": "44111"
  },
  {
    "review": "잘봤습니다. 오랜만에 집중하고 재밌게 본 영화입니다.",
    "date": "15.02.25",
    "rating": "10",
    "author": "sooh****",
    "review_id": "9736394",
    "movie_id": "44111"
  },
  {
    "review": "내가본 한국영화 중 다섯손가락 안에 들을 정도로 수작이다!!",
    "date": "15.02.24",
    "rating": "10",
    "author": "ske4****",
    "review_id": "9734144",
    "movie_id": "44111"
  },
  {
    "review": "환경이 사람을 만든다.",
    "date": "15.02.24",
    "rating": "7",
    "author": "cyh4****",
    "review_id": "9733804",
    "movie_id": "44111"
  },
  {
    "review": "리얼 군 스토리입니다 현실과 가깝기에 더 슬픈 영화.",
    "date": "15.02.23",
    "rating": "10",
    "author": "kill****",
    "review_id": "9733369",
    "movie_id": "44111"
  },
  {
    "review": "의혈중앙 선배님은 무조건 10점",
    "date": "15.02.23",
    "rating": "10",
    "author": "rawk****",
    "review_id": "9733005",
    "movie_id": "44111"
  },
  {
    "review": "지나면 잊혀지는데 당시에는 너무 힘들죠",
    "date": "15.02.21",
    "rating": "10",
    "author": "secj****",
    "review_id": "9720984",
    "movie_id": "44111"
  },
  {
    "review": "아니 허지훈역 맡은 연기자분 말입니다. 정말 보는 사람 열받게 연기 참 잘하셨습니다..  감정연기를 섬세하게 잘 표현하시네요. 군대에서 나하고 만났다면 뒤졌을 뻔 했습니다..^^",
    "date": "15.02.17",
    "rating": "10",
    "author": "jmtw****",
    "review_id": "9704388",
    "movie_id": "44111"
  },
  {
    "review": "입대 앞두신 분들 이 영화 보고 너무 겁먹지 마시길...실제로 영화만큼 폭력적이고 가혹한 분위기는 요즘은 없습니다.",
    "date": "15.02.06",
    "rating": "8",
    "author": "kd90****",
    "review_id": "9671518",
    "movie_id": "44111"
  },
  {
    "review": "1년후에 군대에 있갰지?ㅠㅠ",
    "date": "15.02.01",
    "rating": "10",
    "author": "dydt****",
    "review_id": "9656229",
    "movie_id": "44111"
  },
  {
    "review": "2천만원으로 만든 영화. 입대하기 전에 꼭 한번 볼 것. 외면하고 싶은 기억과 마주쳤을 때 우리는 어떻게 해야 하는가.",
    "date": "15.01.30",
    "rating": "9",
    "author": "cpu1****",
    "review_id": "9652383",
    "movie_id": "44111"
  },
  {
    "review": "너무 현실적인 대한민국 군대를 보여주고 있다 ~지금도 저렇게 군대 돌아가는건 거의 비슷하다..여튼 그래서 찝찝..",
    "date": "15.01.30",
    "rating": "10",
    "author": "revo****",
    "review_id": "9650464",
    "movie_id": "44111"
  },
  {
    "review": "하정우 연기 짱이심 진짜",
    "date": "15.01.25",
    "rating": "10",
    "author": "hys7****",
    "review_id": "9634363",
    "movie_id": "44111"
  },
  {
    "review": "어느 시대에나 공감할 군대이야기",
    "date": "15.01.21",
    "rating": "9",
    "author": "fall****",
    "review_id": "9617476",
    "movie_id": "44111"
  },
  {
    "review": "여자인데요 진짜 재밌게봤어요",
    "date": "15.01.14",
    "rating": "10",
    "author": "bjw3****",
    "review_id": "9592639",
    "movie_id": "44111"
  },
  {
    "review": "이게바로현실군대네요공감",
    "date": "15.01.14",
    "rating": "10",
    "author": "choi****",
    "review_id": "9591331",
    "movie_id": "44111"
  },
  {
    "review": "비극을 제외한 나의 군대 생활",
    "date": "15.01.12",
    "rating": "8",
    "author": "jcw2****",
    "review_id": "9586237",
    "movie_id": "44111"
  },
  {
    "review": "요즘 군대는 이렇지 않다는거 ㅋㅋㅋㅋ",
    "date": "15.01.08",
    "rating": "10",
    "author": "chos****",
    "review_id": "9573651",
    "movie_id": "44111"
  },
  {
    "review": "이 영화를 보고 하정우의 팬이 되었음",
    "date": "15.01.06",
    "rating": "10",
    "author": "kang****",
    "review_id": "9567247",
    "movie_id": "44111"
  },
  {
    "review": "진짜 가짜 사나이 따위랑은 다르네.",
    "date": "15.01.04",
    "rating": "10",
    "author": "kore****",
    "review_id": "9560158",
    "movie_id": "44111"
  },
  {
    "review": "군대에 구타가 없어지면 기어오르는 쫄따구들만 득실거린다..",
    "date": "15.01.04",
    "rating": "10",
    "author": "csp7****",
    "review_id": "9559692",
    "movie_id": "44111"
  },
  {
    "review": "개인과 단체는 다르다. 개인하나하나의 의견을 인정하게되면 단체는 무너진다. 비록 입장에따라 잔인해보일 수 있지만 남자는 이런 곳에서 현실을 이겨내는 법을 배운다. 이런 지독한 생활을 이겨냈기에 훗날 아내와 자녀를 책임질 의지가 생긴다. 부부유별",
    "date": "15.01.03",
    "rating": "10",
    "author": "oroi****",
    "review_id": "9554404",
    "movie_id": "44111"
  },
  {
    "review": "군대를 내가 바꿀꺼야가 아니라 내가 바뀌어야 된다라는 말이 너무 와닿었던 영화..",
    "date": "15.01.02",
    "rating": "10",
    "author": "pete****",
    "review_id": "9549725",
    "movie_id": "44111"
  },
  {
    "review": "진짜사나이에 나와서 저것도 군대생활이랍시고 힘들다고 징징거리는것도 우습고, 뭐 지네집 안방도 아니고 심심하면 실실 쪼개는 연예인들 정말 가짢다. 또 그걸 보면서 잼난다고 희희덕거리면서 쳐보는 미필넘들이 이 영화를 봐야 정신을 차리지.",
    "date": "14.12.30",
    "rating": "8",
    "author": "kjk9****",
    "review_id": "9536427",
    "movie_id": "44111"
  },
  {
    "review": "너무 리얼해. 공감하는 사람들은 그래도 저 OO은걸 경험해본 사람들이지...",
    "date": "14.12.28",
    "rating": "10",
    "author": "kimg****",
    "review_id": "9532168",
    "movie_id": "44111"
  },
  {
    "review": "진짜 이랬었음...많이 힘들었지 대한민국 남자들..",
    "date": "14.12.27",
    "rating": "10",
    "author": "samt****",
    "review_id": "9527183",
    "movie_id": "44111"
  },
  {
    "review": "미필분들 꼭 한번 봐보시길",
    "date": "14.12.24",
    "rating": "10",
    "author": "ham9****",
    "review_id": "9508144",
    "movie_id": "44111"
  },
  {
    "review": "덕분에 나는 마치 군대에 다녀온 사람인냥 이야기에 끼여있을 수 있었다. 끝내는 용서받을 수 없었던 두 사람.",
    "date": "14.12.21",
    "rating": "9",
    "author": "seyu****",
    "review_id": "9498346",
    "movie_id": "44111"
  },
  {
    "review": "나는 군대의 추억을 좋아한다... 좋은기억 나쁜기억 모두 다... 그리고 이 영화는 그 추억의 일부다",
    "date": "14.12.20",
    "rating": "9",
    "author": "sson****",
    "review_id": "9491551",
    "movie_id": "44111"
  },
  {
    "review": "당연히 10점짜리 영화지",
    "date": "14.12.07",
    "rating": "10",
    "author": "dlgn****",
    "review_id": "9456061",
    "movie_id": "44111"
  },
  {
    "review": "군대 다녀온 예비역으로서 말한다. ;진짜사나이' 는 90%가 허위,과장이고 이 영화가 정말로 실제 군생활 95% 리얼하게 표현했다. 거의 실제 군대라고 봐도 무방함",
    "date": "14.12.06",
    "rating": "10",
    "author": "wlst****",
    "review_id": "9450990",
    "movie_id": "44111"
  },
  {
    "review": "누구하나 악역도 아닌 선한역할도 아닌 아이러니한 군대",
    "date": "14.12.01",
    "rating": "10",
    "author": "shss****",
    "review_id": "9438982",
    "movie_id": "44111"
  },
  {
    "review": "10군번인데 지금은 영화보단 훨씬 풀려있긴 하다. 다 좋은데 하나 좀 아니라고 생각하는건 잘해주면 기어오르고 개판이라는거. 그건 사람나름인듯. 두세번 좋게 말했을때 알아듣는애들이 대부분이다.",
    "date": "14.11.27",
    "rating": "10",
    "author": "paks****",
    "review_id": "9425699",
    "movie_id": "44111"
  },
  {
    "review": "요즘은 어느정도 나아져서 다행이지...윤일병 사건 이후로는 병영문화가 정말로 많이 달라지기는 했습니다. 선임은 절대 후임에게 함부로 대할수가 없어졌습니다.",
    "date": "14.11.23",
    "rating": "10",
    "author": "dmsv****",
    "review_id": "9414480",
    "movie_id": "44111"
  },
  {
    "review": "보면서 느낀거 넘 약하다... 난  자대배치 받은날 부터 몽둥이로 맞기 시작했고 상병 말호봉이 되서야 구타에서 벗어날수 있었다 정말 하루에 한대도 안맞은날이 거의 없을 정도였고 그것이 당연시 되는 시절에 군생활해서 그런지  약하단 생각이 든다...",
    "date": "14.11.18",
    "rating": "9",
    "author": "zonn****",
    "review_id": "9397687",
    "movie_id": "44111"
  },
  {
    "review": "불합리 속에서 동화되고, 되물림된 소리없는 비극.",
    "date": "14.11.04",
    "rating": "8",
    "author": "ixly****",
    "review_id": "9341466",
    "movie_id": "44111"
  },
  {
    "review": "허지훈 역할이 윤종빈 감독이었다니.ㄷㄷㄷ 연기도 잘하네요.  가장 현실성있게 군대를 보여주는 영화네요.",
    "date": "14.11.03",
    "rating": "8",
    "author": "answ****",
    "review_id": "9339441",
    "movie_id": "44111"
  },
  {
    "review": "당장 내일부터 겪을 현실. 영화는 무섭지만, 마냥 무섭지만도 않다. 특별한놈 없고 융화되어야하는 그곳에 대한 긴장과, 눈곱만큼의 안심을 동시에 제공한 수작. 용서는 누군가에게위안이 되지만, 그것 없이도 살 수 있음을 보여준다. 힘들겠지만 버틸수있다.",
    "date": "14.11.03",
    "rating": "7",
    "author": "pota****",
    "review_id": "9338270",
    "movie_id": "44111"
  },
  {
    "review": "말이 필요없이 꼭 봐야 하는 영화. 예능으로 접하는 허황된 군대가 아닌 실제 군 생활을 체험할 수 있는 영화.",
    "date": "14.10.22",
    "rating": "10",
    "author": "jin8****",
    "review_id": "9307531",
    "movie_id": "44111"
  },
  {
    "review": "유태정 똑바로해라 ㅎㄷㄷ",
    "date": "14.10.18",
    "rating": "10",
    "author": "rlar****",
    "review_id": "9299824",
    "movie_id": "44111"
  },
  {
    "review": "진짜 현실적으로 잘 만들었네요.",
    "date": "14.10.18",
    "rating": "10",
    "author": "ahap****",
    "review_id": "9299018",
    "movie_id": "44111"
  },
  {
    "review": "이등병때 나도 맞고.갈굼 당하고  내가 병장 되면 안그래야지 해놓고 상병때 똑같이 하고 있더라...너무 리얼해..",
    "date": "14.10.02",
    "rating": "10",
    "author": "skcy****",
    "review_id": "9253175",
    "movie_id": "44111"
  },
  {
    "review": "가장 큰 주제를 다루는 부분은 어설프고 이야기 진행도 답답함을  보여주지만 군대 내에서 진행되는 이야기나 캐릭터들은 실제 대한민국 군대를 리얼하게 담고 있다.",
    "date": "14.09.18",
    "rating": "6",
    "author": "inos****",
    "review_id": "9221738",
    "movie_id": "44111"
  },
  {
    "review": "예비역들이여, 피해자가 아닌 가해자로서 자신을 돌아보라.",
    "date": "14.09.17",
    "rating": "9",
    "author": "foo_****",
    "review_id": "9221689",
    "movie_id": "44111"
  },
  {
    "review": "허지훈이  윤종빈 감독이라는  엔딩크레딧이  큰반전",
    "date": "14.09.16",
    "rating": "8",
    "author": "ligh****",
    "review_id": "9218606",
    "movie_id": "44111"
  },
  {
    "review": "정말정말리얼하다..",
    "date": "14.09.13",
    "rating": "10",
    "author": "wkdg****",
    "review_id": "9210799",
    "movie_id": "44111"
  },
  {
    "review": "너무현실적이라서오히려슬프네",
    "date": "14.09.09",
    "rating": "9",
    "author": "xx41****",
    "review_id": "9193696",
    "movie_id": "44111"
  },
  {
    "review": "재미로보기에는 너무적날해서 ‥무섭다ㄷㄷㄷㄷ",
    "date": "14.09.08",
    "rating": "10",
    "author": "akfq****",
    "review_id": "9185571",
    "movie_id": "44111"
  },
  {
    "review": "내가 고참이 되면 바꿀거라 다짐했던, 그러나 마찬가지로 순응해 버렸던 내 모습이 떠올라 가슴이 아렸다",
    "date": "14.09.08",
    "rating": "9",
    "author": "sung****",
    "review_id": "9182342",
    "movie_id": "44111"
  },
  {
    "review": "영화보는 내내 승영이라는 녀석이 맘에 안들었고 왜 오바하나라는 생각이 들었다. 하지만 다른 사람들 리뷰를 보고나서야 내가 조직에 길들여진 사람에 불과할뿐이라는 생각이 들었다. 애초에 승영이가 되고자 하는 마음조차 없었던 것이 부끄럽다.",
    "date": "14.08.28",
    "rating": "8",
    "author": "3___****",
    "review_id": "9139180",
    "movie_id": "44111"
  },
  {
    "review": "하... 보는 내내 보고 나서도 너무 우울했다.",
    "date": "14.08.26",
    "rating": "10",
    "author": "egpo****",
    "review_id": "9136326",
    "movie_id": "44111"
  },
  {
    "review": "이 영화야말로 대한민국 육군의 현실을 적나라하게 보여주는 작품.",
    "date": "14.08.25",
    "rating": "10",
    "author": "vald****",
    "review_id": "9131503",
    "movie_id": "44111"
  },
  {
    "review": "군대를 다녀온 입장에서... 정말 이게 리얼입니다..별점 만점 드립니다.",
    "date": "14.08.21",
    "rating": "10",
    "author": "uuio****",
    "review_id": "9119076",
    "movie_id": "44111"
  },
  {
    "review": "내 이런 피해망상 속에서만 나오는 캐릭터 처음봤다.동창인 고참이 그냥 죄송합니다 이말 한마디면 된다는데지 멋대로 개기다가 자살 해놓고는 군대탓하는거 봐라어릴때 부모님이 시킨 공부는 입닥치고 하더만고참이 하는 말은 한쪽 귀로 흘리다뇨얼척없구나",
    "date": "14.08.17",
    "rating": "4",
    "author": "war_****",
    "review_id": "9098659",
    "movie_id": "44111"
  },
  {
    "review": "군대 갔다온 사람은 200% 공감하게 될 영화... 군생활 하면서 다른사람에게 용서받지 못할 나 자신을 발견하게 된다.",
    "date": "14.08.16",
    "rating": "10",
    "author": "ktf4****",
    "review_id": "9098477",
    "movie_id": "44111"
  },
  {
    "review": "내가 본 드라마영화중 1위로 재밌었음  하정우♥♥♥",
    "date": "14.08.14",
    "rating": "10",
    "author": "nss7****",
    "review_id": "9081176",
    "movie_id": "44111"
  },
  {
    "review": "이런 영화 좋아요 너무~~하나하나들이근데 요즘 군대는 이거랑 좀 다르긴한데 한번 보는게 좋음",
    "date": "14.08.13",
    "rating": "9",
    "author": "scie****",
    "review_id": "9076726",
    "movie_id": "44111"
  },
  {
    "review": "난 군대 안 갔다온 사람한테 군대 얘기 절대 안 한다. 군대의 특수성을 도저히 설명할 수가 없기 때문이다. 그래도 이 영화를 본 사람이라면 어느 정도 말이 통할지도..",
    "date": "14.08.12",
    "rating": "9",
    "author": "ghdu****",
    "review_id": "9073928",
    "movie_id": "44111"
  },
  {
    "review": "아놔 08군번인데 너무 리얼해서 완전 몰입했네....",
    "date": "14.08.12",
    "rating": "10",
    "author": "blue****",
    "review_id": "9070788",
    "movie_id": "44111"
  },
  {
    "review": "뭐가 사람만들어주는 집단인지 모르겠다. 남자들은 어느 조직이던 이런 형태이지만, 폐쇄된 공간인 군대는 더욱 그 특성이 고약해지는 것 같다.",
    "date": "14.08.11",
    "rating": "10",
    "author": "kann****",
    "review_id": "9070172",
    "movie_id": "44111"
  },
  {
    "review": "진심 이 영화 군대의 썩어빠진 나날들을 제대로 보여준다. 개선하려는 자는 호구가 되고, 쓰레기 같은 자식들은 선임이라고 떠받아지는 더러운 군대생활.",
    "date": "14.08.10",
    "rating": "10",
    "author": "dldu****",
    "review_id": "9060209",
    "movie_id": "44111"
  },
  {
    "review": "요즘 군대  구타  때문에 난리지~ 이 영화가 현실이다.미필들아~ㅋㅋㅋ",
    "date": "14.08.09",
    "rating": "10",
    "author": "58tk****",
    "review_id": "9057281",
    "movie_id": "44111"
  },
  {
    "review": "재밋게잘봣는데 이승영캐릭터 조금은 답답햇네요 안타깝기도하고",
    "date": "14.08.09",
    "rating": "10",
    "author": "flzp****",
    "review_id": "9055965",
    "movie_id": "44111"
  },
  {
    "review": "대한민국 남자라면 입대전,전역후 총2번은 봐야 완벽히 이해가능한영화,수작임은 확실하다",
    "date": "14.08.09",
    "rating": "10",
    "author": "onya****",
    "review_id": "9053443",
    "movie_id": "44111"
  },
  {
    "review": "지금 군대많이 편해지고 구타가 없어졌다 하지만 아직 잔상이 남아있고 못때려도 군대내 방식은 여전하다. 미필분들은 직접 군대갔다오는게 훨씬 이해빠를거다.",
    "date": "14.08.08",
    "rating": "10",
    "author": "hand****",
    "review_id": "9049268",
    "movie_id": "44111"
  },
  {
    "review": "ㅋㅋㅋㅋ 완전 똑같은건 아니지만 그래도...",
    "date": "14.08.06",
    "rating": "10",
    "author": "blow****",
    "review_id": "9037255",
    "movie_id": "44111"
  },
  {
    "review": "우리는 원래 시스템의 노예다 절대 벗어날 수 없다. 그것이 군대이든 회사든 적당히 타협하면서 길을 찾아야 한다.",
    "date": "14.08.06",
    "rating": "9",
    "author": "ngup****",
    "review_id": "9034390",
    "movie_id": "44111"
  },
  {
    "review": "리얼리티 끝판왕 이게 바로 군대의 현실",
    "date": "14.08.05",
    "rating": "10",
    "author": "mesh****",
    "review_id": "9030976",
    "movie_id": "44111"
  },
  {
    "review": "마수동 ㅋㅋ 시렄 이등병도 싫지만",
    "date": "14.08.05",
    "rating": "9",
    "author": "spqj****",
    "review_id": "9030846",
    "movie_id": "44111"
  }
]