[
  {
    "review": "아르헨티나영화인줄 알았음",
    "date": "14.07.02",
    "rating": "6",
    "author": "534k****",
    "review_id": "8876402",
    "movie_id": "44138"
  },
  {
    "review": "한국과 아르헨티나 그 어디에도 속하지 못한 이민 1.5세대의 소외와 방황을 현실적으로 묘사한 작품이네요. 그 어디에도 소속감을 느끼지 못하는 이방인, 주변인으로써 겪어야 했던 설움이 잘 드러나는 작품이라고 생각합니다.",
    "date": "12.11.23",
    "rating": "9",
    "author": "mooo****",
    "review_id": "6914983",
    "movie_id": "44138"
  },
  {
    "review": "이거 왜보냐",
    "date": "12.09.14",
    "rating": "1",
    "author": "snip****",
    "review_id": "6696894",
    "movie_id": "44138"
  },
  {
    "review": "OOO기같다강의만아니었으면안봣다절대보지마ㅅㅂ",
    "date": "12.09.14",
    "rating": "1",
    "author": "wodn****",
    "review_id": "6696879",
    "movie_id": "44138"
  },
  {
    "review": "ㄱ ㅐ 쓰래기 영화. 1점도 주고싶지 않다.",
    "date": "08.11.19",
    "rating": "1",
    "author": "neko****",
    "review_id": "3059726",
    "movie_id": "44138"
  },
  {
    "review": "오늘 봤는 데 너무 감동적이네요..",
    "date": "08.10.25",
    "rating": "10",
    "author": "soul****",
    "review_id": "3019606",
    "movie_id": "44138"
  },
  {
    "review": "ucc 동감 _",
    "date": "08.10.23",
    "rating": "2",
    "author": "meen****",
    "review_id": "3015444",
    "movie_id": "44138"
  },
  {
    "review": "Don't cry for me Argentina",
    "date": "08.10.23",
    "rating": "7",
    "author": "sm99****",
    "review_id": "3014268",
    "movie_id": "44138"
  },
  {
    "review": "아르헨티나 1.5세대들의 갈등과 고민을 잘 표현한 작품이다.",
    "date": "06.11.06",
    "rating": "8",
    "author": "butn****",
    "review_id": "1220089",
    "movie_id": "44138"
  }
]