[
  {
    "review": "독일의 나치 광기에 침묵으로 동조하던 수많은 민중 속에도 향을 발하는 꽃은 있었다.",
    "date": "15.08.24",
    "rating": "7",
    "author": "tear****",
    "review_id": "10270045",
    "movie_id": "44209"
  },
  {
    "review": "후.. 인간사 참... 누군 양심있는 발언을 하면 목이잘리는 시대에 태어나고... 또한 그런 시대가 불과 50 ~ 60 여년전 이었다니...참...역사는 되풀이 된다는데 다시금 그런 광기의 시대가 오겠지?",
    "date": "13.05.14",
    "rating": "10",
    "author": "dora****",
    "review_id": "7527114",
    "movie_id": "44209"
  },
  {
    "review": "예고편만 봤는데도 전율이 느껴질정도... 독일판 유관순열사를 보는것 같네요",
    "date": "12.12.12",
    "rating": "10",
    "author": "giro****",
    "review_id": "6995147",
    "movie_id": "44209"
  },
  {
    "review": "언제나 수준급인 독일 영화",
    "date": "12.11.05",
    "rating": "9",
    "author": "fren****",
    "review_id": "6858152",
    "movie_id": "44209"
  },
  {
    "review": "단조로운 전개, 그시각 유태인들은 아무 이유없이 잡혀가서 노동을 했는데 독일인은 재판까지 받았다. 죽음으로 끝맺은 실화라서 점수는 높지만, 재판은 정말 유치했다.",
    "date": "12.08.01",
    "rating": "9",
    "author": "lo__****",
    "review_id": "6560976",
    "movie_id": "44209"
  },
  {
    "review": "태양은 여전히 빛나고 있다.",
    "date": "12.07.30",
    "rating": "6",
    "author": "bbq2****",
    "review_id": "6554645",
    "movie_id": "44209"
  },
  {
    "review": "이 영화에 평점 낮게 주는 애들은.. 그냥 트랜스포머나 보시길.",
    "date": "12.05.08",
    "rating": "9",
    "author": "smma****",
    "review_id": "6283060",
    "movie_id": "44209"
  },
  {
    "review": "길게늘어지는 심문.취조영화.. 그속에서 어떤긴장감도 흥미도없었다. 지루함.",
    "date": "11.07.21",
    "rating": "3",
    "author": "kis5****",
    "review_id": "5560097",
    "movie_id": "44209"
  },
  {
    "review": "영원히 기억될 어느 아름다운 남매의 이야기",
    "date": "11.06.08",
    "rating": "9",
    "author": "neya****",
    "review_id": "5471449",
    "movie_id": "44209"
  },
  {
    "review": "죽음앞에서도 자신의신념과 이상을 지킨 숄이 대단하네요",
    "date": "11.06.01",
    "rating": "9",
    "author": "jou1****",
    "review_id": "5459479",
    "movie_id": "44209"
  },
  {
    "review": "한국인이라면 결코 낯설지 않을 그녀의 5일",
    "date": "11.05.13",
    "rating": "7",
    "author": "kim9****",
    "review_id": "5425193",
    "movie_id": "44209"
  },
  {
    "review": "신들린 듯한 연기와 놀랄만큼 정교한 연출이 빚어낸 감동은 쉽게 만들어지는게 아니다",
    "date": "10.07.23",
    "rating": "10",
    "author": "jnlu****",
    "review_id": "4662675",
    "movie_id": "44209"
  },
  {
    "review": "카메라 가득했던 그들의 단호함과 떨림 그리고 마지막 발걸음을 잊지 않겠다.",
    "date": "09.09.17",
    "rating": "6",
    "author": "kkot****",
    "review_id": "3836078",
    "movie_id": "44209"
  },
  {
    "review": "Good!",
    "date": "09.08.08",
    "rating": "8",
    "author": "nost****",
    "review_id": "3722268",
    "movie_id": "44209"
  },
  {
    "review": "지리한 심문, 재판, 사형.",
    "date": "09.06.21",
    "rating": "4",
    "author": "caca****",
    "review_id": "3580732",
    "movie_id": "44209"
  },
  {
    "review": "그녀의 용기에 박수를... 하지만 연출력은...",
    "date": "09.06.07",
    "rating": "7",
    "author": "qazp****",
    "review_id": "3549332",
    "movie_id": "44209"
  },
  {
    "review": "잊혀지지 않는 영화. 잊혀지지 않을 정신. 잊혀지지 말아야할 과거.",
    "date": "09.05.31",
    "rating": "10",
    "author": "k901****",
    "review_id": "3535584",
    "movie_id": "44209"
  },
  {
    "review": "강인한 정신이 옳을 길을 향할때..",
    "date": "09.02.09",
    "rating": "10",
    "author": "tls7****",
    "review_id": "3289363",
    "movie_id": "44209"
  },
  {
    "review": "꼭 봐야할 영화..",
    "date": "09.01.22",
    "rating": "10",
    "author": "soth****",
    "review_id": "3239649",
    "movie_id": "44209"
  },
  {
    "review": "평점이 왜 이리 낮아? 백장미단 존경합니다",
    "date": "09.01.07",
    "rating": "10",
    "author": "adel****",
    "review_id": "3200018",
    "movie_id": "44209"
  },
  {
    "review": "진정한 영웅.사랑합니다.축복합니다.",
    "date": "08.12.22",
    "rating": "9",
    "author": "y500****",
    "review_id": "3140837",
    "movie_id": "44209"
  },
  {
    "review": "영화 속 판사의 태도에 화가 치밀었던 영화. 안 그래도 지저분한 나치가 더 싫어졌다.",
    "date": "08.09.02",
    "rating": "8",
    "author": "tgte****",
    "review_id": "2918272",
    "movie_id": "44209"
  },
  {
    "review": "네게도 이런 용기가 있는가?",
    "date": "08.07.20",
    "rating": "8",
    "author": "yado****",
    "review_id": "2786141",
    "movie_id": "44209"
  },
  {
    "review": "젊은 양심의 성스러운 죽음,옌체 인상적,미친 독일 나찌판사 개거품물다",
    "date": "08.06.06",
    "rating": "9",
    "author": "ador****",
    "review_id": "2683946",
    "movie_id": "44209"
  },
  {
    "review": "영화 자체는 너무 건조해서 별로였는데 소피숄은 존경스럽다 이런 용기 갖기힘든데",
    "date": "08.01.15",
    "rating": "7",
    "author": "myiv****",
    "review_id": "2332231",
    "movie_id": "44209"
  },
  {
    "review": "부산국제영화제때 봤는데 최고의 선택이었다.",
    "date": "07.11.23",
    "rating": "10",
    "author": "hyon****",
    "review_id": "2176488",
    "movie_id": "44209"
  },
  {
    "review": "내 대학 때가 부끄러워졌다. 우리에겐 이런 용기가 절실하게 필요해.",
    "date": "07.11.09",
    "rating": "10",
    "author": "9763****",
    "review_id": "2140832",
    "movie_id": "44209"
  },
  {
    "review": "용기있는 젊은이들",
    "date": "07.11.08",
    "rating": "9",
    "author": "mins****",
    "review_id": "2139124",
    "movie_id": "44209"
  },
  {
    "review": "옳은일에대한뚜렷한신념을가지고행동으로실천하고목숨까지바쳤던그녀에게경의를표한다",
    "date": "07.10.29",
    "rating": "10",
    "author": "eric****",
    "review_id": "2121119",
    "movie_id": "44209"
  },
  {
    "review": "강하지도 오래가지도 않는 임팩트지만 무언가가 크게 남는다.",
    "date": "07.10.29",
    "rating": "8",
    "author": "lsh9****",
    "review_id": "2120837",
    "movie_id": "44209"
  },
  {
    "review": "너무나 아름다웠던 그네들의 희생은 결코 헛되지 않았답니다.",
    "date": "07.10.29",
    "rating": "10",
    "author": "iixo****",
    "review_id": "2120711",
    "movie_id": "44209"
  },
  {
    "review": "dry한 고찰.",
    "date": "07.10.29",
    "rating": "8",
    "author": "quil****",
    "review_id": "2120055",
    "movie_id": "44209"
  },
  {
    "review": "반듯한 청년들. 과거 우리 역사의 모습까지 돌보게 된다.",
    "date": "07.10.29",
    "rating": "9",
    "author": "akdr****",
    "review_id": "2120000",
    "movie_id": "44209"
  },
  {
    "review": "젊은 그대들의 열정... 자신의 확고한 신념에 목숨을 거는 화끈한 그대들",
    "date": "07.10.29",
    "rating": "10",
    "author": "kimo****",
    "review_id": "2119973",
    "movie_id": "44209"
  },
  {
    "review": "영화자체는 최고! 그러나 그녀에 대해 다 알지못했다",
    "date": "07.01.14",
    "rating": "10",
    "author": "kuns****",
    "review_id": "1382583",
    "movie_id": "44209"
  },
  {
    "review": "현재에 머물고 현재를 숭배하는 영화",
    "date": "06.11.09",
    "rating": "1",
    "author": "jarh****",
    "review_id": "1223813",
    "movie_id": "44209"
  },
  {
    "review": "영화의 재미는.........?",
    "date": "06.11.04",
    "rating": "4",
    "author": "mora****",
    "review_id": "1215947",
    "movie_id": "44209"
  },
  {
    "review": "어린나이에 대단하다",
    "date": "06.09.19",
    "rating": "10",
    "author": "dark****",
    "review_id": "1132498",
    "movie_id": "44209"
  },
  {
    "review": "의연한 그녀",
    "date": "06.08.01",
    "rating": "10",
    "author": "kmoh****",
    "review_id": "953282",
    "movie_id": "44209"
  },
  {
    "review": "이걸로 그녀에 대해 다 알 수 있다 생각한 걸까? 조금 아쉽다.",
    "date": "06.07.16",
    "rating": "6",
    "author": "hadl****",
    "review_id": "895391",
    "movie_id": "44209"
  },
  {
    "review": "반나치와 자유에 대한 그들의 방법 1943",
    "date": "06.07.15",
    "rating": "8",
    "author": "fred****",
    "review_id": "894684",
    "movie_id": "44209"
  },
  {
    "review": "실제소피숄을 모르면 그따위로 점수메기지마라",
    "date": "06.07.07",
    "rating": "10",
    "author": "krpa****",
    "review_id": "874477",
    "movie_id": "44209"
  },
  {
    "review": "왜이렇게 평점높아 이건 영화가아니라 다큐멘타리다",
    "date": "06.06.29",
    "rating": "1",
    "author": "oh06****",
    "review_id": "862209",
    "movie_id": "44209"
  },
  {
    "review": "이것이 클로즈업의 진수- 인간의 \"양심\"을 클로즈업한다",
    "date": "06.06.27",
    "rating": "9",
    "author": "cros****",
    "review_id": "859468",
    "movie_id": "44209"
  },
  {
    "review": "자유를 향한 그녀의 외침",
    "date": "06.06.21",
    "rating": "9",
    "author": "fpql****",
    "review_id": "852465",
    "movie_id": "44209"
  },
  {
    "review": "아무도 행동으로 옮기지 못한 일을 그들이 해내다",
    "date": "06.06.21",
    "rating": "8",
    "author": "etom****",
    "review_id": "852115",
    "movie_id": "44209"
  },
  {
    "review": "우리가 놓치고 사는 가치에 대해 생각하게 하는 영화!",
    "date": "06.06.21",
    "rating": "9",
    "author": "cute****",
    "review_id": "852043",
    "movie_id": "44209"
  },
  {
    "review": "괜찮은내용을잘표현하지못한것같다왠지모를부족함이느껴짐",
    "date": "06.06.21",
    "rating": "5",
    "author": "blue****",
    "review_id": "851831",
    "movie_id": "44209"
  },
  {
    "review": "내용은 감동이지만 현실적이고사실적이지않다.소피솔만우상으로",
    "date": "06.06.21",
    "rating": "5",
    "author": "yang****",
    "review_id": "851483",
    "movie_id": "44209"
  },
  {
    "review": "꼭 볼 것! 꼭 읽을 것! 꼭 기억할 것!",
    "date": "06.06.11",
    "rating": "10",
    "author": "redg****",
    "review_id": "841551",
    "movie_id": "44209"
  },
  {
    "review": "정의는나에게이롭지않다 그러나정의는모두를이롭게한다",
    "date": "06.03.27",
    "rating": "10",
    "author": "jung****",
    "review_id": "736299",
    "movie_id": "44209"
  },
  {
    "review": "한국의 운동권학생이여 부끄러운줄 알아라..",
    "date": "06.03.22",
    "rating": "10",
    "author": "vmff****",
    "review_id": "728629",
    "movie_id": "44209"
  },
  {
    "review": "죽기전 감방복도서 오빠와 절실히 담배피던 모습이 감동적",
    "date": "06.03.20",
    "rating": "10",
    "author": "devo****",
    "review_id": "725082",
    "movie_id": "44209"
  },
  {
    "review": "내면에 귀를 기울일 줄 아는 지성이라면 시간이 아깝다는...",
    "date": "06.03.01",
    "rating": "2",
    "author": "hugi****",
    "review_id": "698203",
    "movie_id": "44209"
  },
  {
    "review": "정의는 승리하나,, 허나 남겨진 피조물들이란..",
    "date": "06.02.21",
    "rating": "5",
    "author": "leeh****",
    "review_id": "684365",
    "movie_id": "44209"
  },
  {
    "review": "정의를 위해 목숨까지 버린 사람들의 이야기.. 정의는 승리한당~",
    "date": "05.12.21",
    "rating": "7",
    "author": "choi****",
    "review_id": "517966",
    "movie_id": "44209"
  },
  {
    "review": "감독님 참 친절하시다",
    "date": "05.12.08",
    "rating": "10",
    "author": "yomi****",
    "review_id": "498072",
    "movie_id": "44209"
  },
  {
    "review": "작품성을 떠나서. 영화 자체로서 큰 의미를 지니고 있다.",
    "date": "05.12.04",
    "rating": "9",
    "author": "film****",
    "review_id": "493402",
    "movie_id": "44209"
  },
  {
    "review": "죽음은 한순간이지만,당신의 신념은 영원히 남을것입니다.",
    "date": "05.11.29",
    "rating": "10",
    "author": "euns****",
    "review_id": "488355",
    "movie_id": "44209"
  },
  {
    "review": "머라고해야하나,,그녀,,감동,,하지만 울수만은없는영화",
    "date": "05.11.18",
    "rating": "10",
    "author": "if_w****",
    "review_id": "477215",
    "movie_id": "44209"
  },
  {
    "review": "감동적이기보다 감명깊은 영화...",
    "date": "05.11.08",
    "rating": "10",
    "author": "yo_h****",
    "review_id": "468451",
    "movie_id": "44209"
  },
  {
    "review": "가슴에 뜨거운 전율이 느껴진다..",
    "date": "05.11.06",
    "rating": "8",
    "author": "lyse****",
    "review_id": "466136",
    "movie_id": "44209"
  },
  {
    "review": "자유....란 의미를 다시 생각해봅니다.",
    "date": "05.11.04",
    "rating": "10",
    "author": "kang****",
    "review_id": "463588",
    "movie_id": "44209"
  },
  {
    "review": "piff에서 봤는데 감동적이면서도 찡한 영화.",
    "date": "05.10.18",
    "rating": "10",
    "author": "alve****",
    "review_id": "446839",
    "movie_id": "44209"
  },
  {
    "review": "조국을위해서....헌신한당신의 믿음은 영원할것입니다",
    "date": "05.10.16",
    "rating": "10",
    "author": "go48****",
    "review_id": "445144",
    "movie_id": "44209"
  },
  {
    "review": "가슴 물클한 용기있는 남매의 이야기",
    "date": "05.10.13",
    "rating": "9",
    "author": "blue****",
    "review_id": "441286",
    "movie_id": "44209"
  },
  {
    "review": "우연히 본 영화. 수작하나 찾아내다.",
    "date": "05.10.10",
    "rating": "10",
    "author": "blue****",
    "review_id": "439392",
    "movie_id": "44209"
  },
  {
    "review": "[긍휼]시월의 어느가을하늘 \"숄\"그의 두려움을 바라본다.",
    "date": "05.10.10",
    "rating": "10",
    "author": "dong****",
    "review_id": "439083",
    "movie_id": "44209"
  }
]