[
  {
    "review": "시한부 어쩌고 하는영화는 너무 식상하다(0점)...그러나 죽음이 나의것이 될수도 있다는 경각심에 2점",
    "date": "15.05.06",
    "rating": "2",
    "author": "myun****",
    "review_id": "9900039",
    "movie_id": "44214"
  },
  {
    "review": "죽어야 할 내일을 위해 오늘을 가장 가치있게 살아가는 방법",
    "date": "15.01.13",
    "rating": "8",
    "author": "thin****",
    "review_id": "9588644",
    "movie_id": "44214"
  },
  {
    "review": "로맹처럼 살고 싶다가 아니라 로맹처럼 죽고 싶다...삶을 아쉬워하지도 말고 죽음을 아쉬워하지도 말기...",
    "date": "14.10.08",
    "rating": "9",
    "author": "2sky****",
    "review_id": "9274863",
    "movie_id": "44214"
  },
  {
    "review": "솔직히 보는 내내... 별로였지만 마지막 엔딩 장면은 절대 잊을수가 없다. 별 생각없이 보다가 마지막 장면에서 눈물이 흐름. 나도 로맹처럼 죽고싶다..",
    "date": "13.11.15",
    "rating": "8",
    "author": "hyun****",
    "review_id": "8141334",
    "movie_id": "44214"
  },
  {
    "review": "그가 가져간 것은 무엇이었을까...",
    "date": "12.10.23",
    "rating": "10",
    "author": "oz11****",
    "review_id": "6823464",
    "movie_id": "44214"
  },
  {
    "review": "아쉬움이 남는 영화... 삶에 대한 아쉬움...",
    "date": "12.04.10",
    "rating": "9",
    "author": "gusg****",
    "review_id": "6207214",
    "movie_id": "44214"
  },
  {
    "review": "뭘 전달하고 싶었던거야?",
    "date": "12.03.19",
    "rating": "3",
    "author": "dlat****",
    "review_id": "6155684",
    "movie_id": "44214"
  },
  {
    "review": "나도 로맹처럼 죽고싶다. 엔딩의 여운이 4년이 지난 지금까지 남는 영화",
    "date": "12.02.01",
    "rating": "9",
    "author": "paro****",
    "review_id": "6042064",
    "movie_id": "44214"
  },
  {
    "review": "파도소리와 함께 해는 그렇게 뉘엿뉘엿 지고있었다",
    "date": "11.10.30",
    "rating": "8",
    "author": "mins****",
    "review_id": "5817857",
    "movie_id": "44214"
  },
  {
    "review": "게이와 시한부... 식상하다.",
    "date": "11.07.10",
    "rating": "5",
    "author": "bbq2****",
    "review_id": "5533025",
    "movie_id": "44214"
  },
  {
    "review": "Time to leave or Time to live. 드라마틱한 죽음을 풀어낸 담담함이 좋았다",
    "date": "11.06.28",
    "rating": "9",
    "author": "mida****",
    "review_id": "5504597",
    "movie_id": "44214"
  },
  {
    "review": "\"눈물이 아닌... 사랑을 남깁니다\"",
    "date": "11.02.06",
    "rating": "8",
    "author": "rock****",
    "review_id": "5222695",
    "movie_id": "44214"
  },
  {
    "review": "프랑스 영화가 좋은 이유 하나 더 추가요~",
    "date": "10.12.31",
    "rating": "9",
    "author": "tugy****",
    "review_id": "5107181",
    "movie_id": "44214"
  },
  {
    "review": "마지막 순간에 눈물을 남기지 않고 홀가분이 떠나간다라...",
    "date": "10.11.14",
    "rating": "8",
    "author": "minw****",
    "review_id": "4961831",
    "movie_id": "44214"
  },
  {
    "review": "엔딩씬 황홀하네요.. 로맹이 행운아로 느껴질만큼.",
    "date": "10.09.26",
    "rating": "8",
    "author": "naeg****",
    "review_id": "4869321",
    "movie_id": "44214"
  },
  {
    "review": "자기만족적이고, 너무나 주위사람들을 배려하지 않은 죽음이 아니었을까...",
    "date": "10.06.14",
    "rating": "9",
    "author": "muku****",
    "review_id": "4565120",
    "movie_id": "44214"
  },
  {
    "review": "쿨해 보이지만 치지한 영화. 하지만 잔느 모로와 마지막 죽음의 이미지는 아름답다",
    "date": "09.12.25",
    "rating": "6",
    "author": "oris****",
    "review_id": "4080236",
    "movie_id": "44214"
  },
  {
    "review": "Time to live",
    "date": "09.11.26",
    "rating": "10",
    "author": "love****",
    "review_id": "3992066",
    "movie_id": "44214"
  },
  {
    "review": "진중하고 담담하고 쿨하고 따뜻한 영화",
    "date": "09.07.21",
    "rating": "6",
    "author": "tubt****",
    "review_id": "3654729",
    "movie_id": "44214"
  },
  {
    "review": "죽음앞에서의 성찰",
    "date": "09.06.07",
    "rating": "8",
    "author": "jung****",
    "review_id": "3549155",
    "movie_id": "44214"
  },
  {
    "review": "오종이 얌전해지니...음...이건 뭐가가....",
    "date": "09.06.05",
    "rating": "7",
    "author": "tjsd****",
    "review_id": "3544795",
    "movie_id": "44214"
  },
  {
    "review": "오종식 죽음 영화, 잔잔히 슬프다.",
    "date": "09.03.28",
    "rating": "8",
    "author": "5292****",
    "review_id": "3392539",
    "movie_id": "44214"
  },
  {
    "review": "오종만의 분명한 색채와 여운을 남기는 영화,, 잔느모로를 만나는 보너스까지 ㅎ",
    "date": "09.03.26",
    "rating": "9",
    "author": "quil****",
    "review_id": "3388018",
    "movie_id": "44214"
  },
  {
    "review": "죽음앞에서 좀더 성숙하고 자기삶에 충실했다.. 아련한 파도소리는 프랑스만의 죽음에",
    "date": "09.03.23",
    "rating": "10",
    "author": "immo****",
    "review_id": "3383142",
    "movie_id": "44214"
  },
  {
    "review": "알 수 있었으면 가만히 안아주기라도 했을텐데..ㅠㅠ 파도소리 엄청 여운남게 하네..",
    "date": "09.01.30",
    "rating": "10",
    "author": "nury****",
    "review_id": "3264522",
    "movie_id": "44214"
  },
  {
    "review": "내 생에 최고의 영화. 죽음까지의 솔직하고 진솔한 여정.",
    "date": "09.01.21",
    "rating": "10",
    "author": "maka****",
    "review_id": "3237928",
    "movie_id": "44214"
  },
  {
    "review": "여운이 남는건지 아쉬움이 남는건지.. 그저 약간 허무하다..",
    "date": "08.12.23",
    "rating": "9",
    "author": "bwlc****",
    "review_id": "3141284",
    "movie_id": "44214"
  },
  {
    "review": "이런 죽음도 있다는거...",
    "date": "08.12.20",
    "rating": "10",
    "author": "tkfk****",
    "review_id": "3132237",
    "movie_id": "44214"
  },
  {
    "review": "마지막 장면멋져 감동적~멜빌 멋져멋져",
    "date": "08.11.23",
    "rating": "10",
    "author": "espe****",
    "review_id": "3066634",
    "movie_id": "44214"
  },
  {
    "review": "아 멜비...연기 너무잘해.ㅠㅠ",
    "date": "08.10.23",
    "rating": "10",
    "author": "iras****",
    "review_id": "3014885",
    "movie_id": "44214"
  },
  {
    "review": "무덤덤한 하지만 쉽지 않게,,, 죽음...",
    "date": "08.10.19",
    "rating": "10",
    "author": "psyk****",
    "review_id": "3007389",
    "movie_id": "44214"
  },
  {
    "review": "보고나면 공허하다. 나를 돌아본다.",
    "date": "08.10.12",
    "rating": "9",
    "author": "mkin****",
    "review_id": "2995903",
    "movie_id": "44214"
  },
  {
    "review": "멜빌푸포가 멋있어서 10점 ;)",
    "date": "08.10.01",
    "rating": "10",
    "author": "swee****",
    "review_id": "2976758",
    "movie_id": "44214"
  },
  {
    "review": "죽음에 관해 가장 있을 법한 대처법",
    "date": "08.08.30",
    "rating": "9",
    "author": "zpzp****",
    "review_id": "2911941",
    "movie_id": "44214"
  },
  {
    "review": "있을 법한 이야기.마지막 장면...성별을 떠나서 그를 따뜻하게 안아주고 싶었다.",
    "date": "08.08.27",
    "rating": "9",
    "author": "hili****",
    "review_id": "2905020",
    "movie_id": "44214"
  },
  {
    "review": "투영된 Romain 뒤로 뉘엿뉘엿 저무는 삶의 자락",
    "date": "08.08.24",
    "rating": "8",
    "author": "flam****",
    "review_id": "2898848",
    "movie_id": "44214"
  },
  {
    "review": "조용한 죽음, 긴 여운...최고의 라스트신 중 하나....",
    "date": "08.07.24",
    "rating": "8",
    "author": "amic****",
    "review_id": "2797007",
    "movie_id": "44214"
  },
  {
    "review": "죽음에 대한 그의 남다른 대처.. 마음이 짠했다",
    "date": "08.06.26",
    "rating": "10",
    "author": "drea****",
    "review_id": "2721349",
    "movie_id": "44214"
  },
  {
    "review": "죽음이 바꿔놓은 모든것",
    "date": "08.06.08",
    "rating": "10",
    "author": "2bol****",
    "review_id": "2688601",
    "movie_id": "44214"
  },
  {
    "review": "많은걸생각하게 해준 영화",
    "date": "08.06.08",
    "rating": "10",
    "author": "mero****",
    "review_id": "2687179",
    "movie_id": "44214"
  },
  {
    "review": "별점 너무 높다.  낚이지 말것.",
    "date": "08.06.04",
    "rating": "1",
    "author": "nemo****",
    "review_id": "2678500",
    "movie_id": "44214"
  },
  {
    "review": "..뭐랄까..다시보고싶은영화..",
    "date": "08.04.25",
    "rating": "9",
    "author": "uros****",
    "review_id": "2597887",
    "movie_id": "44214"
  },
  {
    "review": "멍하니 짧게, 디카에 담은 그의 사진이 보고싶다.",
    "date": "08.03.10",
    "rating": "8",
    "author": "spie****",
    "review_id": "2513541",
    "movie_id": "44214"
  },
  {
    "review": "어느 한남자의 죽음에 관한 담담한 이야기",
    "date": "08.02.22",
    "rating": "8",
    "author": "nd2s****",
    "review_id": "2471632",
    "movie_id": "44214"
  },
  {
    "review": "나쁘진 않다. 하지만 딱히 감동도 없다.",
    "date": "08.02.14",
    "rating": "9",
    "author": "wfy0****",
    "review_id": "2443058",
    "movie_id": "44214"
  },
  {
    "review": "죽음에 대한 또 다른 시각. 너무나도 멋진 영화. 눈물이 없는 날 눈물짓게 만든영화다",
    "date": "08.02.13",
    "rating": "10",
    "author": "equa****",
    "review_id": "2441245",
    "movie_id": "44214"
  },
  {
    "review": "오종의 스위밍풀은 재밌게 봤는데 이건 솔직히 별 느낌 없었다.",
    "date": "08.02.03",
    "rating": "7",
    "author": "rikk****",
    "review_id": "2403516",
    "movie_id": "44214"
  },
  {
    "review": "어려웟다",
    "date": "08.02.01",
    "rating": "3",
    "author": "high****",
    "review_id": "2396017",
    "movie_id": "44214"
  },
  {
    "review": "삶과죽음은 너무나 가까이 있다는것을...",
    "date": "07.11.20",
    "rating": "10",
    "author": "film****",
    "review_id": "2168696",
    "movie_id": "44214"
  },
  {
    "review": "끝까지 멋있는 게이청년.",
    "date": "07.11.12",
    "rating": "6",
    "author": "ghdl****",
    "review_id": "2146473",
    "movie_id": "44214"
  },
  {
    "review": "모든것에는 때가 있다... 바닷가의 소리가 계속 귓가에 남는다",
    "date": "07.11.04",
    "rating": "10",
    "author": "skki****",
    "review_id": "2133973",
    "movie_id": "44214"
  },
  {
    "review": "마지막... 바닷가.",
    "date": "07.10.29",
    "rating": "10",
    "author": "h790****",
    "review_id": "2121083",
    "movie_id": "44214"
  },
  {
    "review": "멋진건 주인공의 얼굴정도? 기대보다 훨씬 심심해버린 영화",
    "date": "07.10.28",
    "rating": "7",
    "author": "mice****",
    "review_id": "2117423",
    "movie_id": "44214"
  },
  {
    "review": "영화의 시각이 정말 아름답다, 담담하지만 마음속에 와닿는다.",
    "date": "07.09.25",
    "rating": "10",
    "author": "fjqp****",
    "review_id": "2046520",
    "movie_id": "44214"
  },
  {
    "review": "끝을 암시하는 영원의 파도소리",
    "date": "07.08.23",
    "rating": "10",
    "author": "juli****",
    "review_id": "1972426",
    "movie_id": "44214"
  },
  {
    "review": "내생애 최고의 프랑스영화",
    "date": "07.08.14",
    "rating": "10",
    "author": "baby****",
    "review_id": "1936691",
    "movie_id": "44214"
  },
  {
    "review": "생각만큼 우울하지 않다 꽤 괜찮은 느낌을 준다",
    "date": "07.07.03",
    "rating": "7",
    "author": "titi****",
    "review_id": "1743725",
    "movie_id": "44214"
  },
  {
    "review": "먼가 짠하게 남는 영화, 특히 마지막 장면, 몇일 간다..",
    "date": "07.06.04",
    "rating": "9",
    "author": "aqua****",
    "review_id": "1680799",
    "movie_id": "44214"
  },
  {
    "review": "암에 걸려 죽음을 맞이하는 남자의 이야기...",
    "date": "07.05.29",
    "rating": "7",
    "author": "caca****",
    "review_id": "1671329",
    "movie_id": "44214"
  },
  {
    "review": "프랑스 정서가 좋다...배우 내 타입인데?ㅋㅋ",
    "date": "07.05.13",
    "rating": "10",
    "author": "tsum****",
    "review_id": "1636030",
    "movie_id": "44214"
  },
  {
    "review": "슬픈내용인데 왜이리 아름답지..",
    "date": "07.05.02",
    "rating": "10",
    "author": "moon****",
    "review_id": "1615664",
    "movie_id": "44214"
  },
  {
    "review": "시한부.... 어떤기분인지.. 느끼개해준영화...",
    "date": "07.04.23",
    "rating": "10",
    "author": "sjy0****",
    "review_id": "1601937",
    "movie_id": "44214"
  },
  {
    "review": "엔딩이 좋다 죽음을 대하는 주인공의 시선이 공감간다",
    "date": "07.04.05",
    "rating": "9",
    "author": "leh0****",
    "review_id": "1573154",
    "movie_id": "44214"
  },
  {
    "review": "확실히 차분하구 가치가 있긴 하다만..난 8월의 크리스마스가 더 좋다.",
    "date": "07.03.18",
    "rating": "7",
    "author": "mino****",
    "review_id": "1540855",
    "movie_id": "44214"
  },
  {
    "review": "마지막여운이 잊혀지질않아...",
    "date": "07.03.11",
    "rating": "10",
    "author": "gfph****",
    "review_id": "1528310",
    "movie_id": "44214"
  },
  {
    "review": "평범한 스토리 같지만 예술적 가치를 느낄수 있는 죽음을 생각하게...",
    "date": "07.02.26",
    "rating": "9",
    "author": "park****",
    "review_id": "1502937",
    "movie_id": "44214"
  },
  {
    "review": "죽음을 참신하게 표현한 영화...",
    "date": "07.02.12",
    "rating": "9",
    "author": "siyo****",
    "review_id": "1465248",
    "movie_id": "44214"
  },
  {
    "review": "발길질 시작하면..알려주세요..이단어에..너무 뭉클했다슬프다..",
    "date": "07.02.07",
    "rating": "10",
    "author": "vust****",
    "review_id": "1450184",
    "movie_id": "44214"
  },
  {
    "review": "좀 짧은 감이 있지만 연기력과 독특함이 돋보임.",
    "date": "07.02.02",
    "rating": "10",
    "author": "newp****",
    "review_id": "1435435",
    "movie_id": "44214"
  },
  {
    "review": "엔딩이예술..죽음도아름다울수잇다니..",
    "date": "07.01.30",
    "rating": "10",
    "author": "100g****",
    "review_id": "1425948",
    "movie_id": "44214"
  },
  {
    "review": "끝없는 파도소리와 여운. 눈물을 쥐어짜지않으나 슬픔은 더 크다",
    "date": "07.01.26",
    "rating": "8",
    "author": "hell****",
    "review_id": "1416362",
    "movie_id": "44214"
  },
  {
    "review": "정말 사랑을 남기고 갑니다ㅜㅜ",
    "date": "07.01.25",
    "rating": "10",
    "author": "tntd****",
    "review_id": "1412271",
    "movie_id": "44214"
  },
  {
    "review": "슬픔 대신 사랑을 남기고 떠난 그.",
    "date": "07.01.08",
    "rating": "10",
    "author": "gyp_****",
    "review_id": "1368499",
    "movie_id": "44214"
  },
  {
    "review": "죽는영화가다그렇지모..................가 아닌덤덤하게풀었다",
    "date": "06.12.25",
    "rating": "10",
    "author": "0602****",
    "review_id": "1326274",
    "movie_id": "44214"
  },
  {
    "review": "동성애장면을 뺐더라면 더 괜찮았을뻔한...",
    "date": "06.12.25",
    "rating": "7",
    "author": "blue****",
    "review_id": "1322870",
    "movie_id": "44214"
  },
  {
    "review": "마지막에 주인공이찍은사진들 보여주길바랬는데,ㅎ",
    "date": "06.12.22",
    "rating": "10",
    "author": "hoiu****",
    "review_id": "1314797",
    "movie_id": "44214"
  },
  {
    "review": "자신의 흔적을 남겼지만 어째 씁쓸하군.",
    "date": "06.12.17",
    "rating": "6",
    "author": "wing****",
    "review_id": "1298633",
    "movie_id": "44214"
  },
  {
    "review": "쥔공 너무 잘생겼어... 인간이아닌거같아 ㅜㅜ",
    "date": "06.12.11",
    "rating": "10",
    "author": "varn****",
    "review_id": "1284677",
    "movie_id": "44214"
  },
  {
    "review": "가야 할 때를 담담하게 받아들이면서도 '새생명'을 남기는..",
    "date": "06.12.10",
    "rating": "9",
    "author": "rega****",
    "review_id": "1282727",
    "movie_id": "44214"
  },
  {
    "review": "담담하게 그려내는게 더 어렵다. 나도 원한다. 죽음은 조용히..",
    "date": "06.12.03",
    "rating": "8",
    "author": "hs00****",
    "review_id": "1265167",
    "movie_id": "44214"
  },
  {
    "review": "좀 약해진 감이 있어도 이정도면 역시 오종답다는 생각이 든다",
    "date": "06.10.07",
    "rating": "6",
    "author": "okjo****",
    "review_id": "1168099",
    "movie_id": "44214"
  },
  {
    "review": "\"그래 죽기전에 챙겨가야지.........\"",
    "date": "06.10.07",
    "rating": "10",
    "author": "die8****",
    "review_id": "1167189",
    "movie_id": "44214"
  },
  {
    "review": "여전히 자극적인 소재 하지만 어른 오종의 영화",
    "date": "06.10.03",
    "rating": "8",
    "author": "erhe****",
    "review_id": "1156936",
    "movie_id": "44214"
  },
  {
    "review": "천재감독이다..정말.ㅠㅠ 정말 여운이남는다",
    "date": "06.09.25",
    "rating": "10",
    "author": "dj16****",
    "review_id": "1142974",
    "movie_id": "44214"
  },
  {
    "review": "서서히 지는 일몰에 눈물을 감추지 못했다..",
    "date": "06.09.18",
    "rating": "10",
    "author": "inth****",
    "review_id": "1129997",
    "movie_id": "44214"
  },
  {
    "review": "죽음을 받아드린 배우의 연기... 좋은 영화다.",
    "date": "06.09.10",
    "rating": "9",
    "author": "neko****",
    "review_id": "1115889",
    "movie_id": "44214"
  },
  {
    "review": "억지스런 눈물짜기가 아닌, 가슴으로 느끼는 영화",
    "date": "06.08.22",
    "rating": "10",
    "author": "sygp****",
    "review_id": "1069165",
    "movie_id": "44214"
  },
  {
    "review": "삶의 마무리.. 담담하기에 더 슬프다..",
    "date": "06.08.19",
    "rating": "9",
    "author": "ilfo****",
    "review_id": "1054153",
    "movie_id": "44214"
  },
  {
    "review": "두근거리는 생의 연속",
    "date": "06.08.11",
    "rating": "8",
    "author": "mist****",
    "review_id": "993845",
    "movie_id": "44214"
  },
  {
    "review": "과거 혈기넘치던 작품을 넘어 생과 사의 진지함까지 내포한 오종",
    "date": "06.07.28",
    "rating": "7",
    "author": "jals****",
    "review_id": "932285",
    "movie_id": "44214"
  },
  {
    "review": "평화롭고 외로운 죽음",
    "date": "06.07.15",
    "rating": "10",
    "author": "jiro****",
    "review_id": "893248",
    "movie_id": "44214"
  },
  {
    "review": "... ... ... 죽음이 다가온다는걸 아는.. 정말 어떤느낌일까.",
    "date": "06.07.02",
    "rating": "10",
    "author": "peri****",
    "review_id": "866609",
    "movie_id": "44214"
  },
  {
    "review": "\"죽기 전에 하고 싶은 10가지\"-보다 한수 밑",
    "date": "06.06.25",
    "rating": "2",
    "author": "jdh8****",
    "review_id": "857006",
    "movie_id": "44214"
  },
  {
    "review": "감동...",
    "date": "06.06.11",
    "rating": "10",
    "author": "nost****",
    "review_id": "841279",
    "movie_id": "44214"
  },
  {
    "review": "오종 그만의 스타일속에서의 가장 긍정적인 진화",
    "date": "06.06.04",
    "rating": "8",
    "author": "wong****",
    "review_id": "831456",
    "movie_id": "44214"
  },
  {
    "review": "잊지못할 엔딩..",
    "date": "06.06.01",
    "rating": "10",
    "author": "alsi****",
    "review_id": "826442",
    "movie_id": "44214"
  },
  {
    "review": "아.... 멋있다",
    "date": "06.05.28",
    "rating": "8",
    "author": "mir2****",
    "review_id": "820369",
    "movie_id": "44214"
  },
  {
    "review": "죽음 앞에선 그 어떤 것도 용서가 가능하다",
    "date": "06.05.23",
    "rating": "8",
    "author": "kmjj****",
    "review_id": "812702",
    "movie_id": "44214"
  },
  {
    "review": "까만스크린위로 들리는 그 파도소리-",
    "date": "06.05.22",
    "rating": "10",
    "author": "aspi****",
    "review_id": "812166",
    "movie_id": "44214"
  },
  {
    "review": "죽음에 대한 가장 아름답고 완전한 영화.",
    "date": "06.05.16",
    "rating": "10",
    "author": "stri****",
    "review_id": "802004",
    "movie_id": "44214"
  }
]