[
  {
    "review": "야하기만한 영화는 아닌듯...감성적임..내용을 떠나서 남주 뒷태에 반해서 10점~",
    "date": "15.01.22",
    "rating": "10",
    "author": "aqua****",
    "review_id": "9622341",
    "movie_id": "44223"
  },
  {
    "review": "감성적이고 섬세한... 여운이 남는 영화",
    "date": "14.10.17",
    "rating": "10",
    "author": "whdb****",
    "review_id": "9297647",
    "movie_id": "44223"
  },
  {
    "review": "재밌게 봤다 한국도 좀 배우라 이기야",
    "date": "14.07.17",
    "rating": "8",
    "author": "dksg****",
    "review_id": "8923202",
    "movie_id": "44223"
  },
  {
    "review": "성기노출는 말고 딱히. .  용두사미.",
    "date": "14.06.14",
    "rating": "3",
    "author": "etug****",
    "review_id": "8828091",
    "movie_id": "44223"
  },
  {
    "review": "생각보다 꽤 감성적이고... 매력적인 주연이 돋보임..",
    "date": "14.06.01",
    "rating": "8",
    "author": "jfox****",
    "review_id": "8785759",
    "movie_id": "44223"
  },
  {
    "review": "나와 함께 섹스를 위하여 그 이상도 아니다.",
    "date": "14.05.13",
    "rating": "5",
    "author": "izzo****",
    "review_id": "8727935",
    "movie_id": "44223"
  },
  {
    "review": "생각보다 괜찮았던 영화...",
    "date": "14.05.03",
    "rating": "7",
    "author": "alem****",
    "review_id": "8697147",
    "movie_id": "44223"
  },
  {
    "review": "예전에 보고 반한 영화! 극장서 재개봉하다니 완전 좋네.",
    "date": "14.04.03",
    "rating": "10",
    "author": "lapu****",
    "review_id": "8626155",
    "movie_id": "44223"
  },
  {
    "review": "재미짐",
    "date": "13.08.01",
    "rating": "10",
    "author": "zxcv****",
    "review_id": "7805580",
    "movie_id": "44223"
  },
  {
    "review": "멜로를 가장한 포르노. 여주가 무진장 예쁘다.",
    "date": "13.05.13",
    "rating": "7",
    "author": "sipj****",
    "review_id": "7526966",
    "movie_id": "44223"
  },
  {
    "review": "ㅋㅋㅋ10점만점ㅋㅋㅋㅋ",
    "date": "13.01.08",
    "rating": "10",
    "author": "1982****",
    "review_id": "7091533",
    "movie_id": "44223"
  },
  {
    "review": "욕망과 사랑에 대한 솔직한 대화",
    "date": "12.03.17",
    "rating": "8",
    "author": "brer****",
    "review_id": "6149080",
    "movie_id": "44223"
  },
  {
    "review": "남주 엉덩이가 10점만점.",
    "date": "12.01.07",
    "rating": "10",
    "author": "madd****",
    "review_id": "5967001",
    "movie_id": "44223"
  },
  {
    "review": "아름답고 솔직한 사랑 영화. 수위높은 섹스장면은 덤.",
    "date": "11.11.24",
    "rating": "8",
    "author": "beau****",
    "review_id": "5867789",
    "movie_id": "44223"
  },
  {
    "review": "5년이 지나도 생각나는 영화",
    "date": "11.10.23",
    "rating": "10",
    "author": "clif****",
    "review_id": "5805573",
    "movie_id": "44223"
  },
  {
    "review": "nana8178니 이해력을 탓해라 포르노로 보기엔 너무 안타까운 영화...",
    "date": "11.08.12",
    "rating": "10",
    "author": "dbrm****",
    "review_id": "5640252",
    "movie_id": "44223"
  },
  {
    "review": "첨에는 야한영화... 하지만 그 이상의 센스티브가 있었던 감성적인 영화,..",
    "date": "11.06.06",
    "rating": "8",
    "author": "lady****",
    "review_id": "5468221",
    "movie_id": "44223"
  },
  {
    "review": "두번 보고 두번다 눈물이 난 영화...",
    "date": "10.12.11",
    "rating": "10",
    "author": "euns****",
    "review_id": "5043619",
    "movie_id": "44223"
  },
  {
    "review": "여운이 오래 남는다.",
    "date": "10.10.13",
    "rating": "10",
    "author": "rayj****",
    "review_id": "4900865",
    "movie_id": "44223"
  },
  {
    "review": "진정한 사랑. 사랑이 뭔지 알 수 있는 영화",
    "date": "10.09.17",
    "rating": "9",
    "author": "sn89****",
    "review_id": "4841949",
    "movie_id": "44223"
  },
  {
    "review": "큰 의미를 부여하기엔 스토리가 빈약",
    "date": "10.09.07",
    "rating": "4",
    "author": "sirs****",
    "review_id": "4821733",
    "movie_id": "44223"
  },
  {
    "review": "초반에 보여준게 전부였어",
    "date": "10.02.27",
    "rating": "4",
    "author": "psp2****",
    "review_id": "4321207",
    "movie_id": "44223"
  },
  {
    "review": "소재나 내러티브는 흥미로웠지만 끝날때까지 이것을 잘 이끌지 못해서 아쉽다..",
    "date": "10.02.11",
    "rating": "6",
    "author": "wind****",
    "review_id": "4269446",
    "movie_id": "44223"
  },
  {
    "review": "무삭제로봐야함. 야한장면을 못보기때문이 아니라 둘의사랑을 이해하지 못하기때문에",
    "date": "10.01.06",
    "rating": "10",
    "author": "enna****",
    "review_id": "4141466",
    "movie_id": "44223"
  },
  {
    "review": "아.. 슬프다.",
    "date": "09.12.07",
    "rating": "10",
    "author": "real****",
    "review_id": "4027059",
    "movie_id": "44223"
  },
  {
    "review": "별로. 남자주인공 엉덩이는 예뻤다-",
    "date": "09.11.06",
    "rating": "5",
    "author": "raju****",
    "review_id": "3939652",
    "movie_id": "44223"
  },
  {
    "review": "솔직한 감정의 순수한 사람들.. 의외로 상당히 괜찮은영화다.",
    "date": "09.11.05",
    "rating": "10",
    "author": "sawa****",
    "review_id": "3939207",
    "movie_id": "44223"
  },
  {
    "review": "사랑은 사랑인데 육체에 지배된 사랑... 정신적 사랑은.. 아웃 오브 포커스...",
    "date": "09.07.23",
    "rating": "4",
    "author": "x_it****",
    "review_id": "3658108",
    "movie_id": "44223"
  },
  {
    "review": "감성적이고 솔직한 영화~ 자신을 숨기지 말자!!",
    "date": "09.06.07",
    "rating": "10",
    "author": "choj****",
    "review_id": "3548885",
    "movie_id": "44223"
  },
  {
    "review": "진실적인 연인의 애정관계. 현실적이긴 하지만 그 뿐...",
    "date": "09.05.30",
    "rating": "7",
    "author": "wlfa****",
    "review_id": "3533225",
    "movie_id": "44223"
  },
  {
    "review": "지극히 현실적인 영화, 보통을 사는 아름답지도 추하지도 않은 그들의 모습이다",
    "date": "09.05.13",
    "rating": "10",
    "author": "choi****",
    "review_id": "3492198",
    "movie_id": "44223"
  },
  {
    "review": "진정한 사랑을 알아가는 성장영화. 다소 충격적이나 두 배우의 진지한 연기가 인상적.",
    "date": "09.05.10",
    "rating": "9",
    "author": "5292****",
    "review_id": "3484970",
    "movie_id": "44223"
  },
  {
    "review": "뭐랄까... 여자배우가 연기하는게 너무... 슬프기도하고...ㅠㅠ",
    "date": "09.04.16",
    "rating": "10",
    "author": "qndu****",
    "review_id": "3423986",
    "movie_id": "44223"
  },
  {
    "review": "요즘 시대에 이건 야한 것도 아님... 감동적...",
    "date": "09.04.06",
    "rating": "10",
    "author": "rjal****",
    "review_id": "3408306",
    "movie_id": "44223"
  },
  {
    "review": "빼어나진 않아도 괜찮은 작품인데 평점이 낮게 평가되있어 안타까운 마음이 앞선다",
    "date": "09.03.22",
    "rating": "10",
    "author": "ggon****",
    "review_id": "3381947",
    "movie_id": "44223"
  },
  {
    "review": "보는내내 야하다고 느껴지지가 않았다 사랑하는사람과하는섹스는 아름다운것.",
    "date": "09.01.20",
    "rating": "10",
    "author": "lsys****",
    "review_id": "3234426",
    "movie_id": "44223"
  },
  {
    "review": "사랑없는섹스와 사랑을하며 하는 섹스는 다르다!! 서로랑하며 하는 섹스는 아름다운것",
    "date": "08.08.16",
    "rating": "10",
    "author": "reda****",
    "review_id": "2877859",
    "movie_id": "44223"
  },
  {
    "review": "이영화를 포르노취급하지말자.. 포르노 취급하기엔.. 너무 감성적이고 슬픈내용이다..",
    "date": "08.08.16",
    "rating": "9",
    "author": "sera****",
    "review_id": "2877832",
    "movie_id": "44223"
  },
  {
    "review": "이게 무슨 사랑? 자기 맘에 드는 남자 앞에서 딴남자랑 하고. 이해 안되는 영화",
    "date": "08.08.01",
    "rating": "1",
    "author": "nana****",
    "review_id": "2825086",
    "movie_id": "44223"
  },
  {
    "review": "지겨운 신파극",
    "date": "08.07.20",
    "rating": "1",
    "author": "meth****",
    "review_id": "2783409",
    "movie_id": "44223"
  },
  {
    "review": "뭐라 말로설명할수 없는 뭔가가 남는영화...외롭우며 슬픈..",
    "date": "08.06.28",
    "rating": "8",
    "author": "leeo****",
    "review_id": "2725337",
    "movie_id": "44223"
  },
  {
    "review": "포르노라고만 치부해버리기에는 아깝다. 잔잔히 밀려오는 여운..",
    "date": "08.06.27",
    "rating": "10",
    "author": "akrt****",
    "review_id": "2724875",
    "movie_id": "44223"
  },
  {
    "review": "사랑은 잘 모르고 쾌락만 추구하는 사람들에게 사랑의 의미를 주는..",
    "date": "08.06.18",
    "rating": "10",
    "author": "sexy****",
    "review_id": "2705913",
    "movie_id": "44223"
  },
  {
    "review": "솔직히 야한것이 좋고 그것땜에 봤지만 내용도 정말 좋은것 같다 감동적",
    "date": "08.05.24",
    "rating": "10",
    "author": "bari****",
    "review_id": "2659007",
    "movie_id": "44223"
  },
  {
    "review": "섹스는 사랑의 표현 중 하나일 뿐이다",
    "date": "08.05.23",
    "rating": "10",
    "author": "airb****",
    "review_id": "2656814",
    "movie_id": "44223"
  },
  {
    "review": "차라리 그냥 자라....재미없다..카피광고만 유난 떤 영화다...",
    "date": "08.02.27",
    "rating": "2",
    "author": "jodi****",
    "review_id": "2488330",
    "movie_id": "44223"
  },
  {
    "review": "포르노급에도불구하고..잔잔하고아름다운영화",
    "date": "08.02.24",
    "rating": "10",
    "author": "bong****",
    "review_id": "2479664",
    "movie_id": "44223"
  },
  {
    "review": "지루한 섹스신이 계속 연출되며 사랑과 매치 시키려 하지만...",
    "date": "08.02.20",
    "rating": "5",
    "author": "engm****",
    "review_id": "2465253",
    "movie_id": "44223"
  },
  {
    "review": "내 내면을 소통하기엔 몸마저 부족한 도구이다",
    "date": "08.02.16",
    "rating": "8",
    "author": "ador****",
    "review_id": "2452955",
    "movie_id": "44223"
  },
  {
    "review": "나를 드러낼때까지는 기다려야한다.",
    "date": "08.02.05",
    "rating": "10",
    "author": "cndp****",
    "review_id": "2410306",
    "movie_id": "44223"
  },
  {
    "review": "여운이 남는다....그래도 아쉽....",
    "date": "08.01.22",
    "rating": "9",
    "author": "maya****",
    "review_id": "2359669",
    "movie_id": "44223"
  },
  {
    "review": "섹스는 고독의 표출이었을뿐...아름다운 영화",
    "date": "07.12.20",
    "rating": "10",
    "author": "hama****",
    "review_id": "2248047",
    "movie_id": "44223"
  },
  {
    "review": "섹스는 목적이 아니다 방법일뿐.",
    "date": "07.12.18",
    "rating": "10",
    "author": "bhzz****",
    "review_id": "2241679",
    "movie_id": "44223"
  },
  {
    "review": "가슴아려 눈물이 났다. 정말 아름답고 매력적인 연인. 감성연기..굿",
    "date": "07.12.08",
    "rating": "10",
    "author": "lsoo****",
    "review_id": "2215443",
    "movie_id": "44223"
  },
  {
    "review": "사랑.. 기다림..",
    "date": "07.12.02",
    "rating": "10",
    "author": "baba****",
    "review_id": "2200379",
    "movie_id": "44223"
  },
  {
    "review": "영상은 참 좋다 스토리는 진부하고 남자 연기는 정말 별로",
    "date": "07.11.22",
    "rating": "6",
    "author": "fasc****",
    "review_id": "2174138",
    "movie_id": "44223"
  },
  {
    "review": "그들의 감정을 들어내는 표정에 가슴이 아려왔다.",
    "date": "07.11.21",
    "rating": "8",
    "author": "bw19****",
    "review_id": "2171329",
    "movie_id": "44223"
  },
  {
    "review": "공허.. 내가 느낀 단 한 언어이다..",
    "date": "07.11.15",
    "rating": "8",
    "author": "jeeb****",
    "review_id": "2154042",
    "movie_id": "44223"
  },
  {
    "review": "각성하고 다시 만난다 이건데.. 그리 배운게 없네.",
    "date": "07.11.15",
    "rating": "4",
    "author": "inki****",
    "review_id": "2151994",
    "movie_id": "44223"
  },
  {
    "review": "사랑 섹스 모두 같은말일뿐",
    "date": "07.11.13",
    "rating": "9",
    "author": "cray****",
    "review_id": "2148889",
    "movie_id": "44223"
  },
  {
    "review": "사랑에  서투른 그녀지만 아름 답다..사랑 섹스 그들의 뗄 수 없는...아름다움..",
    "date": "07.11.12",
    "rating": "10",
    "author": "zzan****",
    "review_id": "2148157",
    "movie_id": "44223"
  },
  {
    "review": "복잡한 인생을 섹스로 풀면 안된다.",
    "date": "07.10.06",
    "rating": "7",
    "author": "pucc****",
    "review_id": "2073369",
    "movie_id": "44223"
  },
  {
    "review": "사랑과 섹스, 그 둘을 모두 경험해본 사람이라면 공감할 영화.",
    "date": "07.10.04",
    "rating": "10",
    "author": "oaoa****",
    "review_id": "2069589",
    "movie_id": "44223"
  },
  {
    "review": "티비에서 너무 많이 짤랐다.. ㅡ.ㅡ",
    "date": "07.09.22",
    "rating": "5",
    "author": "evil****",
    "review_id": "2036557",
    "movie_id": "44223"
  },
  {
    "review": "포르노그라피면서도 무언가 메시지가 있다. 절망적,희망적이지  않다는.",
    "date": "07.09.21",
    "rating": "8",
    "author": "wvma****",
    "review_id": "2034169",
    "movie_id": "44223"
  },
  {
    "review": "문득 무임승차한 사랑, 그래도 아리다",
    "date": "07.09.12",
    "rating": "7",
    "author": "rran****",
    "review_id": "2016787",
    "movie_id": "44223"
  },
  {
    "review": "남녀를 조금은 다르게 해석한 영화",
    "date": "07.08.07",
    "rating": "8",
    "author": "mell****",
    "review_id": "1896208",
    "movie_id": "44223"
  },
  {
    "review": "슬픈영화도아닌데,영화보다가눈물이나왓어요 사랑해본사람만이공감할수잇는영화",
    "date": "07.08.04",
    "rating": "10",
    "author": "soki****",
    "review_id": "1871601",
    "movie_id": "44223"
  },
  {
    "review": "기억에 남는게 없는 영화",
    "date": "07.08.02",
    "rating": "5",
    "author": "hagj****",
    "review_id": "1845539",
    "movie_id": "44223"
  },
  {
    "review": "재미? 공감대? 별로..",
    "date": "07.07.22",
    "rating": "5",
    "author": "7bx2****",
    "review_id": "1799426",
    "movie_id": "44223"
  },
  {
    "review": "그와 그녀의 괴로움, 이해되지도 공감할 수 없다",
    "date": "07.06.21",
    "rating": "3",
    "author": "korn****",
    "review_id": "1712364",
    "movie_id": "44223"
  },
  {
    "review": "가리지않아서 오히려 야하지않은 영화.. 오히려 다른무언가.. 잔잔히 남는 영화",
    "date": "07.06.18",
    "rating": "10",
    "author": "wooy****",
    "review_id": "1707670",
    "movie_id": "44223"
  },
  {
    "review": "생각했던것보다정말잼있게본영화같아요,,,성인분들이라면아주가볍게볼수있는영화??",
    "date": "07.06.13",
    "rating": "10",
    "author": "gydu****",
    "review_id": "1698998",
    "movie_id": "44223"
  },
  {
    "review": "여배우가 상당한 미인이네. 개방적인 성격도 아주 맘에 들어. 그림에 떡",
    "date": "07.05.27",
    "rating": "9",
    "author": "maks****",
    "review_id": "1666830",
    "movie_id": "44223"
  },
  {
    "review": "섹스에 대한 그녀의 어쭙잖은 주절거림",
    "date": "07.04.29",
    "rating": "8",
    "author": "noel****",
    "review_id": "1611281",
    "movie_id": "44223"
  },
  {
    "review": "그냥 성인영화가 아니고 요즘 연애에 대한 이야기",
    "date": "07.04.26",
    "rating": "7",
    "author": "yani****",
    "review_id": "1606480",
    "movie_id": "44223"
  },
  {
    "review": "초반 베드신 뒤에 지속적인 밀고당기기에 섹스가 지겹게만 느껴졌다.",
    "date": "07.04.24",
    "rating": "4",
    "author": "rlwj****",
    "review_id": "1604179",
    "movie_id": "44223"
  },
  {
    "review": "선정적인 문구에 신경쓰지 않고 감상한다면 충분히 아름답고 따뜻하다",
    "date": "07.04.23",
    "rating": "10",
    "author": "bjor****",
    "review_id": "1602681",
    "movie_id": "44223"
  },
  {
    "review": "10점만점 사랑에 서툰 그녀. 아름다운 영화.",
    "date": "07.04.23",
    "rating": "10",
    "author": "ppsc****",
    "review_id": "1601887",
    "movie_id": "44223"
  },
  {
    "review": "관능적인 영화.",
    "date": "07.04.23",
    "rating": "7",
    "author": "salm****",
    "review_id": "1601765",
    "movie_id": "44223"
  },
  {
    "review": "아름다운영화.",
    "date": "07.04.14",
    "rating": "10",
    "author": "mist****",
    "review_id": "1588308",
    "movie_id": "44223"
  },
  {
    "review": "10점을 줘도 아깝지 않다.. 사랑해본 사람만 알수 있을 영화랄까..",
    "date": "07.04.10",
    "rating": "10",
    "author": "tyty****",
    "review_id": "1581498",
    "movie_id": "44223"
  },
  {
    "review": "시행착오도 겪으면서 사랑 이루기?",
    "date": "07.03.16",
    "rating": "5",
    "author": "lhcg****",
    "review_id": "1536112",
    "movie_id": "44223"
  },
  {
    "review": "성기 노출이 자연스러워 남녀모두 몸매가 아름다워",
    "date": "07.03.14",
    "rating": "7",
    "author": "qwer****",
    "review_id": "1533240",
    "movie_id": "44223"
  },
  {
    "review": "섹스와 사랑의 관계.. 뭘까??",
    "date": "07.03.11",
    "rating": "7",
    "author": "godd****",
    "review_id": "1528338",
    "movie_id": "44223"
  },
  {
    "review": "sex만 아는 여자의, 사랑을 몰랐던 여자의 사랑찾기",
    "date": "07.03.10",
    "rating": "6",
    "author": "sisu****",
    "review_id": "1527091",
    "movie_id": "44223"
  },
  {
    "review": "음식에 비해 그릇이 너무 요란하다. 먹기도전에질려",
    "date": "07.02.05",
    "rating": "4",
    "author": "gmin****",
    "review_id": "1444868",
    "movie_id": "44223"
  },
  {
    "review": "아무벌레나 집착하는 한 걸레의 진정한 벌레찾기?",
    "date": "07.02.04",
    "rating": "3",
    "author": "fred****",
    "review_id": "1444201",
    "movie_id": "44223"
  },
  {
    "review": "영혼적 관계 보다는 추잡한 육체적 관계에 집착한",
    "date": "07.02.03",
    "rating": "3",
    "author": "okjo****",
    "review_id": "1439544",
    "movie_id": "44223"
  },
  {
    "review": "ㅌㅌㅌ용이구만 ㅋㅋㅋㅋㅋㅋㅋㅋㅋㅋㅋㅋㅋㅋㅋㅋㅋㅋㅋ",
    "date": "07.01.15",
    "rating": "10",
    "author": "c081****",
    "review_id": "1386428",
    "movie_id": "44223"
  },
  {
    "review": "섹스. 사랑. 이해. 우리의 사랑도 이같지 않을까?",
    "date": "06.12.30",
    "rating": "9",
    "author": "jung****",
    "review_id": "1341560",
    "movie_id": "44223"
  },
  {
    "review": "싸구려 로맨스보다 차라리 이런방식이 더 다가오는군....",
    "date": "06.12.26",
    "rating": "10",
    "author": "bask****",
    "review_id": "1329505",
    "movie_id": "44223"
  },
  {
    "review": "사랑은..그것만으로는 안되는거지.....",
    "date": "06.12.25",
    "rating": "7",
    "author": "rlar****",
    "review_id": "1327684",
    "movie_id": "44223"
  },
  {
    "review": "섹스는 소재(?)에 머물뿐 주제는 아니다. 아님 그 반대거나;;",
    "date": "06.12.24",
    "rating": "7",
    "author": "noth****",
    "review_id": "1322110",
    "movie_id": "44223"
  },
  {
    "review": "진정한사랑을해본사람이라면.. 에로틱무비로만보진않을꺼다 ...",
    "date": "06.12.13",
    "rating": "6",
    "author": "mira****",
    "review_id": "1288458",
    "movie_id": "44223"
  },
  {
    "review": "아무 주제를 찾을 수 없는 영화",
    "date": "06.11.25",
    "rating": "1",
    "author": "bigw****",
    "review_id": "1251247",
    "movie_id": "44223"
  },
  {
    "review": "포르노같이 만든 범작 영화..무감동..",
    "date": "06.11.18",
    "rating": "5",
    "author": "agaw****",
    "review_id": "1238652",
    "movie_id": "44223"
  },
  {
    "review": "과장되긴 했으나 자극 뒤에 숨겨진 고전적인 메시지..좋았음",
    "date": "06.10.27",
    "rating": "8",
    "author": "crys****",
    "review_id": "1200839",
    "movie_id": "44223"
  },
  {
    "review": "가장 외롭다고 느낄떄 그리고 순간의꽂힘 열정",
    "date": "06.10.25",
    "rating": "8",
    "author": "2nom****",
    "review_id": "1198816",
    "movie_id": "44223"
  },
  {
    "review": "OOO기 포르노영화...",
    "date": "06.10.17",
    "rating": "1",
    "author": "ekdm****",
    "review_id": "1186090",
    "movie_id": "44223"
  }
]