[
  {
    "review": "일본인은 모두 똑같다고 생각했던 제 자신이 부끄러워지게 만든 영화였습니다. 모두 한번쯤은 꼭 봐주었으면 하는 영화입니다",
    "date": "13.08.12",
    "rating": "10",
    "author": "qufo****",
    "review_id": "7871875",
    "movie_id": "44233"
  },
  {
    "review": "저희학교에 중학교때 와주셔서 시사회 비슷하게 방문해주셔서 시청했던 기억이있네요. 정말 충격적이였고 흥미롭게 시청했습니다. 영화를 본후 느낀점을 감독님한태 질문도하고 그랬던 시간이 기억나네요. 이영화 팜플렛에 감독님 싸인받은게 아직도 책상에 껴있네요.",
    "date": "13.04.28",
    "rating": "10",
    "author": "scar****",
    "review_id": "7491481",
    "movie_id": "44233"
  },
  {
    "review": "진정한 친일. 우익단체가 아닌 잘 못된 역사를 합리화 하지않고 인정하며 피해가족과같이아파했고 지금도 왜곡을 바로잡으려 애쓰는 소수의 그들이 진정한 친일이라 생각이든다. 진심으로 일본을 사랑하기 때문에 할 수 있는 용기와 행동에 마음으로 응원한다.",
    "date": "12.07.15",
    "rating": "9",
    "author": "bapu****",
    "review_id": "6482721",
    "movie_id": "44233"
  },
  {
    "review": "왜곡에 흥한 일본극우는 왜곡으로 망하라! 진실은 승리한다!",
    "date": "12.04.20",
    "rating": "10",
    "author": "hsch****",
    "review_id": "6235131",
    "movie_id": "44233"
  },
  {
    "review": "'진실'과 '양심'은 절대 가려질 수 없는 것. 비로소 진실을 마주하게 될 것이다.",
    "date": "12.01.13",
    "rating": "10",
    "author": "rica****",
    "review_id": "5982851",
    "movie_id": "44233"
  },
  {
    "review": "이 영화 보고 싶은데 어떻게 구할방법이 전혀 없네요.. 혹여 아시는분 있으면 쪽지좀",
    "date": "11.08.01",
    "rating": "10",
    "author": "atyp****",
    "review_id": "5588067",
    "movie_id": "44233"
  },
  {
    "review": "우리나라와 일본의 합동작품은 처음이네용",
    "date": "09.07.28",
    "rating": "10",
    "author": "skal****",
    "review_id": "3677015",
    "movie_id": "44233"
  },
  {
    "review": "우리에게 진실의 눈을 뜨게해주는 영화",
    "date": "08.04.15",
    "rating": "10",
    "author": "jiyo****",
    "review_id": "2582906",
    "movie_id": "44233"
  },
  {
    "review": "진짜 마음을 움직이는 다큐멘터리라는 평에 동감합니다.",
    "date": "08.04.01",
    "rating": "10",
    "author": "chie****",
    "review_id": "2552959",
    "movie_id": "44233"
  },
  {
    "review": "찡한............너무 마음이 아프다 정말..멋진 영화다!!ㅠㅠ",
    "date": "07.06.03",
    "rating": "9",
    "author": "ld27****",
    "review_id": "1678331",
    "movie_id": "44233"
  },
  {
    "review": "이게 어렵다고 쓴 사람, 약하다고 쓴 사람이 이해가 안간다 ;;;",
    "date": "06.12.24",
    "rating": "10",
    "author": "shya****",
    "review_id": "1319427",
    "movie_id": "44233"
  },
  {
    "review": "진정한 동북아 평화를 위해 우리가 할 일이 뭔지 알게 하는 영화",
    "date": "06.01.21",
    "rating": "10",
    "author": "love****",
    "review_id": "608435",
    "movie_id": "44233"
  },
  {
    "review": "미래를위해 우리가 할일이 뭔지 알게해준다큐영화",
    "date": "05.12.01",
    "rating": "10",
    "author": "kims****",
    "review_id": "490658",
    "movie_id": "44233"
  },
  {
    "review": "나름대로 괜찮은데 약하다",
    "date": "05.11.29",
    "rating": "3",
    "author": "may2****",
    "review_id": "488978",
    "movie_id": "44233"
  },
  {
    "review": "넘 어렵다",
    "date": "05.11.29",
    "rating": "2",
    "author": "gamj****",
    "review_id": "488919",
    "movie_id": "44233"
  },
  {
    "review": ".... 평범한 다큐멘터리 영화....",
    "date": "05.11.29",
    "rating": "6",
    "author": "tow8****",
    "review_id": "488569",
    "movie_id": "44233"
  },
  {
    "review": "청소년을 두신 부모님은 자녀들과 함께 꼭 보세요.강추!",
    "date": "05.11.28",
    "rating": "10",
    "author": "heer****",
    "review_id": "487571",
    "movie_id": "44233"
  },
  {
    "review": "영원히 사요나라",
    "date": "05.11.27",
    "rating": "2",
    "author": "ryan****",
    "review_id": "486366",
    "movie_id": "44233"
  },
  {
    "review": "역사인식의 중요성을 새삼스럽게 깨닫게 해준 감동적인 작품",
    "date": "05.11.25",
    "rating": "10",
    "author": "cnhj****",
    "review_id": "484841",
    "movie_id": "44233"
  },
  {
    "review": "야스쿠니신사참배가 어떤 의미인지 알게 해 준 영화. 꼭 보세요~",
    "date": "05.11.22",
    "rating": "10",
    "author": "dear****",
    "review_id": "481639",
    "movie_id": "44233"
  },
  {
    "review": "마음을 움직이는 다큐멘터리",
    "date": "05.11.07",
    "rating": "10",
    "author": "n_nf****",
    "review_id": "466908",
    "movie_id": "44233"
  },
  {
    "review": "어렵지 않은, 하지만 보기 전엔 미처 몰랐던 좋은 영화",
    "date": "05.10.31",
    "rating": "10",
    "author": "b611****",
    "review_id": "460772",
    "movie_id": "44233"
  },
  {
    "review": "야스쿠니, 일본, 대동아전쟁, 그들의 한을... 알려 준 영화..",
    "date": "05.10.23",
    "rating": "10",
    "author": "yaim****",
    "review_id": "452154",
    "movie_id": "44233"
  }
]