[
  {
    "review": "가슴이 아려오지만 가족에 대한 너무나 따뜻한 시선의 영화 평양은 어떠한 이념도 상관없이 내가 보고 싶은 사람들이 있는 디어 평양 이 맘에 남는다",
    "date": "15.08.17",
    "rating": "10",
    "author": "base****",
    "review_id": "10245552",
    "movie_id": "44246"
  },
  {
    "review": "덤덤하게 가족의 이야기로 참으로 담아내기 어려운 이야기들을 담아냈네요 감히 누가 상상이나 할 수 있을까요",
    "date": "15.06.02",
    "rating": "10",
    "author": "leem****",
    "review_id": "9969606",
    "movie_id": "44246"
  },
  {
    "review": "다큐가 이렇게 재미있는 건지 처음 알았음 슬프기도 하고. 그런데 윤리적 문제가 마음에 거슬린다",
    "date": "14.04.03",
    "rating": "9",
    "author": "eaea****",
    "review_id": "8625692",
    "movie_id": "44246"
  },
  {
    "review": "꼴통 빨갱이 한놈 때문에 가족 특히 자식들의 인생이 얼마나 개판 지옥으로 떨어 질 수 있는지 보여주는 영화",
    "date": "13.12.13",
    "rating": "4",
    "author": "shk8****",
    "review_id": "8210112",
    "movie_id": "44246"
  },
  {
    "review": "평양의 생활이 궁금해서 보게 된 영화였지만 슬픈 가족의 이야기",
    "date": "13.09.17",
    "rating": "10",
    "author": "ion0****",
    "review_id": "7989627",
    "movie_id": "44246"
  },
  {
    "review": "씁쓸하다. .김정은 돼지무리들을 유지 시키기 위해 수천만 북한주민들이 고생하고 있는게 안타깝다.",
    "date": "13.07.28",
    "rating": "9",
    "author": "ya_9****",
    "review_id": "7793553",
    "movie_id": "44246"
  },
  {
    "review": "이데올로기와 가족,동포에 대해 다시 한번 생각 해보게 하는 영화다. 이념이란 놈의 실체는 한낱 두음절의 글자일 뿐인데...",
    "date": "13.07.13",
    "rating": "9",
    "author": "psb8****",
    "review_id": "7733124",
    "movie_id": "44246"
  },
  {
    "review": "이 영화는 우리입장이아니라 저들의 입장에서봐야 맞다 슬프다..",
    "date": "13.07.12",
    "rating": "10",
    "author": "zifl****",
    "review_id": "7730262",
    "movie_id": "44246"
  },
  {
    "review": "미화됨",
    "date": "13.07.12",
    "rating": "1",
    "author": "byhl****",
    "review_id": "7728617",
    "movie_id": "44246"
  },
  {
    "review": "좋은 영화 잘 봤습니다",
    "date": "13.07.12",
    "rating": "10",
    "author": "sins****",
    "review_id": "7728075",
    "movie_id": "44246"
  },
  {
    "review": "재일은 일본에서 나가라.",
    "date": "13.06.16",
    "rating": "1",
    "author": "hotd****",
    "review_id": "7649285",
    "movie_id": "44246"
  },
  {
    "review": "한국전쟁이 낳은 민족적 비애와 현실을 느낄 수 있었으며, 가족과 부모의 감정을 거짓없이 담아 잔잔한 감동이 여운을 남긴다.",
    "date": "13.05.05",
    "rating": "10",
    "author": "ineo****",
    "review_id": "7508862",
    "movie_id": "44246"
  },
  {
    "review": "가족에 대한 사랑 앞에서는 어떠한 이념도 결국 초라해질 수 밖에 없음을 잘 보여주는 영화",
    "date": "13.04.10",
    "rating": "10",
    "author": "airl****",
    "review_id": "7447267",
    "movie_id": "44246"
  },
  {
    "review": "전쟁선포니 뭐니. 남북 위기고조가 되는 지금 이 시점에 디어평양을 보았습니다. 돌이킬수 없이 흘러가버린 한민족 열전이 얼마나 많은 상처를 우리에게 안겼는지. 사랑하는 이의 얼굴이 떠오릅니다.더이상의 이별은 없기를...",
    "date": "13.04.06",
    "rating": "10",
    "author": "care****",
    "review_id": "7437868",
    "movie_id": "44246"
  },
  {
    "review": "이념이란,녹슨 대못이 가슴에서 빠질때,치유와 성찰로 인도하는,카메라 글쓰기의 힘",
    "date": "13.03.09",
    "rating": "9",
    "author": "baks****",
    "review_id": "7332994",
    "movie_id": "44246"
  },
  {
    "review": "우리는 북한 문제에 더 많은 관심을 가져야 합니다.",
    "date": "13.03.06",
    "rating": "9",
    "author": "mont****",
    "review_id": "7328150",
    "movie_id": "44246"
  },
  {
    "review": "그 누가 감히 평양이라는 단어 앞에 DEAR. 라는 말을 붙일 수가 있을까?",
    "date": "13.02.17",
    "rating": "10",
    "author": "byth****",
    "review_id": "7277231",
    "movie_id": "44246"
  },
  {
    "review": "재일동포 2세. 오사카 이쿠노구 코리안타운 출생. 북한 국적의 부모님. 북한으로 '귀국'한 세 명의 오빠들. 그들과 그들의 가족들까지 원조를 해온 부모님의 진솔한 모습을 십여 년간 카메라로 옮긴, 가족사에 대한 열정에 아낌없는 박수를 보낸다.",
    "date": "12.12.02",
    "rating": "9",
    "author": "ruri****",
    "review_id": "6962764",
    "movie_id": "44246"
  },
  {
    "review": "북한 OOO들. 인민낙원, 지상낙원이라는 말로 수많은 재일교포들과 그들의 재산을 북송선에 태워서 납치했지. 실상을 속였으니 납치맞지....왜냐면 두번다시 그들은 일본,남한으로 돌아오지 못했거든. 특히나 가족이 헤어진 이런 경우는 남겨진 가족의 평생한.",
    "date": "12.11.18",
    "rating": "9",
    "author": "anyg****",
    "review_id": "6903832",
    "movie_id": "44246"
  },
  {
    "review": "아버지의 선택, 바뀌어버린 자식과 당신의 인생... 부정하지 않는 아버지의 조국.. 하지만 흔들리는 신념.. 많은것을 보게해준 다큐멘터리입니다.",
    "date": "12.10.03",
    "rating": "9",
    "author": "silv****",
    "review_id": "6756132",
    "movie_id": "44246"
  },
  {
    "review": "사상을 넘어선 가족애가 아름다운 영화입니다.",
    "date": "12.08.26",
    "rating": "10",
    "author": "hayn****",
    "review_id": "6645387",
    "movie_id": "44246"
  },
  {
    "review": "이게 허구가 아닌 현실이란게 정말 마음 아픕니다.",
    "date": "12.08.04",
    "rating": "10",
    "author": "comi****",
    "review_id": "6569869",
    "movie_id": "44246"
  },
  {
    "review": "한국인이라면 꼭 봐야 할 영화",
    "date": "12.06.02",
    "rating": "10",
    "author": "xxc6****",
    "review_id": "6358470",
    "movie_id": "44246"
  },
  {
    "review": "\"간바로! 평양에 이꼬!\"-아버지, 평양의 피아노 치는 손자 다시 만나셔야죠",
    "date": "12.02.19",
    "rating": "10",
    "author": "yesi****",
    "review_id": "6089247",
    "movie_id": "44246"
  },
  {
    "review": "아버지는 끝내 웁니다.",
    "date": "12.01.12",
    "rating": "7",
    "author": "bbq2****",
    "review_id": "5980251",
    "movie_id": "44246"
  },
  {
    "review": "슬프면서 아름다운 영화",
    "date": "12.01.10",
    "rating": "10",
    "author": "joha****",
    "review_id": "5976393",
    "movie_id": "44246"
  },
  {
    "review": "가족의 따뜻한 사랑이 느껴지는 영화",
    "date": "11.11.12",
    "rating": "9",
    "author": "hoig****",
    "review_id": "5845226",
    "movie_id": "44246"
  },
  {
    "review": "중년 이후 가슴으로 우는 아버지.. 부모..",
    "date": "11.10.04",
    "rating": "6",
    "author": "pria****",
    "review_id": "5770193",
    "movie_id": "44246"
  },
  {
    "review": "가족은 사상보다 위대하고, 현실은 영화보다 아름다운것 같아요",
    "date": "11.07.13",
    "rating": "10",
    "author": "dram****",
    "review_id": "5539903",
    "movie_id": "44246"
  },
  {
    "review": "가슴이 아프네요.슬픈 우리의 역사....",
    "date": "11.02.18",
    "rating": "10",
    "author": "mica****",
    "review_id": "5251874",
    "movie_id": "44246"
  },
  {
    "review": "조국이란 무엇인가 ....",
    "date": "11.02.07",
    "rating": "10",
    "author": "bear****",
    "review_id": "5224400",
    "movie_id": "44246"
  },
  {
    "review": "인간의 슬픈 영화네요.",
    "date": "10.08.25",
    "rating": "8",
    "author": "ican****",
    "review_id": "4790273",
    "movie_id": "44246"
  },
  {
    "review": "아무래도 주제가 무겁다 보니 좀 지루하기도 하고...",
    "date": "10.07.09",
    "rating": "6",
    "author": "cdrl****",
    "review_id": "4624797",
    "movie_id": "44246"
  },
  {
    "review": "'송환'과 비교되는 영화군요. 다르지만 같은 영화인거 같습니다.",
    "date": "10.02.08",
    "rating": "10",
    "author": "hana****",
    "review_id": "4257751",
    "movie_id": "44246"
  },
  {
    "review": "내용의 구성능력이 매우 좋았습니다. 자칫하면 지루했을텐데, 재밌게 잘 봤습니다.",
    "date": "10.02.05",
    "rating": "10",
    "author": "duru****",
    "review_id": "4249932",
    "movie_id": "44246"
  },
  {
    "review": "사상의 거처가 생활의 거처가 되길 빌어 봅니다",
    "date": "10.01.20",
    "rating": "7",
    "author": "erhe****",
    "review_id": "4190515",
    "movie_id": "44246"
  },
  {
    "review": "아 마지막에 정말 감동 받았어요",
    "date": "09.12.20",
    "rating": "10",
    "author": "moda****",
    "review_id": "4063508",
    "movie_id": "44246"
  },
  {
    "review": "많은 것을 생각하게 만든 다큐멘터리~ 한국인이라면 한번쯤 봐야한다고 생각합니다",
    "date": "09.10.02",
    "rating": "10",
    "author": "leeh****",
    "review_id": "3867125",
    "movie_id": "44246"
  },
  {
    "review": "정말 대단한 영화를 너무 늦게 발견했습니다. 감동적이었습니다.",
    "date": "09.07.03",
    "rating": "10",
    "author": "kkan****",
    "review_id": "3608171",
    "movie_id": "44246"
  },
  {
    "review": "'아버지'라는 이름에, 터질듯 차올랐던 그 순간의 기억.",
    "date": "09.05.16",
    "rating": "10",
    "author": "aloh****",
    "review_id": "3498233",
    "movie_id": "44246"
  },
  {
    "review": "저 아래부터 차오르는 뜨거움으로 두번은 볼 수 없으리라. 이 필름을 놓치지 마시길.",
    "date": "09.05.10",
    "rating": "10",
    "author": "joki****",
    "review_id": "3483697",
    "movie_id": "44246"
  },
  {
    "review": "꼭 보세요..이건..한번 쯤은 꼭 봐야 됨..",
    "date": "09.05.09",
    "rating": "10",
    "author": "hiki****",
    "review_id": "3482929",
    "movie_id": "44246"
  },
  {
    "review": "나의 아버지를 다시 보게 했던 영화!",
    "date": "09.05.09",
    "rating": "10",
    "author": "jaro****",
    "review_id": "3482097",
    "movie_id": "44246"
  },
  {
    "review": "TV로 봤는데 정말 진짜! 김동적이었어요",
    "date": "09.05.09",
    "rating": "10",
    "author": "leeh****",
    "review_id": "3481827",
    "movie_id": "44246"
  },
  {
    "review": "최고!!",
    "date": "09.05.09",
    "rating": "10",
    "author": "ojho****",
    "review_id": "3481613",
    "movie_id": "44246"
  },
  {
    "review": "북한 체제의 矛盾을 父女愛 와 가족애로 昇華시킨 눈물의 감동다큐 ... ㅠㅠ",
    "date": "09.05.09",
    "rating": "8",
    "author": "1stl****",
    "review_id": "3481361",
    "movie_id": "44246"
  },
  {
    "review": "보세요.TV에서 방영해줘서 고마워요.",
    "date": "09.05.09",
    "rating": "10",
    "author": "vipg****",
    "review_id": "3481333",
    "movie_id": "44246"
  },
  {
    "review": "마지막에 눈물이 앞을 가렸어요.. 정말 감동적인 다큐멘터리..",
    "date": "09.05.09",
    "rating": "10",
    "author": "chah****",
    "review_id": "3481216",
    "movie_id": "44246"
  },
  {
    "review": "아들 삼형제가 불쌍하다.",
    "date": "09.05.09",
    "rating": "8",
    "author": "litt****",
    "review_id": "3480929",
    "movie_id": "44246"
  },
  {
    "review": "마지막펑펑울었어요이영화다시보고싶습니다.이영화끝까지보눈물흘리지않을사람있을까?",
    "date": "09.05.09",
    "rating": "10",
    "author": "hyun****",
    "review_id": "3480927",
    "movie_id": "44246"
  },
  {
    "review": "힘내시구요, 화이팅",
    "date": "09.05.09",
    "rating": "10",
    "author": "bois****",
    "review_id": "3480924",
    "movie_id": "44246"
  },
  {
    "review": "북한이 지옥인줄 모르고 자식을 보낸..뒤늦게 속으로 후회하는.. 안타깝고 눈물 난다.",
    "date": "09.05.09",
    "rating": "10",
    "author": "mc_2****",
    "review_id": "3480920",
    "movie_id": "44246"
  },
  {
    "review": "귀여우신 아버지 ~ 화이팅~",
    "date": "09.05.09",
    "rating": "10",
    "author": "goti****",
    "review_id": "3480908",
    "movie_id": "44246"
  },
  {
    "review": "마지막에 정말 펑펑 울었습니다. 지금도 투병중이신지요? 힘내세요.",
    "date": "09.05.09",
    "rating": "10",
    "author": "puri****",
    "review_id": "3480905",
    "movie_id": "44246"
  },
  {
    "review": "진짜가슴찡하다. 우리들사이를갈라놓은골, 아니, 그 깊이가 얼마나 부질없는 것인가?",
    "date": "09.05.09",
    "rating": "10",
    "author": "gksq****",
    "review_id": "3480903",
    "movie_id": "44246"
  },
  {
    "review": "파이팅!!..힘내세요~",
    "date": "09.05.09",
    "rating": "10",
    "author": "ock7****",
    "review_id": "3480898",
    "movie_id": "44246"
  },
  {
    "review": "잘 봤습니다. 전 사상에는 관심없고. 다만  진짜 가족의 모습이 뭔지 본거 같습니다",
    "date": "09.05.09",
    "rating": "10",
    "author": "side****",
    "review_id": "3480897",
    "movie_id": "44246"
  },
  {
    "review": "이 영화를 보고 목이 메어서 서럽게 울었다.",
    "date": "09.05.09",
    "rating": "10",
    "author": "lain****",
    "review_id": "3480896",
    "movie_id": "44246"
  },
  {
    "review": "완고하고 가부장적이셧던모습의 아버지가 부드러워지는 한편의 가슴찡한 영화",
    "date": "09.05.09",
    "rating": "10",
    "author": "gmal****",
    "review_id": "3480891",
    "movie_id": "44246"
  },
  {
    "review": "이 영화를 보고 마지막까지 눈물을 흘리지 않을 사람이 있을까... !",
    "date": "09.05.09",
    "rating": "10",
    "author": "kuke****",
    "review_id": "3480889",
    "movie_id": "44246"
  },
  {
    "review": "두가지 사상으로 갈라져야 했던 일본내의 한민족에 대하여 생각해보게 해주는 영화..",
    "date": "09.04.24",
    "rating": "10",
    "author": "hj78****",
    "review_id": "3437550",
    "movie_id": "44246"
  },
  {
    "review": "나도 모르게 눈물이.. 이런 영화를 왜 극장에 하지 않는건지..",
    "date": "09.03.16",
    "rating": "10",
    "author": "djyo****",
    "review_id": "3369993",
    "movie_id": "44246"
  },
  {
    "review": "별다섯개!!",
    "date": "09.03.15",
    "rating": "10",
    "author": "amel****",
    "review_id": "3367537",
    "movie_id": "44246"
  },
  {
    "review": "투박하지만 굉장한 힘이 있는 다큐. 어찌 내 마음이 이리 아플까.",
    "date": "09.02.19",
    "rating": "10",
    "author": "vava****",
    "review_id": "3316116",
    "movie_id": "44246"
  },
  {
    "review": "많은 생각을 하게 하는 영화입니다. 꼭 보실것을 추천합니다.",
    "date": "09.02.08",
    "rating": "10",
    "author": "spar****",
    "review_id": "3286865",
    "movie_id": "44246"
  },
  {
    "review": "감동적이고 여운이 남는 영화 입니다...글고 사진좀 퍼갈게요;;;문제되면 메일주세요",
    "date": "09.02.05",
    "rating": "10",
    "author": "kwon****",
    "review_id": "3280446",
    "movie_id": "44246"
  },
  {
    "review": "내가 아들이면 저 아버지 절대로 용서 못할거다. 아들들의 인생을 완전히 망쳐놓았어.",
    "date": "09.01.18",
    "rating": "10",
    "author": "hack****",
    "review_id": "3229754",
    "movie_id": "44246"
  },
  {
    "review": "하찮은 이데올로기가 얼마나 많은것을 잃게 하였는가",
    "date": "09.01.16",
    "rating": "10",
    "author": "hide****",
    "review_id": "3225014",
    "movie_id": "44246"
  },
  {
    "review": "형편없는 촬영 기술에도 불구하고 조총련 삶을 진솔하게 기록한 것은 색다르다",
    "date": "09.01.08",
    "rating": "10",
    "author": "kos4****",
    "review_id": "3203279",
    "movie_id": "44246"
  },
  {
    "review": "난 김일성,김정일이 싫어....ㅡ.ㅡ 하지만 마지막에 진짜 슬프네여 ㅜㅜ",
    "date": "08.12.26",
    "rating": "8",
    "author": "hong****",
    "review_id": "3155554",
    "movie_id": "44246"
  },
  {
    "review": "같은언어를쓰는한민족이다.단지사상이틀리다는이유만으로우린너무나많은걸잃고있다",
    "date": "08.12.22",
    "rating": "10",
    "author": "band****",
    "review_id": "3138680",
    "movie_id": "44246"
  },
  {
    "review": "무조건 보셈",
    "date": "08.12.21",
    "rating": "10",
    "author": "marg****",
    "review_id": "3138021",
    "movie_id": "44246"
  },
  {
    "review": "우리나라 사람이라면 꼭 봐야 할 영화",
    "date": "08.12.02",
    "rating": "10",
    "author": "kim8****",
    "review_id": "3086945",
    "movie_id": "44246"
  },
  {
    "review": "한없이 내가 서정적이게 만들던..",
    "date": "08.08.09",
    "rating": "10",
    "author": "kybu****",
    "review_id": "2853005",
    "movie_id": "44246"
  },
  {
    "review": "저곳도 마찬가지, 고루할수록 더 통감케 하는 것.",
    "date": "08.04.15",
    "rating": "7",
    "author": "paci****",
    "review_id": "2583178",
    "movie_id": "44246"
  },
  {
    "review": "우리나라 사람이라면 누구나 아파해야 할 영화... 재미로 보는 건 말이 안된다",
    "date": "08.03.23",
    "rating": "10",
    "author": "dbsw****",
    "review_id": "2538862",
    "movie_id": "44246"
  },
  {
    "review": "김정일위원장에게 추천하고 싶다.",
    "date": "08.02.28",
    "rating": "9",
    "author": "godj****",
    "review_id": "2491225",
    "movie_id": "44246"
  },
  {
    "review": "일단 자리에 앉고 보면 눈을 뗄수가 없는 그런 다큐형식의 영화! 강추입니다.",
    "date": "08.02.10",
    "rating": "9",
    "author": "tori****",
    "review_id": "2430871",
    "movie_id": "44246"
  },
  {
    "review": "역사도 이념도 갈라놓을수 없는 한가지....가족",
    "date": "08.02.09",
    "rating": "10",
    "author": "kosb****",
    "review_id": "2427652",
    "movie_id": "44246"
  },
  {
    "review": "이들 가족에게 있어서의 '평양'의 의미가 감동적이군요",
    "date": "08.02.09",
    "rating": "10",
    "author": "dlfk****",
    "review_id": "2427602",
    "movie_id": "44246"
  },
  {
    "review": "분단이라는 현실 속도 막을 수 없는 가족애를 보여주는 영화.",
    "date": "08.02.09",
    "rating": "10",
    "author": "jeno****",
    "review_id": "2427037",
    "movie_id": "44246"
  },
  {
    "review": "한맺힌 자이니치의 역사를 조금이라도 안다면 첫 장면부터 뭉클할 것이다.",
    "date": "08.02.09",
    "rating": "10",
    "author": "mnzm****",
    "review_id": "2426041",
    "movie_id": "44246"
  },
  {
    "review": "누구에게나 모든 당위를 뛰어넘는 통일의 필요성을 절감케하는 진실되고 애틋한 시선.",
    "date": "08.02.09",
    "rating": "8",
    "author": "hadl****",
    "review_id": "2425791",
    "movie_id": "44246"
  },
  {
    "review": "운신이가 피아니스트가 되어 한국에서 연주할수 있길바랍니다.",
    "date": "08.02.09",
    "rating": "10",
    "author": "shin****",
    "review_id": "2425371",
    "movie_id": "44246"
  },
  {
    "review": "감동적인 휴먼 다큐입니다. 우린 언제나 통일이 되어, 가슴속에 멍을 지울수 있을지?",
    "date": "08.02.09",
    "rating": "10",
    "author": "will****",
    "review_id": "2425253",
    "movie_id": "44246"
  },
  {
    "review": "할 말은 없고 느낌만 있어, \"할 말은 없다...\"라고 적었는데 왜 삭제 시키시나요?",
    "date": "08.02.09",
    "rating": "10",
    "author": "toss****",
    "review_id": "2425199",
    "movie_id": "44246"
  },
  {
    "review": "차마 하나 남은 딸에게까지 물려줄 수 없었던 후회..사랑이 이념의 벽을 넘다.",
    "date": "08.02.09",
    "rating": "9",
    "author": "andi****",
    "review_id": "2425192",
    "movie_id": "44246"
  },
  {
    "review": "한어린 분단조국의역사와 평범치않은가족사,병상옆의 목울음이 시놉시스의정수가 된다",
    "date": "08.02.09",
    "rating": "10",
    "author": "oldn****",
    "review_id": "2425179",
    "movie_id": "44246"
  },
  {
    "review": "가족은 어쨌거나가족인거죠..많이 울었습니다. 마지막 아버지의 모습에..",
    "date": "08.02.09",
    "rating": "10",
    "author": "apol****",
    "review_id": "2425157",
    "movie_id": "44246"
  },
  {
    "review": "이념으로 망가진 한가족사의 진솔한 이야기.... 가슴이 저려오는 작품이다.",
    "date": "08.02.09",
    "rating": "10",
    "author": "baek****",
    "review_id": "2425150",
    "movie_id": "44246"
  },
  {
    "review": "양영희님의 아버지께서 건강하여 통일 후까지 원없이 구경하다 귀천하기를 바랍니다.",
    "date": "08.02.09",
    "rating": "10",
    "author": "mind****",
    "review_id": "2425135",
    "movie_id": "44246"
  },
  {
    "review": "뭔가 찡하고 가슴이 아파오네요.",
    "date": "08.02.09",
    "rating": "9",
    "author": "chul****",
    "review_id": "2425123",
    "movie_id": "44246"
  },
  {
    "review": "마지막에 결국 울어버리게 만드는 그런.. 감동..",
    "date": "08.02.09",
    "rating": "10",
    "author": "fait****",
    "review_id": "2425122",
    "movie_id": "44246"
  },
  {
    "review": "감동적입니다.. 분단의 현실을 가슴 깊이 느끼게 해주네요..",
    "date": "08.02.09",
    "rating": "10",
    "author": "turk****",
    "review_id": "2425120",
    "movie_id": "44246"
  },
  {
    "review": "조국, 이념, 가족 등의 의미가 잔잔한 감동과 함께 다가오는 좋은 영화^^@@",
    "date": "08.02.09",
    "rating": "9",
    "author": "hihi****",
    "review_id": "2425113",
    "movie_id": "44246"
  },
  {
    "review": "이념이라는 이름앞에 붙은 가족이라는 이름...",
    "date": "08.02.09",
    "rating": "9",
    "author": "sch1****",
    "review_id": "2425107",
    "movie_id": "44246"
  },
  {
    "review": "따뜻한 이야기.. 아버지와 딸.. 나와 아버지.. 다시생각하게 하는..",
    "date": "08.02.09",
    "rating": "10",
    "author": "jhha****",
    "review_id": "2425097",
    "movie_id": "44246"
  },
  {
    "review": "무거운 주제를 아버지와 딸을 중심으로 감명깊게 풀어놓은 이야기. 사랑해요 아버지..",
    "date": "08.02.09",
    "rating": "10",
    "author": "1024****",
    "review_id": "2425096",
    "movie_id": "44246"
  },
  {
    "review": "이념,, 가족,, 가슴찡하다~",
    "date": "08.02.09",
    "rating": "9",
    "author": "buff****",
    "review_id": "2425093",
    "movie_id": "44246"
  },
  {
    "review": "인생의 무거움을 느꼈습니다.  가족은 언제나 뜨겁고도 슬픔이 공존하는 것 같네요.",
    "date": "08.02.09",
    "rating": "10",
    "author": "trig****",
    "review_id": "2425089",
    "movie_id": "44246"
  }
]