[
  {
    "review": "\"새벽 3시. 간혹 길가에 떨어져 있는 아직 덜 엉망이 되어있는 취객이라도 줍고자 난 지루하게 도시를 멤돈다.\"",
    "date": "14.08.30",
    "rating": "8",
    "author": "deen****",
    "review_id": "9145302",
    "movie_id": "44293"
  },
  {
    "review": "좋지만 나쁘다. 훌륭하지만 엉성하다.",
    "date": "13.06.30",
    "rating": "6",
    "author": "beni****",
    "review_id": "7691570",
    "movie_id": "44293"
  },
  {
    "review": "하.. 멋지다.",
    "date": "11.05.04",
    "rating": "9",
    "author": "clou****",
    "review_id": "5405052",
    "movie_id": "44293"
  },
  {
    "review": "씁쓸..",
    "date": "10.03.27",
    "rating": "10",
    "author": "kitt****",
    "review_id": "4391766",
    "movie_id": "44293"
  },
  {
    "review": "잘 봤습니다",
    "date": "10.02.19",
    "rating": "8",
    "author": "yjin****",
    "review_id": "4301489",
    "movie_id": "44293"
  },
  {
    "review": "답답하고 슬프고 아프다",
    "date": "09.09.17",
    "rating": "9",
    "author": "pria****",
    "review_id": "3835285",
    "movie_id": "44293"
  },
  {
    "review": "어둠 그리고 화려한 불빛에 가리워진 서울의 반쪽을 목격했다",
    "date": "09.08.12",
    "rating": "6",
    "author": "kkot****",
    "review_id": "3740101",
    "movie_id": "44293"
  },
  {
    "review": "에피소드들을연관성있게전개했다면더욱좋앗을텐데..하지만감독님당신의열정은최고!",
    "date": "09.04.11",
    "rating": "8",
    "author": "bboj****",
    "review_id": "3415682",
    "movie_id": "44293"
  },
  {
    "review": "이거 영화야? 다큐야? 현실이야? 슬프다",
    "date": "09.03.21",
    "rating": "8",
    "author": "love****",
    "review_id": "3377946",
    "movie_id": "44293"
  },
  {
    "review": "현실성이 가장 돋보이고, 다큐의 생동감이 좋았음.",
    "date": "09.03.05",
    "rating": "9",
    "author": "mirj****",
    "review_id": "3347957",
    "movie_id": "44293"
  },
  {
    "review": "택시 기사님들의 애로사항을 그대로 다 보여준다.",
    "date": "09.03.03",
    "rating": "8",
    "author": "taes****",
    "review_id": "3345145",
    "movie_id": "44293"
  },
  {
    "review": "한국에선 무슨일을 하든 고달프다",
    "date": "09.02.24",
    "rating": "10",
    "author": "muz1****",
    "review_id": "3329178",
    "movie_id": "44293"
  },
  {
    "review": "잘모르겠다 우울한 느낌..",
    "date": "09.02.13",
    "rating": "8",
    "author": "psyc****",
    "review_id": "3300930",
    "movie_id": "44293"
  },
  {
    "review": "꼭 볼만한 다큐영화네요... 픽션과 논픽션이 섞였다는게 좀 실망?스러웠지만..",
    "date": "09.02.02",
    "rating": "10",
    "author": "marm****",
    "review_id": "3273257",
    "movie_id": "44293"
  },
  {
    "review": "한번더 대한민국에 대해서 느꼈다. 역시 인간은 제각각",
    "date": "09.01.31",
    "rating": "10",
    "author": "swes****",
    "review_id": "3266379",
    "movie_id": "44293"
  },
  {
    "review": "정말 현실적인 다큐입니다. 한국에서도 이런다큐가나올줄은 몰랐습니다.",
    "date": "09.01.25",
    "rating": "10",
    "author": "wesl****",
    "review_id": "3248365",
    "movie_id": "44293"
  },
  {
    "review": "세상의 현실을 보여주는 영화같네여 이런다큐영화좀 많이 나왓으면 하는 바렘입니다",
    "date": "09.01.23",
    "rating": "10",
    "author": "host****",
    "review_id": "3240969",
    "movie_id": "44293"
  },
  {
    "review": "부라보~! 재밌써~",
    "date": "09.01.14",
    "rating": "10",
    "author": "drd1****",
    "review_id": "3219843",
    "movie_id": "44293"
  },
  {
    "review": "보고나서도 전혀 여운이 남지않는 그런 요즘한국영화들보다 높이 평가되네요^- ^",
    "date": "09.01.13",
    "rating": "10",
    "author": "calu****",
    "review_id": "3218352",
    "movie_id": "44293"
  },
  {
    "review": "현실이 아닌 영화라서 슬픈거겠지?...아니라도 그랬으면 좋겠다..",
    "date": "09.01.12",
    "rating": "10",
    "author": "pooh****",
    "review_id": "3212581",
    "movie_id": "44293"
  },
  {
    "review": "신선함이 살아있네요..정말....",
    "date": "09.01.11",
    "rating": "10",
    "author": "wjsc****",
    "review_id": "3211925",
    "movie_id": "44293"
  },
  {
    "review": "생각보다 재미있네요... 잘 봤습니다.",
    "date": "09.01.11",
    "rating": "9",
    "author": "dand****",
    "review_id": "3211424",
    "movie_id": "44293"
  },
  {
    "review": "생동감~그자체",
    "date": "08.09.01",
    "rating": "10",
    "author": "lala****",
    "review_id": "2916090",
    "movie_id": "44293"
  },
  {
    "review": "이 정도라면 시간이 아깝지않다. 독립영화들 힙내자.",
    "date": "08.08.25",
    "rating": "8",
    "author": "club****",
    "review_id": "2902639",
    "movie_id": "44293"
  },
  {
    "review": "제일 재미있는 코미디도. 최고의 반전도 역시 리얼이기에 가능. 최고!",
    "date": "08.01.08",
    "rating": "10",
    "author": "minn****",
    "review_id": "2307499",
    "movie_id": "44293"
  },
  {
    "review": "세상의 참 별의별 사람들. 날것의 강렬함. 도시 풍경을 살피는 태도는 좀 관습적이다.",
    "date": "07.12.29",
    "rating": "7",
    "author": "logo****",
    "review_id": "2277317",
    "movie_id": "44293"
  },
  {
    "review": "진짜 재밌어요~ 최고최고",
    "date": "07.12.26",
    "rating": "10",
    "author": "sayw****",
    "review_id": "2270301",
    "movie_id": "44293"
  },
  {
    "review": "만점은 못 주겠다",
    "date": "07.12.24",
    "rating": "4",
    "author": "tolb****",
    "review_id": "2260701",
    "movie_id": "44293"
  },
  {
    "review": "디테일이 살아있는, 웃기면서도 생각할 꺼리를 던지는 문제작.추천합니다",
    "date": "07.12.23",
    "rating": "10",
    "author": "bias****",
    "review_id": "2258154",
    "movie_id": "44293"
  },
  {
    "review": "우리가 생각하는것 만큼 서울은 활기차지도 않고, 희망차지도 않다.",
    "date": "07.12.22",
    "rating": "8",
    "author": "run8****",
    "review_id": "2255643",
    "movie_id": "44293"
  },
  {
    "review": "내 삶을 한번 되돌아보게 되는 계기를 갖게 해준 영화.",
    "date": "07.12.22",
    "rating": "8",
    "author": "jdgh****",
    "review_id": "2253540",
    "movie_id": "44293"
  },
  {
    "review": "사람 살이가 다 그렇지 모.. 하지만..",
    "date": "07.12.14",
    "rating": "7",
    "author": "wuli****",
    "review_id": "2231219",
    "movie_id": "44293"
  },
  {
    "review": "많은 생각을 하게 하는 영화였던거 같습니다~",
    "date": "07.12.14",
    "rating": "7",
    "author": "sy54****",
    "review_id": "2230296",
    "movie_id": "44293"
  }
]