[
  {
    "review": "전혀~ 지루하지 않고 재밌게 봤다.결말 이후에도 서로 전쟁안하고 공존하며 살았으면 좋겠다.말라 너무 귀여워",
    "date": "15.07.30",
    "rating": "10",
    "author": "nooo****",
    "review_id": "10159766",
    "movie_id": "44310"
  },
  {
    "review": "이미 수십 번 이용된 주제와 비슷비슷한 전개로는.",
    "date": "15.04.28",
    "rating": "6",
    "author": "tear****",
    "review_id": "9874845",
    "movie_id": "44310"
  },
  {
    "review": "아바타가 이걸보고 베낄만하네,,,, 잘만들었다~ 정말",
    "date": "14.10.30",
    "rating": "10",
    "author": "vega****",
    "review_id": "9328165",
    "movie_id": "44310"
  },
  {
    "review": "평점이 너무 낮길래 10점 줍니다.애니메이션 치고는 꽤 진지한 스토리네요.뭐 아바타같은 SF 대작과 비교할 만한 영화는 아니지만나름 괜찮게 봤습니다.",
    "date": "14.02.23",
    "rating": "10",
    "author": "h_ra****",
    "review_id": "8531549",
    "movie_id": "44310"
  },
  {
    "review": "아바타를 못본 상황에서 이영화를 봤다면 10점이었겠지만, 많은부분이 연계되어 평가하게 만든다. 모티브를 얻었지만 내머리속에 아바타의 기억이 있는한 신선함은 떨어지게 되어있다. 그래도 좋은영화임은 틀림없다.",
    "date": "14.01.31",
    "rating": "8",
    "author": "civi****",
    "review_id": "8454120",
    "movie_id": "44310"
  },
  {
    "review": "전쟁은 나쁜거야   재미있뜸",
    "date": "13.12.21",
    "rating": "8",
    "author": "dlrn****",
    "review_id": "8263372",
    "movie_id": "44310"
  },
  {
    "review": "기술력은 부족하나 스토리는 괜찮다",
    "date": "13.12.03",
    "rating": "7",
    "author": "turn****",
    "review_id": "8187891",
    "movie_id": "44310"
  },
  {
    "review": "호.....진짜.....해피엔딩인거같지만......짐스탠튼이죽었다.....10점을주고싶지만......짐스탠튼이죽어서 안타까움을 보여줬다....",
    "date": "13.07.21",
    "rating": "9",
    "author": "hoki****",
    "review_id": "7772763",
    "movie_id": "44310"
  },
  {
    "review": "내 인생에 손에 꼽을만한 숨은 보석 같은 영화",
    "date": "13.06.14",
    "rating": "10",
    "author": "dihe****",
    "review_id": "7636831",
    "movie_id": "44310"
  },
  {
    "review": "애니메이션은 아무나 만드는게 아니란다",
    "date": "13.05.25",
    "rating": "3",
    "author": "junu****",
    "review_id": "7554229",
    "movie_id": "44310"
  },
  {
    "review": "상당히 뻔한 전개와 스토리였지만 지루하지 않게 잘 만든느낌이다.",
    "date": "13.05.01",
    "rating": "7",
    "author": "wind****",
    "review_id": "7499793",
    "movie_id": "44310"
  },
  {
    "review": "저 정자같이 생긴 새1끼들땜시 인류가 유리병속에 살다니 똥결말",
    "date": "13.01.21",
    "rating": "2",
    "author": "ye_0****",
    "review_id": "7141325",
    "movie_id": "44310"
  },
  {
    "review": "님들아 솔직히 이거 개 잼있어요!!!! 평점 8~9점대 예상했는데이거 완전 감동적임!!!!이거 꼭 보삼!!!트랜스포머 어벤져스 보다 이거 훨 낳아요!! 후회안해요!!!!",
    "date": "13.01.12",
    "rating": "10",
    "author": "igel****",
    "review_id": "7103740",
    "movie_id": "44310"
  },
  {
    "review": "멋지긴 한데, 그닥 재밌진 않다.",
    "date": "12.12.29",
    "rating": "5",
    "author": "nozo****",
    "review_id": "7061546",
    "movie_id": "44310"
  },
  {
    "review": "재미있는 애니메이션. 인간이 다른 생명, 종족과 함께 살게 된다는 마지막은 실망이네요. 그들은 그들끼리도 조화롭게 지내질 못하는데.",
    "date": "12.09.17",
    "rating": "9",
    "author": "rule****",
    "review_id": "6708146",
    "movie_id": "44310"
  },
  {
    "review": "약간의 지루함에도 불구하고 외계를 부드럽고 아름답게 묘사하고 있다.",
    "date": "12.09.03",
    "rating": "7",
    "author": "kos4****",
    "review_id": "6667062",
    "movie_id": "44310"
  },
  {
    "review": "재미는 있지만 마지막 전쟁이 아쉬었음",
    "date": "12.07.30",
    "rating": "8",
    "author": "seu0****",
    "review_id": "6554967",
    "movie_id": "44310"
  },
  {
    "review": "함께 잘살아야지 전쟁을 왜해",
    "date": "12.07.29",
    "rating": "7",
    "author": "do_x****",
    "review_id": "6551030",
    "movie_id": "44310"
  },
  {
    "review": "이게 왜 7.7이냐? 이번달 내가 최고로 잘선택한영화다 평점 8.7정도가 맞다.",
    "date": "12.04.03",
    "rating": "10",
    "author": "hase****",
    "review_id": "6189555",
    "movie_id": "44310"
  },
  {
    "review": "계속되는 긴장감이 단점. 그외에는 매우 좋았음.",
    "date": "12.03.06",
    "rating": "10",
    "author": "dkdl****",
    "review_id": "6127616",
    "movie_id": "44310"
  },
  {
    "review": "극 초반부에는 왠지 '혹성탈출'이 생각났음",
    "date": "12.02.26",
    "rating": "8",
    "author": "wook****",
    "review_id": "6106395",
    "movie_id": "44310"
  },
  {
    "review": "기승전결이 넘 병맛 밋밋하다. 진짜 왜 이딴영화를 만들었냐 내시간..",
    "date": "12.01.31",
    "rating": "1",
    "author": "djjf****",
    "review_id": "6037553",
    "movie_id": "44310"
  },
  {
    "review": "재미있다.",
    "date": "11.12.19",
    "rating": "10",
    "author": "hhb5****",
    "review_id": "5915207",
    "movie_id": "44310"
  },
  {
    "review": "그 날아다니는 고래 귀여워서 5점준다 그것만 귀여워서",
    "date": "11.12.18",
    "rating": "5",
    "author": "yeei****",
    "review_id": "5913823",
    "movie_id": "44310"
  },
  {
    "review": "아바타를 잉태하다.",
    "date": "11.12.09",
    "rating": "8",
    "author": "pria****",
    "review_id": "5896288",
    "movie_id": "44310"
  },
  {
    "review": "애니 특유의 매력을 느낄 수 없었다",
    "date": "11.11.24",
    "rating": "5",
    "author": "vvst****",
    "review_id": "5867956",
    "movie_id": "44310"
  },
  {
    "review": "썩 재미있지는 않은.. 그냥 3D라서 봄.",
    "date": "11.11.06",
    "rating": "6",
    "author": "jeeb****",
    "review_id": "5832213",
    "movie_id": "44310"
  },
  {
    "review": "마지막에 산소 만드는기계부수는건 좀 .실제상황이였다면 그냥 정복했을거 같아요",
    "date": "11.10.24",
    "rating": "5",
    "author": "lms8****",
    "review_id": "5808087",
    "movie_id": "44310"
  },
  {
    "review": "기대하지 않고 봤는데... 기대이상 !",
    "date": "11.09.21",
    "rating": "10",
    "author": "takk****",
    "review_id": "5744403",
    "movie_id": "44310"
  },
  {
    "review": "재밌게봤습니다 근데 이간들이 또 언제 전쟁을 시작할지 ..ㅋㅋ",
    "date": "11.08.30",
    "rating": "10",
    "author": "dudw****",
    "review_id": "5698519",
    "movie_id": "44310"
  },
  {
    "review": "디게 재밋내염. 졍말 재미있어욤.ㅋㅋ>신고",
    "date": "11.08.23",
    "rating": "9",
    "author": "jins****",
    "review_id": "5682339",
    "movie_id": "44310"
  },
  {
    "review": "센과치히로의 행방불명, 폴라익스프레스 이후로 가장 재밌게 본 애니메이션",
    "date": "11.08.13",
    "rating": "9",
    "author": "uuzo****",
    "review_id": "5646011",
    "movie_id": "44310"
  },
  {
    "review": "슬프더라. ㅜ.ㅜ",
    "date": "11.08.09",
    "rating": "10",
    "author": "heyh****",
    "review_id": "5627639",
    "movie_id": "44310"
  },
  {
    "review": "내가 다른 SF영화들은 거의 호평을 줬다. 그런데 이영화는 욕이나온다.",
    "date": "11.07.28",
    "rating": "1",
    "author": "xndx****",
    "review_id": "5577695",
    "movie_id": "44310"
  },
  {
    "review": "소재, 표현력 좋았습니다. 그러나 내용 전개는 정말 실망스럽네요.",
    "date": "11.07.24",
    "rating": "7",
    "author": "rlax****",
    "review_id": "5566788",
    "movie_id": "44310"
  },
  {
    "review": "재미잇어요~ 전 말라가 마음에 드네요 ~~",
    "date": "11.07.07",
    "rating": "10",
    "author": "seow****",
    "review_id": "5528063",
    "movie_id": "44310"
  },
  {
    "review": "내용이 억지다",
    "date": "11.05.29",
    "rating": "2",
    "author": "toha****",
    "review_id": "5454336",
    "movie_id": "44310"
  },
  {
    "review": "훌륭하네요.",
    "date": "11.05.25",
    "rating": "10",
    "author": "rawr****",
    "review_id": "5447754",
    "movie_id": "44310"
  },
  {
    "review": "재미있네요^^",
    "date": "11.05.24",
    "rating": "10",
    "author": "yyn9****",
    "review_id": "5446667",
    "movie_id": "44310"
  },
  {
    "review": "아주 재미있게봤습니다. 키득키득",
    "date": "11.05.13",
    "rating": "10",
    "author": "jagu****",
    "review_id": "5426241",
    "movie_id": "44310"
  },
  {
    "review": "빌어먹을파일럿의개인감정으로인류가저렇게되다니스토리가매우실망적이다",
    "date": "11.05.05",
    "rating": "1",
    "author": "zmff****",
    "review_id": "5407732",
    "movie_id": "44310"
  },
  {
    "review": "꼭 성취감은 희생에서 이루어지는걸까.",
    "date": "11.05.05",
    "rating": "9",
    "author": "mina****",
    "review_id": "5407712",
    "movie_id": "44310"
  },
  {
    "review": "뻔한 전개. 어처피 우리는 인간이라는 틀에서 봐야된다 그냥 인간이 질순없으니.",
    "date": "11.04.17",
    "rating": "1",
    "author": "cotj****",
    "review_id": "5379556",
    "movie_id": "44310"
  },
  {
    "review": "내인생 최악의 영화. 보는 내내 화가남.",
    "date": "11.04.17",
    "rating": "1",
    "author": "mone****",
    "review_id": "5378857",
    "movie_id": "44310"
  },
  {
    "review": "외계인들 다 죽게 생겼다 이놈들아!!!",
    "date": "11.04.17",
    "rating": "10",
    "author": "weff****",
    "review_id": "5378808",
    "movie_id": "44310"
  },
  {
    "review": "넘재밌게봤어요. 아바타보다 훨씬 더 좋았습니다",
    "date": "11.04.03",
    "rating": "10",
    "author": "osmo****",
    "review_id": "5351370",
    "movie_id": "44310"
  },
  {
    "review": "넘 재밌게봤음",
    "date": "11.03.20",
    "rating": "8",
    "author": "9366****",
    "review_id": "5323734",
    "movie_id": "44310"
  },
  {
    "review": "내용은 아바타 디테일에 차이 꼬리표는 못 떼어 낼듯함",
    "date": "11.03.19",
    "rating": "6",
    "author": "yaky****",
    "review_id": "5321704",
    "movie_id": "44310"
  },
  {
    "review": "정말 여러번 봐도 질리지 않는 재밌는 감동있는 애니.",
    "date": "11.03.10",
    "rating": "10",
    "author": "rldu****",
    "review_id": "5303437",
    "movie_id": "44310"
  },
  {
    "review": "테라들이 공존을 선택안했다면 한 멍청한 파일럿에 선택에 인류는 멸망했다.",
    "date": "11.02.27",
    "rating": "1",
    "author": "kyo1****",
    "review_id": "5279337",
    "movie_id": "44310"
  },
  {
    "review": "신선한 관점",
    "date": "11.02.27",
    "rating": "8",
    "author": "lllm****",
    "review_id": "5278932",
    "movie_id": "44310"
  },
  {
    "review": "이건...음...괜찬게 봣어요 6점은 넘 적고 7점은 많고 6.5점 줄깨요.",
    "date": "11.02.22",
    "rating": "6",
    "author": "kdkx****",
    "review_id": "5267123",
    "movie_id": "44310"
  },
  {
    "review": "진짜 재밌게 봤어요~ㅋ 캐릭터가 넘 귀염..^^",
    "date": "11.02.06",
    "rating": "10",
    "author": "arim****",
    "review_id": "5223316",
    "movie_id": "44310"
  },
  {
    "review": "내용을 거의 알수있는 영화같음....",
    "date": "11.02.05",
    "rating": "4",
    "author": "leso****",
    "review_id": "5216589",
    "movie_id": "44310"
  },
  {
    "review": "아바타 까진 아니고 암튼 잼이었네 ^^",
    "date": "11.02.03",
    "rating": "8",
    "author": "dudw****",
    "review_id": "5209781",
    "movie_id": "44310"
  },
  {
    "review": "넘넘 재밌음^^말라귀여움~~ 근데 넘 짧다...",
    "date": "11.01.28",
    "rating": "10",
    "author": "jhse****",
    "review_id": "5191505",
    "movie_id": "44310"
  },
  {
    "review": "깊은 재미를 얻을 순 없었다.",
    "date": "11.01.25",
    "rating": "6",
    "author": "ichi****",
    "review_id": "5183722",
    "movie_id": "44310"
  },
  {
    "review": "그냥 그렇네...해피하지는 않음...",
    "date": "11.01.23",
    "rating": "7",
    "author": "fill****",
    "review_id": "5177610",
    "movie_id": "44310"
  },
  {
    "review": "재밌었지만 아바타 처럼 그림만 예뻤으면 나았듯",
    "date": "11.01.15",
    "rating": "9",
    "author": "tldu****",
    "review_id": "5158958",
    "movie_id": "44310"
  },
  {
    "review": "보통",
    "date": "11.01.08",
    "rating": "6",
    "author": "choi****",
    "review_id": "5141403",
    "movie_id": "44310"
  },
  {
    "review": "이정도가 딱 적당할듯.. 그냥저냥 볼만함",
    "date": "11.01.07",
    "rating": "6",
    "author": "sld2****",
    "review_id": "5136818",
    "movie_id": "44310"
  },
  {
    "review": "늦은 개봉이 한이로구나.",
    "date": "11.01.07",
    "rating": "8",
    "author": "maro****",
    "review_id": "5136470",
    "movie_id": "44310"
  },
  {
    "review": "아바타 원작 까지는 아니다.,.,",
    "date": "11.01.02",
    "rating": "6",
    "author": "milk****",
    "review_id": "5118899",
    "movie_id": "44310"
  },
  {
    "review": "재미있었지만뭔가부족했음",
    "date": "11.01.02",
    "rating": "9",
    "author": "onjo****",
    "review_id": "5117172",
    "movie_id": "44310"
  },
  {
    "review": "개인적으로는 아름다운 영화였다. 잔잔히 볼 수 있는..",
    "date": "10.12.28",
    "rating": "10",
    "author": "sogj****",
    "review_id": "5094584",
    "movie_id": "44310"
  },
  {
    "review": "잘모르겠음...",
    "date": "10.12.23",
    "rating": "5",
    "author": "ghch****",
    "review_id": "5078282",
    "movie_id": "44310"
  },
  {
    "review": "예쁘지만 무식해",
    "date": "10.12.19",
    "rating": "5",
    "author": "lead****",
    "review_id": "5066017",
    "movie_id": "44310"
  },
  {
    "review": "6점이적당한듯",
    "date": "10.12.07",
    "rating": "6",
    "author": "star****",
    "review_id": "5035012",
    "movie_id": "44310"
  },
  {
    "review": "아바타 이전에 개봉했더라면 아바타와같은 감동이 괜찮은 애니였음",
    "date": "10.12.07",
    "rating": "10",
    "author": "glay****",
    "review_id": "5031932",
    "movie_id": "44310"
  },
  {
    "review": "시나리오의 완성도만 높였다면 정말 좋을뻔했다",
    "date": "10.12.04",
    "rating": "5",
    "author": "goms****",
    "review_id": "5022720",
    "movie_id": "44310"
  },
  {
    "review": "아고 이사람들아 이거 원래 개봉이 2007년인데 사정잇어가지고 2010년에개봉한건데;;",
    "date": "10.12.04",
    "rating": "10",
    "author": "hee4****",
    "review_id": "5019946",
    "movie_id": "44310"
  },
  {
    "review": "시작은 좋았으나, 너무 급하게 마무리",
    "date": "10.12.01",
    "rating": "6",
    "author": "jcr3****",
    "review_id": "5011635",
    "movie_id": "44310"
  },
  {
    "review": "아바타+월E 마지막 남자 이렇게 살바엔 죽자~ 이건데; ㅋㅋ",
    "date": "10.11.29",
    "rating": "10",
    "author": "rhdl****",
    "review_id": "5006202",
    "movie_id": "44310"
  },
  {
    "review": "동심으로 모든걸 말하면 이루어진다. 머 교훈..ㅎㅎ",
    "date": "10.11.19",
    "rating": "6",
    "author": "namg****",
    "review_id": "4972647",
    "movie_id": "44310"
  },
  {
    "review": "아바타 2010년, 테라 2009년 테라가 더 빨리 나옴 개봉이 늦은거지",
    "date": "10.11.19",
    "rating": "10",
    "author": "mr_p****",
    "review_id": "4972110",
    "movie_id": "44310"
  },
  {
    "review": "좀 유치하고 지루함. 그냥 킬링타임 정도 되는듯..",
    "date": "10.11.18",
    "rating": "6",
    "author": "sung****",
    "review_id": "4969007",
    "movie_id": "44310"
  },
  {
    "review": "괜찮은 애니를 간만에 본 듯한 기분입니다. 아바타 느낌이 나긴 하지만....ㅋ",
    "date": "10.11.17",
    "rating": "8",
    "author": "akir****",
    "review_id": "4968096",
    "movie_id": "44310"
  },
  {
    "review": "아바타 + 캐스퍼 + 스타워즈",
    "date": "10.11.16",
    "rating": "10",
    "author": "dntl****",
    "review_id": "4964763",
    "movie_id": "44310"
  },
  {
    "review": "퀄릿도 떨어지고 내용도 상폄범...",
    "date": "10.11.15",
    "rating": "2",
    "author": "kkae****",
    "review_id": "4964673",
    "movie_id": "44310"
  },
  {
    "review": "아바타와 비슷한 설정의 영화. 아바타의 흥행이 그래픽 덕분이란 걸 깨우치게 된다.",
    "date": "10.11.15",
    "rating": "4",
    "author": "flpd****",
    "review_id": "4964311",
    "movie_id": "44310"
  },
  {
    "review": "훈훈한 내용이지만 지나치게 유아취향인 감이 있음, 보다 졸았을 정도",
    "date": "10.11.15",
    "rating": "5",
    "author": "rla0****",
    "review_id": "4964098",
    "movie_id": "44310"
  },
  {
    "review": "아바타 전에 개봉했더라면 그래도 칭찬 받았을 텐데...",
    "date": "10.11.15",
    "rating": "7",
    "author": "shus****",
    "review_id": "4963606",
    "movie_id": "44310"
  },
  {
    "review": "모든게 별로, 엔딩만 괜찮았음 살다살다 영화를 1점주긴 처음이네",
    "date": "10.11.15",
    "rating": "1",
    "author": "ruka****",
    "review_id": "4963460",
    "movie_id": "44310"
  },
  {
    "review": "이게왜 8점이야 스토리도 별로 액션이나 그래픽도 아바타랑 전혀 다른데",
    "date": "10.11.15",
    "rating": "1",
    "author": "qpt9****",
    "review_id": "4963456",
    "movie_id": "44310"
  },
  {
    "review": "망한 작품에는 다 이유가 있다는 것이 이 바닥의 정설.혹시나했는데,역시나 맞는말...",
    "date": "10.11.15",
    "rating": "1",
    "author": "baks****",
    "review_id": "4962813",
    "movie_id": "44310"
  },
  {
    "review": "깎두기 아저씨. 이건 좀 무리 잖아요.",
    "date": "10.11.14",
    "rating": "6",
    "author": "abcj****",
    "review_id": "4959249",
    "movie_id": "44310"
  },
  {
    "review": "ㅅㅂ 스토리  인간이 그냥 테라 라는 행성에 쳐들어간다 영화 끝",
    "date": "10.11.13",
    "rating": "4",
    "author": "tjdw****",
    "review_id": "4958063",
    "movie_id": "44310"
  },
  {
    "review": "스토리도 밋밋 디자인도 밋밋 그림도 밋밋",
    "date": "10.11.13",
    "rating": "5",
    "author": "drd1****",
    "review_id": "4957229",
    "movie_id": "44310"
  },
  {
    "review": "아바타보다 괜찮다 결말이 특히 맘에 든다. 공존을 모색했단 점에서",
    "date": "10.11.12",
    "rating": "10",
    "author": "jy69****",
    "review_id": "4952997",
    "movie_id": "44310"
  },
  {
    "review": "토이스토리3를 본분이라면 이영화도 감동깊게 볼거에요^^",
    "date": "10.11.11",
    "rating": "10",
    "author": "onep****",
    "review_id": "4952720",
    "movie_id": "44310"
  },
  {
    "review": "아리스토미니스 처바스(욕같네) 감독에 대한 아주 큰 실망. 스토리 마무리 부족",
    "date": "10.11.11",
    "rating": "1",
    "author": "r_ed****",
    "review_id": "4952550",
    "movie_id": "44310"
  },
  {
    "review": "과거엔 침략당하다가 점차 인간이 공격자인 영화가늘다니 기술이 발달해가긴하나보다",
    "date": "10.11.11",
    "rating": "7",
    "author": "inte****",
    "review_id": "4952159",
    "movie_id": "44310"
  },
  {
    "review": "초등학생이랑 할거 없을때 같이볼 영화.요즘애덜 이런거좋아할진 모르지만..",
    "date": "10.11.10",
    "rating": "8",
    "author": "a109****",
    "review_id": "4948510",
    "movie_id": "44310"
  },
  {
    "review": "그래픽이 굿?참나ㅋㅋㅋ그래픽 1990년대 수준에다 내용?짜맞추기쩔어",
    "date": "10.11.10",
    "rating": "1",
    "author": "alal****",
    "review_id": "4948324",
    "movie_id": "44310"
  },
  {
    "review": "기대 안하고 봤는데 ..그런데로 볼만하네요 ㅋㅋ",
    "date": "10.11.08",
    "rating": "8",
    "author": "suns****",
    "review_id": "4945669",
    "movie_id": "44310"
  },
  {
    "review": "드래곤 길들이기정도의 재미",
    "date": "10.11.08",
    "rating": "9",
    "author": "sams****",
    "review_id": "4945029",
    "movie_id": "44310"
  },
  {
    "review": "일본 캐릭터에 익숙한 나... 아쉬운 그림과 아쉬운 자극성",
    "date": "10.11.07",
    "rating": "8",
    "author": "yjls****",
    "review_id": "4944596",
    "movie_id": "44310"
  },
  {
    "review": "음 결말이 좀억지스러워서 별이 네개 하지만 재미난내용",
    "date": "10.11.07",
    "rating": "8",
    "author": "gkgk****",
    "review_id": "4944361",
    "movie_id": "44310"
  },
  {
    "review": "good",
    "date": "10.11.07",
    "rating": "8",
    "author": "dudt****",
    "review_id": "4943850",
    "movie_id": "44310"
  },
  {
    "review": "되게 재밌게 봤고요, 사실적이에요. 근데 그래픽 기술은 아직 어설퍼요",
    "date": "10.11.07",
    "rating": "8",
    "author": "seob****",
    "review_id": "4943534",
    "movie_id": "44310"
  }
]