[
  {
    "review": "이거 0점 없어요?? 아니 이거 왜이리 재미가없죠 그다가평점5점만해도 신기하네 이영화는 3점해도 무방할듯",
    "date": "15.05.11",
    "rating": "1",
    "author": "tyqs****",
    "review_id": "9910341",
    "movie_id": "44320"
  },
  {
    "review": "대충 뭘 말하려는지는 알겠으나 재미없다. 그리고 마지막의 반전 장면의 표정조차 너무 웃겼음.",
    "date": "15.04.10",
    "rating": "3",
    "author": "a12c****",
    "review_id": "9838292",
    "movie_id": "44320"
  },
  {
    "review": "이거졸라무서워요 진심 소리공포영화",
    "date": "15.01.15",
    "rating": "10",
    "author": "th97****",
    "review_id": "9598740",
    "movie_id": "44320"
  },
  {
    "review": "연출, 연기, 각본 모두 씹망에다가 촬영은 누가 했는지  영화 분위기와 너무 안 맞는다. 반전도 너무 쌩뚱맞은게 내용이랑 뭔 상관인지 모르겠다. <연애사진>을 연출한 감독이 맞나 싶을 정도로 실망스런 작품이다.",
    "date": "15.01.15",
    "rating": "4",
    "author": "yhs4****",
    "review_id": "9595942",
    "movie_id": "44320"
  },
  {
    "review": "볼만함. 보다가 남동생 패죽이고싶었음",
    "date": "14.09.08",
    "rating": "8",
    "author": "reom****",
    "review_id": "9182888",
    "movie_id": "44320"
  },
  {
    "review": "원작게임이 더 무섭다..",
    "date": "14.08.31",
    "rating": "5",
    "author": "alst****",
    "review_id": "9150506",
    "movie_id": "44320"
  },
  {
    "review": "이해 할 수 없는 평점이네요...공포영화 좋아하시면 스토리를 미리 분석하지 마시고 꼭 권해드리고 싶은 작품입니다...난 정말 재밌게 봤어요..",
    "date": "14.07.17",
    "rating": "10",
    "author": "bonb****",
    "review_id": "8925470",
    "movie_id": "44320"
  },
  {
    "review": "음... 부족한 점이 곳곳에 보이지만 그래도 그런대로 볼만한것 같습니다 잘봤어요",
    "date": "14.07.03",
    "rating": "7",
    "author": "2_dp****",
    "review_id": "8879300",
    "movie_id": "44320"
  },
  {
    "review": "느리지만 그럭저럭 긴장감 있게 끌고 가고 괜찮은 장면들도 있다. 하지만 반전은 눈치 채기 쉽고 진부하며, 미스터리는 제대로 된 설명도 없이 흐지부지 끝이 난다.",
    "date": "14.06.13",
    "rating": "4",
    "author": "zxc1****",
    "review_id": "8826556",
    "movie_id": "44320"
  },
  {
    "review": "뭔가 옛날 이야기처럼 약간 허술한 전개에 어느정도 볼때까지 약간 실망하며 보았지만, 급격한 반전에 놀랐고 전체적으로 무난한 으스스한 느낌이 드는 공포영화였다.",
    "date": "14.02.16",
    "rating": "8",
    "author": "cjsw****",
    "review_id": "8513228",
    "movie_id": "44320"
  },
  {
    "review": "반전이 충격임",
    "date": "13.07.29",
    "rating": "10",
    "author": "agap****",
    "review_id": "7796758",
    "movie_id": "44320"
  },
  {
    "review": "일본 영화 다운 스토리와 결말 호불호가 좀 갈리겟지만 그럭저럭 괜찮앗다그보다 연출이 어설픔",
    "date": "13.07.20",
    "rating": "5",
    "author": "pyuk****",
    "review_id": "7766431",
    "movie_id": "44320"
  },
  {
    "review": "별로 무섭지않게 즐길수 있으면서 나도모르게 공포를 느낄수있는 영화였다.",
    "date": "13.07.08",
    "rating": "9",
    "author": "kr10****",
    "review_id": "7718648",
    "movie_id": "44320"
  },
  {
    "review": "345",
    "date": "13.06.02",
    "rating": "2",
    "author": "borg****",
    "review_id": "7573073",
    "movie_id": "44320"
  },
  {
    "review": "날 리뷰쓰게 만든 영화는 처음임 이러케 ㅈ같은영화 처음봄스토리자체가 쓰렉임이거 공짜로 다운받은 영화지만 내폰에 파일량을 차지한것 자체도 너무 아까운영화임 아 일점주기도 아깝다",
    "date": "13.06.02",
    "rating": "1",
    "author": "llls****",
    "review_id": "7572281",
    "movie_id": "44320"
  },
  {
    "review": "아주 오래전에 본영화 볼만했다. 특히 마지막 반전도 그런대로 괜찮았다.섬하나 빌려서 촬영했다던데 좀더 디테일한 면이 좀 부족해서 아쉬웠다",
    "date": "13.05.24",
    "rating": "7",
    "author": "adiv****",
    "review_id": "7551265",
    "movie_id": "44320"
  },
  {
    "review": "사실 대단한 볼거리는 없는 시골에서 찍은 대표적인 저예산 영화인데.... 보고나면 아주 기분이나빠진다. 이게 공포영화가 노리는 효과 아닐까? 일본 공포영화 특유의 사람 말초신경을 자극하는대표적인 케이스로 은근히 공포심을 유발한다. 그리고 몰입도",
    "date": "13.05.04",
    "rating": "7",
    "author": "hoon****",
    "review_id": "7505532",
    "movie_id": "44320"
  },
  {
    "review": "이거 은근히 무섭네요!!ㅠㅠ",
    "date": "13.03.04",
    "rating": "9",
    "author": "cool****",
    "review_id": "7323743",
    "movie_id": "44320"
  },
  {
    "review": "헉 바로 밑에 분..저도 그렇게 생각했는데..평점이 낮네요...은근한 공포감 때문에 무서웠는데..",
    "date": "12.12.05",
    "rating": "8",
    "author": "tjff****",
    "review_id": "6974450",
    "movie_id": "44320"
  },
  {
    "review": "저는 나쁘지 않은 공포영화라 생각하는데 . . . 꽤 평점이 낮네요 ㅠ",
    "date": "12.11.24",
    "rating": "8",
    "author": "tekk****",
    "review_id": "6919120",
    "movie_id": "44320"
  },
  {
    "review": "쩝; 게임이 더 흥미진진한 스토리였던듯",
    "date": "12.10.07",
    "rating": "7",
    "author": "wlsg****",
    "review_id": "6769928",
    "movie_id": "44320"
  },
  {
    "review": "가끔 가다 생각나는 영화... 사일런트힐과는 또다른 재미 ㅋ",
    "date": "12.10.03",
    "rating": "8",
    "author": "inte****",
    "review_id": "6759837",
    "movie_id": "44320"
  },
  {
    "review": "장화홍련도 불친절한 영화라고 해서 악평 많이 받는데, 이 영화에 비하면 장화홍련은 작품이다. 장화홍련은 여운이라도 남았지. 이건 뭐, 뭐하자는 건지?",
    "date": "12.10.01",
    "rating": "1",
    "author": "emin****",
    "review_id": "6747690",
    "movie_id": "44320"
  },
  {
    "review": "재미있다",
    "date": "12.07.19",
    "rating": "10",
    "author": "y010****",
    "review_id": "6493044",
    "movie_id": "44320"
  },
  {
    "review": "소름 돋는 시놉시스가 제대로 다루어지지 못하여 안타깝고, 잘 차려진 밥상을 스스로 걷어차 버렸다.",
    "date": "12.07.03",
    "rating": "3",
    "author": "moir****",
    "review_id": "6440871",
    "movie_id": "44320"
  },
  {
    "review": "뭔가 흐지부지 끝낸느낌... 일본공포영화치고 무섭지는 않음",
    "date": "12.07.01",
    "rating": "7",
    "author": "awak****",
    "review_id": "6433791",
    "movie_id": "44320"
  },
  {
    "review": "아빠가 얼굴 내밀때 무서웠음",
    "date": "12.06.10",
    "rating": "6",
    "author": "luck****",
    "review_id": "6383606",
    "movie_id": "44320"
  },
  {
    "review": "감독의 연출력이 아쉽지만 반전은 전혀눈치채지못할정도였다...",
    "date": "12.05.22",
    "rating": "7",
    "author": "kara****",
    "review_id": "6320346",
    "movie_id": "44320"
  },
  {
    "review": "연출이 아쉬웠지만, 후반부가 백미다. 중반부까지.. 정말 다 봐야할까 고민했었다.",
    "date": "12.02.06",
    "rating": "7",
    "author": "ll3l****",
    "review_id": "6056940",
    "movie_id": "44320"
  },
  {
    "review": "사이렌이 영화로 나왔다고 처음 듣는 소리인데 말야 사이렌이 게임까지 나왔는데 말야",
    "date": "12.01.27",
    "rating": "10",
    "author": "xod1****",
    "review_id": "6025815",
    "movie_id": "44320"
  },
  {
    "review": "원작 게임을 안해봐서 그런지.. 난 재밌. 8점 주고싶은데 평점이 너무 낮아서 10점..",
    "date": "11.08.24",
    "rating": "10",
    "author": "1119****",
    "review_id": "5683668",
    "movie_id": "44320"
  },
  {
    "review": "오랜만에 영화본걸 후회하게만든 영화",
    "date": "11.08.18",
    "rating": "1",
    "author": "inth****",
    "review_id": "5666528",
    "movie_id": "44320"
  },
  {
    "review": "플레이스테이션2의 '사이렌' 게임을 재밌게 즐겨서 그런지 나름 괜찬았다.",
    "date": "11.06.29",
    "rating": "10",
    "author": "hyng****",
    "review_id": "5507242",
    "movie_id": "44320"
  },
  {
    "review": "캡짱이다 심장떨어질뻔,,휴 절대 강추입니다",
    "date": "11.05.11",
    "rating": "10",
    "author": "wjsd****",
    "review_id": "5422527",
    "movie_id": "44320"
  },
  {
    "review": "원작망치네 허허허허허",
    "date": "11.02.05",
    "rating": "10",
    "author": "vjsd****",
    "review_id": "5217803",
    "movie_id": "44320"
  },
  {
    "review": "반전 진짜 쩔었는데 전 재미있게 봤음요 ㅋ 진짜 괜찮은 영화라고 생각함 ㅋ",
    "date": "11.01.10",
    "rating": "10",
    "author": "loss****",
    "review_id": "5145492",
    "movie_id": "44320"
  },
  {
    "review": "원작이 너무 거대했다. 하지만 잘 만들려는 노력은 안보였다.",
    "date": "11.01.09",
    "rating": "4",
    "author": "evil****",
    "review_id": "5144981",
    "movie_id": "44320"
  },
  {
    "review": "사일런트힐과 비교했을때 이 영화는 기승전결에서 승과 전이 별로다(1224).",
    "date": "10.12.31",
    "rating": "7",
    "author": "sexy****",
    "review_id": "5110217",
    "movie_id": "44320"
  },
  {
    "review": "데스워터에 비하면 명작이네",
    "date": "10.12.04",
    "rating": "10",
    "author": "june****",
    "review_id": "5023276",
    "movie_id": "44320"
  },
  {
    "review": "네이버 평점 믿을께못됨 이정도면 재밌는거지 ㅅㅂ",
    "date": "10.08.21",
    "rating": "10",
    "author": "acee****",
    "review_id": "4773021",
    "movie_id": "44320"
  },
  {
    "review": "아.. 원작 다 죠져놨네 ㅋㅋ..",
    "date": "10.08.07",
    "rating": "4",
    "author": "vhmm****",
    "review_id": "4716070",
    "movie_id": "44320"
  },
  {
    "review": "평점왜이래..반전진짜굿이엇는데",
    "date": "10.07.29",
    "rating": "10",
    "author": "ysl5****",
    "review_id": "4682195",
    "movie_id": "44320"
  },
  {
    "review": "사이렌NT 원작게임play영상이 더 무섭다. 하지만 영화도 반전도 전 괜찮았는데요~",
    "date": "10.04.22",
    "rating": "7",
    "author": "lenc****",
    "review_id": "4447866",
    "movie_id": "44320"
  },
  {
    "review": "뒤에 밝혀지는 반전이....이 영화의 진정한 묘미~",
    "date": "10.04.05",
    "rating": "10",
    "author": "roya****",
    "review_id": "4414078",
    "movie_id": "44320"
  },
  {
    "review": "게임에 비하면.... 게임은대작 영화는....",
    "date": "10.02.22",
    "rating": "8",
    "author": "gggg****",
    "review_id": "4310972",
    "movie_id": "44320"
  },
  {
    "review": "아 네이버평점 왜케낮아? tv는높은데 최고임!!!다른공포영화보다 백배남믿고보셈최고!",
    "date": "10.01.23",
    "rating": "10",
    "author": "soyu****",
    "review_id": "4199890",
    "movie_id": "44320"
  },
  {
    "review": "영화관에서 봤더라면 좀 더 실감 났을까? 아쉽다",
    "date": "09.12.02",
    "rating": "7",
    "author": "choo****",
    "review_id": "4009380",
    "movie_id": "44320"
  },
  {
    "review": "영화는 영화라는 사실을 잊게 해줘야하는 데 사이렌은 영화라는 느낌을 상기시켜주네",
    "date": "09.10.04",
    "rating": "6",
    "author": "love****",
    "review_id": "3870356",
    "movie_id": "44320"
  },
  {
    "review": "여러모로 장화홍련과 닮은 영화. 영상도 굉장히 세련되고, 완성도도 뛰어나다",
    "date": "09.09.07",
    "rating": "10",
    "author": "1231****",
    "review_id": "3817417",
    "movie_id": "44320"
  },
  {
    "review": "엄청난 반전이 있다길래 졸린거 필사적으로 참으면서 끝까지봤는데...엄청실망 ㅜㅠ",
    "date": "09.08.25",
    "rating": "1",
    "author": "sdy0****",
    "review_id": "3787470",
    "movie_id": "44320"
  },
  {
    "review": "무서운 영화가 절대 아니다 완전 코믹영화 돈아까워~~",
    "date": "09.07.28",
    "rating": "1",
    "author": "tjrg****",
    "review_id": "3676280",
    "movie_id": "44320"
  },
  {
    "review": "나름 반전!!!!!아이덴티티의 일본판 같다!!!!!!!재밌다!!!!!!!!!추천!!!!!!!!!!!!!!11",
    "date": "09.07.05",
    "rating": "10",
    "author": "priv****",
    "review_id": "3612623",
    "movie_id": "44320"
  },
  {
    "review": "스토리도 좋고 재미도 있는데 공포감조성이 부족했다..",
    "date": "09.06.25",
    "rating": "6",
    "author": "wind****",
    "review_id": "3590452",
    "movie_id": "44320"
  },
  {
    "review": "재밌는데",
    "date": "09.06.20",
    "rating": "10",
    "author": "lees****",
    "review_id": "3576306",
    "movie_id": "44320"
  },
  {
    "review": "이거 몇년전에  본건데 장난아니게 재밋었음 ㅎㄷㄷ 살떨리는 반전",
    "date": "09.03.14",
    "rating": "10",
    "author": "suno****",
    "review_id": "3364740",
    "movie_id": "44320"
  },
  {
    "review": "나이거보고 내가 이여주인공되고 살인하는 악몽 꿨는데/",
    "date": "09.02.15",
    "rating": "10",
    "author": "yu09****",
    "review_id": "3305150",
    "movie_id": "44320"
  },
  {
    "review": "제일 웃긴 장면이 .. . 손전등 들고잇는 경찰이 갑자기 총들고있는 장면 ..ㅋㅋ",
    "date": "09.01.27",
    "rating": "1",
    "author": "jjeb****",
    "review_id": "3255324",
    "movie_id": "44320"
  },
  {
    "review": "무서워야 할 장면들이 코믹스럽게 변할정도로 CG처리가 형편없었다",
    "date": "09.01.01",
    "rating": "1",
    "author": "szeh****",
    "review_id": "3174830",
    "movie_id": "44320"
  },
  {
    "review": "재밋어요ㅋㅋㅋ",
    "date": "08.12.21",
    "rating": "10",
    "author": "1004****",
    "review_id": "3137052",
    "movie_id": "44320"
  },
  {
    "review": "돈이아까웠다.",
    "date": "08.11.28",
    "rating": "2",
    "author": "nanc****",
    "review_id": "3076509",
    "movie_id": "44320"
  },
  {
    "review": "개인적으로 흥미진진하게 본 영화 >_<",
    "date": "08.10.08",
    "rating": "10",
    "author": "aisi****",
    "review_id": "2989287",
    "movie_id": "44320"
  },
  {
    "review": "이런 ㅡㅡ.. 정말 이건 뭐 ... 초반 30분 어쩔꺼??",
    "date": "08.08.30",
    "rating": "4",
    "author": "tjtm****",
    "review_id": "2910943",
    "movie_id": "44320"
  },
  {
    "review": "우리나라 공포영화보단 낫다",
    "date": "08.08.26",
    "rating": "10",
    "author": "fkdl****",
    "review_id": "2904273",
    "movie_id": "44320"
  },
  {
    "review": "느낌은 상당히 좋았는데 또 다중인격,해리장애로 얼버무리는 식상함",
    "date": "08.08.26",
    "rating": "6",
    "author": "engm****",
    "review_id": "2903146",
    "movie_id": "44320"
  },
  {
    "review": "재밌을줄 알았는데...완전 힘빠지는 내용...뭔가 아쉽다....",
    "date": "08.07.25",
    "rating": "5",
    "author": "jeon****",
    "review_id": "2802178",
    "movie_id": "44320"
  },
  {
    "review": "원작에비하면 완전...",
    "date": "08.06.19",
    "rating": "1",
    "author": "coh0****",
    "review_id": "2707889",
    "movie_id": "44320"
  },
  {
    "review": "초반에는 졸려 죽는 줄 알았다 후반에 좀 볼만하네",
    "date": "08.06.12",
    "rating": "5",
    "author": "khuk****",
    "review_id": "2695219",
    "movie_id": "44320"
  },
  {
    "review": "진짜 진심으로 말씀드립니다....진짜 하나도 안무섭고 정말 유치합니다 진심입니다",
    "date": "08.06.02",
    "rating": "1",
    "author": "mini****",
    "review_id": "2675848",
    "movie_id": "44320"
  },
  {
    "review": "볼만 했으나 반전은 좀 식상. 그래두 멋지게 속았네요. '유실물'보단 훨~ 낫습니다.",
    "date": "08.05.16",
    "rating": "8",
    "author": "hand****",
    "review_id": "2644880",
    "movie_id": "44320"
  },
  {
    "review": "좋다 말은 영화...적당히 하지..너무 지나쳤다..",
    "date": "08.04.26",
    "rating": "6",
    "author": "1988****",
    "review_id": "2599934",
    "movie_id": "44320"
  },
  {
    "review": "30 분 짜리 단편으로 만들었으면 좋았을 ...",
    "date": "08.04.16",
    "rating": "1",
    "author": "shin****",
    "review_id": "2583288",
    "movie_id": "44320"
  },
  {
    "review": "좀비때문에 망쳤지만, 그래도 반전은 나름 훌륭했다고 본다.",
    "date": "08.04.06",
    "rating": "8",
    "author": "wkc2****",
    "review_id": "2561912",
    "movie_id": "44320"
  },
  {
    "review": "연출,각본,연기. 어설픔의 극치. 유이가 신인이라서 이런 연기했지...안습...",
    "date": "08.03.31",
    "rating": "1",
    "author": "2pur****",
    "review_id": "2551124",
    "movie_id": "44320"
  },
  {
    "review": "재미없다 ~ 시시하다 ~ 어이없다 ~ 왜봤지?.",
    "date": "08.03.09",
    "rating": "1",
    "author": "fooc****",
    "review_id": "2510816",
    "movie_id": "44320"
  },
  {
    "review": "진짜 삼류작;; 경찰아저씨 좀비로 변했을때 손전등 들고있었는데 갑자기 권총 ㅋㅋ",
    "date": "08.02.24",
    "rating": "1",
    "author": "ljy4****",
    "review_id": "2477981",
    "movie_id": "44320"
  },
  {
    "review": "괜찮았던 공포스런 화면, 트랜드가 되어가는 공포영화의 결말. 소리의공포가느껴짐",
    "date": "08.01.27",
    "rating": "7",
    "author": "silv****",
    "review_id": "2377423",
    "movie_id": "44320"
  },
  {
    "review": "무서운 영화를 무서워 하던 내가 이걸보고 자신감을 가졌다 좀비 하나도 안무섭다",
    "date": "08.01.27",
    "rating": "4",
    "author": "dydd****",
    "review_id": "2375633",
    "movie_id": "44320"
  },
  {
    "review": "ㅋㅋㅋㅋㅋㅋㅋㅋㅋㅋㅋㅋㅋㅋ이건좀짱이였다 ㅋㅋㅋㅋㅋㅋㅋㅋㅋㅋㅋㅋㅋ",
    "date": "08.01.26",
    "rating": "3",
    "author": "godv****",
    "review_id": "2374091",
    "movie_id": "44320"
  },
  {
    "review": "남동생의 설정은 좋았으나...",
    "date": "08.01.18",
    "rating": "6",
    "author": "ekth****",
    "review_id": "2343908",
    "movie_id": "44320"
  },
  {
    "review": "짱이다.",
    "date": "08.01.18",
    "rating": "10",
    "author": "chob****",
    "review_id": "2342207",
    "movie_id": "44320"
  },
  {
    "review": "개막장 영화 / / 중간에 아저씨 한번 퍽 나올때 빼고는 ㅋㅋㅋㅋㅋㅋㅋ",
    "date": "08.01.12",
    "rating": "2",
    "author": "dugu****",
    "review_id": "2320958",
    "movie_id": "44320"
  },
  {
    "review": "하아.....무서울것같아서...친구손꼭잡고봤는데...................................",
    "date": "08.01.07",
    "rating": "1",
    "author": "best****",
    "review_id": "2305854",
    "movie_id": "44320"
  },
  {
    "review": "왕짜증.....아주 전개를 짬뽕으로 믹스했구나...음향만 무섭게하네..하아",
    "date": "08.01.07",
    "rating": "1",
    "author": "mar_****",
    "review_id": "2304429",
    "movie_id": "44320"
  },
  {
    "review": "솔직히 마지막에 김빠지지만 그래도 어느 정도 괜찮았다.",
    "date": "08.01.07",
    "rating": "7",
    "author": "chc2****",
    "review_id": "2304333",
    "movie_id": "44320"
  },
  {
    "review": "음향효과때문에 좀 무서웠음 하지만 사일런트힐에 비한다면야 하나도 안무서움;;",
    "date": "08.01.06",
    "rating": "9",
    "author": "srug****",
    "review_id": "2303247",
    "movie_id": "44320"
  },
  {
    "review": "무서워질려다가 말어 ㅡㅡ",
    "date": "08.01.06",
    "rating": "1",
    "author": "gogt****",
    "review_id": "2302874",
    "movie_id": "44320"
  },
  {
    "review": "걍 재밌던데..... 마지막에 칼들고 다 죽인다는거 알고 섬뜩했음.",
    "date": "08.01.06",
    "rating": "10",
    "author": "best****",
    "review_id": "2302736",
    "movie_id": "44320"
  },
  {
    "review": "소리하난 무섭다. 음향효과 별점 4개",
    "date": "08.01.02",
    "rating": "8",
    "author": "muge****",
    "review_id": "2291931",
    "movie_id": "44320"
  },
  {
    "review": "사이비 ...싸이코 영화 처음과 끝이 한숨쉬게 만든다",
    "date": "07.12.25",
    "rating": "3",
    "author": "tjdw****",
    "review_id": "2262649",
    "movie_id": "44320"
  },
  {
    "review": "마무리만 완벽했더라면 상당히 무서운 작품이 될 뻔 했다",
    "date": "07.12.24",
    "rating": "2",
    "author": "okjo****",
    "review_id": "2261925",
    "movie_id": "44320"
  },
  {
    "review": "보면서 한숨만 나오더라 ㅜㅜ",
    "date": "07.12.24",
    "rating": "2",
    "author": "mpra****",
    "review_id": "2259895",
    "movie_id": "44320"
  },
  {
    "review": "이야기를 꼬아놓고기만 하고 풀지를 않았다.",
    "date": "07.11.22",
    "rating": "3",
    "author": "uds0****",
    "review_id": "2173081",
    "movie_id": "44320"
  },
  {
    "review": "붉은옷의 소녀는 도대체 누구?",
    "date": "07.10.15",
    "rating": "3",
    "author": "cook****",
    "review_id": "2091957",
    "movie_id": "44320"
  },
  {
    "review": "내용이 뒤죽박죽임으로 수수께끼는 풀려고 하지 마라.",
    "date": "07.09.27",
    "rating": "3",
    "author": "cals****",
    "review_id": "2056221",
    "movie_id": "44320"
  },
  {
    "review": "그냥 차라리 한편의 단막극으로 만들었다면 그편이나았을듯;;",
    "date": "07.09.22",
    "rating": "3",
    "author": "suga****",
    "review_id": "2037580",
    "movie_id": "44320"
  },
  {
    "review": "영화 참 못 만들었다. 연출력이 최하로군",
    "date": "07.09.06",
    "rating": "2",
    "author": "myun****",
    "review_id": "2004631",
    "movie_id": "44320"
  },
  {
    "review": "졸라 재미없어 돈날렸다",
    "date": "07.08.26",
    "rating": "1",
    "author": "dngn****",
    "review_id": "1979569",
    "movie_id": "44320"
  },
  {
    "review": "왜이렇게 평점이 높은지ㅡㅡ아 진짜 뭐 이딴 공포영화가 다있어",
    "date": "07.08.23",
    "rating": "1",
    "author": "znls****",
    "review_id": "1971548",
    "movie_id": "44320"
  },
  {
    "review": "공포도 그냥저냥, 반전도 그냥저냥",
    "date": "07.08.13",
    "rating": "3",
    "author": "opis****",
    "review_id": "1933841",
    "movie_id": "44320"
  },
  {
    "review": "흥미로운소재를 이렇게 망쳐놓네;; 연출력 매우 부족의 아쉬움",
    "date": "07.08.13",
    "rating": "4",
    "author": "bats****",
    "review_id": "1932465",
    "movie_id": "44320"
  }
]