[
  {
    "review": "스테판의 절절한 순정의 변",
    "date": "15.08.06",
    "rating": "10",
    "author": "love****",
    "review_id": "10193823",
    "movie_id": "44354"
  },
  {
    "review": "특이하지만 주제가 뭔지 모르겠다",
    "date": "15.07.23",
    "rating": "1",
    "author": "sury****",
    "review_id": "10134814",
    "movie_id": "44354"
  },
  {
    "review": "무드인디고를 보기 전에 봤다면 감동이 더했을거 같다. 공드리의 상상력과 연출력, 스토리 전개가 무드인디고에서 더욱 완성된 느낌이라...",
    "date": "15.07.18",
    "rating": "8",
    "author": "inth****",
    "review_id": "10117108",
    "movie_id": "44354"
  },
  {
    "review": "자기만의 방을 꾸몃는데 공감까지 얻어냈어 최고야",
    "date": "15.07.17",
    "rating": "10",
    "author": "nauk****",
    "review_id": "10113314",
    "movie_id": "44354"
  },
  {
    "review": "보고나면 한동안은 미셸공드리가 꾸며논 꿈속에 빠지는 영화",
    "date": "15.07.03",
    "rating": "10",
    "author": "kids****",
    "review_id": "10066455",
    "movie_id": "44354"
  },
  {
    "review": "별 6개 준 기자 다 나와!!",
    "date": "15.06.14",
    "rating": "10",
    "author": "ange****",
    "review_id": "10001228",
    "movie_id": "44354"
  },
  {
    "review": "혼란스러운 순수함과 때묻지 않은 피폐함이라 아직 자라지 못한 어른들의 꿈같은 현실 꿈같은 사랑...",
    "date": "15.05.20",
    "rating": "9",
    "author": "hdya****",
    "review_id": "9932839",
    "movie_id": "44354"
  },
  {
    "review": "우울하지만 좋은 프랑스영화",
    "date": "15.02.15",
    "rating": "10",
    "author": "qowl****",
    "review_id": "9697708",
    "movie_id": "44354"
  },
  {
    "review": "정신병자 이야기지만 괜찮았음. 진지하게 대해주는 스테파니는 천사인듯..",
    "date": "15.02.10",
    "rating": "5",
    "author": "yagh****",
    "review_id": "9685170",
    "movie_id": "44354"
  },
  {
    "review": "난 너무 정신없고 재미없었음.",
    "date": "15.02.06",
    "rating": "2",
    "author": "kic4****",
    "review_id": "9672837",
    "movie_id": "44354"
  },
  {
    "review": "사랑이 무엇인지 알고 싶다면 이 영화를 보면 된다",
    "date": "15.01.29",
    "rating": "10",
    "author": "grim****",
    "review_id": "9648022",
    "movie_id": "44354"
  },
  {
    "review": "아니 이해를 못하겠는데, 굳이 평점을 잘 줘야 되나. 분명 '난 예술을 이렇게 표현해봤어.' 근데 보는 사람이 이해가 안감. 쌍방 소통이 안됨. 이터널 션샤인은 휙휙 지나가도 이해가 되던데, 이건... 이해를 넘어섬. 보다가 머리 부여잡지 마시길.",
    "date": "15.01.27",
    "rating": "6",
    "author": "jms5****",
    "review_id": "9643133",
    "movie_id": "44354"
  },
  {
    "review": "아기자기한소품들과 순수한 남자주인공 내취향저격",
    "date": "15.01.26",
    "rating": "9",
    "author": "youn****",
    "review_id": "9637433",
    "movie_id": "44354"
  },
  {
    "review": "딱 이정도 별이 맞는거같다. 솔직히 너무 산만했다.. 보는내내 내가 정신분열증에 걸린것만 같았다.. 하지만 내가 마음속에만 있던 상상의 양면성.. 그것만큼은 잘 나타나진거같다.",
    "date": "15.01.18",
    "rating": "6",
    "author": "hkh8****",
    "review_id": "9607759",
    "movie_id": "44354"
  },
  {
    "review": "영화보는내내 나를 보는 것 같아 소름끼쳤다 ..ㄷㄷ 미셸 공드리 식으로 '남자'에 대해 완전히 파헤친 영화!!강력 추천함 ㅎㅎㅎ 꼭 보시길(특히 짝사랑한 상대한테거절당한 남성에게 추천함)",
    "date": "14.12.26",
    "rating": "10",
    "author": "smar****",
    "review_id": "9518199",
    "movie_id": "44354"
  },
  {
    "review": "역시 미셸 공드리임~~",
    "date": "14.12.22",
    "rating": "10",
    "author": "ju39****",
    "review_id": "9501697",
    "movie_id": "44354"
  },
  {
    "review": "시간아깝다 쓰1레기영화 어디서 이터널을 갖다붙여",
    "date": "14.12.10",
    "rating": "1",
    "author": "aldl****",
    "review_id": "9462773",
    "movie_id": "44354"
  },
  {
    "review": "실제로는 스토킹..?",
    "date": "14.12.05",
    "rating": "6",
    "author": "soiy****",
    "review_id": "9450123",
    "movie_id": "44354"
  },
  {
    "review": "내용전개방식이나 구성도 좋았지만 영상미까지 최고였어요.",
    "date": "14.11.27",
    "rating": "10",
    "author": "ming****",
    "review_id": "9426695",
    "movie_id": "44354"
  },
  {
    "review": "이해하려고 했으나 힘들었다.",
    "date": "14.11.24",
    "rating": "5",
    "author": "chch****",
    "review_id": "9417380",
    "movie_id": "44354"
  },
  {
    "review": "중간 중간 대사가 가슴을 후벼팜 소장하고 싶은 영화",
    "date": "14.11.21",
    "rating": "9",
    "author": "skhy****",
    "review_id": "9406442",
    "movie_id": "44354"
  },
  {
    "review": "이런 장르의 영화를 좋아하지 않아서일까 보다가 중간에 잠들었는데 잠시동안이지만 깊게 잠들 수 있었다.영화제목 참 잘 지은거 같다.",
    "date": "14.11.16",
    "rating": "10",
    "author": "ting****",
    "review_id": "9391095",
    "movie_id": "44354"
  },
  {
    "review": "왜  이 영화 평점을  안 남겼었지? ㅠㅠ 내가 가장 좋아하는 영화 중의 하나. DVD까지 소장하고 있다.",
    "date": "14.11.10",
    "rating": "10",
    "author": "aldu****",
    "review_id": "9368366",
    "movie_id": "44354"
  },
  {
    "review": "사랑할 수 없는 현실적인 정신분열증 남자 이야기",
    "date": "14.10.28",
    "rating": "10",
    "author": "ysmj****",
    "review_id": "9324278",
    "movie_id": "44354"
  },
  {
    "review": "하, 귀엽고 재미있고 미셸 공드리 작품은 좋아요!",
    "date": "14.10.24",
    "rating": "9",
    "author": "clou****",
    "review_id": "9312431",
    "movie_id": "44354"
  },
  {
    "review": "이론 없이도 말이 되는 게 꿈이니까.",
    "date": "14.10.03",
    "rating": "7",
    "author": "this****",
    "review_id": "9259118",
    "movie_id": "44354"
  },
  {
    "review": "귀엽고 사랑스러우면서 진짜 꿈을 꾸는 듯한 몽환적인 기분이 드는 영화",
    "date": "14.09.11",
    "rating": "10",
    "author": "0718****",
    "review_id": "9205424",
    "movie_id": "44354"
  },
  {
    "review": "산만함의 극치. 새로운 시각과 창의성으로 쌓아 올린 색다른 멜로 드라마로 보이려 애쓰는 안쓰러운 미셀 공드리.",
    "date": "14.09.09",
    "rating": "3",
    "author": "ykdi****",
    "review_id": "9193699",
    "movie_id": "44354"
  },
  {
    "review": "사랑스러운 영화. . . 마음이 사그라든다. .",
    "date": "14.08.19",
    "rating": "10",
    "author": "cjh9****",
    "review_id": "9111220",
    "movie_id": "44354"
  },
  {
    "review": "1점도 아까운 영화 후회란 단어를 깨우치는 영화",
    "date": "14.06.13",
    "rating": "1",
    "author": "rain****",
    "review_id": "8826318",
    "movie_id": "44354"
  },
  {
    "review": "갱스부르의 담백한 연기는 좋았지만 장난기가 너무 많아 거슬렸던 영화. 블루레이 팔기로 작정함.",
    "date": "14.03.24",
    "rating": "6",
    "author": "gama****",
    "review_id": "8604467",
    "movie_id": "44354"
  },
  {
    "review": "누구나 한번씩은 해봤을 것 같은 생각을 특유의 독특하고 발칙한 방식으로 영화에 녹여낼 수 있는 미셸 공드리의 감성이 부럽다. 덜 다듬어졌지만, 그래서 더 사랑스러운 영화.",
    "date": "14.03.01",
    "rating": "9",
    "author": "floo****",
    "review_id": "8548077",
    "movie_id": "44354"
  },
  {
    "review": "d오늘 꿈을 꾸엇는데 이 영화를ㅇ ㅣ해하게 되엇다.",
    "date": "14.02.18",
    "rating": "8",
    "author": "cek6****",
    "review_id": "8518303",
    "movie_id": "44354"
  },
  {
    "review": "꿈속 세상의 색감도 특별히 아름답지도 않고  굳이 안봐도 됬을 영화",
    "date": "14.02.17",
    "rating": "6",
    "author": "yyw8****",
    "review_id": "8516274",
    "movie_id": "44354"
  },
  {
    "review": "영화가 괴상한데.. 뒤죽박죽. 참으로 독특한영화",
    "date": "14.01.16",
    "rating": "8",
    "author": "dhrw****",
    "review_id": "8388316",
    "movie_id": "44354"
  },
  {
    "review": "남자 순정의 양면성. 수치스럽지만 아름다운, 희열. 이것은 영화가 아니라 예술이다.",
    "date": "14.01.10",
    "rating": "10",
    "author": "dusk****",
    "review_id": "8365288",
    "movie_id": "44354"
  },
  {
    "review": "아직 못봐서 함 봐야겠네요.",
    "date": "14.01.02",
    "rating": "8",
    "author": "inst****",
    "review_id": "8339591",
    "movie_id": "44354"
  },
  {
    "review": "이거 남주 마음이 난 너무 이해가감 좋앗어",
    "date": "13.12.05",
    "rating": "10",
    "author": "doub****",
    "review_id": "8191226",
    "movie_id": "44354"
  },
  {
    "review": "꿈과 현실의 뒤죽박죽. 처음에는 이해가 되지 않았지만 보면 볼수록 우리 자신의 내면을 닮은 것 같다. 이상하고도 매우 친숙한 이야기",
    "date": "13.11.11",
    "rating": "10",
    "author": "pica****",
    "review_id": "8132643",
    "movie_id": "44354"
  },
  {
    "review": "이런 꿈 같은 세상! 공드리에게 경배를.",
    "date": "13.10.30",
    "rating": "9",
    "author": "tear****",
    "review_id": "8101090",
    "movie_id": "44354"
  },
  {
    "review": "사랑스러운 꿈을 보여주고 시종일간 기발하고 독특하게 눈을 즐겁게 해도 나자신이 유치해질만큼 미친듯한 짝사랑을 겪은 나같은 사람에겐 콕콕 가슴을 찌르는 슬픈 영화",
    "date": "13.10.16",
    "rating": "10",
    "author": "solo****",
    "review_id": "8063259",
    "movie_id": "44354"
  },
  {
    "review": "언제까지나 소년이고 싶어하는 스테판의 꿈의 냄비에 인셉션팀을 투입해보고 싶어진다. 영화속 스테판의 사랑은 일상적 남녀간의 사랑이 아니기에 스테파니와는 이루어질수 없을듯하고, 소년감성의 스테판의 생각을 따라가는 영화라 산만하고 유치,난잡하기도 하다.",
    "date": "13.09.22",
    "rating": "7",
    "author": "kjc7****",
    "review_id": "8007724",
    "movie_id": "44354"
  },
  {
    "review": "답답하고 열불터지는 영화. 보다가 끄려고 한게 몇번인지 모르겠다. 시간 완전 버렸음. 이렇게 산만하고 복장터지는 영화는 처음이다. 내 생애 최악의 영화. 아, 2006년 본 '구세주 ' 다음으로 최악임^^",
    "date": "13.08.18",
    "rating": "1",
    "author": "mist****",
    "review_id": "7897052",
    "movie_id": "44354"
  },
  {
    "review": "꿈같은 배경과 음악 인물관의관계와 흐름이영화를본 2년이지난지금도 잊혀지지가않아요",
    "date": "13.07.29",
    "rating": "10",
    "author": "asda****",
    "review_id": "7796919",
    "movie_id": "44354"
  },
  {
    "review": "아른거리고 아련하고 아름답다",
    "date": "13.07.20",
    "rating": "10",
    "author": "fore****",
    "review_id": "7765115",
    "movie_id": "44354"
  },
  {
    "review": "언제쩍 영화를 돌려돌려 또 개봉하냐,,나라가 역으로 가는 이 느낌,,,,,,,,,,,ㅋㅋㅋ",
    "date": "13.07.07",
    "rating": "1",
    "author": "tocc****",
    "review_id": "7713542",
    "movie_id": "44354"
  },
  {
    "review": "절망을 아름답게 담다.",
    "date": "13.06.17",
    "rating": "8",
    "author": "mobi****",
    "review_id": "7650872",
    "movie_id": "44354"
  },
  {
    "review": "쓸쓸하고 우울하고 몽환적이고 사랑스러운 영화다.  완벽한 영화는 아니지만 가치 있는 영화다.",
    "date": "13.06.10",
    "rating": "7",
    "author": "epzh****",
    "review_id": "7623544",
    "movie_id": "44354"
  },
  {
    "review": "휴지네장뽑아서울엇다",
    "date": "13.05.27",
    "rating": "10",
    "author": "rnwl****",
    "review_id": "7559119",
    "movie_id": "44354"
  },
  {
    "review": "몽환적이면서 위트 넘치는 재기발랄한 영화..",
    "date": "13.05.25",
    "rating": "8",
    "author": "blue****",
    "review_id": "7554823",
    "movie_id": "44354"
  },
  {
    "review": "아름답고 기발한 사랑이야기",
    "date": "13.05.25",
    "rating": "10",
    "author": "sons****",
    "review_id": "7554154",
    "movie_id": "44354"
  },
  {
    "review": "아련하면서도 정말좋은 영화다",
    "date": "13.05.17",
    "rating": "10",
    "author": "kmin****",
    "review_id": "7533881",
    "movie_id": "44354"
  },
  {
    "review": "논리와 비논리, 꿈과 현실의 경계에서 아름답게 만들어진 절망적인 사랑 이야기",
    "date": "13.05.06",
    "rating": "8",
    "author": "beau****",
    "review_id": "7511685",
    "movie_id": "44354"
  },
  {
    "review": "세상에서 제일  슬픈 내 이야기 . 이런 이야기를 이렇게 영화로 담다니.. 그냥 예술이라고 생각. 최고의 영화",
    "date": "13.04.12",
    "rating": "10",
    "author": "choi****",
    "review_id": "7452532",
    "movie_id": "44354"
  },
  {
    "review": "미쉐에에엘!!",
    "date": "13.04.01",
    "rating": "9",
    "author": "dldb****",
    "review_id": "7427964",
    "movie_id": "44354"
  },
  {
    "review": "사랑의 절망에 대한 은유. 그 눈물겨운.",
    "date": "13.03.22",
    "rating": "9",
    "author": "snow****",
    "review_id": "7392596",
    "movie_id": "44354"
  },
  {
    "review": "내 사랑 미쉘공드리",
    "date": "13.03.16",
    "rating": "10",
    "author": "jjan****",
    "review_id": "7351023",
    "movie_id": "44354"
  },
  {
    "review": "꿈과 현실을 구분 못하는 어느 정신병자의 사랑 이야기",
    "date": "13.03.10",
    "rating": "7",
    "author": "sipj****",
    "review_id": "7338673",
    "movie_id": "44354"
  },
  {
    "review": "빠져들게하는영화",
    "date": "13.03.04",
    "rating": "10",
    "author": "a880****",
    "review_id": "7323115",
    "movie_id": "44354"
  },
  {
    "review": "왜 나야? 너 말곤 다 따분해. 넌 남달라. 스테판은 나랑 너무 닮았다.",
    "date": "13.03.02",
    "rating": "9",
    "author": "qo_o****",
    "review_id": "7317224",
    "movie_id": "44354"
  },
  {
    "review": "그냥  정신병자 사랑이야긴데  내가 내용울 이해 못하는건지 걍 그저 그럼 여주가 너무 못생김",
    "date": "13.02.11",
    "rating": "7",
    "author": "smar****",
    "review_id": "7251859",
    "movie_id": "44354"
  },
  {
    "review": "순수하면서 도발적이기도한 상상력. 순수해서 더 아름답다.",
    "date": "13.02.08",
    "rating": "9",
    "author": "dalo****",
    "review_id": "7236913",
    "movie_id": "44354"
  },
  {
    "review": "돌발적이고 몽롱해. 7년전 봤을땐 이상한 영화였는데. 이제보니 조금은이해간다.",
    "date": "13.02.07",
    "rating": "6",
    "author": "jell****",
    "review_id": "7232712",
    "movie_id": "44354"
  },
  {
    "review": "사랑스러움",
    "date": "13.01.26",
    "rating": "10",
    "author": "vivi****",
    "review_id": "7174996",
    "movie_id": "44354"
  },
  {
    "review": "소년의 귀여운 로맨스 동화",
    "date": "13.01.24",
    "rating": "7",
    "author": "zzxx****",
    "review_id": "7162724",
    "movie_id": "44354"
  },
  {
    "review": "미셸공드리다운 상상력. 아기자기한 연출. 톡톡튀는 대사와 좋은 연기. 하지만 후반은 필요 이상으로 혼란스럽고 늘어진다.",
    "date": "13.01.02",
    "rating": "8",
    "author": "redi****",
    "review_id": "7074023",
    "movie_id": "44354"
  },
  {
    "review": "미셀공드리의 감독의 특유의 상상력을 볼 수 있었습니다. 솔직히 말해서 영화의 내용만 본다면 최악의 영화지만, 표현하는 과정이 매우 참신하고 독특해서 좋았습니다.",
    "date": "12.12.23",
    "rating": "10",
    "author": "alic****",
    "review_id": "7032538",
    "movie_id": "44354"
  },
  {
    "review": "별한개도 아깝다. 예쁜 똥느낌? 잘짜여진 영화가 아닌듯함. 그냥 정신착란증세가 있는 정신병자의 꿈얘기같다. 이게 무슨 의도로 만든 영화인지 뭔 개소릴하는지 모르겠다.",
    "date": "12.12.07",
    "rating": "1",
    "author": "n016****",
    "review_id": "6981934",
    "movie_id": "44354"
  },
  {
    "review": "아무리 예쁜 장면도 계속해서 어질러놓으면 혼란스럽기만 하구나..",
    "date": "12.10.26",
    "rating": "4",
    "author": "kana****",
    "review_id": "6827627",
    "movie_id": "44354"
  },
  {
    "review": "이터널 선샤인이 내가 이해할 수 있는 정도의 공상과학이라면 이건 way beyond my standard.",
    "date": "12.10.25",
    "rating": "6",
    "author": "jisu****",
    "review_id": "6825838",
    "movie_id": "44354"
  },
  {
    "review": "그냥 거대한 똥을 싸질러 놓은 느낌",
    "date": "12.10.02",
    "rating": "3",
    "author": "naho****",
    "review_id": "6752432",
    "movie_id": "44354"
  },
  {
    "review": "짜임새있는 스토리, 가슴졸이는 흥미진진한 스토리, 눈을 떼지못하는 화려한 연출... 이런 영화에만 익숙해진 나머지, 이것들이 영화의 점수를 매기는 전부라고 착각하고 있었다.이렇게 오밀조밀  상상력 넘치게 비논리적인 꿈과 현실의 경계를 연출하다니-!",
    "date": "12.09.19",
    "rating": "9",
    "author": "seyu****",
    "review_id": "6713059",
    "movie_id": "44354"
  },
  {
    "review": "읍.. 나랑은 많이 안맞는영화, 뭐랄까 퐌타지스럽긴한데 여자주인공맘도 잘모르겠구 나랑은 뭔가 안맞아...",
    "date": "12.09.17",
    "rating": "7",
    "author": "thdu****",
    "review_id": "6708057",
    "movie_id": "44354"
  },
  {
    "review": "꿈 꾸는 것 같은 영화",
    "date": "12.09.13",
    "rating": "10",
    "author": "tpdu****",
    "review_id": "6691227",
    "movie_id": "44354"
  },
  {
    "review": "유쾌하게 시작해서 울적하게 끝나네요..",
    "date": "12.08.16",
    "rating": "8",
    "author": "youn****",
    "review_id": "6613868",
    "movie_id": "44354"
  },
  {
    "review": "이터널 선샤인을 보고 감독의 매력에 끌려 보게된 영화. 신선하고 독특하고...그리고 나도 모르게 머리가 아프다",
    "date": "12.08.15",
    "rating": "7",
    "author": "mys1****",
    "review_id": "6606985",
    "movie_id": "44354"
  },
  {
    "review": "독특한 영화",
    "date": "12.08.10",
    "rating": "7",
    "author": "alem****",
    "review_id": "6589706",
    "movie_id": "44354"
  },
  {
    "review": "영화가 끝나고나니 기묘하게 눈물이 났다.. 이런류의 영화 정말 좋다.",
    "date": "12.07.07",
    "rating": "10",
    "author": "hj04****",
    "review_id": "6456973",
    "movie_id": "44354"
  },
  {
    "review": "독특하고 색다르긴 했다",
    "date": "12.06.19",
    "rating": "5",
    "author": "dudd****",
    "review_id": "6403241",
    "movie_id": "44354"
  },
  {
    "review": "스테판, 스테파니..",
    "date": "12.05.23",
    "rating": "10",
    "author": "mede****",
    "review_id": "6324676",
    "movie_id": "44354"
  },
  {
    "review": "특이하고잼있네 대중성만조금 첨가했음 돼박~",
    "date": "12.05.21",
    "rating": "10",
    "author": "love****",
    "review_id": "6317341",
    "movie_id": "44354"
  },
  {
    "review": "갱스부르",
    "date": "12.05.20",
    "rating": "8",
    "author": "ggan****",
    "review_id": "6315976",
    "movie_id": "44354"
  },
  {
    "review": "스테판의 마음을 내레이션으로 하지 않고 보여준다는 점이 너무 좋았다.",
    "date": "12.05.02",
    "rating": "10",
    "author": "haru****",
    "review_id": "6265166",
    "movie_id": "44354"
  },
  {
    "review": "가장 사랑스러운 영화, 가장 사랑하는 영화",
    "date": "12.04.28",
    "rating": "10",
    "author": "a_bo****",
    "review_id": "6252121",
    "movie_id": "44354"
  },
  {
    "review": "잠을 안자도 꿈으로 마음의 유원지에 자유이용권 같은 영화다",
    "date": "12.04.28",
    "rating": "10",
    "author": "sang****",
    "review_id": "6251394",
    "movie_id": "44354"
  },
  {
    "review": "이터널션샤인 재탕...",
    "date": "12.04.01",
    "rating": "5",
    "author": "mi_k****",
    "review_id": "6185557",
    "movie_id": "44354"
  },
  {
    "review": "영화의 끝이 다가오는게 너무 아쉬웠다. 사랑스럽고 불쌍한 스테판.",
    "date": "12.03.11",
    "rating": "9",
    "author": "smao****",
    "review_id": "6136573",
    "movie_id": "44354"
  },
  {
    "review": "스테판 스테파니 스테판 스테파니 스테판 스테파니 스테판 스테파니",
    "date": "12.02.28",
    "rating": "10",
    "author": "bili****",
    "review_id": "6110780",
    "movie_id": "44354"
  },
  {
    "review": "솔직히 평점믿고봤는데, 참.. 나는 별로엿다.1시간정도보고 재미없어서 안봤다ㅡㅡ",
    "date": "12.02.22",
    "rating": "3",
    "author": "urso****",
    "review_id": "6095665",
    "movie_id": "44354"
  },
  {
    "review": "기발하고 독특한 상상력의 나래를 펼치는 스테판~",
    "date": "12.02.21",
    "rating": "7",
    "author": "thfk****",
    "review_id": "6093662",
    "movie_id": "44354"
  },
  {
    "review": "재미만 더 있었더라면.. 아쉬운 영화.",
    "date": "12.02.10",
    "rating": "7",
    "author": "tute****",
    "review_id": "6064814",
    "movie_id": "44354"
  },
  {
    "review": "독특하지만 끌리진 않는다",
    "date": "12.02.04",
    "rating": "6",
    "author": "yj10****",
    "review_id": "6052290",
    "movie_id": "44354"
  },
  {
    "review": "솔직히, 별로",
    "date": "12.02.03",
    "rating": "6",
    "author": "qkrg****",
    "review_id": "6046725",
    "movie_id": "44354"
  },
  {
    "review": "섬세하고 아기자기함에 놀라게된다",
    "date": "12.01.27",
    "rating": "9",
    "author": "1505****",
    "review_id": "6026555",
    "movie_id": "44354"
  },
  {
    "review": "상상하고 싶다면, 이 영화와 함께!",
    "date": "12.01.17",
    "rating": "10",
    "author": "yunc****",
    "review_id": "5993588",
    "movie_id": "44354"
  },
  {
    "review": "꿈속에서 뛰노는105분",
    "date": "11.12.30",
    "rating": "10",
    "author": "tang****",
    "review_id": "5948480",
    "movie_id": "44354"
  },
  {
    "review": "어떻게 깰지는 몰라도 우선은 지금 당장 꿈꾸고 싶게 만드는영화, 신선하다정말!",
    "date": "11.12.29",
    "rating": "9",
    "author": "zhen****",
    "review_id": "5943817",
    "movie_id": "44354"
  },
  {
    "review": "이터널 선샤인이랑 비슷한 느낌은 든다 감독의 상상력이 빛을 발함",
    "date": "11.12.13",
    "rating": "8",
    "author": "figh****",
    "review_id": "5904390",
    "movie_id": "44354"
  },
  {
    "review": "미셸 공드리의 상상력을 감상하는 것만으로도 행복한 영화",
    "date": "11.12.11",
    "rating": "10",
    "author": "anli****",
    "review_id": "5900952",
    "movie_id": "44354"
  },
  {
    "review": "서사의 힘이 좀 부족해서 그렇지, 상상력과 연출력만큼은 정말 대단하다",
    "date": "11.11.07",
    "rating": "8",
    "author": "mygr****",
    "review_id": "5833660",
    "movie_id": "44354"
  }
]