[
  {
    "review": "48158",
    "date": "13.05.04",
    "rating": "10",
    "author": "jxlo****",
    "review_id": "7507006",
    "movie_id": "44351"
  },
  {
    "review": "사실따라가기....",
    "date": "12.01.21",
    "rating": "6",
    "author": "ssoz****",
    "review_id": "6005455",
    "movie_id": "44351"
  },
  {
    "review": "멋진걸!",
    "date": "11.12.19",
    "rating": "9",
    "author": "nkot****",
    "review_id": "5914853",
    "movie_id": "44351"
  },
  {
    "review": "미국 Bullshit에 대처하는 강인한 정신력",
    "date": "11.04.16",
    "rating": "7",
    "author": "bbq2****",
    "review_id": "5377501",
    "movie_id": "44351"
  },
  {
    "review": "전쟁의 빌미를 만드는 억지스러움.. 황색모래바람 정말 역겹다",
    "date": "10.06.06",
    "rating": "8",
    "author": "yaky****",
    "review_id": "4548070",
    "movie_id": "44351"
  },
  {
    "review": "이 영화를 보고 찬미주의자가 뭐라 할지 궁금하다.",
    "date": "09.05.15",
    "rating": "9",
    "author": "kusa****",
    "review_id": "3497963",
    "movie_id": "44351"
  },
  {
    "review": "결론 : 미국과 조지부시는 나쁜놈들이다.",
    "date": "09.03.08",
    "rating": "6",
    "author": "evil****",
    "review_id": "3353522",
    "movie_id": "44351"
  },
  {
    "review": "더럽다분노나",
    "date": "09.02.18",
    "rating": "10",
    "author": "mmmr****",
    "review_id": "3313646",
    "movie_id": "44351"
  },
  {
    "review": "다 아는이야기를 쉽게 만든영화 그러나 놀랍다.",
    "date": "09.01.30",
    "rating": "8",
    "author": "auri****",
    "review_id": "3262981",
    "movie_id": "44351"
  },
  {
    "review": "이중적인나라",
    "date": "08.12.08",
    "rating": "10",
    "author": "hyw0****",
    "review_id": "3101060",
    "movie_id": "44351"
  },
  {
    "review": "서구사회가 이슬람을 어떻게 생각하는지 적날하게 보여주는 영화",
    "date": "08.12.05",
    "rating": "10",
    "author": "yasa****",
    "review_id": "3091760",
    "movie_id": "44351"
  },
  {
    "review": "\"세상은 친절한 곳이 아니에요\"",
    "date": "08.11.20",
    "rating": "9",
    "author": "haha****",
    "review_id": "3060890",
    "movie_id": "44351"
  },
  {
    "review": "뿌리깊은 증오가 어떻게 싹트고 자라는지를 여실히 보여주는군...",
    "date": "08.11.05",
    "rating": "8",
    "author": "heod****",
    "review_id": "3035809",
    "movie_id": "44351"
  },
  {
    "review": "무딘 관찰자들의 가슴을 날카롭게 후벼파는 작은 칼 같은 영화.",
    "date": "08.07.21",
    "rating": "10",
    "author": "cahd****",
    "review_id": "2790566",
    "movie_id": "44351"
  },
  {
    "review": "호전적인 모래바람",
    "date": "08.05.04",
    "rating": "8",
    "author": "flam****",
    "review_id": "2614801",
    "movie_id": "44351"
  },
  {
    "review": "그들은 왜 아프가니스탄으로 갔나?",
    "date": "08.05.02",
    "rating": "5",
    "author": "caca****",
    "review_id": "2610304",
    "movie_id": "44351"
  },
  {
    "review": "영국영화였구나.. 미국만 졸 쓰레기네? ㅋㅋ 안타까운 현실..",
    "date": "08.04.24",
    "rating": "9",
    "author": "hot1****",
    "review_id": "2597019",
    "movie_id": "44351"
  },
  {
    "review": "난 이런곳이 정녕 있는줄도 몰랐다",
    "date": "08.02.02",
    "rating": "7",
    "author": "okjo****",
    "review_id": "2398489",
    "movie_id": "44351"
  },
  {
    "review": "good",
    "date": "07.11.29",
    "rating": "4",
    "author": "cles****",
    "review_id": "2192885",
    "movie_id": "44351"
  },
  {
    "review": "영국은어떻게든좋게포장하려고기를쓰더니. 역시나영국영화네",
    "date": "07.11.10",
    "rating": "1",
    "author": "qazp****",
    "review_id": "2142633",
    "movie_id": "44351"
  },
  {
    "review": "한번으로끝내지않고 또다시폭력으로대응한무식한놈들. 모두가피해자",
    "date": "07.11.10",
    "rating": "9",
    "author": "sung****",
    "review_id": "2142624",
    "movie_id": "44351"
  },
  {
    "review": "설마했던 게, 진짜.",
    "date": "07.10.25",
    "rating": "9",
    "author": "msrw****",
    "review_id": "2110674",
    "movie_id": "44351"
  },
  {
    "review": "위선, 폭력과 강압으로 무장한 미국의 실체를 낱낱이 밝혀준다.",
    "date": "07.10.21",
    "rating": "8",
    "author": "7cas****",
    "review_id": "2101889",
    "movie_id": "44351"
  },
  {
    "review": "미국의 위선과 아집에 고통받는 무고한 사람들,그들이 존재한다",
    "date": "07.09.30",
    "rating": "8",
    "author": "mlif****",
    "review_id": "2061817",
    "movie_id": "44351"
  },
  {
    "review": "세계 열강들의 더러운 현실",
    "date": "07.09.28",
    "rating": "10",
    "author": "coll****",
    "review_id": "2057762",
    "movie_id": "44351"
  },
  {
    "review": "당한자들의 이야기가 더 진실에 가깝지않을까? 조금 지루해서 9점",
    "date": "07.09.27",
    "rating": "9",
    "author": "rata****",
    "review_id": "2055110",
    "movie_id": "44351"
  },
  {
    "review": "권력층들의 이익을 위해선 ...(절대 민족,인종차별에 대한 영화는 아님)",
    "date": "07.09.19",
    "rating": "10",
    "author": "qlrn****",
    "review_id": "2030383",
    "movie_id": "44351"
  },
  {
    "review": "강자와 약자에게 세상은 절대 공평하지 않다.",
    "date": "07.09.02",
    "rating": "8",
    "author": "qork****",
    "review_id": "1997260",
    "movie_id": "44351"
  },
  {
    "review": "정녕 세상은 아름답지 않구나..",
    "date": "07.09.01",
    "rating": "10",
    "author": "ggom****",
    "review_id": "1994163",
    "movie_id": "44351"
  },
  {
    "review": "이것이 현실이다. 그러나 증언에 비해서 미군이 덜 폭력적으로 나온다.",
    "date": "07.08.30",
    "rating": "9",
    "author": "magn****",
    "review_id": "1989144",
    "movie_id": "44351"
  },
  {
    "review": "모니르가 어떻게 됐는지는 아무도 모른다.",
    "date": "07.08.24",
    "rating": "9",
    "author": "gkfq****",
    "review_id": "1973148",
    "movie_id": "44351"
  },
  {
    "review": "왠지모를 색다른 감동을 주는영화이다....",
    "date": "07.08.18",
    "rating": "10",
    "author": "rlad****",
    "review_id": "1956819",
    "movie_id": "44351"
  },
  {
    "review": "가치없는 인간을 논하는 부시가 우습다.",
    "date": "07.08.15",
    "rating": "9",
    "author": "colo****",
    "review_id": "1940796",
    "movie_id": "44351"
  },
  {
    "review": "이런 영화는 꼭 봐줘야함.",
    "date": "07.08.13",
    "rating": "10",
    "author": "p851****",
    "review_id": "1933155",
    "movie_id": "44351"
  },
  {
    "review": "아프가니스탄을 현실적으로 사실적은 그려냈다.",
    "date": "07.08.12",
    "rating": "8",
    "author": "sinb****",
    "review_id": "1926689",
    "movie_id": "44351"
  },
  {
    "review": "살인의추억에서의 그런 수사방식에 혀를 내둘렀는데 이건 완죤..ㅡㅡ",
    "date": "07.08.11",
    "rating": "10",
    "author": "tons****",
    "review_id": "1919021",
    "movie_id": "44351"
  },
  {
    "review": "영화라는게 믿기지 않음",
    "date": "07.08.11",
    "rating": "10",
    "author": "shin****",
    "review_id": "1918607",
    "movie_id": "44351"
  },
  {
    "review": "서양 기준의 사고방식에 진저리를 친다.",
    "date": "07.07.17",
    "rating": "10",
    "author": "yasu****",
    "review_id": "1786481",
    "movie_id": "44351"
  },
  {
    "review": "영화가 없었다면 이 사실을 대중들에게 어떤 형식으로 알릴까",
    "date": "07.07.08",
    "rating": "7",
    "author": "fred****",
    "review_id": "1757479",
    "movie_id": "44351"
  },
  {
    "review": "평화란탈을쓴전쟁.현재진행형인데도아무렇지도않게살아가는우리에게수치심을.",
    "date": "07.06.25",
    "rating": "9",
    "author": "1982****",
    "review_id": "1720698",
    "movie_id": "44351"
  },
  {
    "review": "역시 진실이라는 것이 내 마음을 동 하게 한다. 연결이 거친게 아쉽다.",
    "date": "07.06.04",
    "rating": "9",
    "author": "andr****",
    "review_id": "1681504",
    "movie_id": "44351"
  },
  {
    "review": "다큐멘터리 형식이 좋았다. 불쾌하다. 하지만 좀더 보여줬음 했다",
    "date": "07.05.27",
    "rating": "7",
    "author": "yass****",
    "review_id": "1667896",
    "movie_id": "44351"
  },
  {
    "review": "실화로서 메세지가 잘 전달됨. 극적인 건 별로",
    "date": "07.05.26",
    "rating": "3",
    "author": "ysuh****",
    "review_id": "1661713",
    "movie_id": "44351"
  },
  {
    "review": "관타나모에 관심을 불러모은 것은 좋지만 아프간 대학살을 축소해 그렸다",
    "date": "07.05.17",
    "rating": "9",
    "author": "cath****",
    "review_id": "1642162",
    "movie_id": "44351"
  },
  {
    "review": "세상은 마냥 아름답지 않아..",
    "date": "07.05.16",
    "rating": "8",
    "author": "hika****",
    "review_id": "1641968",
    "movie_id": "44351"
  },
  {
    "review": "아, 이토록 아름다운 세상이란...",
    "date": "07.05.16",
    "rating": "8",
    "author": "juck****",
    "review_id": "1641807",
    "movie_id": "44351"
  },
  {
    "review": "관타나모,생각보다 정도가 덜해 당황스러웠다.폭력에 길들여진 내 의식부터 각성.",
    "date": "07.05.14",
    "rating": "7",
    "author": "hadl****",
    "review_id": "1638188",
    "movie_id": "44351"
  },
  {
    "review": "세상은 좋은 곳이 아니다..",
    "date": "07.05.12",
    "rating": "8",
    "author": "rega****",
    "review_id": "1634674",
    "movie_id": "44351"
  },
  {
    "review": "부시는 나쁜 쉐리",
    "date": "07.05.12",
    "rating": "10",
    "author": "tolb****",
    "review_id": "1634653",
    "movie_id": "44351"
  },
  {
    "review": "다큐식의...사람이 사람의 기본권을 억압하는 ... 강해지거나 무너진다.",
    "date": "07.05.05",
    "rating": "8",
    "author": "lotu****",
    "review_id": "1622722",
    "movie_id": "44351"
  },
  {
    "review": "재미젓나없는데..ㅡ.ㅡ;;",
    "date": "07.05.03",
    "rating": "1",
    "author": "krim****",
    "review_id": "1618503",
    "movie_id": "44351"
  },
  {
    "review": "우리가 알아야 할 사실은 아직도 너무 많다",
    "date": "07.05.03",
    "rating": "10",
    "author": "neow****",
    "review_id": "1618369",
    "movie_id": "44351"
  },
  {
    "review": "현재 사람들이 가지고 있는 편견과 그것의 비극",
    "date": "07.05.03",
    "rating": "10",
    "author": "byun****",
    "review_id": "1617879",
    "movie_id": "44351"
  },
  {
    "review": "이 영화를 지금서 보다니..",
    "date": "07.04.01",
    "rating": "10",
    "author": "high****",
    "review_id": "1567255",
    "movie_id": "44351"
  },
  {
    "review": "a must see movie",
    "date": "07.03.29",
    "rating": "10",
    "author": "jerr****",
    "review_id": "1560439",
    "movie_id": "44351"
  },
  {
    "review": "극적 재미는 없으나, 메세지에 동감한다.",
    "date": "07.02.28",
    "rating": "8",
    "author": "sspi****",
    "review_id": "1507779",
    "movie_id": "44351"
  },
  {
    "review": "폭력성을 이용한 고발, 딱 거기까지.",
    "date": "07.02.06",
    "rating": "1",
    "author": "hyde****",
    "review_id": "1448512",
    "movie_id": "44351"
  },
  {
    "review": "good",
    "date": "07.01.30",
    "rating": "6",
    "author": "kcch****",
    "review_id": "1427807",
    "movie_id": "44351"
  },
  {
    "review": "그게 이렇게 된거야?...거참...고생했다..정말...",
    "date": "07.01.28",
    "rating": "10",
    "author": "bamj****",
    "review_id": "1419658",
    "movie_id": "44351"
  },
  {
    "review": "관타나모로 함께 가는 길",
    "date": "07.01.27",
    "rating": "10",
    "author": "sosu****",
    "review_id": "1418573",
    "movie_id": "44351"
  },
  {
    "review": "얘내들 걍 이런거 당하고 걍 사는구먼... 이것만 아니였어도...",
    "date": "07.01.23",
    "rating": "9",
    "author": "voca****",
    "review_id": "1407699",
    "movie_id": "44351"
  },
  {
    "review": "미국... 모두 그들 아래인 것인가.. 씁슬.....",
    "date": "07.01.05",
    "rating": "7",
    "author": "choi****",
    "review_id": "1358297",
    "movie_id": "44351"
  },
  {
    "review": "인권유린이 자행되는 치외법권의 관타나모 수용소에 대한 고발",
    "date": "06.12.04",
    "rating": "8",
    "author": "lks3****",
    "review_id": "1267228",
    "movie_id": "44351"
  },
  {
    "review": "내가 가질 수 있는 경험과, 앎에 대한 한계의 확장.",
    "date": "06.12.01",
    "rating": "8",
    "author": "dark****",
    "review_id": "1260547",
    "movie_id": "44351"
  },
  {
    "review": "만들어낸 똑같은 영화가 아닌 진정한 드라마...",
    "date": "06.11.17",
    "rating": "10",
    "author": "yhma****",
    "review_id": "1236507",
    "movie_id": "44351"
  },
  {
    "review": "이것은 현실이다, 저항해야하는 이유이다!",
    "date": "06.11.10",
    "rating": "10",
    "author": "dare****",
    "review_id": "1224756",
    "movie_id": "44351"
  },
  {
    "review": "진짜 볼만하다. 다소 지루해서 9점.",
    "date": "06.11.09",
    "rating": "9",
    "author": "chee****",
    "review_id": "1224461",
    "movie_id": "44351"
  },
  {
    "review": "Asif said \"the world is not a nice place",
    "date": "06.11.09",
    "rating": "10",
    "author": "core****",
    "review_id": "1223478",
    "movie_id": "44351"
  },
  {
    "review": "위험한건 될수있음 피해가라.. 사서 고생하고 싶지 않다면!!",
    "date": "06.11.09",
    "rating": "7",
    "author": "gomi****",
    "review_id": "1223312",
    "movie_id": "44351"
  },
  {
    "review": "멀지만 가까운 관타나모",
    "date": "06.11.07",
    "rating": "9",
    "author": "mall****",
    "review_id": "1221654",
    "movie_id": "44351"
  },
  {
    "review": "10점은 너무하니까 9점.이런 영화가 많이 만들어졌으면 한다.",
    "date": "06.11.06",
    "rating": "9",
    "author": "npd2****",
    "review_id": "1219536",
    "movie_id": "44351"
  },
  {
    "review": "미국인들에게 꼭 보여주고 싶다.",
    "date": "06.11.05",
    "rating": "8",
    "author": "vkpd****",
    "review_id": "1218503",
    "movie_id": "44351"
  },
  {
    "review": "나도모르게 입에서 흘러나오는 감탄사 fucking american",
    "date": "06.11.05",
    "rating": "9",
    "author": "samb****",
    "review_id": "1217919",
    "movie_id": "44351"
  },
  {
    "review": "무고한 사람들에 때론현실이지옥이된다안타깝고피가끓는다",
    "date": "06.10.30",
    "rating": "8",
    "author": "maiu****",
    "review_id": "1208083",
    "movie_id": "44351"
  },
  {
    "review": "다큐를 좋아한다면- 후회안한다-",
    "date": "06.10.14",
    "rating": "10",
    "author": "2766****",
    "review_id": "1179470",
    "movie_id": "44351"
  },
  {
    "review": "꼭 봐라!!",
    "date": "06.09.02",
    "rating": "10",
    "author": "zeed****",
    "review_id": "1096870",
    "movie_id": "44351"
  },
  {
    "review": "관타나모의 수용소, 무슬림에 대한 씁쓸한 여운,,",
    "date": "06.02.22",
    "rating": "10",
    "author": "leeh****",
    "review_id": "684983",
    "movie_id": "44351"
  }
]