[
  {
    "review": "겨울이 되면 다시 찾아보게 되는 ..winter snow, white ice, and Hana the beautiful girl 이 있는 배경음악까지도 아름다운 드라마",
    "date": "15.01.27",
    "rating": "10",
    "author": "mmmj****",
    "review_id": "9641617",
    "movie_id": "44384"
  },
  {
    "review": "하나야~~신혜의 연기는 멜로연기의 바이블이다.",
    "date": "15.01.22",
    "rating": "10",
    "author": "6471****",
    "review_id": "9622399",
    "movie_id": "44384"
  },
  {
    "review": "지금껏 본 드라마중 여운이 가장 많이 오래 남는 드라마. 아직도 하나앓이중 ㅜㅜ",
    "date": "14.12.09",
    "rating": "10",
    "author": "ymh3****",
    "review_id": "9460796",
    "movie_id": "44384"
  },
  {
    "review": "저도 이드라마본방으로안보고 나중에서야봤었는데..진짜 그때눈물콧물펑펑흘리며봤던기억이...갑자기생각나 다시일편부터 정주행중이네요~! 진짜 최고의걸작...시청률과작품성은요즘상관이없는듯..영상도너무이쁘고 배우비주얼도이뿌구 연기도 좋았다는..암튼못보신분봐보시길",
    "date": "14.10.08",
    "rating": "10",
    "author": "cute****",
    "review_id": "9274861",
    "movie_id": "44384"
  },
  {
    "review": "눈 쌓인 배경처럼 아름다운 드라마네요~^^날 추워지면 생각나는 드라마예요. 서로을 위해 희생하는 마음이 너무 예뻤어요. 신혜양도 이완씨도 넘 예쁘고 멋지고 연기도 최고.^^",
    "date": "14.10.04",
    "rating": "10",
    "author": "high****",
    "review_id": "9263516",
    "movie_id": "44384"
  },
  {
    "review": "이걸 이제야 보다니...너무슬프다ㅠㅠ",
    "date": "14.09.03",
    "rating": "10",
    "author": "ksn0****",
    "review_id": "9160717",
    "movie_id": "44384"
  },
  {
    "review": "이제서야 이드라마보게되었는데 슬프면서도 이쁜드라마네용ㅠ 이완님 너무 멋지고 신혜님은 참 예뻐용~~^^새드엔딩이라 가슴이 많이 아프네용ㅠㅠ오래기억에 남겠어요~~~♥♥♥♥",
    "date": "14.09.01",
    "rating": "10",
    "author": "tmtm****",
    "review_id": "9154233",
    "movie_id": "44384"
  },
  {
    "review": "하나는 사랑이구나...하나 홀릭 중⊙▲⊙",
    "date": "14.03.23",
    "rating": "10",
    "author": "tae7****",
    "review_id": "8600064",
    "movie_id": "44384"
  },
  {
    "review": "이 드라마를 보기 전에 박신혜를 평가하지 말자. 그녀는 이 드라마를 통해서 자신의 가치와 잠재력이 월등한  수준에 있음을 증명하고 있다.",
    "date": "14.01.25",
    "rating": "10",
    "author": "min0****",
    "review_id": "8424255",
    "movie_id": "44384"
  },
  {
    "review": "무슨 열여섯 먹은 아이의 눈빛이 그렇게나 깊은지,,, 박신혜의 눈물과 눈빚 연기는 탁월하다. 겨울에 보면 그 감성이 더더욱 풍성해질 것이다. 오래된 작품이지만 좋은 작품이다.",
    "date": "14.01.24",
    "rating": "10",
    "author": "mhha****",
    "review_id": "8419191",
    "movie_id": "44384"
  },
  {
    "review": "슬프고  먹먹하다ㅠ연기잘한다..",
    "date": "14.01.15",
    "rating": "10",
    "author": "uytm****",
    "review_id": "8385348",
    "movie_id": "44384"
  },
  {
    "review": "이뤄지지 못한 사랑이 아쉽지만 그래서 천국의 나무가 아닐까 생각한다 겨울에 보기 좋은 드라마 중 하나로 기억에 남을 것 같다!",
    "date": "13.12.13",
    "rating": "10",
    "author": "slsl****",
    "review_id": "8211668",
    "movie_id": "44384"
  },
  {
    "review": "발이안시리면마음이시린다는 명대사처럼 내마음이시릴때마다 꺼내보는 유일한소장드라마.",
    "date": "13.06.19",
    "rating": "10",
    "author": "atka****",
    "review_id": "7656800",
    "movie_id": "44384"
  },
  {
    "review": "이완과 박신혜는 정말 멋진 훈남훈녀다.",
    "date": "13.03.18",
    "rating": "10",
    "author": "odjs****",
    "review_id": "7361091",
    "movie_id": "44384"
  },
  {
    "review": "겨울만 되면 생각나는 드라마. 꼬박 1년에 한 번씩 겨울마다 챙겨봤다. 이 짓도 6년째... 마음 따뜻해지고 가슴이 먹먹해지고 사랑스러우면서도 아픈 드라마.. OST도 너무 주옥같고 연기도 정말 좋음... 내가 문희정 작가를 젤 좋아하는 이유!",
    "date": "12.12.20",
    "rating": "10",
    "author": "yn03****",
    "review_id": "7023325",
    "movie_id": "44384"
  },
  {
    "review": "정말 말이 필요없는 드라마..세월이 흘러도 마음이 시리거나 추울때 생각나는 드라마 너무 가슴이 먹먹하고 아련하네요 최고입니다",
    "date": "12.10.13",
    "rating": "10",
    "author": "inyo****",
    "review_id": "6795218",
    "movie_id": "44384"
  },
  {
    "review": "전반적으로 느무 유치하고; 대박 오글거렸지만; 이완 초반 캐릭터는 정말 매력 터졌음. 아직도 울부짖던 씬이 기억날 정도..",
    "date": "12.10.06",
    "rating": "7",
    "author": "gade****",
    "review_id": "6766711",
    "movie_id": "44384"
  },
  {
    "review": "박신혜 너무좋아 ㅠㅠ",
    "date": "12.07.29",
    "rating": "10",
    "author": "e1lf****",
    "review_id": "6550431",
    "movie_id": "44384"
  },
  {
    "review": "이 드라마 완전..ㅠ제 생의 최고의 드라마ㅠ근데 여기서 이거 왜 다운 안되나요..",
    "date": "11.09.01",
    "rating": "10",
    "author": "lhs1****",
    "review_id": "5702336",
    "movie_id": "44384"
  },
  {
    "review": "ost 너~무 좋았구 이완 진지함 카리스마 눈빛 연기,설경 완전멋있어!  완전 갠소중?",
    "date": "11.07.23",
    "rating": "10",
    "author": "qkdq****",
    "review_id": "5562897",
    "movie_id": "44384"
  },
  {
    "review": "재밌었다",
    "date": "10.10.10",
    "rating": "10",
    "author": "rhh1****",
    "review_id": "4896075",
    "movie_id": "44384"
  },
  {
    "review": "이완아.연기 한답시고,카메라 앞에서 침 흘리지 마라.니 누나가 뭐가 되냐?",
    "date": "10.05.11",
    "rating": "3",
    "author": "baks****",
    "review_id": "4492384",
    "movie_id": "44384"
  },
  {
    "review": "9편까지중딩때보고..이제와서마지막편을보게된ㅠㅠ저는재밌게봤어요~그때도지금도",
    "date": "10.05.08",
    "rating": "8",
    "author": "jmy1****",
    "review_id": "4486921",
    "movie_id": "44384"
  },
  {
    "review": "아 진짜 말로 표현이 안되는 졸작.",
    "date": "10.03.14",
    "rating": "5",
    "author": "miss****",
    "review_id": "4357237",
    "movie_id": "44384"
  },
  {
    "review": "진짜 슬퍼서 잊혀지지 않았어요,,컴퓨터로 재방송을 보구 있어요",
    "date": "10.01.06",
    "rating": "10",
    "author": "ahfo****",
    "review_id": "4142741",
    "movie_id": "44384"
  },
  {
    "review": "저 역시 기억남는 드라마중에 하나입니다.. 뭔가 색다른 드라마에요..",
    "date": "09.09.17",
    "rating": "10",
    "author": "fovk****",
    "review_id": "3835982",
    "movie_id": "44384"
  },
  {
    "review": "내생에 제일 기억남는 드라마. 가장 마음이 아팠던 드라마.",
    "date": "09.02.08",
    "rating": "10",
    "author": "gusd****",
    "review_id": "3288447",
    "movie_id": "44384"
  },
  {
    "review": "음.. 재밌게봤었음 !",
    "date": "09.01.24",
    "rating": "10",
    "author": "seok****",
    "review_id": "3243558",
    "movie_id": "44384"
  },
  {
    "review": "일본 여자 주인공 분은 예쁘시던데 남자 주인공분은 최악",
    "date": "07.07.11",
    "rating": "10",
    "author": "44in****",
    "review_id": "1765109",
    "movie_id": "44384"
  },
  {
    "review": "ost와 전체적인 분위기만은 좋았던",
    "date": "07.01.08",
    "rating": "4",
    "author": "ppp0****",
    "review_id": "1366836",
    "movie_id": "44384"
  },
  {
    "review": "이 드라마봤는데 박신혜 첫 주연연기 잘하더라.",
    "date": "06.07.11",
    "rating": "10",
    "author": "dawj****",
    "review_id": "884363",
    "movie_id": "44384"
  },
  {
    "review": "박신혜 보는 것으로 즐겨봤던 드라마",
    "date": "06.03.18",
    "rating": "8",
    "author": "almo****",
    "review_id": "720780",
    "movie_id": "44384"
  },
  {
    "review": "정말 재미있다.",
    "date": "06.03.05",
    "rating": "10",
    "author": "tw44****",
    "review_id": "705197",
    "movie_id": "44384"
  },
  {
    "review": "일본어 연기는 참신했지만...너무 무겁고, 억지스럽다.",
    "date": "06.03.02",
    "rating": "5",
    "author": "sumi****",
    "review_id": "701702",
    "movie_id": "44384"
  },
  {
    "review": "5/6편 봤는데 괜찮던데..",
    "date": "06.03.01",
    "rating": "7",
    "author": "best****",
    "review_id": "699845",
    "movie_id": "44384"
  },
  {
    "review": "정말 최악이다",
    "date": "06.03.01",
    "rating": "1",
    "author": "kink****",
    "review_id": "698898",
    "movie_id": "44384"
  },
  {
    "review": "이건 불후의 명작이다.",
    "date": "06.02.28",
    "rating": "10",
    "author": "masi****",
    "review_id": "696430",
    "movie_id": "44384"
  },
  {
    "review": "천국의계단보다재밋어",
    "date": "06.02.18",
    "rating": "10",
    "author": "flaw****",
    "review_id": "678571",
    "movie_id": "44384"
  }
]