[
  {
    "review": "chocolate 초코렛",
    "date": "15.07.23",
    "rating": "10",
    "author": "sinh****",
    "review_id": "10133325",
    "movie_id": "44449"
  },
  {
    "review": "왠만한 코미디영화에도 안웃는데 이영화는 개그코드가나랑 맞아서그런가 육성으로 터지면서봤는데 ㅋㅋ 영화보는눈까다로운데 너무사랑스러운영화였르",
    "date": "15.06.26",
    "rating": "10",
    "author": "2004****",
    "review_id": "10040557",
    "movie_id": "44449"
  },
  {
    "review": "내가  어렀을때 재일 좋아했던 영화",
    "date": "15.04.11",
    "rating": "10",
    "author": "alan****",
    "review_id": "9839965",
    "movie_id": "44449"
  },
  {
    "review": "배우들 다 매력넘치고 아쿠아마린 진짜예쁘다 재밌는영화 !",
    "date": "15.03.01",
    "rating": "10",
    "author": "godn****",
    "review_id": "9749134",
    "movie_id": "44449"
  },
  {
    "review": "I love romance:)♡",
    "date": "15.02.17",
    "rating": "10",
    "author": "lvih****",
    "review_id": "9706840",
    "movie_id": "44449"
  },
  {
    "review": "크흑 엠마 로버츠는 이때도 이쁘네",
    "date": "14.11.02",
    "rating": "7",
    "author": "ac67****",
    "review_id": "9337858",
    "movie_id": "44449"
  },
  {
    "review": "약간은 유치하지만 있을건 다 있는 만남과 헤어짐.",
    "date": "14.09.20",
    "rating": "6",
    "author": "jiyu****",
    "review_id": "9227390",
    "movie_id": "44449"
  },
  {
    "review": "가벼운 맘으로 볼 수 있는 영화",
    "date": "14.08.11",
    "rating": "8",
    "author": "runa****",
    "review_id": "9070306",
    "movie_id": "44449"
  },
  {
    "review": "초딩여자애들 보여주세요..좋아할듯;",
    "date": "14.05.28",
    "rating": "2",
    "author": "trek****",
    "review_id": "8771011",
    "movie_id": "44449"
  },
  {
    "review": "봐도 또보고싶고 색달랐던 영화 사랑도중요하지만 친구와의 우정이 빛나던 영화",
    "date": "14.05.14",
    "rating": "10",
    "author": "rlag****",
    "review_id": "8730121",
    "movie_id": "44449"
  },
  {
    "review": "추억삼아 또 보고싶음 ㅠㅠ",
    "date": "14.05.05",
    "rating": "10",
    "author": "kyj4****",
    "review_id": "8705965",
    "movie_id": "44449"
  },
  {
    "review": "정말 생각보다 많이 좋았어요. 그냥 기대안하고 그냥 b급 영화겠지 하고 봤는데 그 들뜬느낌이라고 해야할까요. 우정과 사랑으로 충만한 영화였어요. 조금 유치하다고 생각하면서도 끝까지 보게되드라고요ㅎㅎ",
    "date": "14.05.04",
    "rating": "10",
    "author": "zen2****",
    "review_id": "8701811",
    "movie_id": "44449"
  },
  {
    "review": "정말최고에요!!! 남자주인공정말멋잇고 순수한사랑로맨스덕분에 마음이너무좋구 여운이남아요ㅠㅠ암튼 마지막에 완전한헤피로끝낫으면햇던 제바램!!10봐도아깝지안을영화♥♥♥",
    "date": "14.04.20",
    "rating": "10",
    "author": "thwj****",
    "review_id": "8660460",
    "movie_id": "44449"
  },
  {
    "review": "네이버 평점에 낚임  초딩여자들만  보세요.  분노  보다가 잠듬 아 내시간...ㅠㅠ",
    "date": "14.03.08",
    "rating": "1",
    "author": "xs49****",
    "review_id": "8562335",
    "movie_id": "44449"
  },
  {
    "review": "재밌게 잘 보았습니다.",
    "date": "14.03.06",
    "rating": "7",
    "author": "jin1****",
    "review_id": "8558107",
    "movie_id": "44449"
  },
  {
    "review": "꼬리에서 다리, 다리에서 꼬리.",
    "date": "14.03.04",
    "rating": "1",
    "author": "mool****",
    "review_id": "8555795",
    "movie_id": "44449"
  },
  {
    "review": "우정과 사랑을 꿈꾸는 소녀들에겐 잘 맞겠지만, 그 외의 사람들에겐 그리 재밌지 않다.",
    "date": "14.02.27",
    "rating": "5",
    "author": "zxc1****",
    "review_id": "8543467",
    "movie_id": "44449"
  },
  {
    "review": "넘넘 재밌어요 감동있어 ㅋㅋㅋ",
    "date": "14.01.19",
    "rating": "10",
    "author": "jcat****",
    "review_id": "8398924",
    "movie_id": "44449"
  },
  {
    "review": "이뿌니들이 나와서 좋아~ ㅋㅋ",
    "date": "13.12.14",
    "rating": "8",
    "author": "tn99****",
    "review_id": "8213695",
    "movie_id": "44449"
  },
  {
    "review": "재미있는 편인 것같은데  남자들한테는 재미없을듯..?",
    "date": "13.12.07",
    "rating": "10",
    "author": "euni****",
    "review_id": "8196540",
    "movie_id": "44449"
  },
  {
    "review": "너무 재밌고 가슴이 따뜻해지는 좋은 영화에요! 주인공들도 정말 사랑스럽다ㅋㅋ",
    "date": "13.11.13",
    "rating": "10",
    "author": "muse****",
    "review_id": "8135635",
    "movie_id": "44449"
  },
  {
    "review": "진짜너무재밋음ㅠㅠ",
    "date": "13.09.07",
    "rating": "10",
    "author": "smj2****",
    "review_id": "7957497",
    "movie_id": "44449"
  },
  {
    "review": "Do you love me? 이영화 너무 달달해:♥아쿠아마린이 레이몬드 만날때 기분좋은 멀미가 날꺼 같다는데 뭔지 알꺼같고 둘이 풋풋한 데이트 하는것도 좋음 친구들간의 우정, 어릴때 인어공주를 좋아했던 사람이라면 추천!",
    "date": "13.08.16",
    "rating": "10",
    "author": "qor2****",
    "review_id": "7889304",
    "movie_id": "44449"
  },
  {
    "review": "정말 달달하고 기분좋은 로맨틱영화~  여주인공 넘 예뻐요 ㅋㅋ",
    "date": "13.08.07",
    "rating": "10",
    "author": "xoxo****",
    "review_id": "7852169",
    "movie_id": "44449"
  },
  {
    "review": "13살이엇냐?...",
    "date": "13.07.11",
    "rating": "10",
    "author": "suji****",
    "review_id": "7726678",
    "movie_id": "44449"
  },
  {
    "review": "아 좋다 ㅋㅋㅋㅋㅋㅋㅋㅋㅋㅋㅋㅋㅋㅋㅋㅋㅋㅋㅋㅋ",
    "date": "13.07.10",
    "rating": "10",
    "author": "thri****",
    "review_id": "7721869",
    "movie_id": "44449"
  },
  {
    "review": "여운남는영화 ㅠㅡㅠ",
    "date": "13.06.27",
    "rating": "10",
    "author": "kj35****",
    "review_id": "7682771",
    "movie_id": "44449"
  },
  {
    "review": "대박 이거어렷을때본건데짱임ㅜㅡ",
    "date": "13.06.23",
    "rating": "10",
    "author": "thgm****",
    "review_id": "7673159",
    "movie_id": "44449"
  },
  {
    "review": "보다가친구보고싶었어요",
    "date": "13.06.22",
    "rating": "10",
    "author": "dodo****",
    "review_id": "7667779",
    "movie_id": "44449"
  },
  {
    "review": "여운이 남고 보는내내 재밌고 즐거운 해피엔딩영화!!",
    "date": "13.06.16",
    "rating": "10",
    "author": "cicy****",
    "review_id": "7647256",
    "movie_id": "44449"
  },
  {
    "review": "나도 지느러미 달린 친구가 있었으면~",
    "date": "13.06.02",
    "rating": "9",
    "author": "dleh****",
    "review_id": "7572743",
    "movie_id": "44449"
  },
  {
    "review": "인어공주라는 소재 자체는 솔직히 유치한데 그런대로 재밌다. 보면서 굉장히 귀엽고 흐뭇하게 느껴질 때가 있다.",
    "date": "13.05.30",
    "rating": "7",
    "author": "yh95****",
    "review_id": "7563703",
    "movie_id": "44449"
  },
  {
    "review": "재밌네요 ㅎㅎㅎㅎㅎㅎ",
    "date": "13.05.26",
    "rating": "10",
    "author": "jeon****",
    "review_id": "7556555",
    "movie_id": "44449"
  },
  {
    "review": "가벼운 느낌으로 보기 아주 좋다.하이틴 영화로서 소재가 정말 신선하고 특이하다.기존에 있는 그냥 하이틴 영화와 조금 더 색다름을 찾을 수 있다.한번 볼 만 한 가치가 충분히 있는 영화",
    "date": "13.05.08",
    "rating": "9",
    "author": "ipho****",
    "review_id": "7515106",
    "movie_id": "44449"
  },
  {
    "review": "그다지 동감이 가지 않음",
    "date": "13.04.02",
    "rating": "6",
    "author": "marc****",
    "review_id": "7430115",
    "movie_id": "44449"
  },
  {
    "review": "유치하던데",
    "date": "13.03.02",
    "rating": "2",
    "author": "jieu****",
    "review_id": "7319135",
    "movie_id": "44449"
  },
  {
    "review": "굿",
    "date": "13.03.01",
    "rating": "10",
    "author": "kim9****",
    "review_id": "7313216",
    "movie_id": "44449"
  },
  {
    "review": "하이틴영화치고 소재가 신비롭고 독특한게 맘에들어요 ㅎㅎ많이 유치하긴하지만.. 10대때보면 재밌을것네요 분위기도 밝고 상큼한게 기분좋아지는영화...게다가 엠마로버츠 어리긴어리다..와일드차일드때 많이 컸구나 ㅋㅋ",
    "date": "13.02.19",
    "rating": "10",
    "author": "gooo****",
    "review_id": "7280729",
    "movie_id": "44449"
  },
  {
    "review": "개인적으로 다시보라고하면두번이라도볼수잇어요 근데돈주고다시보는건....별로",
    "date": "13.02.14",
    "rating": "10",
    "author": "sh00****",
    "review_id": "7265440",
    "movie_id": "44449"
  },
  {
    "review": "청소년 영화",
    "date": "13.01.01",
    "rating": "3",
    "author": "dxko****",
    "review_id": "7071829",
    "movie_id": "44449"
  },
  {
    "review": "재미",
    "date": "12.11.19",
    "rating": "10",
    "author": "tjdt****",
    "review_id": "6906417",
    "movie_id": "44449"
  },
  {
    "review": "재미있어요",
    "date": "12.10.27",
    "rating": "10",
    "author": "lana****",
    "review_id": "6829507",
    "movie_id": "44449"
  },
  {
    "review": "유치한데 나도 울뻔함 결국 레이때문이아니라 친구들의 사랑을 증명해낼때..나도저렇게 순수할때가 있었는데. 재밋엇다",
    "date": "12.10.18",
    "rating": "10",
    "author": "y156****",
    "review_id": "6810966",
    "movie_id": "44449"
  },
  {
    "review": "엠마 로버츠가 와일드차일드랑 전혀 다른스타일로나옴ㅋㅋㅋ 엠마때문에 봤는데 재밋네요",
    "date": "12.08.17",
    "rating": "10",
    "author": "nimb****",
    "review_id": "6618064",
    "movie_id": "44449"
  },
  {
    "review": "12세이상 답게 유치짱ㅋ",
    "date": "12.07.25",
    "rating": "10",
    "author": "dew6****",
    "review_id": "6526526",
    "movie_id": "44449"
  },
  {
    "review": "재미있고 훈훈한 영화였습니다.^^",
    "date": "12.07.24",
    "rating": "10",
    "author": "tkvk****",
    "review_id": "6525535",
    "movie_id": "44449"
  },
  {
    "review": "좀 많이 유치함 어렸을때 봤으면 재밌었을지도",
    "date": "12.07.24",
    "rating": "5",
    "author": "gion****",
    "review_id": "6524177",
    "movie_id": "44449"
  },
  {
    "review": "아쉬운 부분이 있었지만 재밌었어요",
    "date": "12.07.24",
    "rating": "9",
    "author": "girl****",
    "review_id": "6524051",
    "movie_id": "44449"
  },
  {
    "review": "로맨틱하고 여자애들이보기에 좋았던영화였다",
    "date": "12.07.24",
    "rating": "10",
    "author": "ahny****",
    "review_id": "6523880",
    "movie_id": "44449"
  },
  {
    "review": "정말재미있고훈훈함ㅋ",
    "date": "12.07.24",
    "rating": "10",
    "author": "sun2****",
    "review_id": "6523796",
    "movie_id": "44449"
  },
  {
    "review": "나름 재밋엇어요",
    "date": "12.07.13",
    "rating": "9",
    "author": "sksm****",
    "review_id": "6475457",
    "movie_id": "44449"
  },
  {
    "review": "초등학생 관람용.. 그것도 여자애만..",
    "date": "12.07.01",
    "rating": "1",
    "author": "ykm3****",
    "review_id": "6433991",
    "movie_id": "44449"
  },
  {
    "review": "지금 보라면 다신 못보겠지만 ..",
    "date": "12.06.14",
    "rating": "6",
    "author": "o0o1****",
    "review_id": "6389782",
    "movie_id": "44449"
  },
  {
    "review": "정말재미있어요!!!!!",
    "date": "12.05.24",
    "rating": "10",
    "author": "thsu****",
    "review_id": "6328009",
    "movie_id": "44449"
  },
  {
    "review": "유아틱한 내용이지만 이런 유치한 로맨틱드라마 너무좋다 내스타일이야~",
    "date": "12.05.22",
    "rating": "6",
    "author": "happ****",
    "review_id": "6321716",
    "movie_id": "44449"
  },
  {
    "review": "유치하지만 산뜻했음",
    "date": "12.04.16",
    "rating": "7",
    "author": "vkdg****",
    "review_id": "6227532",
    "movie_id": "44449"
  },
  {
    "review": "ㅠㅠ 제이크 맥더맨 완전 금발머리 왕자님 ㅠㅠ 나랑 결혼해줘",
    "date": "12.04.07",
    "rating": "10",
    "author": "gabr****",
    "review_id": "6199101",
    "movie_id": "44449"
  },
  {
    "review": "소녀들의 순수한 사랑 찾기. 따뜻한 사랑 되찾기.",
    "date": "12.02.06",
    "rating": "6",
    "author": "sama****",
    "review_id": "6055681",
    "movie_id": "44449"
  },
  {
    "review": "괜찮았음. 적당히 볼만함",
    "date": "12.02.03",
    "rating": "9",
    "author": "chld****",
    "review_id": "6049040",
    "movie_id": "44449"
  },
  {
    "review": "동화같은 로맨틱 코미디. 아이들이 보기엔 유치하지 않다.",
    "date": "12.02.01",
    "rating": "8",
    "author": "beau****",
    "review_id": "6042566",
    "movie_id": "44449"
  },
  {
    "review": "개인적으로 너무 재밌게 봤습니다~~자꾸또 보고 싶은 영화네요~~^^",
    "date": "12.01.25",
    "rating": "10",
    "author": "skjh****",
    "review_id": "6019438",
    "movie_id": "44449"
  },
  {
    "review": "재미와 감동이 적절히 배합된 초딩용 판타지 로맨스",
    "date": "12.01.24",
    "rating": "8",
    "author": "sipj****",
    "review_id": "6016940",
    "movie_id": "44449"
  },
  {
    "review": "우정이 아름다운 영화..?재밌어요!",
    "date": "12.01.10",
    "rating": "10",
    "author": "pink****",
    "review_id": "5976370",
    "movie_id": "44449"
  },
  {
    "review": "정말예쁜영화",
    "date": "12.01.10",
    "rating": "9",
    "author": "sida****",
    "review_id": "5976360",
    "movie_id": "44449"
  },
  {
    "review": "이런영화개인적으로 좋아해요^^ 재미있게 봤어요!",
    "date": "12.01.04",
    "rating": "10",
    "author": "saba****",
    "review_id": "5960333",
    "movie_id": "44449"
  },
  {
    "review": "크.........셋의 우정이 정~말 귀여웠어요",
    "date": "12.01.04",
    "rating": "10",
    "author": "sumi****",
    "review_id": "5960328",
    "movie_id": "44449"
  },
  {
    "review": "그냥 귀여운 영화인것 같음",
    "date": "12.01.02",
    "rating": "6",
    "author": "ruhe****",
    "review_id": "5955597",
    "movie_id": "44449"
  },
  {
    "review": "괜찮았음",
    "date": "11.12.30",
    "rating": "8",
    "author": "dnf7****",
    "review_id": "5947306",
    "movie_id": "44449"
  },
  {
    "review": "아 정말 재밋 네요~~올만에 가슴이 따뜻한 영화 한편 봣네염~~",
    "date": "11.12.12",
    "rating": "10",
    "author": "s2tl****",
    "review_id": "5902542",
    "movie_id": "44449"
  },
  {
    "review": "정말 상큼하고 웃게해주는 영화에요유치하다는말은 이영화를 어떻게생각하고본건지..",
    "date": "11.11.06",
    "rating": "10",
    "author": "ghj0****",
    "review_id": "5832699",
    "movie_id": "44449"
  },
  {
    "review": "유치한맛에 볼만함",
    "date": "11.10.06",
    "rating": "6",
    "author": "kjsg****",
    "review_id": "5773852",
    "movie_id": "44449"
  },
  {
    "review": "로그인하게 만드는 영화.. 나의 최악의 영화",
    "date": "11.08.15",
    "rating": "1",
    "author": "zose****",
    "review_id": "5653426",
    "movie_id": "44449"
  },
  {
    "review": "오랜만에 쌍큼하게 봤어요^^아부하는 불가사리 귀걸이 갖고파요^__^*",
    "date": "11.08.08",
    "rating": "8",
    "author": "love****",
    "review_id": "5620014",
    "movie_id": "44449"
  },
  {
    "review": "평점 첨써본다진짜 이건뭐 되도안한",
    "date": "11.08.07",
    "rating": "1",
    "author": "soju****",
    "review_id": "5618153",
    "movie_id": "44449"
  },
  {
    "review": "어린애들용이네...",
    "date": "11.07.26",
    "rating": "3",
    "author": "dbzh****",
    "review_id": "5569918",
    "movie_id": "44449"
  },
  {
    "review": "쓰레기",
    "date": "11.07.07",
    "rating": "1",
    "author": "wlsr****",
    "review_id": "5527526",
    "movie_id": "44449"
  },
  {
    "review": "다시 한번봐도 안질리고 재밌네요 ㅎ\r\n엠마로버츠 사라 팩스톤의 연기 탁월하네요 ^^",
    "date": "11.06.25",
    "rating": "10",
    "author": "pchp****",
    "review_id": "5498352",
    "movie_id": "44449"
  },
  {
    "review": "순수하면서 진실한 친구.. 그리고 사랑. 너무 훈훈하고 좋은 영화네요^^",
    "date": "11.05.29",
    "rating": "10",
    "author": "akj0****",
    "review_id": "5455389",
    "movie_id": "44449"
  },
  {
    "review": "큰 기대는 안했는데 생각보다 진짜 잼있",
    "date": "11.05.21",
    "rating": "10",
    "author": "zany****",
    "review_id": "5440309",
    "movie_id": "44449"
  },
  {
    "review": "나도아쿠아같은순수하고사랑스럽고밝은친구가있어서자체로도도아름다운존재가되고싶다",
    "date": "11.05.06",
    "rating": "10",
    "author": "kook****",
    "review_id": "5411403",
    "movie_id": "44449"
  },
  {
    "review": "진실한 사랑을 찾아 육지로 나온 인어아가씨 아쿠아마린의 로맨스와 소녀들의 우정을 담은 작품",
    "date": "11.05.01",
    "rating": "10",
    "author": "bsm9****",
    "review_id": "5401316",
    "movie_id": "44449"
  },
  {
    "review": "10대 소녀취향 영화 20대이상 관람금지",
    "date": "11.04.17",
    "rating": "1",
    "author": "pset****",
    "review_id": "5378573",
    "movie_id": "44449"
  },
  {
    "review": "몰입도괜찮고 재미있네요",
    "date": "11.04.04",
    "rating": "9",
    "author": "bora****",
    "review_id": "5352152",
    "movie_id": "44449"
  },
  {
    "review": "인어공주의 사랑이야기가 신선하고 흥미로웠다.",
    "date": "11.02.11",
    "rating": "10",
    "author": "sati****",
    "review_id": "5235096",
    "movie_id": "44449"
  },
  {
    "review": "짱",
    "date": "11.02.09",
    "rating": "10",
    "author": "hoym****",
    "review_id": "5230744",
    "movie_id": "44449"
  },
  {
    "review": "재미있게 잘 보았습니ㅏ~",
    "date": "11.02.05",
    "rating": "10",
    "author": "ily_****",
    "review_id": "5219723",
    "movie_id": "44449"
  },
  {
    "review": "진짜 잼있네요ㅋㅋㅋ솔까 엠마로버츠땜에 봤는데 오 재밋다^^ 별점5개!",
    "date": "11.01.30",
    "rating": "10",
    "author": "z004****",
    "review_id": "5197166",
    "movie_id": "44449"
  },
  {
    "review": "심심할때보면재밌어요~~ㅋㅋㅋㅋ",
    "date": "11.01.26",
    "rating": "9",
    "author": "yeon****",
    "review_id": "5185116",
    "movie_id": "44449"
  },
  {
    "review": "헐랭 평점이 어째서ㅋㅋㅋㅋㅋ..........................? 딱 6점에서 7점정도",
    "date": "11.01.25",
    "rating": "6",
    "author": "dmsq****",
    "review_id": "5184210",
    "movie_id": "44449"
  },
  {
    "review": "진짜 진짜 재밌어요~ 추천추천",
    "date": "11.01.17",
    "rating": "10",
    "author": "jooj****",
    "review_id": "5166141",
    "movie_id": "44449"
  },
  {
    "review": "재밋어요!!!!!!망설이는분들꼭보시길!!!!!!",
    "date": "11.01.17",
    "rating": "10",
    "author": "isa9****",
    "review_id": "5163522",
    "movie_id": "44449"
  },
  {
    "review": "생각보다 많이 재밌고 감동적이고 보는내내 웃음이 나오네요^^",
    "date": "11.01.16",
    "rating": "10",
    "author": "tjgu****",
    "review_id": "5162187",
    "movie_id": "44449"
  },
  {
    "review": "보는사람까지 상큼해지는영화*.*",
    "date": "10.12.28",
    "rating": "10",
    "author": "judy****",
    "review_id": "5094855",
    "movie_id": "44449"
  },
  {
    "review": "아이건뭐 웃기고 감동도있고 교훈도있고~~ㅠㅠ 걍재밋음 ~~ㅠㅠ",
    "date": "10.12.23",
    "rating": "10",
    "author": "8529****",
    "review_id": "5078337",
    "movie_id": "44449"
  },
  {
    "review": "뻔한 스토리지만 재밌음 ㅋㅋ",
    "date": "10.12.01",
    "rating": "8",
    "author": "lov2****",
    "review_id": "5011990",
    "movie_id": "44449"
  },
  {
    "review": "재미있는데~~~~~~~~~~~~~~~~~~~~~~~~~~~",
    "date": "10.10.24",
    "rating": "10",
    "author": "sn54****",
    "review_id": "4918556",
    "movie_id": "44449"
  },
  {
    "review": "전형적인 하이틴무비",
    "date": "10.10.01",
    "rating": "5",
    "author": "blai****",
    "review_id": "4879160",
    "movie_id": "44449"
  },
  {
    "review": "얼마전에 텔레비전으로 봤는데 재미있었다..별 4개 반 줍니다~!^^",
    "date": "10.09.16",
    "rating": "9",
    "author": "jiso****",
    "review_id": "4840241",
    "movie_id": "44449"
  },
  {
    "review": "몇년전에 본 영화인데 아직도 기억이 생생해요. 10개주고싶지만 스토리가뻔해서 ^^",
    "date": "10.08.18",
    "rating": "9",
    "author": "hhji****",
    "review_id": "4763282",
    "movie_id": "44449"
  },
  {
    "review": "정말 재미있고 흥미로운 것 같습니다.",
    "date": "10.08.18",
    "rating": "10",
    "author": "kyur****",
    "review_id": "4761383",
    "movie_id": "44449"
  }
]