[
  {
    "review": "무난하다고 본다...",
    "date": "15.07.29",
    "rating": "6",
    "author": "yana****",
    "review_id": "10158423",
    "movie_id": "44475"
  },
  {
    "review": "걍 막장드라마수준 역시 김치영화가 뻔하지 별주기도 아깝다",
    "date": "15.07.23",
    "rating": "1",
    "author": "dlfg****",
    "review_id": "10133744",
    "movie_id": "44475"
  },
  {
    "review": "그닥 무섭지도 않고 초반엔 볼만하다 싶었는데 뒤로 갈수록 점점.. 뭔소린지 모르겠다 스토리가 따로 논다",
    "date": "15.05.13",
    "rating": "1",
    "author": "jju7****",
    "review_id": "9914548",
    "movie_id": "44475"
  },
  {
    "review": "ㅋㅋㅋ 쓰래기같은영화 ㅋㅋㅋㅋ",
    "date": "15.04.09",
    "rating": "1",
    "author": "gksa****",
    "review_id": "9835939",
    "movie_id": "44475"
  },
  {
    "review": "초반에는 괜찮았는데 ..실밥 풀리는 그 순간부터 망함 그래도 할머니가 정말 웃겨서 저는 1점 드리고가요",
    "date": "15.01.18",
    "rating": "1",
    "author": "de5k****",
    "review_id": "9608953",
    "movie_id": "44475"
  },
  {
    "review": "전문가 평점이  완전 후하다.",
    "date": "15.01.15",
    "rating": "1",
    "author": "erec****",
    "review_id": "9598377",
    "movie_id": "44475"
  },
  {
    "review": "주인공 친구가 그나마 살림",
    "date": "14.06.08",
    "rating": "1",
    "author": "kkan****",
    "review_id": "8811420",
    "movie_id": "44475"
  },
  {
    "review": "친구랑보고 외톨이가 되는 영화 ㅠㅠ!",
    "date": "14.06.01",
    "rating": "1",
    "author": "99aw****",
    "review_id": "8782206",
    "movie_id": "44475"
  },
  {
    "review": "이영화를 한마디로 표현하자면 난해조잡.",
    "date": "14.05.31",
    "rating": "4",
    "author": "kkot****",
    "review_id": "8780644",
    "movie_id": "44475"
  },
  {
    "review": "끔찍했다, 무서워서가 아니라 재미 없어서.",
    "date": "14.01.16",
    "rating": "3",
    "author": "tear****",
    "review_id": "8386288",
    "movie_id": "44475"
  },
  {
    "review": "일단;; 까는사람들 영화다시 처음부터 재대로보세요;; 글. 문자. 내용. 등장인물의대사등 제대로본게있나;; 이거영화 솔직히나도끝나기 10분전까진 아는사람들이랑 욕하고봤는데 끝나기 10분전부터는 그냥 입다물고 영화만본다 앞에있던장면 왜보여주나 다알게된다",
    "date": "13.03.31",
    "rating": "10",
    "author": "qkrt****",
    "review_id": "7426707",
    "movie_id": "44475"
  },
  {
    "review": "히키코모리란주제가괜찮네요친구인하정이가 독해져서 방안에틀어박히다자신을 괴롭힌친구가 오자 목긋는거를독하게 보여주네요",
    "date": "12.11.10",
    "rating": "7",
    "author": "ez01****",
    "review_id": "6873717",
    "movie_id": "44475"
  },
  {
    "review": "건질거는 히키코모리 상식 정도",
    "date": "12.09.19",
    "rating": "3",
    "author": "izzo****",
    "review_id": "6714207",
    "movie_id": "44475"
  },
  {
    "review": "외톨이가 되고싶으면 친구에게 추천하시길",
    "date": "12.08.27",
    "rating": "1",
    "author": "game****",
    "review_id": "6646817",
    "movie_id": "44475"
  },
  {
    "review": "영화가 뭘 말하고자 하는지 모르겠네요. 결말과 전개내용을 보면 아빠에게 복수하고자 하는 자매의 이야긴데, 중간에 친구가 죽은 장면은 왜나온건지 잘 모르겠네요. 그냥 주인공이 히키코모리가 될거란 복선인가요? 도무지 의도를 알 수 없네요. 3점이 적당한듯",
    "date": "12.08.13",
    "rating": "3",
    "author": "mhs5****",
    "review_id": "6598308",
    "movie_id": "44475"
  },
  {
    "review": "내용이 조잡스럽다 네이버평가 정확히 6점정도라 생각함",
    "date": "12.07.10",
    "rating": "6",
    "author": "7nig****",
    "review_id": "6468080",
    "movie_id": "44475"
  },
  {
    "review": "아 왜케 15세가 잔인하고 무서움? 잠도 못자겠네... 이거 뭐... 악몽도 아니고 ㅡㅡ;;",
    "date": "12.05.28",
    "rating": "1",
    "author": "fpsg****",
    "review_id": "6341170",
    "movie_id": "44475"
  },
  {
    "review": "봤는데 스토리가 좀 무슨 내용인지는 모르겠고 무서워서 잠못잤어요!!",
    "date": "12.04.29",
    "rating": "5",
    "author": "0603****",
    "review_id": "6255598",
    "movie_id": "44475"
  },
  {
    "review": "요가학원보다는 낫다. 근데 역시 병맛나",
    "date": "12.03.10",
    "rating": "2",
    "author": "mici****",
    "review_id": "6134735",
    "movie_id": "44475"
  },
  {
    "review": "탄성이 나를 실망시키네",
    "date": "12.02.27",
    "rating": "1",
    "author": "iiii****",
    "review_id": "6107830",
    "movie_id": "44475"
  },
  {
    "review": "자막이있었으면 3배속으로 봤을영화지만 대사들으려고 2.5배속",
    "date": "12.02.21",
    "rating": "1",
    "author": "fkad****",
    "review_id": "6093044",
    "movie_id": "44475"
  },
  {
    "review": "고은아친구 연기가 돋보였던영화.. 그게다",
    "date": "12.02.21",
    "rating": "1",
    "author": "qoxm****",
    "review_id": "6093043",
    "movie_id": "44475"
  },
  {
    "review": "'헉뭐야!'가 아닌 '아뭐야'라는 탄성이 절로 나오는 반전..",
    "date": "12.02.04",
    "rating": "1",
    "author": "deso****",
    "review_id": "6051440",
    "movie_id": "44475"
  },
  {
    "review": "엉망진창 뒤죽박죽 제멋대로식 정체불명 쓰레기잡탕을 먹은느낌.남자셋 공동각본 ㅠㅠ",
    "date": "12.01.01",
    "rating": "1",
    "author": "kis5****",
    "review_id": "5953132",
    "movie_id": "44475"
  },
  {
    "review": "외톨이야 ~",
    "date": "11.11.30",
    "rating": "10",
    "author": "nice****",
    "review_id": "5879456",
    "movie_id": "44475"
  },
  {
    "review": "스토리가 따로 노는 것 같습니다. 초반엔 좀 괜찮았는데 점점..ㄷㄷ",
    "date": "11.09.28",
    "rating": "1",
    "author": "mats****",
    "review_id": "5758184",
    "movie_id": "44475"
  },
  {
    "review": "개무섭넹;",
    "date": "11.09.11",
    "rating": "10",
    "author": "wlgm****",
    "review_id": "5721248",
    "movie_id": "44475"
  },
  {
    "review": "아 .. 여기서 죽는 애들 중 내 신발 있는데 스니커즈 ..",
    "date": "11.08.26",
    "rating": "7",
    "author": "rlat****",
    "review_id": "5689814",
    "movie_id": "44475"
  },
  {
    "review": "아직 보진않은 영화지만 고양이,화이트에 심하게 낚여서 한국공포영화 자체가 보기싫다;",
    "date": "11.08.24",
    "rating": "1",
    "author": "kfth****",
    "review_id": "5685567",
    "movie_id": "44475"
  },
  {
    "review": "눈알 부릅뜨고 소리지르는 것밖에 모르는 공포영화. 제발 일본호러라도 보고 좀 배워",
    "date": "11.07.24",
    "rating": "6",
    "author": "1231****",
    "review_id": "5566629",
    "movie_id": "44475"
  },
  {
    "review": "평점낮길래 기대안했는데 나름 스토리있고 반전도 있고 재미잇엇음 나름 만족!!",
    "date": "11.06.05",
    "rating": "10",
    "author": "jha_****",
    "review_id": "5466174",
    "movie_id": "44475"
  },
  {
    "review": "하정이 이야기로 시작합니다. 끝은 이도저도 아니게 수나 이야기로 끝납니다.",
    "date": "11.05.14",
    "rating": "1",
    "author": "zmff****",
    "review_id": "5427717",
    "movie_id": "44475"
  },
  {
    "review": "이것도 영화라고 만들었나~?보다가 중간에 잤네...;;;;",
    "date": "11.04.26",
    "rating": "1",
    "author": "bwoo****",
    "review_id": "5393075",
    "movie_id": "44475"
  },
  {
    "review": "영화관에서 개봉한데 용하네... 스토리 뒤죽박죽 하품나온다.",
    "date": "11.04.22",
    "rating": "1",
    "author": "tran****",
    "review_id": "5386615",
    "movie_id": "44475"
  },
  {
    "review": "더럽고 재미없음 아 시간이 아깝다",
    "date": "11.02.14",
    "rating": "1",
    "author": "cott****",
    "review_id": "5243326",
    "movie_id": "44475"
  },
  {
    "review": "영화 시작 5분 만에 포기하게 만드는 영화. 쓰레기. 캐 쓰레기.",
    "date": "11.02.13",
    "rating": "1",
    "author": "kilk****",
    "review_id": "5240522",
    "movie_id": "44475"
  },
  {
    "review": "재미있게봣습니다^ .^:",
    "date": "11.01.10",
    "rating": "10",
    "author": "seve****",
    "review_id": "5148459",
    "movie_id": "44475"
  },
  {
    "review": "뭐지 이거???  하정이는 왜 나온거야?",
    "date": "10.10.10",
    "rating": "1",
    "author": "nimm****",
    "review_id": "4894838",
    "movie_id": "44475"
  },
  {
    "review": "이..거대..박무서움,...근데스릴만점 ㅋㅋ 어떤애는막 욕도하구 ㅋㅋㅋㅋㅋㅋ",
    "date": "10.10.03",
    "rating": "10",
    "author": "dnfl****",
    "review_id": "4882436",
    "movie_id": "44475"
  },
  {
    "review": "잠안오시는분들 보시면 딱 좋을듯 싶네요^^",
    "date": "10.09.27",
    "rating": "1",
    "author": "duta****",
    "review_id": "4872606",
    "movie_id": "44475"
  },
  {
    "review": "기대가 컷던 것일까? 아님 소재를 못살린 것일까?",
    "date": "10.08.09",
    "rating": "5",
    "author": "jini****",
    "review_id": "4725742",
    "movie_id": "44475"
  },
  {
    "review": "한국 공포물로 평범한 정도네  6점대면 괜찮을듯~",
    "date": "10.07.25",
    "rating": "10",
    "author": "pat6****",
    "review_id": "4671626",
    "movie_id": "44475"
  },
  {
    "review": "시나리오 구성도 떨어지고, 배우들 연기 다 따로놀고...;;;.",
    "date": "10.07.20",
    "rating": "1",
    "author": "indi****",
    "review_id": "4655265",
    "movie_id": "44475"
  },
  {
    "review": "어이없는영화 죽은 왕따친구귀신은 도대채어디로간거 스토리가 이상해도 너무이상함",
    "date": "10.07.18",
    "rating": "1",
    "author": "jihu****",
    "review_id": "4648994",
    "movie_id": "44475"
  },
  {
    "review": "아무도 모르게 다가온 이별과 대면했을때 또 다시 혼자가 되는게 두려워 외면 했었네",
    "date": "10.07.16",
    "rating": "10",
    "author": "qjat****",
    "review_id": "4644692",
    "movie_id": "44475"
  },
  {
    "review": "빙의와 히끼꼬모리는 달라 OO",
    "date": "10.07.10",
    "rating": "1",
    "author": "ehft****",
    "review_id": "4626560",
    "movie_id": "44475"
  },
  {
    "review": "편점이렇게 준건 처음이다.",
    "date": "10.07.09",
    "rating": "1",
    "author": "wlgu****",
    "review_id": "4623937",
    "movie_id": "44475"
  },
  {
    "review": "공포영화 보다가 잠들기는 난생 처음 입니다.",
    "date": "10.07.09",
    "rating": "1",
    "author": "bbia****",
    "review_id": "4623468",
    "movie_id": "44475"
  },
  {
    "review": "제목만 (은둔형)외톨이인 평범한 스릴러물. 스토리도 연기도 형편없었다.",
    "date": "10.07.08",
    "rating": "1",
    "author": "troj****",
    "review_id": "4622644",
    "movie_id": "44475"
  },
  {
    "review": "걍볼만함",
    "date": "10.07.07",
    "rating": "10",
    "author": "soak****",
    "review_id": "4618524",
    "movie_id": "44475"
  },
  {
    "review": "초중반엔 완젼 잼낫는데...뒤로갈수록 이상함;;무섭고 징그럽긴함 ㅎㅎ 7점대정도?",
    "date": "10.07.01",
    "rating": "10",
    "author": "igua****",
    "review_id": "4603032",
    "movie_id": "44475"
  },
  {
    "review": "엄청 무서운 영화임 으?으!?",
    "date": "10.04.19",
    "rating": "10",
    "author": "2318****",
    "review_id": "4444063",
    "movie_id": "44475"
  },
  {
    "review": "짜임새없는 스토리에 히키코모리랑 관련도 없고 그나마 정유석씨 연기때문에 7점",
    "date": "10.03.05",
    "rating": "7",
    "author": "thdg****",
    "review_id": "4335388",
    "movie_id": "44475"
  },
  {
    "review": "외토뤼야 외토뤼야~다가다가다다다~~",
    "date": "10.01.19",
    "rating": "10",
    "author": "choa****",
    "review_id": "4188825",
    "movie_id": "44475"
  },
  {
    "review": "난 재밌는데 왜?? 정유석의 연기가 좋았던거 같음",
    "date": "09.12.28",
    "rating": "10",
    "author": "walm****",
    "review_id": "4096751",
    "movie_id": "44475"
  },
  {
    "review": "처음에 OO친구는 왜나온거?",
    "date": "09.12.27",
    "rating": "1",
    "author": "zhzh****",
    "review_id": "4092249",
    "movie_id": "44475"
  },
  {
    "review": "공포지만 귀신없고 히키코모리는 뭔연관인지.. 먼저죽은친구만 불쌍..",
    "date": "09.12.23",
    "rating": "1",
    "author": "dlal****",
    "review_id": "4073245",
    "movie_id": "44475"
  },
  {
    "review": "젝1",
    "date": "09.12.13",
    "rating": "1",
    "author": "wjsw****",
    "review_id": "4040498",
    "movie_id": "44475"
  },
  {
    "review": "아나 ㅡㅡ   피터지는거 대박",
    "date": "09.12.03",
    "rating": "10",
    "author": "blue****",
    "review_id": "4011788",
    "movie_id": "44475"
  },
  {
    "review": "하나도 안무섭고 밋밋하다. 스토리도 별로고 억지다",
    "date": "09.11.01",
    "rating": "6",
    "author": "real****",
    "review_id": "3929526",
    "movie_id": "44475"
  },
  {
    "review": "괜찮던데~",
    "date": "09.10.23",
    "rating": "10",
    "author": "bbyj****",
    "review_id": "3910321",
    "movie_id": "44475"
  },
  {
    "review": "쓰레기",
    "date": "09.09.27",
    "rating": "1",
    "author": "cool****",
    "review_id": "3853270",
    "movie_id": "44475"
  },
  {
    "review": "고은아 펜이라서 밨는데 의외로 재밌네요",
    "date": "09.09.18",
    "rating": "10",
    "author": "jou1****",
    "review_id": "3836942",
    "movie_id": "44475"
  },
  {
    "review": "완전쓰래기ㅡㅡ",
    "date": "09.09.12",
    "rating": "1",
    "author": "ajfl****",
    "review_id": "3825891",
    "movie_id": "44475"
  },
  {
    "review": "외톨이ost가 넘 좋아요..슬프네요..나름괜찬던데..",
    "date": "09.09.05",
    "rating": "10",
    "author": "bbob****",
    "review_id": "3812844",
    "movie_id": "44475"
  },
  {
    "review": "정신줄만 놓으면 그래픽바퀴벌레 등장한다 ㅋㅋ",
    "date": "09.09.03",
    "rating": "2",
    "author": "ghql****",
    "review_id": "3809240",
    "movie_id": "44475"
  },
  {
    "review": "완전 쓰래기ㅡㅡ",
    "date": "09.08.26",
    "rating": "1",
    "author": "gksj****",
    "review_id": "3789458",
    "movie_id": "44475"
  },
  {
    "review": "타겟잘못 잡아서 복수하는 내용 히키코모리하고 전혀 무관한 영화",
    "date": "09.08.10",
    "rating": "1",
    "author": "saku****",
    "review_id": "3734236",
    "movie_id": "44475"
  },
  {
    "review": "다 똑 같 애",
    "date": "09.08.04",
    "rating": "4",
    "author": "rlad****",
    "review_id": "3706722",
    "movie_id": "44475"
  },
  {
    "review": "전혀 공포스럽지도 않고 스토리의 전개도 이상한 영화 - - !",
    "date": "09.08.01",
    "rating": "1",
    "author": "22wo****",
    "review_id": "3693850",
    "movie_id": "44475"
  },
  {
    "review": "줄 가치도 없어..",
    "date": "09.07.28",
    "rating": "1",
    "author": "as51****",
    "review_id": "3676689",
    "movie_id": "44475"
  },
  {
    "review": "난 꽤 괜찮았는데..깔끔하고 CG좋고~. 스토리약하지만 우리나라꺼치고 좋앗따",
    "date": "09.07.20",
    "rating": "8",
    "author": "duwk****",
    "review_id": "3649664",
    "movie_id": "44475"
  },
  {
    "review": "어색한 시나리오와 비쥬얼로 망쳐버렸다..",
    "date": "09.07.17",
    "rating": "5",
    "author": "blue****",
    "review_id": "3642251",
    "movie_id": "44475"
  },
  {
    "review": "무섭지도 않고,무서운부분하나도 안나오고,내용이해도 안가고. 머냐--",
    "date": "09.07.17",
    "rating": "1",
    "author": "pies****",
    "review_id": "3641835",
    "movie_id": "44475"
  },
  {
    "review": "참 ㅋㅋㅋ",
    "date": "09.07.11",
    "rating": "1",
    "author": "audr****",
    "review_id": "3623555",
    "movie_id": "44475"
  },
  {
    "review": "이건공포도아니고 스토리도 그닥~  고은아 이뻐서 3점",
    "date": "09.07.11",
    "rating": "3",
    "author": "pama****",
    "review_id": "3623513",
    "movie_id": "44475"
  },
  {
    "review": "괜찮았ㅇ,ㅁ",
    "date": "09.07.07",
    "rating": "10",
    "author": "happ****",
    "review_id": "3616969",
    "movie_id": "44475"
  },
  {
    "review": "중후반부에 무서워야할 고은아는 여전히 귀엽고 깜찍하기만 하다......",
    "date": "09.07.05",
    "rating": "7",
    "author": "51ba****",
    "review_id": "3612966",
    "movie_id": "44475"
  },
  {
    "review": "학교신은 왜 있는지 모르겠네요. 스토리가 엉성하지만 그래도 재미는 있습니다.",
    "date": "09.07.05",
    "rating": "8",
    "author": "dpsw****",
    "review_id": "3611253",
    "movie_id": "44475"
  },
  {
    "review": "그냥 더럽다",
    "date": "09.06.22",
    "rating": "1",
    "author": "hms5****",
    "review_id": "3582440",
    "movie_id": "44475"
  },
  {
    "review": "전혀 무섭지가 않다...공포영환데~",
    "date": "09.06.21",
    "rating": "4",
    "author": "adam****",
    "review_id": "3578366",
    "movie_id": "44475"
  },
  {
    "review": "쓰레기",
    "date": "09.06.20",
    "rating": "1",
    "author": "nuke****",
    "review_id": "3577734",
    "movie_id": "44475"
  },
  {
    "review": ".........참...........재밌네",
    "date": "09.06.13",
    "rating": "1",
    "author": "sojh****",
    "review_id": "3563030",
    "movie_id": "44475"
  },
  {
    "review": "왕실망.",
    "date": "09.06.10",
    "rating": "4",
    "author": "muz1****",
    "review_id": "3556875",
    "movie_id": "44475"
  },
  {
    "review": "감독이 좀... 바퀴벌레에 똥칠은 뭐야 -_-",
    "date": "09.05.29",
    "rating": "2",
    "author": "tune****",
    "review_id": "3529517",
    "movie_id": "44475"
  },
  {
    "review": "충격반전 하나로 목숨건데다~ 감독의 재량이 심히 의심됨.최악쓰레기",
    "date": "09.05.24",
    "rating": "1",
    "author": "babo****",
    "review_id": "3517513",
    "movie_id": "44475"
  },
  {
    "review": "재미없다 진짜ㅡㅡ아",
    "date": "09.05.22",
    "rating": "1",
    "author": "lipl****",
    "review_id": "3513857",
    "movie_id": "44475"
  },
  {
    "review": "중반부터 영화내용이 산으로가서 전혀 몰입을 못했음",
    "date": "09.05.20",
    "rating": "2",
    "author": "toma****",
    "review_id": "3509213",
    "movie_id": "44475"
  },
  {
    "review": "부족한 연기력에 손발이 오그라 들긴 했지만 내용은 상당히 탄탄했다",
    "date": "09.05.18",
    "rating": "8",
    "author": "dele****",
    "review_id": "3504750",
    "movie_id": "44475"
  },
  {
    "review": "익숙한 느낌의 스릴러. 밑천이 보인다 보여..",
    "date": "09.05.16",
    "rating": "4",
    "author": "evil****",
    "review_id": "3498096",
    "movie_id": "44475"
  },
  {
    "review": "아 존나 재미없어서 보다가 끔.",
    "date": "09.05.12",
    "rating": "1",
    "author": "isle****",
    "review_id": "3491245",
    "movie_id": "44475"
  },
  {
    "review": "ㅅㅂ 이딴영화있는지첨알았어",
    "date": "09.05.05",
    "rating": "10",
    "author": "sesa****",
    "review_id": "3471940",
    "movie_id": "44475"
  },
  {
    "review": "더럽고 잔인하지만 답답할 정도로 너무 개연성 없는 내용.",
    "date": "09.04.21",
    "rating": "3",
    "author": "luna****",
    "review_id": "3433687",
    "movie_id": "44475"
  },
  {
    "review": "히키코모리랑 부류가 다르네요 히키코모리는 한순간에 되는게 아닙니다 ..",
    "date": "09.03.27",
    "rating": "10",
    "author": "sjh3****",
    "review_id": "3389496",
    "movie_id": "44475"
  },
  {
    "review": "이 영화보자고 했다가 끝난 후 '외톨이'됐음다! 제목 쥑이네!",
    "date": "09.02.28",
    "rating": "1",
    "author": "haen****",
    "review_id": "3338971",
    "movie_id": "44475"
  },
  {
    "review": "공포영화인데 전혀 안무섭다",
    "date": "09.02.25",
    "rating": "10",
    "author": "keep****",
    "review_id": "3332207",
    "movie_id": "44475"
  },
  {
    "review": "평점 왤케 낮아~괜찮더구만~",
    "date": "09.02.24",
    "rating": "10",
    "author": "youl****",
    "review_id": "3329441",
    "movie_id": "44475"
  },
  {
    "review": "잔인함. 스토리는 있음",
    "date": "09.02.14",
    "rating": "6",
    "author": "hoon****",
    "review_id": "3303101",
    "movie_id": "44475"
  },
  {
    "review": "고은아때문에 점수준다-.-아니면 ....",
    "date": "09.02.13",
    "rating": "7",
    "author": "seal****",
    "review_id": "3299362",
    "movie_id": "44475"
  },
  {
    "review": "소재는 괜찮았으나 너무 복잡한 설정과 스토리 구성으로 좀 아쉬운 영화..",
    "date": "09.02.06",
    "rating": "7",
    "author": "grut****",
    "review_id": "3282432",
    "movie_id": "44475"
  }
]