[
  {
    "review": "그냥 그저 그랬어요. 안봐도 별로 상관없을듯..",
    "date": "08.05.09",
    "rating": "7",
    "author": "dltm****",
    "review_id": "2627604",
    "movie_id": "44471"
  },
  {
    "review": "무모한도전 외국판 보는듯..근데 그 남자들 아저씨같아보여요.다들.ㅠㅠ",
    "date": "08.02.26",
    "rating": "6",
    "author": "guro****",
    "review_id": "2484241",
    "movie_id": "44471"
  },
  {
    "review": "깔끔한 코메디.재미있어요",
    "date": "08.02.16",
    "rating": "8",
    "author": "lean****",
    "review_id": "2450207",
    "movie_id": "44471"
  },
  {
    "review": "사람에 따라 다른거겠지만..난 재미를 모르겠다...",
    "date": "08.02.15",
    "rating": "3",
    "author": "1pim****",
    "review_id": "2448221",
    "movie_id": "44471"
  },
  {
    "review": "덩치 산만한 남정네들이 귀엽네 ㅎㅎㅎ",
    "date": "08.02.14",
    "rating": "6",
    "author": "egyp****",
    "review_id": "2443630",
    "movie_id": "44471"
  },
  {
    "review": "가볍게 웃으면서 볼 수 있는 로맨틱 코메디!!",
    "date": "07.12.31",
    "rating": "8",
    "author": "silv****",
    "review_id": "2284156",
    "movie_id": "44471"
  },
  {
    "review": "금세기 최고의영화",
    "date": "07.10.17",
    "rating": "10",
    "author": "bbk8****",
    "review_id": "2094829",
    "movie_id": "44471"
  }
]