[
  {
    "review": "정말 오랜만에 괜찮은 영화를 봤네요",
    "date": "12.09.18",
    "rating": "9",
    "author": "upit****",
    "review_id": "6709837",
    "movie_id": "44473"
  },
  {
    "review": "나는 태국에 대한 편협함을 극복해야 한다. 다시 평점을 주든지...",
    "date": "11.07.30",
    "rating": "4",
    "author": "pria****",
    "review_id": "5584370",
    "movie_id": "44473"
  },
  {
    "review": "굿 좀웃기기도하고 뭐 괜찬음",
    "date": "11.07.30",
    "rating": "10",
    "author": "wlgn****",
    "review_id": "5582604",
    "movie_id": "44473"
  },
  {
    "review": "ㅠㅠ 꼭보세영",
    "date": "11.07.18",
    "rating": "10",
    "author": "vovo****",
    "review_id": "5552296",
    "movie_id": "44473"
  },
  {
    "review": "솔직히 일반 멜로물 이랑 뭐가 다른지 잘 모르겠다.",
    "date": "10.02.02",
    "rating": "4",
    "author": "evil****",
    "review_id": "4234508",
    "movie_id": "44473"
  },
  {
    "review": "엔딩 ost 가 정말 좋다...",
    "date": "09.07.12",
    "rating": "10",
    "author": "hara****",
    "review_id": "3626872",
    "movie_id": "44473"
  },
  {
    "review": "성 정체성에 대해서 편견을 깨게 해주는 영화...",
    "date": "08.12.29",
    "rating": "10",
    "author": "melo****",
    "review_id": "3165062",
    "movie_id": "44473"
  },
  {
    "review": "현재의 내가, 내가 아닐수도 있다.... 꽤 괜찮은 영화 ^^",
    "date": "08.11.16",
    "rating": "9",
    "author": "beyo****",
    "review_id": "3053733",
    "movie_id": "44473"
  },
  {
    "review": "게이나올때부터 토쏠려서 꺼버렷음 아놔 시간아 재길...",
    "date": "08.07.11",
    "rating": "1",
    "author": "holi****",
    "review_id": "2754458",
    "movie_id": "44473"
  },
  {
    "review": "정말 오랜만에 재밋고 러브스토리가 슬펐어여 ㅠㅠ",
    "date": "08.06.09",
    "rating": "10",
    "author": "hiya****",
    "review_id": "2689853",
    "movie_id": "44473"
  },
  {
    "review": "간만에 정말 잼있는 영화봤네요...정말 독특하고 괜찬은 느낌..",
    "date": "08.06.06",
    "rating": "10",
    "author": "xori****",
    "review_id": "2681825",
    "movie_id": "44473"
  },
  {
    "review": "성정체성이라는 것도 환경에 따라서 달라질 수 있다. 유쾌하고 재밌었어요",
    "date": "08.05.15",
    "rating": "10",
    "author": "rabb****",
    "review_id": "2642079",
    "movie_id": "44473"
  },
  {
    "review": "식상하다",
    "date": "08.05.10",
    "rating": "5",
    "author": "love****",
    "review_id": "2630398",
    "movie_id": "44473"
  },
  {
    "review": "눈치가너무빠른것도재미를반감시키는군~독특한느낌이나노래도좋구괜찮음",
    "date": "08.05.09",
    "rating": "7",
    "author": "tea6****",
    "review_id": "2626907",
    "movie_id": "44473"
  },
  {
    "review": "태국다운 소재, 완성도...",
    "date": "08.04.22",
    "rating": "5",
    "author": "wert****",
    "review_id": "2593764",
    "movie_id": "44473"
  },
  {
    "review": "와... ㅋㅋ 잼있네여~ 색다른반전과 함께 유쾌한 러브스토리 진짜 잼땅~~",
    "date": "08.03.17",
    "rating": "10",
    "author": "poto****",
    "review_id": "2525656",
    "movie_id": "44473"
  },
  {
    "review": "남자주인공 너무 눈빛이 예뻐요 내용도 잔잔하고 잼있고 따뜻한영화네요",
    "date": "08.03.10",
    "rating": "10",
    "author": "noso****",
    "review_id": "2514501",
    "movie_id": "44473"
  },
  {
    "review": "잼없는태국영화도많은데..이건잔잔하니좋다",
    "date": "08.03.09",
    "rating": "10",
    "author": "meys****",
    "review_id": "2510616",
    "movie_id": "44473"
  },
  {
    "review": "거부감 드는 소재도 문제지만.... 무지하게 지루한 연출에 답답할뿐이다",
    "date": "08.03.07",
    "rating": "2",
    "author": "anyo****",
    "review_id": "2507505",
    "movie_id": "44473"
  },
  {
    "review": "오호 태국영화 다시 봤다",
    "date": "07.09.29",
    "rating": "10",
    "author": "tolb****",
    "review_id": "2060485",
    "movie_id": "44473"
  },
  {
    "review": "태국이 영화 생각보다 잘만드네요. 꽤 재미있는 멜로였습니다. ^^",
    "date": "07.09.27",
    "rating": "10",
    "author": "bogn****",
    "review_id": "2055406",
    "movie_id": "44473"
  },
  {
    "review": "아하하~ 마지막에 반전에 충격적! ㅎㅎ",
    "date": "07.09.23",
    "rating": "8",
    "author": "korn****",
    "review_id": "2042976",
    "movie_id": "44473"
  },
  {
    "review": "태국 영화,, 의외로 재밌네요 ㅋ",
    "date": "07.09.22",
    "rating": "8",
    "author": "mona****",
    "review_id": "2038804",
    "movie_id": "44473"
  },
  {
    "review": "태국분위기도 느낄수있고 남주인공도잘생기고 나름괜찮네요~",
    "date": "07.09.22",
    "rating": "6",
    "author": "sekh****",
    "review_id": "2036484",
    "movie_id": "44473"
  },
  {
    "review": "오아!!!! 그냥 10점 받아라",
    "date": "07.09.22",
    "rating": "10",
    "author": "hy_1****",
    "review_id": "2036327",
    "movie_id": "44473"
  },
  {
    "review": "시사회봤어요! 남자주인공 너무 잘생겼어요 ㅋㅋ 이야기도 재밌고 ^^",
    "date": "07.09.21",
    "rating": "10",
    "author": "dlcl****",
    "review_id": "2034647",
    "movie_id": "44473"
  },
  {
    "review": "완전 사랑스러워요~셔터나온 남자주인공. 완전 이미지 다른데요",
    "date": "07.09.21",
    "rating": "10",
    "author": "heym****",
    "review_id": "2034643",
    "movie_id": "44473"
  }
]