[
  {
    "review": "디데이 진짜재밌게봤어용",
    "date": "15.06.14",
    "rating": "10",
    "author": "sulr****",
    "review_id": "10000278",
    "movie_id": "44489"
  },
  {
    "review": "정말 개무서웠음. 9년지났는데도 부들부들했던 기억이남",
    "date": "15.04.29",
    "rating": "9",
    "author": "love****",
    "review_id": "9878217",
    "movie_id": "44489"
  },
  {
    "review": "이 뻔하고 끔직한 공포 영화 공식이 더 소름끼쳐.",
    "date": "15.03.10",
    "rating": "4",
    "author": "tear****",
    "review_id": "9771260",
    "movie_id": "44489"
  },
  {
    "review": "진심으로 tv 전기세가 아까웠다!!!",
    "date": "15.01.09",
    "rating": "1",
    "author": "ske4****",
    "review_id": "9576450",
    "movie_id": "44489"
  },
  {
    "review": "2,006년이면 중3... 그때 여름에 바닷가 놀러갔다 와서 재밌게 봤었는데.. 벌써 9년전이네...",
    "date": "14.07.16",
    "rating": "10",
    "author": "ball****",
    "review_id": "8920363",
    "movie_id": "44489"
  },
  {
    "review": "한국공포영화에서 이런 시리즈물 대작을 만들 줄은 그 당시에 몰랐다. 물론 스토리가 이어지지 않지만 끊임없는 공포를 주기에 충분했다. 이 영화 역시 배우의 캐스팅과 연기력이 많은 효과를 본거 같다.",
    "date": "14.05.19",
    "rating": "8",
    "author": "yong****",
    "review_id": "8748013",
    "movie_id": "44489"
  },
  {
    "review": "미친...졸리면 처자빠져자지 맨날 졸음운전이야",
    "date": "13.10.03",
    "rating": "3",
    "author": "kesn****",
    "review_id": "8031768",
    "movie_id": "44489"
  },
  {
    "review": "어지간한 공포 영화 보면 저게 머야? 이러고 넘기는데 이거 보다 지릴뻔 ㅠㅠ 사운드가 아주 지데로네요.",
    "date": "13.09.26",
    "rating": "10",
    "author": "anzi****",
    "review_id": "8016499",
    "movie_id": "44489"
  },
  {
    "review": "디데이가 제일 낫네",
    "date": "13.09.15",
    "rating": "8",
    "author": "xueb****",
    "review_id": "7981865",
    "movie_id": "44489"
  },
  {
    "review": "2월 29일 볼만해 ㅠㅠ 혼자봐서 그런가 깜짝깜짝놀래서ㅜ기절할뻔 ㅠㅠ",
    "date": "13.08.10",
    "rating": "9",
    "author": "helo****",
    "review_id": "7864355",
    "movie_id": "44489"
  },
  {
    "review": "괴담으로 떠도는 흔한 주제들이라 시시할것 같지만 그런게 오히려 더 무섭더라. 근데 사연들이 대부분 여기저기 많이 써먹었던것들..;; 그래도 뭐 공포영화의 본질을 잘 살린 영화라고 생각된다^^",
    "date": "13.08.06",
    "rating": "8",
    "author": "may0****",
    "review_id": "7850897",
    "movie_id": "44489"
  },
  {
    "review": "원작은 이 정돈 아닐텐데, 정말 발로 찍었군. 전혀 무섭지가 않다.",
    "date": "13.01.15",
    "rating": "3",
    "author": "toto****",
    "review_id": "7117860",
    "movie_id": "44489"
  },
  {
    "review": "이것도 영화인지. 난 드라마인줄 알았다. 소재도 연출도 전체적으로 너무 부족하다.",
    "date": "13.01.07",
    "rating": "2",
    "author": "jini****",
    "review_id": "7089215",
    "movie_id": "44489"
  },
  {
    "review": "영화라기보단 단편 드라마같은 느낌.. 영상도 그렇고.. 2월 29일도 지금 봐서그런지 식상한 소재다",
    "date": "12.11.08",
    "rating": "2",
    "author": "seul****",
    "review_id": "6868289",
    "movie_id": "44489"
  },
  {
    "review": "다 괜찮았다. 분위기 메이킹을 매우 잘해놓은 것 같다. 영화라기 보단 소설식 구성이나 전개,결말 분위기를 보인다. 어쨌든 시간을 투자하여 볼만한 가치가 있는 영화",
    "date": "12.10.10",
    "rating": "7",
    "author": "scs5****",
    "review_id": "6778203",
    "movie_id": "44489"
  },
  {
    "review": "2월 29일이 최고임. 그 다음 D-day",
    "date": "12.09.25",
    "rating": "10",
    "author": "olll****",
    "review_id": "6730806",
    "movie_id": "44489"
  },
  {
    "review": "무섭진 않은데 스토리나 분위기가 뭔가 고전의 공포영화같은 느낌이 든다. 괜찮음.",
    "date": "12.09.22",
    "rating": "7",
    "author": "gjin****",
    "review_id": "6723146",
    "movie_id": "44489"
  },
  {
    "review": "극장에서 개봉한뒤 얼마안가 4편다 tv에서 해줬지만 2월29일 d-day 네번째층은 꽤 재밌었다. 죽음의 숲도 그럭저럭 볼만함.",
    "date": "12.09.03",
    "rating": "9",
    "author": "kem1****",
    "review_id": "6666540",
    "movie_id": "44489"
  },
  {
    "review": "깜짝깜짝 놀랄정도 귀신이 나타낸다.",
    "date": "12.08.25",
    "rating": "1",
    "author": "shsh****",
    "review_id": "6642687",
    "movie_id": "44489"
  },
  {
    "review": "다른 영화가 나은데 그런데 죽음의 숲이 가장 최악이다",
    "date": "12.08.23",
    "rating": "1",
    "author": "iiii****",
    "review_id": "6637556",
    "movie_id": "44489"
  },
  {
    "review": "죽음의 숲 때문에 1점 준다",
    "date": "12.08.22",
    "rating": "1",
    "author": "sh15****",
    "review_id": "6634849",
    "movie_id": "44489"
  },
  {
    "review": "어릴적보던 전설의 고향이 생각나네. 재밌네",
    "date": "12.08.20",
    "rating": "9",
    "author": "love****",
    "review_id": "6630669",
    "movie_id": "44489"
  },
  {
    "review": "조낸재미없네",
    "date": "12.08.05",
    "rating": "1",
    "author": "zbxl****",
    "review_id": "6575396",
    "movie_id": "44489"
  },
  {
    "review": "평범했던 공포영화.",
    "date": "12.08.04",
    "rating": "5",
    "author": "ci30****",
    "review_id": "6570403",
    "movie_id": "44489"
  },
  {
    "review": "재밌다",
    "date": "12.02.22",
    "rating": "9",
    "author": "dhm2****",
    "review_id": "6096239",
    "movie_id": "44489"
  },
  {
    "review": "색다른 공포...........에피소드중 2개는 볼만함",
    "date": "11.12.24",
    "rating": "8",
    "author": "refr****",
    "review_id": "5929095",
    "movie_id": "44489"
  },
  {
    "review": "재밋다  근대  깜짝놀랄만한 부분도잇고 여전히   이영화보면 서  평가남기는중",
    "date": "11.09.18",
    "rating": "10",
    "author": "vldz****",
    "review_id": "5739025",
    "movie_id": "44489"
  },
  {
    "review": "재밋다.ㅋㅋㅋ 깜놀한 부분도 있었구.",
    "date": "11.08.05",
    "rating": "10",
    "author": "pop5****",
    "review_id": "5605658",
    "movie_id": "44489"
  },
  {
    "review": "각기다른 이야기가 만들어내는 색다른 공포의 세계",
    "date": "11.07.01",
    "rating": "8",
    "author": "crys****",
    "review_id": "5514374",
    "movie_id": "44489"
  },
  {
    "review": "엥....",
    "date": "11.06.22",
    "rating": "4",
    "author": "chlc****",
    "review_id": "5493559",
    "movie_id": "44489"
  },
  {
    "review": "대박중에 대박인 영화",
    "date": "11.02.27",
    "rating": "10",
    "author": "ghay****",
    "review_id": "5279783",
    "movie_id": "44489"
  },
  {
    "review": "볼만함 잼씀ㅋ",
    "date": "11.02.18",
    "rating": "10",
    "author": "cts0****",
    "review_id": "5252899",
    "movie_id": "44489"
  },
  {
    "review": "볼만함 잼씀ㅋ",
    "date": "11.02.18",
    "rating": "10",
    "author": "cts0****",
    "review_id": "5252900",
    "movie_id": "44489"
  },
  {
    "review": "죽음의숲..이때까지 봤던 공포영화 중에 가장 무서웠다",
    "date": "10.09.03",
    "rating": "10",
    "author": "pjh8****",
    "review_id": "4813370",
    "movie_id": "44489"
  },
  {
    "review": "이거 재밌는데...",
    "date": "10.08.19",
    "rating": "10",
    "author": "cyhm****",
    "review_id": "4767264",
    "movie_id": "44489"
  },
  {
    "review": "평점 너무 높은거 아냐? 전혀 무섭지도 전혀 흥미롭지도 않은 이야기들...",
    "date": "10.08.16",
    "rating": "2",
    "author": "hamj****",
    "review_id": "4755283",
    "movie_id": "44489"
  },
  {
    "review": "그럭저럭 볼만은 했는데.. 연기는 별로였다.",
    "date": "10.08.15",
    "rating": "6",
    "author": "alsl****",
    "review_id": "4750492",
    "movie_id": "44489"
  },
  {
    "review": "2월29일// 역시나 공포영화에서 등장하는 경찰은 정말.... 주인공은 연기력이 정말...",
    "date": "10.08.08",
    "rating": "4",
    "author": "zera****",
    "review_id": "4721771",
    "movie_id": "44489"
  },
  {
    "review": "죽음의숲 굉장히 재미있었다",
    "date": "10.07.19",
    "rating": "10",
    "author": "ngu1****",
    "review_id": "4652589",
    "movie_id": "44489"
  },
  {
    "review": "재밋던데",
    "date": "10.07.19",
    "rating": "10",
    "author": "slio****",
    "review_id": "4652521",
    "movie_id": "44489"
  },
  {
    "review": "뭐 그럭저럭 나쁘진 않다",
    "date": "10.07.19",
    "rating": "6",
    "author": "dlwn****",
    "review_id": "4652519",
    "movie_id": "44489"
  },
  {
    "review": "아까 케이블에서 해준거 봣는데...... 좀 지루햇다 ㅠ",
    "date": "10.06.03",
    "rating": "6",
    "author": "lee8****",
    "review_id": "4542710",
    "movie_id": "44489"
  },
  {
    "review": "시사하는바가 크지만 재미는 없다.",
    "date": "10.03.28",
    "rating": "6",
    "author": "rlad****",
    "review_id": "4393799",
    "movie_id": "44489"
  },
  {
    "review": "2월 29일 - 몰입도,스토리,약간의반전 한국에서 이정도 공포영화가 나오다니. 감동",
    "date": "09.12.29",
    "rating": "10",
    "author": "cndo****",
    "review_id": "4102704",
    "movie_id": "44489"
  },
  {
    "review": "케이블에서 해줘서 D-day만 봤는데 아...........뭥............근데 좀 놀라긴했음",
    "date": "09.09.22",
    "rating": "3",
    "author": "supr****",
    "review_id": "3845021",
    "movie_id": "44489"
  },
  {
    "review": "시간아까움 짜증나는영화 이거진짜재미없음 보지마셈 시간낭비",
    "date": "09.09.22",
    "rating": "1",
    "author": "wjdw****",
    "review_id": "3844628",
    "movie_id": "44489"
  },
  {
    "review": "죽음의 숲은 딱히..그렇지만  d-day는 정말 .... 뭐랄까",
    "date": "09.09.22",
    "rating": "9",
    "author": "gkwl****",
    "review_id": "3844626",
    "movie_id": "44489"
  },
  {
    "review": "이은성예뻐서ㅋㅋ",
    "date": "09.09.20",
    "rating": "10",
    "author": "aa57****",
    "review_id": "3840705",
    "movie_id": "44489"
  },
  {
    "review": "나름 신선하고 잼났어요 ㅎㅎㅎ",
    "date": "09.08.29",
    "rating": "10",
    "author": "wjda****",
    "review_id": "3795678",
    "movie_id": "44489"
  },
  {
    "review": "죽음의 숲 - 스토리가 가끔씩 이해할 수 없는 내용들이 많았다",
    "date": "09.08.27",
    "rating": "1",
    "author": "gkgk****",
    "review_id": "3791137",
    "movie_id": "44489"
  },
  {
    "review": "3번째는 꽤재밌던데...",
    "date": "09.08.23",
    "rating": "9",
    "author": "dlae****",
    "review_id": "3780959",
    "movie_id": "44489"
  },
  {
    "review": "삽스쿨을 갔어야지... ㅉㅉ 그러면 저런일은 없었을꺼야",
    "date": "09.08.23",
    "rating": "7",
    "author": "gobo****",
    "review_id": "3779723",
    "movie_id": "44489"
  },
  {
    "review": "완전재미없다",
    "date": "09.08.23",
    "rating": "1",
    "author": "slam****",
    "review_id": "3779051",
    "movie_id": "44489"
  },
  {
    "review": "정말 딱 반점에 약간 못미칠만한 영화",
    "date": "09.08.22",
    "rating": "4",
    "author": "asdb****",
    "review_id": "3778512",
    "movie_id": "44489"
  },
  {
    "review": "죽음의숲- 모든 인물이 하나같이 멍청하고 빨리 죽기만을 바랬다",
    "date": "09.08.16",
    "rating": "1",
    "author": "shar****",
    "review_id": "3754122",
    "movie_id": "44489"
  },
  {
    "review": "죽음의 숲 무슨 뜸을 그렇게 들이는지 ㅡㅡ 보는동안 짜증",
    "date": "09.08.16",
    "rating": "1",
    "author": "khi8****",
    "review_id": "3753922",
    "movie_id": "44489"
  },
  {
    "review": "타조알의 개같은 발연기가 종나 무섭다",
    "date": "09.08.16",
    "rating": "1",
    "author": "ipra****",
    "review_id": "3753910",
    "movie_id": "44489"
  },
  {
    "review": "방금 죽음의숲봤다...별반개도아깝다. 이게 뭐냐?쪽팔린다 으이구~...",
    "date": "09.08.16",
    "rating": "1",
    "author": "jeju****",
    "review_id": "3753903",
    "movie_id": "44489"
  },
  {
    "review": "죽음의 숲 ㅋㅋ 보는중인데 아저씨 불쌍 ㅋㅋ",
    "date": "09.08.16",
    "rating": "10",
    "author": "imfe****",
    "review_id": "3753772",
    "movie_id": "44489"
  },
  {
    "review": "죽음의 숲,,아직도기억난다,,좀비",
    "date": "09.08.15",
    "rating": "10",
    "author": "msd7****",
    "review_id": "3751150",
    "movie_id": "44489"
  },
  {
    "review": "님들아  모르세요 ?  2월29일인이 여기서 젤 낮아요",
    "date": "09.07.25",
    "rating": "10",
    "author": "djkk****",
    "review_id": "3666069",
    "movie_id": "44489"
  },
  {
    "review": "다 재밌음ㅋ 근데죽음의 숲은 책으로 보는 게 훨씬 낫다 더 꺼림칙하고 전개도 시원함",
    "date": "09.07.24",
    "rating": "10",
    "author": "dddf****",
    "review_id": "3664050",
    "movie_id": "44489"
  },
  {
    "review": "오랜만에 괜찮은 공포영화 온갖잔혹이 연출되는 공포영화보다는 정말 괜찮음",
    "date": "09.07.20",
    "rating": "10",
    "author": "cher****",
    "review_id": "3652235",
    "movie_id": "44489"
  },
  {
    "review": "1,4 이야기는 소설로도 봤는데 소설이 더 섬찟",
    "date": "09.07.12",
    "rating": "10",
    "author": "enas****",
    "review_id": "3627418",
    "movie_id": "44489"
  },
  {
    "review": "내가 이제껏 그 무섭다는 공포영화는 다 웃으면서 봤는데 2월29일..은좀 무섭..;;",
    "date": "09.06.16",
    "rating": "10",
    "author": "djaj****",
    "review_id": "3569587",
    "movie_id": "44489"
  },
  {
    "review": "혼자서2월29일봤는데친구부르고싶었음ㅠ0ㅠ",
    "date": "09.06.15",
    "rating": "9",
    "author": "happ****",
    "review_id": "3568410",
    "movie_id": "44489"
  },
  {
    "review": "이은성 예쁨",
    "date": "09.05.13",
    "rating": "10",
    "author": "ehwh****",
    "review_id": "3492916",
    "movie_id": "44489"
  },
  {
    "review": "케이블에서 네번째층봤는데 무섭고 슬펐어요~ㅜ",
    "date": "09.05.03",
    "rating": "9",
    "author": "ghdv****",
    "review_id": "3462760",
    "movie_id": "44489"
  },
  {
    "review": "디데이 공감되서 무섭더라 ㅋㅋ",
    "date": "09.04.28",
    "rating": "10",
    "author": "neoh****",
    "review_id": "3446416",
    "movie_id": "44489"
  },
  {
    "review": "2월 29일 반전 최고...!",
    "date": "09.04.16",
    "rating": "10",
    "author": "asng****",
    "review_id": "3423852",
    "movie_id": "44489"
  },
  {
    "review": "나름대로 무서워요^^",
    "date": "09.02.20",
    "rating": "7",
    "author": "elma****",
    "review_id": "3319837",
    "movie_id": "44489"
  },
  {
    "review": "시리즈 전체로 평균점수 7점 주겠음",
    "date": "09.01.15",
    "rating": "7",
    "author": "teo0****",
    "review_id": "3223394",
    "movie_id": "44489"
  },
  {
    "review": "첨엔무서웠는데  마지막은허무",
    "date": "08.12.26",
    "rating": "10",
    "author": "suna****",
    "review_id": "3155434",
    "movie_id": "44489"
  },
  {
    "review": "공포스럽진않지만 만든성의에 대해 이정도는 줘야한다 생각합니다.",
    "date": "08.08.17",
    "rating": "8",
    "author": "rytn****",
    "review_id": "2879425",
    "movie_id": "44489"
  },
  {
    "review": "흠좀무...",
    "date": "08.08.17",
    "rating": "6",
    "author": "refr****",
    "review_id": "2878562",
    "movie_id": "44489"
  },
  {
    "review": "그냥 말이필요없는퍼펙트영화내요 정말 뫼비우싀의 띠와 같은 결말이군요...",
    "date": "08.07.31",
    "rating": "10",
    "author": "tjsd****",
    "review_id": "2819099",
    "movie_id": "44489"
  },
  {
    "review": "솔직히말하면 완전 4차원을넘나드는 영화 ,,,글새요 ,,,",
    "date": "08.07.24",
    "rating": "5",
    "author": "wlsg****",
    "review_id": "2799132",
    "movie_id": "44489"
  },
  {
    "review": "무섭고 재밌었어요&gt&lt 또보고싶어요♥",
    "date": "08.07.24",
    "rating": "10",
    "author": "ckdb****",
    "review_id": "2799074",
    "movie_id": "44489"
  },
  {
    "review": "볼만했음",
    "date": "08.07.24",
    "rating": "7",
    "author": "bogd****",
    "review_id": "2799063",
    "movie_id": "44489"
  },
  {
    "review": "티비채널돌리다가 이거하길레보는중! 이거돈주고보셔도 후회안할듯!별5개드려요&gt&ltㅋ",
    "date": "08.07.24",
    "rating": "10",
    "author": "rjsg****",
    "review_id": "2798874",
    "movie_id": "44489"
  },
  {
    "review": "혼자 보면 무서운 영화. 그러나 같이보면 재미있는 영화.",
    "date": "08.07.24",
    "rating": "8",
    "author": "jbli****",
    "review_id": "2798824",
    "movie_id": "44489"
  },
  {
    "review": "ㅋㅎㅋㅎ무섭기보다는..재밌다 ㄻ",
    "date": "08.06.29",
    "rating": "9",
    "author": "yury****",
    "review_id": "2728474",
    "movie_id": "44489"
  },
  {
    "review": "나 무서워...나 정말 자신있었는데...이영화 진짜 좀 무섭다;;;",
    "date": "08.06.26",
    "rating": "10",
    "author": "euyj****",
    "review_id": "2722837",
    "movie_id": "44489"
  },
  {
    "review": "내가 정말 좋아하는 영화중하나. 하나하나 매력이좋다",
    "date": "08.06.14",
    "rating": "10",
    "author": "cha2****",
    "review_id": "2698613",
    "movie_id": "44489"
  },
  {
    "review": "XXX아 무섭잖아!!!",
    "date": "08.06.06",
    "rating": "10",
    "author": "ecli****",
    "review_id": "2681981",
    "movie_id": "44489"
  },
  {
    "review": "시리즈가 독립적이라 좋아요~~",
    "date": "08.03.25",
    "rating": "8",
    "author": "niko****",
    "review_id": "2541478",
    "movie_id": "44489"
  },
  {
    "review": "꽤 괜찮다고 생각해요.",
    "date": "08.03.18",
    "rating": "8",
    "author": "zinn****",
    "review_id": "2527868",
    "movie_id": "44489"
  },
  {
    "review": "8점",
    "date": "08.02.10",
    "rating": "8",
    "author": "dede****",
    "review_id": "2432317",
    "movie_id": "44489"
  },
  {
    "review": "진짜 재밌게 잘 봤습니다 ㅋㅋ",
    "date": "08.01.12",
    "rating": "10",
    "author": "jjhg****",
    "review_id": "2320748",
    "movie_id": "44489"
  },
  {
    "review": "꼭 해드셋 끼고 보세요. 미치도록 무서움",
    "date": "08.01.11",
    "rating": "10",
    "author": "sale****",
    "review_id": "2315784",
    "movie_id": "44489"
  },
  {
    "review": "진짜루우 ~ 재밎게 봤어요 진짜로 짱이였음",
    "date": "07.11.23",
    "rating": "10",
    "author": "dlgk****",
    "review_id": "2177087",
    "movie_id": "44489"
  },
  {
    "review": "tv - tv방영!,4편시리즈로 2006년 여름 더위를 잠시나마 잊었던^^!",
    "date": "07.10.13",
    "rating": "10",
    "author": "jmy1****",
    "review_id": "2086565",
    "movie_id": "44489"
  },
  {
    "review": "D-day",
    "date": "07.09.27",
    "rating": "8",
    "author": "seag****",
    "review_id": "2055314",
    "movie_id": "44489"
  },
  {
    "review": "나는 D-day가 가장 무섭고 인상깊은 영화였다..",
    "date": "07.09.22",
    "rating": "10",
    "author": "tkdr****",
    "review_id": "2038616",
    "movie_id": "44489"
  },
  {
    "review": "원작만큼 재미가 없었다는...책이 훨씬더 무섭다.",
    "date": "07.08.26",
    "rating": "5",
    "author": "redo****",
    "review_id": "1982195",
    "movie_id": "44489"
  },
  {
    "review": "2월 29일 4번째 층 덕분에 7점 죽음의숲은 뭐냐 ㅋㅋ",
    "date": "07.08.14",
    "rating": "7",
    "author": "whtm****",
    "review_id": "1938216",
    "movie_id": "44489"
  },
  {
    "review": "소리로 놀래키는 전형적인 한국영화.스토리로 좀 무섭게 해주면 안대겠니?",
    "date": "07.08.09",
    "rating": "4",
    "author": "ryoi****",
    "review_id": "1908681",
    "movie_id": "44489"
  },
  {
    "review": "한국형호러무비 너무나 한국스러워서 무서웠다.",
    "date": "07.08.05",
    "rating": "8",
    "author": "darq****",
    "review_id": "1879020",
    "movie_id": "44489"
  },
  {
    "review": "결말 보고 기분 짜증. 그럼 혼자 쇼한것인가? 허무..ㅋㅋ",
    "date": "07.08.05",
    "rating": "8",
    "author": "ekdn****",
    "review_id": "1878939",
    "movie_id": "44489"
  },
  {
    "review": "2월29일 이랑 D-day는 정말 괜찮았어요.",
    "date": "07.08.04",
    "rating": "8",
    "author": "gkxm****",
    "review_id": "1870987",
    "movie_id": "44489"
  }
]