[
  {
    "review": "평점 조절이 필요하군!!!",
    "date": "14.07.15",
    "rating": "1",
    "author": "ske4****",
    "review_id": "8917945",
    "movie_id": "44516"
  },
  {
    "review": "정말 재밌었는데 평점10이라서 9점대 만들려고 깍는다 오해말자",
    "date": "13.08.18",
    "rating": "1",
    "author": "son_****",
    "review_id": "7900641",
    "movie_id": "44516"
  },
  {
    "review": "의리!",
    "date": "13.03.24",
    "rating": "10",
    "author": "mykj****",
    "review_id": "7403515",
    "movie_id": "44516"
  },
  {
    "review": "고속버스대합실에서 우연히 접한영화 같이 버스를기다리던 5-6명이 별생각없이 영화를 보기시작했고 영화가 진행될수록 그수는 50,500 으로 늘었고 모두의 얼굴은 감동으로 상기되있었다",
    "date": "13.03.19",
    "rating": "10",
    "author": "nora****",
    "review_id": "7369882",
    "movie_id": "44516"
  },
  {
    "review": "ㅈ최고의영화",
    "date": "13.03.19",
    "rating": "10",
    "author": "blue****",
    "review_id": "7369207",
    "movie_id": "44516"
  },
  {
    "review": "캬",
    "date": "13.03.19",
    "rating": "10",
    "author": "kafk****",
    "review_id": "7369168",
    "movie_id": "44516"
  }
]