[
  {
    "review": "야 내가 너 인생 도움되라고 한마디만 하겠는데, 멍청한건 불쌍한게 아니라 나쁜거야.. 주변사람들을 힘들게 하니까../저게 PMP라고 사진도 찍고 음악도 듣고 영화도 보는거야 / 거짓말 하지마 아예 TV도 나온다고 해라.. / 내벌을 달게받어라!!",
    "date": "15.08.23",
    "rating": "8",
    "author": "danz****",
    "review_id": "10269196",
    "movie_id": "44529"
  },
  {
    "review": "호감순최신순평점 높은 순평점 낮은 순",
    "date": "15.08.23",
    "rating": "6",
    "author": "bell****",
    "review_id": "10264844",
    "movie_id": "44529"
  },
  {
    "review": "진심 5점준 기자단은 어떤걸 기대한건지 궁금하다.",
    "date": "15.08.21",
    "rating": "10",
    "author": "ck62****",
    "review_id": "10259916",
    "movie_id": "44529"
  },
  {
    "review": "한국영화중최고 태식이ㅠㅠ",
    "date": "15.08.21",
    "rating": "10",
    "author": "doo3****",
    "review_id": "10259594",
    "movie_id": "44529"
  },
  {
    "review": "진짜 명작중에 명작이다",
    "date": "15.08.19",
    "rating": "10",
    "author": "tjdd****",
    "review_id": "10251375",
    "movie_id": "44529"
  },
  {
    "review": "이영화는 한번도 안본사람은 있어도 한번만 본사람은 절대 없다 명작이다",
    "date": "15.08.18",
    "rating": "10",
    "author": "rlau****",
    "review_id": "10247705",
    "movie_id": "44529"
  },
  {
    "review": "어떤쌔기가 재수없게 울어? 나다 이 OO끼야 ㅠ",
    "date": "15.08.16",
    "rating": "10",
    "author": "stli****",
    "review_id": "10243365",
    "movie_id": "44529"
  },
  {
    "review": "평범한 행복함에 공감됐다.ㅠ",
    "date": "15.08.14",
    "rating": "10",
    "author": "roh2****",
    "review_id": "10229335",
    "movie_id": "44529"
  },
  {
    "review": "긴말 필요허냐? 그으양 씁명작 인정하시나여 여러븐?",
    "date": "15.08.12",
    "rating": "1",
    "author": "maky****",
    "review_id": "10220162",
    "movie_id": "44529"
  },
  {
    "review": "이 영화가 이렇게 좋은 평을 받는 이유를 정말 도저히 모르겠다. 김래원과 김해숙의 연기만으로 넘어가기엔 영화가 너무 허술한데",
    "date": "15.08.10",
    "rating": "1",
    "author": "lees****",
    "review_id": "10214551",
    "movie_id": "44529"
  },
  {
    "review": "감독 해바라기 찍고 이후 작품보니 여기에 일생의 모든 재능을 쏟아부은 것 같다 `태식이형은 나가있어 OOO 싫으면'이란 명대사는 한국느와르의  오랜 명대사가 되었다",
    "date": "15.08.10",
    "rating": "10",
    "author": "jake****",
    "review_id": "10211554",
    "movie_id": "44529"
  },
  {
    "review": "최고의 느와르다...",
    "date": "15.08.06",
    "rating": "10",
    "author": "ksj7****",
    "review_id": "10194635",
    "movie_id": "44529"
  },
  {
    "review": "명작이다. 이건 꼭 봐야되는것이다.",
    "date": "15.08.04",
    "rating": "10",
    "author": "kind****",
    "review_id": "10183932",
    "movie_id": "44529"
  },
  {
    "review": "이제까지 나온 한국 느와르 영화 중 감히 최고라 말하고 싶다.. 다른 느와르 영화와는 다르게 보고나면 가슴이 먹먹해지는 무거운 감동이 있는 영화.. 특히 김래원 연기는 압권이다. 강추...",
    "date": "15.08.02",
    "rating": "10",
    "author": "k163****",
    "review_id": "10173732",
    "movie_id": "44529"
  },
  {
    "review": "액션영화가 아닌 한사람이 사람으로인해 사람으로 변해가는 성장기와같은 영화",
    "date": "15.08.01",
    "rating": "8",
    "author": "song****",
    "review_id": "10171193",
    "movie_id": "44529"
  },
  {
    "review": "보고또봐도 가슴 찡하네요",
    "date": "15.08.01",
    "rating": "10",
    "author": "kwon****",
    "review_id": "10169264",
    "movie_id": "44529"
  },
  {
    "review": "김래원 연기쩜!! 진심 추천영화~!!",
    "date": "15.07.30",
    "rating": "10",
    "author": "izum****",
    "review_id": "10162980",
    "movie_id": "44529"
  },
  {
    "review": "완전 감동 ㅠ 넘 늦게 본듯하네요 최고임",
    "date": "15.07.29",
    "rating": "10",
    "author": "khnj****",
    "review_id": "10156384",
    "movie_id": "44529"
  },
  {
    "review": "김래원의 연기에도 감탄했지만 친아들 도필이 생각하면서 독백을 하던 김해숙의 연기는 역시 명불허전이라는 말 밖에 생각나지 않았다",
    "date": "15.07.28",
    "rating": "10",
    "author": "leeh****",
    "review_id": "10154588",
    "movie_id": "44529"
  },
  {
    "review": "망작. 전형적인 한국식 신파 깡패영화. 이딴걸 여러번 본다는 영알못 새키들 ㅈㅅ추천",
    "date": "15.07.28",
    "rating": "1",
    "author": "crea****",
    "review_id": "10154148",
    "movie_id": "44529"
  },
  {
    "review": "덕자와 태식이가 어떤사연으로 알게되어 있는지에 대한 스토리도 만들어졌으면 하다",
    "date": "15.07.28",
    "rating": "10",
    "author": "time****",
    "review_id": "10153463",
    "movie_id": "44529"
  },
  {
    "review": "오늘 해바라기 봤습니다. 예전엔 해바라기의 명대사인 꼭 그래야만 했냐 꼭 그렇게 다 가져가야만 속이 후련했냐!만 짤막한 영상으로 보고 김래원님이 연기를 못하시는 건가하고 생각했었던 적이 있었는데 그게 작품 캐릭터였군요 연기 너무 잘하십니다. 멋있어요.",
    "date": "15.07.28",
    "rating": "10",
    "author": "gust****",
    "review_id": "10153036",
    "movie_id": "44529"
  },
  {
    "review": "내 평생 다섯번 이상 본 영화는 해바라기가 유일",
    "date": "15.07.27",
    "rating": "10",
    "author": "seoa****",
    "review_id": "10148748",
    "movie_id": "44529"
  },
  {
    "review": "죄를 저지르면 벌을 받는 것이 세상의 이치라고 들었다. 그래서 내가 지금부터 벌을 줄테니 달게 받아라.",
    "date": "15.07.25",
    "rating": "10",
    "author": "ks96****",
    "review_id": "10139710",
    "movie_id": "44529"
  },
  {
    "review": "해바라기...영화  방송등.. 몇번을 보아도 가슴한구석에  되새겨지는말..  어머니... 최고의 명작이다",
    "date": "15.07.24",
    "rating": "10",
    "author": "kim5****",
    "review_id": "10136738",
    "movie_id": "44529"
  },
  {
    "review": "쵝오! 쵝오중에 쵝오!",
    "date": "15.07.24",
    "rating": "10",
    "author": "in16****",
    "review_id": "10136710",
    "movie_id": "44529"
  },
  {
    "review": "진정한명작..하ㅠㅠ",
    "date": "15.07.24",
    "rating": "10",
    "author": "rmsd****",
    "review_id": "10136677",
    "movie_id": "44529"
  },
  {
    "review": "이거 이거 김래원 터미네이터.",
    "date": "15.07.24",
    "rating": "1",
    "author": "chle****",
    "review_id": "10136519",
    "movie_id": "44529"
  },
  {
    "review": "막판  싸우는  장면도  그렇고 진짜  노답",
    "date": "15.07.23",
    "rating": "1",
    "author": "ind2****",
    "review_id": "10133169",
    "movie_id": "44529"
  },
  {
    "review": "내용이랑 배우 정말좋은데 태식이 과거이야기가없어서 아쉽다..그게 정말아쉽다.",
    "date": "15.07.21",
    "rating": "9",
    "author": "heas****",
    "review_id": "10126449",
    "movie_id": "44529"
  },
  {
    "review": "사람이...해바라기를 봤으면 10점을 주는게 세상 이치라더라...알아들었냐? 지금부터 내가 10점을 줄테니까...달게 받아라...",
    "date": "15.07.20",
    "rating": "10",
    "author": "gksq****",
    "review_id": "10123975",
    "movie_id": "44529"
  },
  {
    "review": "이영화를 봤던사람은 백퍼 한번 더본다..진짜 명작!!!",
    "date": "15.07.20",
    "rating": "10",
    "author": "hiti****",
    "review_id": "10123243",
    "movie_id": "44529"
  },
  {
    "review": "갓래원이형 명불허전 연기는 말할필요가없지 ㅇㅇ",
    "date": "15.07.20",
    "rating": "10",
    "author": "rlar****",
    "review_id": "10123198",
    "movie_id": "44529"
  },
  {
    "review": "여자가 볼정도로 재밌고 슬프기도하고 김래원 bb",
    "date": "15.07.20",
    "rating": "10",
    "author": "kja1****",
    "review_id": "10122957",
    "movie_id": "44529"
  },
  {
    "review": "눈물나네요 최고입니다",
    "date": "15.07.18",
    "rating": "10",
    "author": "qkrr****",
    "review_id": "10117192",
    "movie_id": "44529"
  },
  {
    "review": "[ 스토리 7, 비주얼 8, 연출 8, 연기 8 ]　한국형 느와르의 초석. 좀 투박하고 서툴지만 깊은 감동을 전해준다. 개인적으로 생각하는 김래원의 최고작.",
    "date": "15.07.18",
    "rating": "8",
    "author": "eyeb****",
    "review_id": "10116361",
    "movie_id": "44529"
  },
  {
    "review": "1점주는 애들은 알바생인듯 진짜 그냥 살면서 꼭 봐야할영화 1위다",
    "date": "15.07.17",
    "rating": "10",
    "author": "wjdd****",
    "review_id": "10113979",
    "movie_id": "44529"
  },
  {
    "review": "최고다... 전문가들 관점은 이해 불가",
    "date": "15.07.17",
    "rating": "10",
    "author": "ejh5****",
    "review_id": "10111876",
    "movie_id": "44529"
  },
  {
    "review": "아니 그깟 식당 팔고 이사가면 되지 괜히 고집부리다가 뒤지네; 이해가 안간다. 그리고 떠난다는데도 죽이는건 또 뭔지 참; 전형적인 한국식 억지 신파 깡패영화",
    "date": "15.07.14",
    "rating": "1",
    "author": "xien****",
    "review_id": "10104230",
    "movie_id": "44529"
  },
  {
    "review": "영화가 끝이난 새벽...난 어느새 냉장고 한켠에 꽂아 놓은  소주를 꺼내 들고 있네....한잔 해야지 잠들꺼 같아...9년전에 보았으면...밤새 소주잔을 기울였겠지....",
    "date": "15.07.14",
    "rating": "8",
    "author": "drea****",
    "review_id": "10102750",
    "movie_id": "44529"
  },
  {
    "review": "이건 진짜 완전 내생에 명작으로꼽음",
    "date": "15.07.13",
    "rating": "10",
    "author": "jaey****",
    "review_id": "10101238",
    "movie_id": "44529"
  },
  {
    "review": "평점 조절용 9점대 영화는 솔직히 아니다",
    "date": "15.07.13",
    "rating": "1",
    "author": "jyju****",
    "review_id": "10100549",
    "movie_id": "44529"
  },
  {
    "review": "진짜 이건 명작이다...꼭 봐라...",
    "date": "15.07.12",
    "rating": "10",
    "author": "ksas****",
    "review_id": "10097315",
    "movie_id": "44529"
  },
  {
    "review": "평점을 보고 봤는데 기대를 하고 실망을 안 했던 건 올해 처음인 거 같다 배우들 연기력이 거의 다 좋았음",
    "date": "15.07.12",
    "rating": "9",
    "author": "qmff****",
    "review_id": "10094321",
    "movie_id": "44529"
  },
  {
    "review": "타이타닉 과 견줄만 한 영화임 저에겐",
    "date": "15.07.11",
    "rating": "10",
    "author": "youn****",
    "review_id": "10092578",
    "movie_id": "44529"
  },
  {
    "review": "쵝오다 쵝오!!!!♥",
    "date": "15.07.11",
    "rating": "10",
    "author": "tiba****",
    "review_id": "10092528",
    "movie_id": "44529"
  },
  {
    "review": "그냥 명작이다 이건 진짜",
    "date": "15.07.11",
    "rating": "10",
    "author": "jnrj****",
    "review_id": "10092207",
    "movie_id": "44529"
  },
  {
    "review": "느와르 중 탑. 김래원 연기 대박",
    "date": "15.07.09",
    "rating": "10",
    "author": "sinh****",
    "review_id": "10085633",
    "movie_id": "44529"
  },
  {
    "review": "정말 명작..김래원 연기는 소름 돋을 정도였음",
    "date": "15.07.09",
    "rating": "10",
    "author": "ious****",
    "review_id": "10084635",
    "movie_id": "44529"
  },
  {
    "review": "말이 필요없다.. 최고의 감동을 주는 영화다.",
    "date": "15.07.07",
    "rating": "10",
    "author": "maxo****",
    "review_id": "10078719",
    "movie_id": "44529"
  },
  {
    "review": "한마디로 대박이네요  지립니다",
    "date": "15.07.07",
    "rating": "10",
    "author": "zsxa****",
    "review_id": "10077447",
    "movie_id": "44529"
  },
  {
    "review": "이런 영화가 1500만은 넘어야 되는거 아닌가?명장말고 이런게",
    "date": "15.07.07",
    "rating": "10",
    "author": "shin****",
    "review_id": "10077292",
    "movie_id": "44529"
  },
  {
    "review": "굿굿굿굿진짜최고다!!",
    "date": "15.07.03",
    "rating": "10",
    "author": "khjk****",
    "review_id": "10063704",
    "movie_id": "44529"
  },
  {
    "review": "스토리고 설정이고 주인공의 보정앞이면 평등한 한방 !",
    "date": "15.07.02",
    "rating": "2",
    "author": "puri****",
    "review_id": "10060422",
    "movie_id": "44529"
  },
  {
    "review": "보고보고또봐도 쩐다그냥..근데 평론가라는 인간들은 재밋는 영화가 있긴하냐??",
    "date": "15.07.02",
    "rating": "10",
    "author": "dnjs****",
    "review_id": "10059480",
    "movie_id": "44529"
  },
  {
    "review": "하.. 연기 명작  입니다.. 계속보게 되네요",
    "date": "15.06.30",
    "rating": "10",
    "author": "liim****",
    "review_id": "10056117",
    "movie_id": "44529"
  },
  {
    "review": "하아... 명작이다  태식아..ㅠㅠㅠ",
    "date": "15.06.29",
    "rating": "10",
    "author": "skfr****",
    "review_id": "10053380",
    "movie_id": "44529"
  },
  {
    "review": "이 영화는 지금 봐도 명작이다.",
    "date": "15.06.29",
    "rating": "10",
    "author": "magi****",
    "review_id": "10050277",
    "movie_id": "44529"
  },
  {
    "review": "말로 형용할 수 없다..이런걸 명작이라고 하나보다",
    "date": "15.06.28",
    "rating": "10",
    "author": "lmsw****",
    "review_id": "10047875",
    "movie_id": "44529"
  },
  {
    "review": "개인소장용 영화다 명작!열자채우기",
    "date": "15.06.27",
    "rating": "10",
    "author": "gogo****",
    "review_id": "10044661",
    "movie_id": "44529"
  },
  {
    "review": "너무 재밌게 봤음 연기 잘한다 김래원",
    "date": "15.06.27",
    "rating": "10",
    "author": "skin****",
    "review_id": "10041257",
    "movie_id": "44529"
  },
  {
    "review": "간만에 눈물좀뺐다....10번넘게본거같다이영화...",
    "date": "15.06.22",
    "rating": "10",
    "author": "dmsw****",
    "review_id": "10020951",
    "movie_id": "44529"
  },
  {
    "review": "그냥 그랬었다. 식상한 스토리",
    "date": "15.06.21",
    "rating": "7",
    "author": "toha****",
    "review_id": "10019000",
    "movie_id": "44529"
  },
  {
    "review": "그렇게 다 별점 가져갓어야 속이 후련 햇냐 !!! 너넨 그러면 안됫어!!! 사람이 죄를 지으면 벌을 받는게 세상의 이치라더라 이제부터 벌을 줄테니 달게 받아하",
    "date": "15.06.21",
    "rating": "10",
    "author": "eun_****",
    "review_id": "10018341",
    "movie_id": "44529"
  },
  {
    "review": "진짜 최고다 영화봐도 평점은 안남기는데 이건진짜 내가본영화중에서 그냥 최고임",
    "date": "15.06.18",
    "rating": "10",
    "author": "rlat****",
    "review_id": "10007472",
    "movie_id": "44529"
  },
  {
    "review": "똥영화. 느와르에서 신파극을 만들면 어쩌잔건가. 개티즌들의 의견은 들을 필요가없다. 망한 영화는 망한그대로가 끝이란걸 알려주는 교훈.",
    "date": "15.06.16",
    "rating": "1",
    "author": "newt****",
    "review_id": "10004192",
    "movie_id": "44529"
  },
  {
    "review": "기냥최고! 김래원최고!",
    "date": "15.06.16",
    "rating": "10",
    "author": "shar****",
    "review_id": "10003844",
    "movie_id": "44529"
  },
  {
    "review": "굿굿 오랜만에 봐도 명작 ㅎㅎ",
    "date": "15.06.14",
    "rating": "10",
    "author": "leel****",
    "review_id": "9999053",
    "movie_id": "44529"
  },
  {
    "review": "이 영화 최고 배우는 그 누구도 아닌 깊은 인상의 짭준기다",
    "date": "15.06.12",
    "rating": "10",
    "author": "epis****",
    "review_id": "9993884",
    "movie_id": "44529"
  },
  {
    "review": "좋은 영화는 몇번을 봐도 재미있는듯 살짝 아쉬운 부분들이 매우 아쉽게 느껴질 정도로 좋은 영화였습니다.",
    "date": "15.06.09",
    "rating": "9",
    "author": "dday****",
    "review_id": "9986562",
    "movie_id": "44529"
  },
  {
    "review": "와...김래원은 멋있다",
    "date": "15.06.05",
    "rating": "10",
    "author": "9905****",
    "review_id": "9977370",
    "movie_id": "44529"
  },
  {
    "review": "벌써10년이 다되어가는 영화네요~^^그래도 꿀잼~",
    "date": "15.06.05",
    "rating": "9",
    "author": "ampm****",
    "review_id": "9976798",
    "movie_id": "44529"
  },
  {
    "review": "너무 잘봤음....눈물이ㅠ",
    "date": "15.06.04",
    "rating": "10",
    "author": "besl****",
    "review_id": "9974773",
    "movie_id": "44529"
  },
  {
    "review": "안보신분 꼭 보세요 말이 필요없어요. 김래원이라는 사람을배우를 다시보게됨",
    "date": "15.06.04",
    "rating": "10",
    "author": "gise****",
    "review_id": "9973938",
    "movie_id": "44529"
  },
  {
    "review": "이 구역은 내가 접수한다 영화라할만함",
    "date": "15.06.03",
    "rating": "10",
    "author": "jaer****",
    "review_id": "9971703",
    "movie_id": "44529"
  },
  {
    "review": "나는.... 이런 명작을 왜 이제서야 봤을까 ....한국영화 명작 열 손가락안에 드는 작품이다.. 못 본 사람들은 꼭 보시길. 주연부터 단역하나 가릴 것 없이 모두들 연기가 일품이다.",
    "date": "15.05.31",
    "rating": "10",
    "author": "4832****",
    "review_id": "9966393",
    "movie_id": "44529"
  },
  {
    "review": "평작은 되지만 평점이 이건 아니지",
    "date": "15.05.31",
    "rating": "1",
    "author": "oasi****",
    "review_id": "9964543",
    "movie_id": "44529"
  },
  {
    "review": "김래원 최고의 액션..더 이상 표현없슴.",
    "date": "15.05.30",
    "rating": "9",
    "author": "test****",
    "review_id": "9963696",
    "movie_id": "44529"
  },
  {
    "review": "최고입니다. 마지막부분 인상적",
    "date": "15.05.28",
    "rating": "10",
    "author": "perp****",
    "review_id": "9957693",
    "movie_id": "44529"
  },
  {
    "review": "인생 처음으로 평점줘본다.. 정말 말이 필요 없는 영화다",
    "date": "15.05.27",
    "rating": "10",
    "author": "whwh****",
    "review_id": "9954593",
    "movie_id": "44529"
  },
  {
    "review": "한국영화중 가장 많이본 작품... 뻔하디 뻔한 조폭영화가 맞다... 하지만  끌린다 또 보고싶다 생각난다.. 그래서 난 좋은 영화라 생각한다",
    "date": "15.05.27",
    "rating": "10",
    "author": "duck****",
    "review_id": "9954371",
    "movie_id": "44529"
  },
  {
    "review": "몇번을 보아도 , 몇년이 지난 지금에도 너무 잼있음..",
    "date": "15.05.27",
    "rating": "10",
    "author": "ses8****",
    "review_id": "9953162",
    "movie_id": "44529"
  },
  {
    "review": "오태식이 더할나위없었다",
    "date": "15.05.26",
    "rating": "10",
    "author": "juns****",
    "review_id": "9951992",
    "movie_id": "44529"
  },
  {
    "review": "공부안하고 이영화 봣는데 전혀 시간낭비 한거같지 않다. 최고의 영화!!",
    "date": "15.05.24",
    "rating": "10",
    "author": "joha****",
    "review_id": "9945231",
    "movie_id": "44529"
  },
  {
    "review": "좋은배우김래원..감동",
    "date": "15.05.24",
    "rating": "10",
    "author": "zzzz****",
    "review_id": "9943008",
    "movie_id": "44529"
  },
  {
    "review": "개명작 정말 명작 엄청남",
    "date": "15.05.23",
    "rating": "10",
    "author": "jump****",
    "review_id": "9940186",
    "movie_id": "44529"
  },
  {
    "review": "십점 안주는 섹히...디지고 싶지않음 나가",
    "date": "15.05.18",
    "rating": "10",
    "author": "lkwk****",
    "review_id": "9928682",
    "movie_id": "44529"
  },
  {
    "review": "유치한 연출과 신파로 똘똘뭉쳐진 영화지만 마지막 싸움씬 하나는 정말 찰지다",
    "date": "15.05.17",
    "rating": "6",
    "author": "pete****",
    "review_id": "9925091",
    "movie_id": "44529"
  },
  {
    "review": "이 영화를 접한지 10년 가까이 된듯~~ 이 보다 더 멋진 영화를 볼 수 있을까라는 생각이 드는 명작중에 명작 OST 까지도 완벽한거 같다.",
    "date": "15.05.16",
    "rating": "10",
    "author": "rrol****",
    "review_id": "9920896",
    "movie_id": "44529"
  },
  {
    "review": "뻔한 내용이지만 김래원으로 인해 내용이 재미있어졌다.",
    "date": "15.05.15",
    "rating": "7",
    "author": "adiv****",
    "review_id": "9920057",
    "movie_id": "44529"
  },
  {
    "review": "이 영화를 이제 알게되다니...진심으로 영화관에서 보고싶다.. .",
    "date": "15.05.10",
    "rating": "10",
    "author": "gju0****",
    "review_id": "9908128",
    "movie_id": "44529"
  },
  {
    "review": "기대했던것보다 태식이가 너무 살살 때리더라",
    "date": "15.05.09",
    "rating": "7",
    "author": "smar****",
    "review_id": "9906779",
    "movie_id": "44529"
  },
  {
    "review": "10점 주려고 로그인한 영화는 처음이다",
    "date": "15.05.08",
    "rating": "10",
    "author": "wjde****",
    "review_id": "9902843",
    "movie_id": "44529"
  },
  {
    "review": "6번을 봤는데도 재밌다.... 조금만 더 보면 대사 외울거 같다....",
    "date": "15.05.05",
    "rating": "10",
    "author": "jdsn****",
    "review_id": "9895525",
    "movie_id": "44529"
  },
  {
    "review": "진심 몇번을 봐도 대박이다 이영화는 ㅠㅠㅠ",
    "date": "15.05.03",
    "rating": "10",
    "author": "kch2****",
    "review_id": "9890312",
    "movie_id": "44529"
  },
  {
    "review": "명작이다 계속 여운이 남네.. 최고!",
    "date": "15.05.03",
    "rating": "10",
    "author": "enrt****",
    "review_id": "9889004",
    "movie_id": "44529"
  },
  {
    "review": "진짜 엄마 진짜 동생 진짜 가족을 만나서 행복하려는데",
    "date": "15.05.03",
    "rating": "10",
    "author": "wldn****",
    "review_id": "9888744",
    "movie_id": "44529"
  },
  {
    "review": "몇년이지나도 명작은 절대 변하지않는다",
    "date": "15.05.01",
    "rating": "10",
    "author": "lhk9****",
    "review_id": "9883645",
    "movie_id": "44529"
  },
  {
    "review": "연기도 최고고 정말 눈물난다 ㅠㅠ",
    "date": "15.04.30",
    "rating": "10",
    "author": "xorz****",
    "review_id": "9881816",
    "movie_id": "44529"
  },
  {
    "review": "원래 한국 영화 별로 안 좋아하고 특히 조폭 영화는 딱 질색인데.. 이거 보면서 울뻔 했다. 마지막에 회장 앞에 섰을 때 얼마나 통쾌하던지 여태 본 한국 영화 중 탑 3에 든다",
    "date": "15.04.30",
    "rating": "10",
    "author": "hans****",
    "review_id": "9881452",
    "movie_id": "44529"
  }
]