[
  {
    "review": "동성애 미화하지 말아라. 동성애는 레위기 18장 21절에 하지 말라고 써져있다",
    "date": "14.07.16",
    "rating": "1",
    "author": "fire****",
    "review_id": "8921290",
    "movie_id": "44597"
  },
  {
    "review": "누구나 한번쯤은 봐야하는. 아.. 멍청하고 편협한 분들은 보지마세요. 악플이나 쓸게 분명하니",
    "date": "14.06.30",
    "rating": "10",
    "author": "sett****",
    "review_id": "8870985",
    "movie_id": "44597"
  },
  {
    "review": "약간 아쉬운 감이 없지 않아있지만 매우 유익하고 우리에게 필요한 영화입니다. 일부 기독교인들이 악플을 달고 테러를 하지만 신경쓰지마세요. 응원합니다.",
    "date": "14.05.25",
    "rating": "10",
    "author": "asdo****",
    "review_id": "8762576",
    "movie_id": "44597"
  },
  {
    "review": "나참 기가차서 이런 영화를 나랏돈으로 만들다니, 조사가 필요하네요. 원내 대표 들에게 전화 돌리겠습니다. 안그래도 국내 군부대 내 성폭행, 근친 상간등 어수선한  성,가정문화로 신음하는 한국에 이런 기본을 흔드는 영화를 찍다니. 내 세금 돌려주세요",
    "date": "13.10.28",
    "rating": "1",
    "author": "qwtp****",
    "review_id": "8096942",
    "movie_id": "44597"
  },
  {
    "review": "아이들의 건전성을 망치는 영화 전혀 궁금하지 않다",
    "date": "13.10.28",
    "rating": "1",
    "author": "lisz****",
    "review_id": "8096821",
    "movie_id": "44597"
  },
  {
    "review": "아이들에게 보여주기에 좋은 내용은 아닌 듯하네요",
    "date": "13.10.28",
    "rating": "1",
    "author": "shsd****",
    "review_id": "8096793",
    "movie_id": "44597"
  },
  {
    "review": "여러 인권문제를 잘 와닿게 표현했다. 누구나 한 번씩 보았으면 싶다.",
    "date": "13.10.02",
    "rating": "10",
    "author": "pree****",
    "review_id": "8027215",
    "movie_id": "44597"
  },
  {
    "review": "밑에놈은 영화뻘로봤나 이게무슨 풍자영화냐 사회비판하는영화지 마지막은 그리고 동성애자들그린 영화아니여 거기서 주인공친구가 게이인거부모님이아시고나서 골프채로머리친장면같은게 간접적으로묘사된게있으니 12세지",
    "date": "12.12.11",
    "rating": "9",
    "author": "vani****",
    "review_id": "6994090",
    "movie_id": "44597"
  },
  {
    "review": "근데 왜 12세지?주제,선정성,폭력성,공포,약물,대사,모방위험중에 무엇이 보통으로 찍혔길레 12세지?또 마지막 이야기는 무엇을 풍자했는지 이해를 못하겠음.",
    "date": "12.12.09",
    "rating": "9",
    "author": "xyz2****",
    "review_id": "6988173",
    "movie_id": "44597"
  },
  {
    "review": "별별이야기 1 보단 별로긴 하지만 정말 의미있고 좋은 작품이다.",
    "date": "12.01.05",
    "rating": "9",
    "author": "bock****",
    "review_id": "5962994",
    "movie_id": "44597"
  },
  {
    "review": "괜찮은 영화다....작품하나하나 보면서 자리를 못떳다....",
    "date": "10.04.21",
    "rating": "10",
    "author": "awsz****",
    "review_id": "4446646",
    "movie_id": "44597"
  },
  {
    "review": "우리나라 애니도 괜찮다고 생각한...",
    "date": "10.01.23",
    "rating": "8",
    "author": "skfa****",
    "review_id": "4201746",
    "movie_id": "44597"
  },
  {
    "review": "교훈이 있는 공익광고.",
    "date": "09.12.13",
    "rating": "4",
    "author": "evil****",
    "review_id": "4041162",
    "movie_id": "44597"
  },
  {
    "review": "대한민국에 사는 사람들이면 한번씩은 꼭 봐야하는 내용... 고정관념과 편견을 깨라.",
    "date": "09.12.10",
    "rating": "10",
    "author": "mad_****",
    "review_id": "4032509",
    "movie_id": "44597"
  },
  {
    "review": "내용이야물론좋지만 애니메이션만이할수있는독창성과참신성은 거의찾아볼수없어아쉽다",
    "date": "09.08.28",
    "rating": "5",
    "author": "whia****",
    "review_id": "3793539",
    "movie_id": "44597"
  },
  {
    "review": "난 재밋던데 ㅋ.",
    "date": "09.01.30",
    "rating": "10",
    "author": "kies****",
    "review_id": "3262767",
    "movie_id": "44597"
  },
  {
    "review": "의미는 좋은데..재미가 없잖아...",
    "date": "09.01.13",
    "rating": "3",
    "author": "drd1****",
    "review_id": "3217227",
    "movie_id": "44597"
  },
  {
    "review": "우연히 봤는데 사회적문제점을 잘 꼬집었던 애니였습니다. 잘봤습니다^^",
    "date": "08.12.16",
    "rating": "10",
    "author": "howo****",
    "review_id": "3121802",
    "movie_id": "44597"
  },
  {
    "review": "다양한 주제와 영화들 배열이 점점 심도 깊은 주제로 감...재밌게 봤음.",
    "date": "08.07.31",
    "rating": "6",
    "author": "dark****",
    "review_id": "2820573",
    "movie_id": "44597"
  },
  {
    "review": "아쉬운 부분이 없지않아 있지만...잘 만든 영화.",
    "date": "08.05.11",
    "rating": "8",
    "author": "z666****",
    "review_id": "2632279",
    "movie_id": "44597"
  },
  {
    "review": "인권이라는 다소 딱딱해보이는 주제를 가졌지만, 보는 내내 즐거운 영화",
    "date": "08.04.23",
    "rating": "9",
    "author": "sekh****",
    "review_id": "2595434",
    "movie_id": "44597"
  },
  {
    "review": "생각보다 별로",
    "date": "08.04.22",
    "rating": "2",
    "author": "chy6****",
    "review_id": "2593534",
    "movie_id": "44597"
  },
  {
    "review": "생활과 가까운 인권문제를 다뤄서 공감하고 흥미로웠다. 게다가 별별1보다 재미있다!",
    "date": "08.04.19",
    "rating": "10",
    "author": "teat****",
    "review_id": "2588455",
    "movie_id": "44597"
  },
  {
    "review": "주변을 다시 한번 생각하게 했다!",
    "date": "08.04.17",
    "rating": "8",
    "author": "twog****",
    "review_id": "2585146",
    "movie_id": "44597"
  },
  {
    "review": "즐거우면서 의미있는 애니메이션!",
    "date": "08.04.17",
    "rating": "7",
    "author": "film****",
    "review_id": "2585139",
    "movie_id": "44597"
  },
  {
    "review": "잼있네효 ~ 간만에 이런 영화를 ~",
    "date": "08.04.17",
    "rating": "8",
    "author": "sozi****",
    "review_id": "2585137",
    "movie_id": "44597"
  },
  {
    "review": "기존 영화와는 다른 정말 특별한 영화! 한국애니메이션의 진짜 힘!",
    "date": "08.04.17",
    "rating": "10",
    "author": "skyz****",
    "review_id": "2585134",
    "movie_id": "44597"
  },
  {
    "review": "6가지 스토리 중 아주까리! ㅎㅎ 재밌네요~",
    "date": "08.04.17",
    "rating": "10",
    "author": "dong****",
    "review_id": "2585132",
    "movie_id": "44597"
  },
  {
    "review": "별별1도 정말 재미있게 봤는데 별별2도 역시 의미있는 애니메이션!",
    "date": "08.04.17",
    "rating": "10",
    "author": "ys22****",
    "review_id": "2585129",
    "movie_id": "44597"
  },
  {
    "review": "재밌어요..ㅋㅋ",
    "date": "08.04.17",
    "rating": "10",
    "author": "yso0****",
    "review_id": "2585130",
    "movie_id": "44597"
  },
  {
    "review": "이런게 한국영화의 힘 아닐까요? 화이팅입니다!",
    "date": "08.04.17",
    "rating": "8",
    "author": "wlov****",
    "review_id": "2585128",
    "movie_id": "44597"
  },
  {
    "review": "학생들 단체관람용으로 딱인 영화에효!",
    "date": "08.04.17",
    "rating": "10",
    "author": "2046****",
    "review_id": "2585127",
    "movie_id": "44597"
  },
  {
    "review": "다양한 시각으로 풀었군요~전국적으로 개봉했으면 좋겠습니다,,다양한 볼 권리~",
    "date": "08.04.17",
    "rating": "7",
    "author": "dmec****",
    "review_id": "2585125",
    "movie_id": "44597"
  },
  {
    "review": "생각보다는 재미있네요",
    "date": "08.04.15",
    "rating": "5",
    "author": "rmfl****",
    "review_id": "2583181",
    "movie_id": "44597"
  },
  {
    "review": "10점 ㄱㄱ",
    "date": "08.04.06",
    "rating": "10",
    "author": "raws****",
    "review_id": "2562624",
    "movie_id": "44597"
  },
  {
    "review": "쌀뻔했다",
    "date": "08.04.04",
    "rating": "10",
    "author": "prod****",
    "review_id": "2557289",
    "movie_id": "44597"
  }
]