[
  {
    "review": "연영석 존경하고 메시지도 인정하나, 완성도도 편집도 끔찍했다.",
    "date": "14.10.25",
    "rating": "10",
    "author": "tear****",
    "review_id": "9317084",
    "movie_id": "44599"
  },
  {
    "review": "그의 노래는 투쟁의 현장들을 담고 있다. 영화에서 처럼 그리고 노래말이 우리가 보통 사용하는 살아있는 말들이라 더욱 쉽게 가슴을 파고 든다.",
    "date": "12.07.24",
    "rating": "9",
    "author": "ssuk****",
    "review_id": "6522385",
    "movie_id": "44599"
  },
  {
    "review": "운동은 겁과 벽을 없애는 속성을 가지고 있다. 운동메커니즘이 영화 전면에 드러난다.",
    "date": "08.07.16",
    "rating": "10",
    "author": "goez****",
    "review_id": "2767950",
    "movie_id": "44599"
  },
  {
    "review": "앞으로 이런 영화에 힘을 실어주는 한국영화계가 되길, 완전 굿. 대박.",
    "date": "08.06.25",
    "rating": "10",
    "author": "dido****",
    "review_id": "2720172",
    "movie_id": "44599"
  },
  {
    "review": "최고의 노동다큐, 최고의 음악다큐",
    "date": "08.06.19",
    "rating": "10",
    "author": "rmli****",
    "review_id": "2707036",
    "movie_id": "44599"
  },
  {
    "review": "아, 감동은 원래 이런 거였구나..그걸 느끼게 해준다.",
    "date": "08.06.12",
    "rating": "10",
    "author": "papa****",
    "review_id": "2694741",
    "movie_id": "44599"
  },
  {
    "review": "노동자 투쟁과 가수 이야기가 따로 논다... 차라리 가수얘기없는 게 더 나음",
    "date": "08.06.08",
    "rating": "4",
    "author": "tolb****",
    "review_id": "2686497",
    "movie_id": "44599"
  },
  {
    "review": "필승",
    "date": "08.06.03",
    "rating": "1",
    "author": "jihy****",
    "review_id": "2677876",
    "movie_id": "44599"
  },
  {
    "review": "최고! 연영석의 노래도 좋고, 영화도 좋다! 그들의 투쟁에 필승!",
    "date": "08.05.28",
    "rating": "10",
    "author": "dlsd****",
    "review_id": "2668237",
    "movie_id": "44599"
  }
]