[
  {
    "review": "1보다 진심 재밌음ㅜㅜ",
    "date": "15.07.04",
    "rating": "10",
    "author": "tndu****",
    "review_id": "10069534",
    "movie_id": "44625"
  },
  {
    "review": "난 재밌었는뎅 ㅋㅋㅋㅋ 이청아 겁나 귀여워",
    "date": "15.03.26",
    "rating": "10",
    "author": "rlar****",
    "review_id": "9808631",
    "movie_id": "44625"
  },
  {
    "review": "솔직히 이런 스토리에 청아는 연기 잘했음 근데 스토리는 대체 누가 발로 쓴거임...;;; 진심 무슨 내용인지... 어디서 웃어야할지도 모르겠고 이야기가 어디로 흘러가는지도 모르겠는 내생에 최악의 영화였음",
    "date": "15.03.26",
    "rating": "1",
    "author": "jbpa****",
    "review_id": "9807876",
    "movie_id": "44625"
  },
  {
    "review": "줄리안이다ㅋㅋ 요래보니 반갑군ㅋㅋ",
    "date": "15.03.08",
    "rating": "10",
    "author": "ysmb****",
    "review_id": "9766503",
    "movie_id": "44625"
  },
  {
    "review": "솔직히 오랜만에 생각나서 다시봣다 스토리 구성이 엉망일지는 몰라도 돈쳐들여망작만든 b급영화보는다낫다 그리고 예전에봣쓸때 몰라는대 이청아 연기는 잘한듯 일본사람처럼 연기한듯...나머지 유치한것 빼고는...",
    "date": "15.02.11",
    "rating": "8",
    "author": "love****",
    "review_id": "9686001",
    "movie_id": "44625"
  },
  {
    "review": "완전 재미 있게 봤던 영화이다",
    "date": "15.02.08",
    "rating": "10",
    "author": "dlal****",
    "review_id": "9678818",
    "movie_id": "44625"
  },
  {
    "review": "내인생 최악의 영화.. 심지어 코미디영화가 웃기지도 않음.. 예고편이 영화의 전부..",
    "date": "15.01.22",
    "rating": "1",
    "author": "yjhj****",
    "review_id": "9621844",
    "movie_id": "44625"
  },
  {
    "review": "솔직히말함 별로 재미없었어요",
    "date": "15.01.18",
    "rating": "1",
    "author": "rkrp****",
    "review_id": "9609140",
    "movie_id": "44625"
  },
  {
    "review": "가벼운 코미디 영화라기 보다 진중한 로맨스에 점수를 더 주고 싶다. 이청아의 일본어와 어눌한 한국말이 교포인줄 알고 다시 찾아봤다. 그만큼 일본인 연기력은 대단했다. 김치녀말고 배려깊은 스시녀 합시다!",
    "date": "14.12.23",
    "rating": "8",
    "author": "yong****",
    "review_id": "9503270",
    "movie_id": "44625"
  },
  {
    "review": "독특하고 엉뚱하지만 사랑할수밖에 없는 그런 커플?",
    "date": "14.11.28",
    "rating": "10",
    "author": "gray****",
    "review_id": "9429969",
    "movie_id": "44625"
  },
  {
    "review": "한국말을 배우는 외국인이란 캐릭터로 몇몇 재밌는 장면을 뽑아내지만, 전체적으로 전편에 비해 실망스럽고 두 주연 배우 역시 존재감이 떨어진다.",
    "date": "14.10.11",
    "rating": "4",
    "author": "zxc1****",
    "review_id": "9284042",
    "movie_id": "44625"
  },
  {
    "review": "박기웅이랑 이청아 둘다 연기잘함",
    "date": "14.09.08",
    "rating": "10",
    "author": "a000****",
    "review_id": "9185906",
    "movie_id": "44625"
  },
  {
    "review": "원작에 비해서 엉성하고 몰입도가 떨어지내요..",
    "date": "14.07.07",
    "rating": "1",
    "author": "smjo****",
    "review_id": "8892914",
    "movie_id": "44625"
  },
  {
    "review": "이청아 리즈시절 ♥♥♥♥",
    "date": "14.06.27",
    "rating": "10",
    "author": "fnle****",
    "review_id": "8861746",
    "movie_id": "44625"
  },
  {
    "review": "이청아의 일본인 흉내 나름 괜찮네",
    "date": "14.06.20",
    "rating": "7",
    "author": "clou****",
    "review_id": "8842687",
    "movie_id": "44625"
  },
  {
    "review": "박기웅짱!! 이청아짱!!♥♥",
    "date": "14.05.02",
    "rating": "10",
    "author": "jyj9****",
    "review_id": "8693922",
    "movie_id": "44625"
  },
  {
    "review": "그냥 그럼...그냥 볼만은함 하지만 실망스러움",
    "date": "14.04.14",
    "rating": "6",
    "author": "dltm****",
    "review_id": "8650621",
    "movie_id": "44625"
  },
  {
    "review": "난 이 영화 괜찮게 봤는데 ㅋㅋ",
    "date": "13.12.27",
    "rating": "8",
    "author": "qkqh****",
    "review_id": "8309413",
    "movie_id": "44625"
  },
  {
    "review": "tv 전기세가 아깝다!!!",
    "date": "13.12.20",
    "rating": "1",
    "author": "ske4****",
    "review_id": "8250797",
    "movie_id": "44625"
  },
  {
    "review": "이거재밌는데...생각나서다운받아서봤는데 역시♥  박기웅 넘 좋아^♥^ㅋㅋ  누가뭐라해도 넘 좋은영화^^ 웬만한 로맨스영화보다 좋아^^*♥",
    "date": "13.10.28",
    "rating": "10",
    "author": "rkrk****",
    "review_id": "8095821",
    "movie_id": "44625"
  },
  {
    "review": "요즘 왠만한 코미디보다 훨 낫다",
    "date": "13.10.08",
    "rating": "10",
    "author": "kuma****",
    "review_id": "8044061",
    "movie_id": "44625"
  },
  {
    "review": "ㅄ들",
    "date": "13.08.17",
    "rating": "1",
    "author": "ro24****",
    "review_id": "7894650",
    "movie_id": "44625"
  },
  {
    "review": "웃기긴 엄청 웃김ㅋㅋㅋㅋㅋ 기대 안하고 봤다가 배꼽 빠지는줄. 근데 잠깐 심심풀이로 보는 영화 가지고 너무 진지빨고 작품성 운운하는 사람은 뭐야",
    "date": "13.08.13",
    "rating": "10",
    "author": "jins****",
    "review_id": "7874837",
    "movie_id": "44625"
  },
  {
    "review": "이영화가개봉한지한참지난지금봐도너무너무재미있어요ㅋㅋㅋㅋㅋ박기웅연기정말찰지네염영화잘봤어요!^ ^",
    "date": "13.08.05",
    "rating": "10",
    "author": "22li****",
    "review_id": "7844862",
    "movie_id": "44625"
  },
  {
    "review": "제목을 바꿔서 나왔더라면 더 흥했을듯~ 박기웅짱♥",
    "date": "13.08.03",
    "rating": "10",
    "author": "gees****",
    "review_id": "7830240",
    "movie_id": "44625"
  },
  {
    "review": "ㅋ기웅오빵",
    "date": "13.07.04",
    "rating": "10",
    "author": "tsur****",
    "review_id": "7705318",
    "movie_id": "44625"
  },
  {
    "review": "이게 왜 망작인지 이해가 안간다",
    "date": "13.06.22",
    "rating": "10",
    "author": "mey4****",
    "review_id": "7667995",
    "movie_id": "44625"
  },
  {
    "review": "ㅋㅋ",
    "date": "13.06.22",
    "rating": "10",
    "author": "haid****",
    "review_id": "7667487",
    "movie_id": "44625"
  },
  {
    "review": "이청아 일본인 연기 잘하는듯!",
    "date": "13.06.22",
    "rating": "10",
    "author": "love****",
    "review_id": "7666362",
    "movie_id": "44625"
  },
  {
    "review": "이청아의 일본인 연기가 좋았다",
    "date": "13.06.19",
    "rating": "10",
    "author": "iiii****",
    "review_id": "7656914",
    "movie_id": "44625"
  },
  {
    "review": "박기웅 엄청 웃긴다 은위보다",
    "date": "13.06.19",
    "rating": "10",
    "author": "sh15****",
    "review_id": "7656052",
    "movie_id": "44625"
  },
  {
    "review": "솔직히 1편보다는 좋다",
    "date": "13.06.19",
    "rating": "10",
    "author": "shsh****",
    "review_id": "7655996",
    "movie_id": "44625"
  },
  {
    "review": "평점 너무하네 ㅡㅡ  어여쁜  청아 보는 재미로 10점은 줘야함!",
    "date": "13.06.16",
    "rating": "10",
    "author": "jiew****",
    "review_id": "7649141",
    "movie_id": "44625"
  },
  {
    "review": "첨엔 이청아인줄 모르고 진짜 일본인인가 하고 봤던 영화... 박기웅 이청아 둘다 연기 진짜잘하는듯. 내용도 완전 웃기고 좋았다",
    "date": "13.06.15",
    "rating": "10",
    "author": "rudn****",
    "review_id": "7643469",
    "movie_id": "44625"
  },
  {
    "review": "박기웅 이청아 연기 진짜 잘함; 1보다 훨 나앗엇음",
    "date": "13.05.28",
    "rating": "10",
    "author": "lsk4****",
    "review_id": "7559890",
    "movie_id": "44625"
  },
  {
    "review": "코미디가 웃기면 된거지 ㅋㅋ",
    "date": "13.05.27",
    "rating": "8",
    "author": "pain****",
    "review_id": "7558040",
    "movie_id": "44625"
  },
  {
    "review": "재미도 있고 러브 스토리에 전작 보다 완성도는 더 좋아 보이는데 그래도 스토리 후반부가 뭔가 아쉽기도 하다.개인적으로 몰입도 있게 본 몇 안되는 한국 영화 인듯.",
    "date": "13.04.06",
    "rating": "8",
    "author": "wjdd****",
    "review_id": "7438789",
    "movie_id": "44625"
  },
  {
    "review": "갠적으로 1편 보다 재밌고 유쾌하게  봤어요. 코믹함과 로맨스가 적절히 어우러져 있고 배우분들 연기도 좋았어요. 특히 이청아씨는 정말 재일교포 같았어요. 영화 보는 내내 즐거웠던 거 같아요! 요즘도 가끔 생각나서 조만간 다시 볼 생각이에요ㅎㅎ",
    "date": "13.03.31",
    "rating": "10",
    "author": "qhfk****",
    "review_id": "7427483",
    "movie_id": "44625"
  },
  {
    "review": "개인적으로 1보다 재미있게 봄~~",
    "date": "13.03.10",
    "rating": "10",
    "author": "alss****",
    "review_id": "7338418",
    "movie_id": "44625"
  },
  {
    "review": "1보단 못한2",
    "date": "13.01.29",
    "rating": "6",
    "author": "sho1****",
    "review_id": "7191545",
    "movie_id": "44625"
  },
  {
    "review": "재밋당",
    "date": "13.01.28",
    "rating": "10",
    "author": "jhy2****",
    "review_id": "7190128",
    "movie_id": "44625"
  },
  {
    "review": "완전재미져요!!",
    "date": "13.01.21",
    "rating": "10",
    "author": "kmj8****",
    "review_id": "7139988",
    "movie_id": "44625"
  },
  {
    "review": "코믹과로맨스의적절한조화!영화보는내내빵터졌닼ㅋㅋ오히려광고보고예상했던것보다재밌다!",
    "date": "13.01.16",
    "rating": "10",
    "author": "hong****",
    "review_id": "7121443",
    "movie_id": "44625"
  },
  {
    "review": "재미있다",
    "date": "13.01.15",
    "rating": "10",
    "author": "tmfl****",
    "review_id": "7117306",
    "movie_id": "44625"
  },
  {
    "review": "재미이다",
    "date": "13.01.07",
    "rating": "10",
    "author": "dnjs****",
    "review_id": "7090375",
    "movie_id": "44625"
  },
  {
    "review": "재밌다, 웃기고",
    "date": "13.01.06",
    "rating": "10",
    "author": "acme****",
    "review_id": "7088364",
    "movie_id": "44625"
  },
  {
    "review": "옛날꺼지만 오랜만에보니깐 볼만하네요 ㅋㅋ",
    "date": "12.12.15",
    "rating": "10",
    "author": "dksw****",
    "review_id": "7006802",
    "movie_id": "44625"
  },
  {
    "review": "박기웅 연기 잘하는데 역할이 솔직히...안어울려..ㅜㅜ 우월해도 너~~~무 우월하고 잘생겼어 ㅜㅜ",
    "date": "12.12.10",
    "rating": "9",
    "author": "dltp****",
    "review_id": "6992191",
    "movie_id": "44625"
  },
  {
    "review": "이청아때문에 봤는 데... 진짜 일본인처럼 연기 잘한다..헉;;;",
    "date": "12.09.30",
    "rating": "10",
    "author": "momo****",
    "review_id": "6745584",
    "movie_id": "44625"
  },
  {
    "review": "노래는 좋다.",
    "date": "12.08.22",
    "rating": "4",
    "author": "saly****",
    "review_id": "6634205",
    "movie_id": "44625"
  },
  {
    "review": "박기웅 멋있다 이청아 귀엽다",
    "date": "12.08.20",
    "rating": "10",
    "author": "jimi****",
    "review_id": "6629111",
    "movie_id": "44625"
  },
  {
    "review": "재밌어요! 박기웅씨 보는 내내 눈이 호강+_+",
    "date": "12.08.19",
    "rating": "10",
    "author": "rnjs****",
    "review_id": "6624069",
    "movie_id": "44625"
  },
  {
    "review": "재미있어요",
    "date": "12.08.13",
    "rating": "10",
    "author": "mbs1****",
    "review_id": "6598482",
    "movie_id": "44625"
  },
  {
    "review": "오랜만에 1,2 연달아봤는데 내용이 더 좋다.",
    "date": "12.08.13",
    "rating": "10",
    "author": "baby****",
    "review_id": "6598153",
    "movie_id": "44625"
  },
  {
    "review": "너무너무재밋게잘봣어용 ㅎ_ㅎ 2007년개봉한건데 이제야 이런재밌는걸보게되다닝 ㅠㅠ 그래도 너무 즐겁게잘봣습니당 ~  이청아씨도 너무예쁘고 박기웅님도 너무잘생기신거같아용 ㅎ_ㅎ! 너무너무재밋게잘봣슴니당 *^^*",
    "date": "12.07.29",
    "rating": "10",
    "author": "dndu****",
    "review_id": "6550386",
    "movie_id": "44625"
  },
  {
    "review": "1 보다 좀그래요 ㅠ",
    "date": "12.07.23",
    "rating": "8",
    "author": "utop****",
    "review_id": "6520432",
    "movie_id": "44625"
  },
  {
    "review": "내용보단 이청아씨 목소리 넘 조아^^ 영화작품 좀 마니마니 해주시길...",
    "date": "12.07.11",
    "rating": "10",
    "author": "ulov****",
    "review_id": "6469457",
    "movie_id": "44625"
  },
  {
    "review": "이청아때문에 보러 갔었는 데..생각보다 잼났음 평점이 너무 낮아서 10점!",
    "date": "12.07.11",
    "rating": "10",
    "author": "vnfn****",
    "review_id": "6469448",
    "movie_id": "44625"
  },
  {
    "review": "이고 영화관서볼때 중반지나고 사람들 다 나가던데 친구랑 나랑 둘이서 끝까지봤음ㅋㅋ진짜 재밌다!! 이 소리는 안나왔음 그치만 박기웅짱♥",
    "date": "12.07.09",
    "rating": "5",
    "author": "87lu****",
    "review_id": "6463095",
    "movie_id": "44625"
  },
  {
    "review": "굿 잼나기만했다야ㅋㅋ",
    "date": "12.05.21",
    "rating": "10",
    "author": "bliz****",
    "review_id": "6317506",
    "movie_id": "44625"
  },
  {
    "review": "코미디 영화는 즐기려고 보는거지. 내 돈내고 봤는데 재미있게 보고나온 기억이 있어.",
    "date": "12.04.22",
    "rating": "7",
    "author": "qlsa****",
    "review_id": "6238693",
    "movie_id": "44625"
  },
  {
    "review": "이청아때문에 꾹참고 반까지보다 결국 꺼버림",
    "date": "12.03.25",
    "rating": "1",
    "author": "00_0****",
    "review_id": "6168159",
    "movie_id": "44625"
  },
  {
    "review": "이때 이청아 이뻣음 영화 자체는 ..ㅄ",
    "date": "12.02.24",
    "rating": "3",
    "author": "tsp0****",
    "review_id": "6100257",
    "movie_id": "44625"
  },
  {
    "review": "1편이 2편에서는 제대로 망했다",
    "date": "12.02.01",
    "rating": "2",
    "author": "reno****",
    "review_id": "6041392",
    "movie_id": "44625"
  },
  {
    "review": "완전재밌는데ㅋㅋ박기웅이좋아졌음ㅋㅋㅋ",
    "date": "11.12.16",
    "rating": "10",
    "author": "lisa****",
    "review_id": "5909417",
    "movie_id": "44625"
  },
  {
    "review": "재밌다면 원 보다는훨씬재밌다 지금다시보는데ㅋㅋ",
    "date": "11.12.12",
    "rating": "9",
    "author": "food****",
    "review_id": "5901563",
    "movie_id": "44625"
  },
  {
    "review": "재미만으로 보자면 1편보다 낫다",
    "date": "11.11.15",
    "rating": "8",
    "author": "blue****",
    "review_id": "5851920",
    "movie_id": "44625"
  },
  {
    "review": "웃음의 포인트는 참 뻔하고, 감동의 포인트는 참 유치하다",
    "date": "11.10.31",
    "rating": "4",
    "author": "mygr****",
    "review_id": "5821050",
    "movie_id": "44625"
  },
  {
    "review": "감동적이예요! 박기웅 볼수록 매력철철♥",
    "date": "11.10.21",
    "rating": "10",
    "author": "ice1****",
    "review_id": "5800992",
    "movie_id": "44625"
  },
  {
    "review": "재밋써요~ㅎㅎ",
    "date": "11.10.19",
    "rating": "10",
    "author": "wldu****",
    "review_id": "5797686",
    "movie_id": "44625"
  },
  {
    "review": "1보다 훨씬 재밌음, 몇 번이나 봤는데도 재밌어 솔직히 이정도면 재밌지않나",
    "date": "11.10.19",
    "rating": "8",
    "author": "noil****",
    "review_id": "5796925",
    "movie_id": "44625"
  },
  {
    "review": "지루하고재미없음1이더나으왜2를만들었는지이해가안가넼ㅋ",
    "date": "11.09.23",
    "rating": "3",
    "author": "al11****",
    "review_id": "5747694",
    "movie_id": "44625"
  },
  {
    "review": "아 박기웅좋다",
    "date": "11.08.19",
    "rating": "10",
    "author": "gtft****",
    "review_id": "5668411",
    "movie_id": "44625"
  },
  {
    "review": "재밌으면 된거지",
    "date": "11.08.08",
    "rating": "10",
    "author": "94ja****",
    "review_id": "5623269",
    "movie_id": "44625"
  },
  {
    "review": "하.......",
    "date": "11.07.25",
    "rating": "1",
    "author": "rodw****",
    "review_id": "5567848",
    "movie_id": "44625"
  },
  {
    "review": "이거 2도 있었어",
    "date": "11.06.04",
    "rating": "1",
    "author": "kmhh****",
    "review_id": "5463262",
    "movie_id": "44625"
  },
  {
    "review": "이거 2도 있었어??ㅋㅋㅋ",
    "date": "11.05.10",
    "rating": "1",
    "author": "ehdd****",
    "review_id": "5419001",
    "movie_id": "44625"
  },
  {
    "review": "이론으로 영화 재밌다 없다 하지말고 솔직히 보통 재밌다 느낄 만한 영화 아니었나?",
    "date": "11.03.25",
    "rating": "8",
    "author": "fwtt****",
    "review_id": "5333014",
    "movie_id": "44625"
  },
  {
    "review": "조옺만이라 부르던 준꼬의 귀여운모습이 아른아른..",
    "date": "11.03.22",
    "rating": "7",
    "author": "cool****",
    "review_id": "5329194",
    "movie_id": "44625"
  },
  {
    "review": "이청아때문에 그나마 볼만",
    "date": "11.03.13",
    "rating": "8",
    "author": "dudf****",
    "review_id": "5312054",
    "movie_id": "44625"
  },
  {
    "review": "ㅋㅋㅋㅋㅋㅋㅋㅋㅋㅋ재밌는데ㅋㅋㅋㅋ박기웅 진짜 개잘생겼다..넘재밌게봤음",
    "date": "11.03.13",
    "rating": "10",
    "author": "altk****",
    "review_id": "5309793",
    "movie_id": "44625"
  },
  {
    "review": "별 내용도 없고 약간 지루하고....그저 박기웅이 귀엽게 생겨서 봄",
    "date": "11.03.10",
    "rating": "7",
    "author": "vkvk****",
    "review_id": "5303786",
    "movie_id": "44625"
  },
  {
    "review": "완전재밋어염",
    "date": "11.03.06",
    "rating": "10",
    "author": "qkdt****",
    "review_id": "5296534",
    "movie_id": "44625"
  },
  {
    "review": "이제부터박기웅팬ㅋㅋ",
    "date": "11.02.25",
    "rating": "10",
    "author": "un27****",
    "review_id": "5275314",
    "movie_id": "44625"
  },
  {
    "review": "다시봐도 재미있는 영화! 감동과 재미가  한번에+_+",
    "date": "11.02.17",
    "rating": "10",
    "author": "dn82****",
    "review_id": "5250546",
    "movie_id": "44625"
  },
  {
    "review": "이청아는 진정한 국민여동생이다.그녀의 연기력때문에 10점만점에 10점.재밌었다.",
    "date": "11.02.05",
    "rating": "10",
    "author": "odjs****",
    "review_id": "5216509",
    "movie_id": "44625"
  },
  {
    "review": "재밌는데....ㅋㅋㅋㅋ준꼬역이 이청아였구낰;;",
    "date": "11.02.04",
    "rating": "10",
    "author": "hyun****",
    "review_id": "5211482",
    "movie_id": "44625"
  },
  {
    "review": "이거 완전 내st이어서 개재미있었는데..?아..박기웅...진심 대박 멋있음.....ㅜㅜㅜ",
    "date": "11.01.20",
    "rating": "10",
    "author": "yeaj****",
    "review_id": "5170958",
    "movie_id": "44625"
  },
  {
    "review": "난이거완전재밌었는데평점왜이럼?????내가본한국멜로영화중최고였는데 ;;",
    "date": "11.01.01",
    "rating": "10",
    "author": "knkn****",
    "review_id": "5113716",
    "movie_id": "44625"
  },
  {
    "review": "이런걸 2시간짜리로 만들기도 힘들텐데..이청아 혼자 열심히네",
    "date": "11.01.01",
    "rating": "7",
    "author": "idle****",
    "review_id": "5113043",
    "movie_id": "44625"
  },
  {
    "review": "간판은 '이름빨'이 없지만 속은 알차다. 1보다는 훨씬. 차라리 제목을 바꾸지",
    "date": "10.12.14",
    "rating": "4",
    "author": "inos****",
    "review_id": "5053958",
    "movie_id": "44625"
  },
  {
    "review": "기대안하고봤는데 생각보다 재밌고 마지막일본장면도 낭만적♡",
    "date": "10.11.14",
    "rating": "10",
    "author": "1bbo****",
    "review_id": "4961119",
    "movie_id": "44625"
  },
  {
    "review": "아주재밋엇다 ㅋㅋ",
    "date": "10.11.02",
    "rating": "10",
    "author": "rudg****",
    "review_id": "4935364",
    "movie_id": "44625"
  },
  {
    "review": "이청아는 예뻤다.  일본에서 살다왔나. 왜 이리 발음이 좋고 목소리가 좋은지..",
    "date": "10.11.01",
    "rating": "10",
    "author": "bhso****",
    "review_id": "4932962",
    "movie_id": "44625"
  },
  {
    "review": "박기웅너무귀여운 ㅋㅋㅋ",
    "date": "10.10.31",
    "rating": "10",
    "author": "kimd****",
    "review_id": "4930639",
    "movie_id": "44625"
  },
  {
    "review": "오늘새벽.. 이거땜시 잠못자서 4시에 잤습니다..ㅋ",
    "date": "10.10.31",
    "rating": "10",
    "author": "qudw****",
    "review_id": "4930038",
    "movie_id": "44625"
  },
  {
    "review": "어제봤는데재미있더라구요~~엄청재미있네용",
    "date": "10.10.31",
    "rating": "10",
    "author": "rhkd****",
    "review_id": "4930026",
    "movie_id": "44625"
  },
  {
    "review": "3년 전 재밌게 봤던 영화~",
    "date": "10.10.31",
    "rating": "10",
    "author": "dldb****",
    "review_id": "4929764",
    "movie_id": "44625"
  },
  {
    "review": "왜난재밌더만ㅋㅋㅋㅋㅋ",
    "date": "10.09.18",
    "rating": "10",
    "author": "seo1****",
    "review_id": "4845370",
    "movie_id": "44625"
  },
  {
    "review": "조악한 만듦새. 참아내기가 힘들다.",
    "date": "10.09.15",
    "rating": "4",
    "author": "reco****",
    "review_id": "4837613",
    "movie_id": "44625"
  }
]