[
  {
    "review": "요즘 애니보다 낫네 ㅋ 잘만들었음",
    "date": "15.06.28",
    "rating": "9",
    "author": "emce****",
    "review_id": "10049680",
    "movie_id": "44629"
  },
  {
    "review": "이게 2008년 ...? 이게????",
    "date": "15.06.20",
    "rating": "10",
    "author": "star****",
    "review_id": "10016004",
    "movie_id": "44629"
  },
  {
    "review": "듀란과 브리아레오스의 사랑이 진정한 사랑이 아닐까... 껍데기가 아닌 정말 진심으로 이루어진 사랑 안타깝지만 아름답다...",
    "date": "15.05.22",
    "rating": "10",
    "author": "rhdl****",
    "review_id": "9938739",
    "movie_id": "44629"
  },
  {
    "review": "애니메이션 그이상이 그대되는 영화일 듯! 스틸컷이 정말 이쁘네요!",
    "date": "15.05.15",
    "rating": "10",
    "author": "gaeu****",
    "review_id": "9918883",
    "movie_id": "44629"
  },
  {
    "review": "저번에  봤다가 겨우 찾아서 영화제목 알아냄이거 너무재밌음",
    "date": "15.04.12",
    "rating": "10",
    "author": "elen****",
    "review_id": "9841400",
    "movie_id": "44629"
  },
  {
    "review": "이 영화를 보고 충격을받았다. 인간적으로 7.4가 평균이라는게 믿기질않는다 10점만점은 기본이며 3점을 더주고싶다..",
    "date": "14.12.19",
    "rating": "10",
    "author": "popo****",
    "review_id": "9489917",
    "movie_id": "44629"
  },
  {
    "review": "2008년꺼 인데도 정말 잘 만들었다.그치만 스토리 부분이...너무 간단해져 버린 것 같다.걍 재미로 보면 될 듯...;;",
    "date": "14.08.29",
    "rating": "8",
    "author": "azic****",
    "review_id": "9143964",
    "movie_id": "44629"
  },
  {
    "review": "홍콩 sf 르와르냐?  손발이 오글거리는 액션신들 ;; 1편의 깊이, 감동, 재미 어느하나 못따라온다.",
    "date": "14.07.16",
    "rating": "3",
    "author": "kcom****",
    "review_id": "8921831",
    "movie_id": "44629"
  },
  {
    "review": "사이버펑크의 교과서같은 작품",
    "date": "14.07.16",
    "rating": "9",
    "author": "tita****",
    "review_id": "8921641",
    "movie_id": "44629"
  },
  {
    "review": "몇번을 다시 봐도 2008년 제작된 애니라고 보기 어려울 정도...후속편을 기다리지만 기약이 없다...스토리와 연출을 그대로 일본애들이 했다는 사실이 참 부럽다..",
    "date": "14.06.12",
    "rating": "10",
    "author": "anoa****",
    "review_id": "8822946",
    "movie_id": "44629"
  },
  {
    "review": "빈깡통이 요란요란",
    "date": "13.06.19",
    "rating": "1",
    "author": "orph****",
    "review_id": "7657361",
    "movie_id": "44629"
  },
  {
    "review": "감정이 말살된 신인류에 대한 철학적 고찰이 전혀 보이질 않는다.거기에 엉성한 스토리 전개, 뻔한 결말, 유치한 대사..ㄷㄷㄷ 공각기동대 만큼의 완성도를 기대한건 내탓이겠지....??",
    "date": "12.12.30",
    "rating": "3",
    "author": "kang****",
    "review_id": "7065626",
    "movie_id": "44629"
  },
  {
    "review": "오우삼이 제작에 참여하자 아라마키 신지도 비둘기로 화답하고 좀비까지 등장시키며 시류에 영합하는데..1편은 SF애니 특유의 철학적 신비함을 잘 살렸던 반면 2편은 세련된 액션이 관객을 즐겁게 한다. 하지만 무엇보다 듀난 너츠는 2D일 때가 더 이쁘다.",
    "date": "12.10.26",
    "rating": "8",
    "author": "dhka****",
    "review_id": "6827668",
    "movie_id": "44629"
  },
  {
    "review": "1편에 비해서,너무 후지다.캐릭터디자인재조정은 나름 괜찮았지만,그뿐...시로마사무네의원작에비해서,너무 철학이 부재한 작품이 아닌가한다.오시이마모루의공각기동대씨리즈와비교해도,너무 수준차이가 심하게 나는편.원작은,어딘가 심오하고,방대한 이야기를 담은 작품",
    "date": "12.09.21",
    "rating": "2",
    "author": "baks****",
    "review_id": "6716596",
    "movie_id": "44629"
  },
  {
    "review": "너무 재밌었다 후속작 안나오나....",
    "date": "12.09.20",
    "rating": "10",
    "author": "dino****",
    "review_id": "6715216",
    "movie_id": "44629"
  },
  {
    "review": "오타쿠들 진짜 이런게 재밌음?;;;",
    "date": "12.09.14",
    "rating": "3",
    "author": "craz****",
    "review_id": "6697919",
    "movie_id": "44629"
  },
  {
    "review": "이건 10점만점에 10점",
    "date": "12.08.24",
    "rating": "10",
    "author": "snas****",
    "review_id": "6640527",
    "movie_id": "44629"
  },
  {
    "review": "인간의 마음은 마음데로 조종할 수 게아니잖아.. 화려한 액션에 감춰진 휴머니티..",
    "date": "11.12.12",
    "rating": "7",
    "author": "wch4****",
    "review_id": "5901641",
    "movie_id": "44629"
  },
  {
    "review": "나는 관대하다",
    "date": "11.11.16",
    "rating": "10",
    "author": "indu****",
    "review_id": "5853291",
    "movie_id": "44629"
  },
  {
    "review": "전편과 똑같은 형식을 다습하는 꼴이 되어버린속편 오우삼 특유의 액션은 과하면 역효과를 가져옴",
    "date": "11.10.30",
    "rating": "5",
    "author": "cnjs****",
    "review_id": "5817860",
    "movie_id": "44629"
  },
  {
    "review": "역시 SF애니는 일본이야 진짜 재밌습니다",
    "date": "11.10.24",
    "rating": "9",
    "author": "jou1****",
    "review_id": "5808092",
    "movie_id": "44629"
  },
  {
    "review": "오 첨봤는데 다른시리즈도 봐야지",
    "date": "11.08.27",
    "rating": "8",
    "author": "sang****",
    "review_id": "5690284",
    "movie_id": "44629"
  },
  {
    "review": "10점 줄테니 3편아 나와라",
    "date": "11.07.03",
    "rating": "10",
    "author": "ppan****",
    "review_id": "5519644",
    "movie_id": "44629"
  },
  {
    "review": "3편아 이제 나올 때가 됐다.",
    "date": "11.01.09",
    "rating": "8",
    "author": "hyee****",
    "review_id": "5142933",
    "movie_id": "44629"
  },
  {
    "review": "어딘지 딱딱한 느낌...",
    "date": "10.12.20",
    "rating": "6",
    "author": "kos4****",
    "review_id": "5067212",
    "movie_id": "44629"
  },
  {
    "review": "CG가 더이상 놀라운 시대가 아닌 지금, 이젠 연출력으로 승부를 봐야 한다.",
    "date": "10.11.20",
    "rating": "4",
    "author": "jcr3****",
    "review_id": "4975868",
    "movie_id": "44629"
  },
  {
    "review": "그래픽 볼만하네용 근데 스토리가 약간 지루한건 사실",
    "date": "10.11.18",
    "rating": "9",
    "author": "hyoj****",
    "review_id": "4970686",
    "movie_id": "44629"
  },
  {
    "review": "아~~~~무 내용없는 영화..ㅡㅡ;",
    "date": "10.11.10",
    "rating": "1",
    "author": "last****",
    "review_id": "4948294",
    "movie_id": "44629"
  },
  {
    "review": "스토리가 좀 아쉽지만 커버해주는 화려한 그래픽!",
    "date": "10.10.16",
    "rating": "7",
    "author": "ssun****",
    "review_id": "4905025",
    "movie_id": "44629"
  },
  {
    "review": "그냥 최고네 카라스나 닷핵트롤로지 파이널판타지보다 현실성있고 빠져든다는..",
    "date": "10.09.26",
    "rating": "10",
    "author": "sadf****",
    "review_id": "4870156",
    "movie_id": "44629"
  },
  {
    "review": "CG처리도2004년작보다훨씬훌륭해졌다. 후속작이 기다리지는 작품 1순위.",
    "date": "10.09.13",
    "rating": "10",
    "author": "ryin****",
    "review_id": "4834213",
    "movie_id": "44629"
  },
  {
    "review": "Alien 2 + 공각기동대 + 천공의성 라퓨타",
    "date": "10.08.14",
    "rating": "5",
    "author": "seba****",
    "review_id": "4745609",
    "movie_id": "44629"
  },
  {
    "review": "영상의 퀄리티와 그래픽이 참 좋았지만 스토리 구성이 좀...결말도 유치..;ㅋ",
    "date": "10.08.13",
    "rating": "8",
    "author": "zede****",
    "review_id": "4743058",
    "movie_id": "44629"
  },
  {
    "review": "영상과 구성이 뛰어난 수작.",
    "date": "10.05.20",
    "rating": "10",
    "author": "carr****",
    "review_id": "4511762",
    "movie_id": "44629"
  },
  {
    "review": "시로우마사무네 원작을 잘 살린 느낌...오시이마모루와 비교는 좀 이제 그만...",
    "date": "10.02.12",
    "rating": "10",
    "author": "cciw****",
    "review_id": "4271963",
    "movie_id": "44629"
  },
  {
    "review": "오....퀄러티의 완벽함",
    "date": "09.12.12",
    "rating": "10",
    "author": "mani****",
    "review_id": "4037935",
    "movie_id": "44629"
  },
  {
    "review": "Matrix.. Starwars의 액션신이 생각난 건 나 뿐일까?ㅠㅠ 그래도 잘 만들었다~",
    "date": "09.11.29",
    "rating": "10",
    "author": "para****",
    "review_id": "4000521",
    "movie_id": "44629"
  },
  {
    "review": "구성력이 좀 떨어지내요",
    "date": "09.09.15",
    "rating": "7",
    "author": "milk****",
    "review_id": "3832552",
    "movie_id": "44629"
  },
  {
    "review": "오시이마모루가감독인줄알고봤는데내용이넘상투적이라감독확인해보니깐 ㅡㅡ;;",
    "date": "09.05.11",
    "rating": "3",
    "author": "chok****",
    "review_id": "3489549",
    "movie_id": "44629"
  },
  {
    "review": "처음에 오우삼 필이 느껴지지만, 1편만 못하고 3D 인물은 왠지 좀 거부감이 든다",
    "date": "09.04.28",
    "rating": "10",
    "author": "moon****",
    "review_id": "3446253",
    "movie_id": "44629"
  },
  {
    "review": "공각기동대의 짝퉁같은 느낌도 들고, 너무 매끄런 그림체도 기분나빠. 중학생용 애니.",
    "date": "09.04.19",
    "rating": "5",
    "author": "1231****",
    "review_id": "3429352",
    "movie_id": "44629"
  },
  {
    "review": "유치한 미야자키하야오식 만화보다 훨씬 재밌다.....!!",
    "date": "09.04.01",
    "rating": "9",
    "author": "adam****",
    "review_id": "3399003",
    "movie_id": "44629"
  },
  {
    "review": "화려한 CG 그러나 그에 비해 빈약한 구성력으로 하품나오는 스토리와 늘어지는 결말.",
    "date": "09.03.25",
    "rating": "6",
    "author": "hiid****",
    "review_id": "3386149",
    "movie_id": "44629"
  },
  {
    "review": "애플시드가 지닌 차별화된 매력에 흠뻑.. 3편은 매니아만을 위한 재미에도 신경써주길",
    "date": "09.03.15",
    "rating": "7",
    "author": "cat1****",
    "review_id": "3367906",
    "movie_id": "44629"
  },
  {
    "review": "즐기기에 충분했음. 근데 신선함은 좀..",
    "date": "09.02.16",
    "rating": "9",
    "author": "sago****",
    "review_id": "3307442",
    "movie_id": "44629"
  },
  {
    "review": "스토리가 약간 미흡하긴하지만..볼만합니다..액션도 이퀄리브리엄처럼 재미있어요 ^^",
    "date": "09.02.10",
    "rating": "10",
    "author": "thak****",
    "review_id": "3292575",
    "movie_id": "44629"
  },
  {
    "review": "평점에 믿고 봤다가 피봤네.내용도 없고 재미도 없고..",
    "date": "09.01.23",
    "rating": "2",
    "author": "2601****",
    "review_id": "3242636",
    "movie_id": "44629"
  },
  {
    "review": "정리좀 더 깔끔하게 하고 나왔으면 초대작이다 ㅋ 꽤 잼있음~ 3편나오기를!",
    "date": "09.01.07",
    "rating": "7",
    "author": "hiby****",
    "review_id": "3199602",
    "movie_id": "44629"
  },
  {
    "review": "스토리에 좀더 신경썻다면 수작이 됬을텐데..",
    "date": "08.12.26",
    "rating": "6",
    "author": "sha5****",
    "review_id": "3152380",
    "movie_id": "44629"
  },
  {
    "review": "1편보다 망쳤어도!!! 3편 나오길!!!",
    "date": "08.12.21",
    "rating": "9",
    "author": "chlw****",
    "review_id": "3136700",
    "movie_id": "44629"
  },
  {
    "review": "화려한 액션, 멋진 주인공은 최고! 연출이 너무 무난해서 그런지 극적 긴장감은 좀..",
    "date": "08.12.20",
    "rating": "7",
    "author": "joch****",
    "review_id": "3131818",
    "movie_id": "44629"
  },
  {
    "review": "보는 내내 조마조마하면서 봤어요.. 근데 테레우스 하는짓은 좀 진상... ㄱ-",
    "date": "08.12.15",
    "rating": "9",
    "author": "poke****",
    "review_id": "3120434",
    "movie_id": "44629"
  },
  {
    "review": "최고의 작품.. 더욱 사실적인 아니 소름끼칠만큼 사실적인 다음편을 기대해본다.",
    "date": "08.11.28",
    "rating": "10",
    "author": "ict2****",
    "review_id": "3077792",
    "movie_id": "44629"
  },
  {
    "review": "주제가 약하고 대사의 유치함. 그래도 이름값은 하는 듯?",
    "date": "08.11.16",
    "rating": "8",
    "author": "two1****",
    "review_id": "3053529",
    "movie_id": "44629"
  },
  {
    "review": "재밌엇음",
    "date": "08.11.13",
    "rating": "10",
    "author": "htop****",
    "review_id": "3048508",
    "movie_id": "44629"
  },
  {
    "review": "상투적이지만 매력적...",
    "date": "08.11.02",
    "rating": "8",
    "author": "yana****",
    "review_id": "3030490",
    "movie_id": "44629"
  },
  {
    "review": "그래픽도 멋지고 박진감도 있고 볼 만한 영화",
    "date": "08.10.24",
    "rating": "7",
    "author": "kaka****",
    "review_id": "3016491",
    "movie_id": "44629"
  },
  {
    "review": "재밌었음 ㅋㅋ",
    "date": "08.10.17",
    "rating": "8",
    "author": "zany****",
    "review_id": "3003629",
    "movie_id": "44629"
  },
  {
    "review": "업글된느낌 깔끔한 그래픽 내용까지!!! 눈과 귀가 즐거운 영화 스토리까지 괜찮음",
    "date": "08.10.14",
    "rating": "9",
    "author": "love****",
    "review_id": "2999043",
    "movie_id": "44629"
  },
  {
    "review": "완벽그자체네요. 다른말로 표현이안됨.스토리부터 결말까지 완벽.진짜최고!!",
    "date": "08.09.25",
    "rating": "10",
    "author": "visa****",
    "review_id": "2967784",
    "movie_id": "44629"
  },
  {
    "review": "화려한 영상은 좋았지만 기름칠이 덜 되어서 매끄럽진 못하다",
    "date": "08.09.21",
    "rating": "7",
    "author": "goma****",
    "review_id": "2962208",
    "movie_id": "44629"
  },
  {
    "review": "오우삼 냄새 물씬풍기는 전편보다 계속 진화되고 있는 애니~ 역시 애플시드....",
    "date": "08.09.15",
    "rating": "7",
    "author": "jp47****",
    "review_id": "2946954",
    "movie_id": "44629"
  },
  {
    "review": "일본의 애니메이션에 감탄을 금치 못하겠구나!!",
    "date": "08.09.13",
    "rating": "10",
    "author": "denm****",
    "review_id": "2940422",
    "movie_id": "44629"
  },
  {
    "review": "애플시드-자막OO나..머냐..몰입을 할수가 없네..",
    "date": "08.09.11",
    "rating": "4",
    "author": "wind****",
    "review_id": "2935581",
    "movie_id": "44629"
  },
  {
    "review": "1탄의 엉성한 스토리보다는 뻔한스토리지만 감동있는 이게 낫다. 그래픽 더 좋아졌다",
    "date": "08.08.05",
    "rating": "10",
    "author": "spac****",
    "review_id": "2837625",
    "movie_id": "44629"
  },
  {
    "review": "전편의 훨... 재미있었당",
    "date": "08.07.25",
    "rating": "6",
    "author": "hell****",
    "review_id": "2800623",
    "movie_id": "44629"
  },
  {
    "review": "cg에 몰입",
    "date": "08.07.18",
    "rating": "6",
    "author": "kjh7****",
    "review_id": "2774917",
    "movie_id": "44629"
  },
  {
    "review": "그래픽에 감탄할 뿐.",
    "date": "08.07.13",
    "rating": "7",
    "author": "wire****",
    "review_id": "2759184",
    "movie_id": "44629"
  },
  {
    "review": "재미없다...",
    "date": "08.07.11",
    "rating": "1",
    "author": "ljh7****",
    "review_id": "2753505",
    "movie_id": "44629"
  },
  {
    "review": "스토리가 뻔하긴해도 재밌게 봤따",
    "date": "08.07.10",
    "rating": "9",
    "author": "nmkk****",
    "review_id": "2753004",
    "movie_id": "44629"
  },
  {
    "review": "때깔 멋진것도 내용이 안 받쳐주면 무감각해진다",
    "date": "08.07.06",
    "rating": "7",
    "author": "mirk****",
    "review_id": "2743018",
    "movie_id": "44629"
  },
  {
    "review": "흔한 소재였지만, 흔치 않은 감동이었다.",
    "date": "08.07.05",
    "rating": "10",
    "author": "elk_****",
    "review_id": "2741738",
    "movie_id": "44629"
  },
  {
    "review": "화려하고 세밀한 CG에 몰입했다",
    "date": "08.06.28",
    "rating": "8",
    "author": "inst****",
    "review_id": "2725090",
    "movie_id": "44629"
  },
  {
    "review": "인간 바이오로이드 사이보그 삼총사의 활약이라~",
    "date": "08.06.27",
    "rating": "6",
    "author": "almo****",
    "review_id": "2724618",
    "movie_id": "44629"
  },
  {
    "review": "나는 전설이다의 s/w 바이러스 버전이라고 해야하나",
    "date": "08.06.24",
    "rating": "7",
    "author": "ibaz****",
    "review_id": "2717921",
    "movie_id": "44629"
  },
  {
    "review": "평가하지 않는다. 별점에 평가당하지 않겠다. 자신의 눈을 낮춰라.",
    "date": "08.06.20",
    "rating": "10",
    "author": "bloo****",
    "review_id": "2708462",
    "movie_id": "44629"
  },
  {
    "review": "눈은 제법 즐거우나, 머리 쓸 필요가 없는 뻔한 줄거리...",
    "date": "08.06.18",
    "rating": "7",
    "author": "sinb****",
    "review_id": "2706009",
    "movie_id": "44629"
  },
  {
    "review": "디지이너 출신 감독의 확실한 연출력 부재",
    "date": "08.06.16",
    "rating": "6",
    "author": "hhea****",
    "review_id": "2702476",
    "movie_id": "44629"
  },
  {
    "review": "화련한 액션에 고정관념적 스토리...",
    "date": "08.06.16",
    "rating": "7",
    "author": "rlaw****",
    "review_id": "2702415",
    "movie_id": "44629"
  },
  {
    "review": "그냥 킹왕짱임!! 강추요^^",
    "date": "08.06.14",
    "rating": "10",
    "author": "sd21****",
    "review_id": "2698791",
    "movie_id": "44629"
  },
  {
    "review": "헐~ 멋지다 음악 볼꺼리 완전 좋아요 역시 일본 만화는 잼나네요 섬세하고",
    "date": "08.06.14",
    "rating": "10",
    "author": "cone****",
    "review_id": "2697636",
    "movie_id": "44629"
  },
  {
    "review": "1편의 감동과 재미를 그대로 이어가는듯!!",
    "date": "08.06.13",
    "rating": "10",
    "author": "dldn****",
    "review_id": "2696771",
    "movie_id": "44629"
  },
  {
    "review": "10점짜리 낚시질????",
    "date": "08.06.12",
    "rating": "1",
    "author": "hiji****",
    "review_id": "2694891",
    "movie_id": "44629"
  },
  {
    "review": "보다가 너무졸려서 포기했어요 ㅠㅠ",
    "date": "08.06.12",
    "rating": "1",
    "author": "mw_k****",
    "review_id": "2694535",
    "movie_id": "44629"
  },
  {
    "review": "작품은 뛰어나지만 자막은 별 1개도 아까울지경. -시사회 후기감상",
    "date": "08.06.12",
    "rating": "6",
    "author": "delt****",
    "review_id": "2693604",
    "movie_id": "44629"
  },
  {
    "review": "나쁘진 않지만, 진부한 스토리와, 역동적인 동작들의 어색함이 아쉬움.",
    "date": "08.06.12",
    "rating": "7",
    "author": "sjb2****",
    "review_id": "2693557",
    "movie_id": "44629"
  },
  {
    "review": "뛰어난 영상미! 훌륭한 애니메이션이다!",
    "date": "08.06.10",
    "rating": "8",
    "author": "kthe****",
    "review_id": "2692009",
    "movie_id": "44629"
  },
  {
    "review": "볼만한 영상.. 진부한 스토리",
    "date": "08.06.06",
    "rating": "7",
    "author": "nora****",
    "review_id": "2682447",
    "movie_id": "44629"
  },
  {
    "review": "엄청 재미있네요",
    "date": "08.06.01",
    "rating": "10",
    "author": "csm9****",
    "review_id": "2674907",
    "movie_id": "44629"
  },
  {
    "review": "음.... 역시 재미있네.......ㅋㅋ",
    "date": "08.05.31",
    "rating": "10",
    "author": "smas****",
    "review_id": "2672641",
    "movie_id": "44629"
  },
  {
    "review": "근래에 볼만한 애니가 없었단걸 감안하면 그냥 볼만함",
    "date": "08.05.29",
    "rating": "7",
    "author": "ruym****",
    "review_id": "2669514",
    "movie_id": "44629"
  },
  {
    "review": "평이한 애니",
    "date": "08.05.28",
    "rating": "5",
    "author": "jose****",
    "review_id": "2667905",
    "movie_id": "44629"
  },
  {
    "review": "0.2%가 부족한 명작. 깊이 있는 내용이 될 뻔 하다가 진부해져버린게 옥의 티",
    "date": "08.05.28",
    "rating": "9",
    "author": "maes****",
    "review_id": "2667387",
    "movie_id": "44629"
  },
  {
    "review": "심심할때 보세요~~일본 애니짱~!",
    "date": "08.05.27",
    "rating": "8",
    "author": "pbh1****",
    "review_id": "2666146",
    "movie_id": "44629"
  },
  {
    "review": "일본애니도 굉장히 재미없을 수 있다는 걸 가르쳐준 영화.",
    "date": "08.05.26",
    "rating": "1",
    "author": "doom****",
    "review_id": "2665131",
    "movie_id": "44629"
  },
  {
    "review": "화면 앞으로 바짝 다가가게 만드는 매력적인 영상.",
    "date": "08.05.24",
    "rating": "9",
    "author": "ikis****",
    "review_id": "2660474",
    "movie_id": "44629"
  },
  {
    "review": "역시.. 일본 애니 쩌러.. 줍내 멋있다",
    "date": "08.05.17",
    "rating": "9",
    "author": "wind****",
    "review_id": "2645965",
    "movie_id": "44629"
  },
  {
    "review": "이거 봤는데요 디게 재밌어요^^",
    "date": "08.05.15",
    "rating": "10",
    "author": "wldn****",
    "review_id": "2642186",
    "movie_id": "44629"
  },
  {
    "review": "게임으로 나온다면 대박이겠는데...",
    "date": "08.05.06",
    "rating": "7",
    "author": "band****",
    "review_id": "2621139",
    "movie_id": "44629"
  },
  {
    "review": "전편이 백만배는 낫다..오우삼10숑키의 비둘기퍼레이드 이제는진부하고지겨워",
    "date": "08.05.05",
    "rating": "1",
    "author": "piee****",
    "review_id": "2618851",
    "movie_id": "44629"
  }
]