[
  {
    "review": "이걸로,한류스타된 최정원.작가 문영남은,임성한과는 달라.작품성과는,별개로,재미는 따로 평가해야 함.왕가네도,존나 쩔었었지.특히,수박이 캐릭터...오현경 아니었으면,아무도 그 정도까지는 못해줬을꺼다.뭔가 어딘가(?)가,제대로 망가진 여자를 제대로 연기함",
    "date": "15.05.31",
    "rating": "10",
    "author": "baks****",
    "review_id": "9964996",
    "movie_id": "44630"
  },
  {
    "review": "이승기 저건 지금봐도 진짜 미스캐스팅이다!!",
    "date": "15.02.20",
    "rating": "1",
    "author": "ske4****",
    "review_id": "9717134",
    "movie_id": "44630"
  },
  {
    "review": "아니 벌써 나온지 OO 다됐네 얼마 되지도 않은거 같은데 ㅠ",
    "date": "15.01.05",
    "rating": "8",
    "author": "arma****",
    "review_id": "9566412",
    "movie_id": "44630"
  },
  {
    "review": "한예린 나와서 1점 줌.",
    "date": "13.12.22",
    "rating": "1",
    "author": "blac****",
    "review_id": "8274109",
    "movie_id": "44630"
  },
  {
    "review": "주인공 이름 간지 쩐다ㅣ",
    "date": "13.04.17",
    "rating": "10",
    "author": "ro24****",
    "review_id": "7465596",
    "movie_id": "44630"
  },
  {
    "review": "주인공 이름 꼬라지 봐라..",
    "date": "12.07.20",
    "rating": "7",
    "author": "tn99****",
    "review_id": "6504945",
    "movie_id": "44630"
  },
  {
    "review": "왜케 평점이낮지. ㅋㅋㅋ 난 진짜 재밌게봤었는뎅.",
    "date": "12.06.25",
    "rating": "10",
    "author": "s794****",
    "review_id": "6416498",
    "movie_id": "44630"
  },
  {
    "review": "한예린 이때는 참 괜찮았었는데",
    "date": "11.08.27",
    "rating": "10",
    "author": "jang****",
    "review_id": "5690891",
    "movie_id": "44630"
  },
  {
    "review": "주말저녁 재밌게 봤었음 ㅋ",
    "date": "11.03.09",
    "rating": "8",
    "author": "rudd****",
    "review_id": "5302206",
    "movie_id": "44630"
  },
  {
    "review": "재미잇는뎅",
    "date": "11.01.09",
    "rating": "10",
    "author": "tmdt****",
    "review_id": "5143962",
    "movie_id": "44630"
  },
  {
    "review": "재밌다",
    "date": "10.10.22",
    "rating": "10",
    "author": "limj****",
    "review_id": "4915649",
    "movie_id": "44630"
  },
  {
    "review": "까칠하지만 매력적인 여자 미칠이 때문에 그나마 계속 볼 수 있었다",
    "date": "10.01.17",
    "rating": "6",
    "author": "mygr****",
    "review_id": "4178042",
    "movie_id": "44630"
  },
  {
    "review": "아줌마가 뭔데 그래요? 아줌마가 우리 엄마애요?",
    "date": "09.07.12",
    "rating": "1",
    "author": "dusw****",
    "review_id": "3625592",
    "movie_id": "44630"
  },
  {
    "review": "진짜 한예린때문에 그 주위의 배우들이 안됫네요 ㅠ",
    "date": "09.07.11",
    "rating": "10",
    "author": "sibl****",
    "review_id": "3623881",
    "movie_id": "44630"
  },
  {
    "review": "재밌다....",
    "date": "08.11.23",
    "rating": "10",
    "author": "2008****",
    "review_id": "3068305",
    "movie_id": "44630"
  },
  {
    "review": "제~일 싫어하는 스타일",
    "date": "08.08.11",
    "rating": "1",
    "author": "cama****",
    "review_id": "2862357",
    "movie_id": "44630"
  },
  {
    "review": "못봐주겠더군",
    "date": "08.06.24",
    "rating": "1",
    "author": "tabl****",
    "review_id": "2717630",
    "movie_id": "44630"
  },
  {
    "review": "너무 재미 있어요",
    "date": "08.04.12",
    "rating": "9",
    "author": "shlw****",
    "review_id": "2576418",
    "movie_id": "44630"
  },
  {
    "review": "너무재밌게봤었던드라마:)",
    "date": "08.01.10",
    "rating": "10",
    "author": "sexy****",
    "review_id": "2315126",
    "movie_id": "44630"
  },
  {
    "review": "너무나 재미있음..",
    "date": "08.01.02",
    "rating": "10",
    "author": "4148****",
    "review_id": "2291925",
    "movie_id": "44630"
  },
  {
    "review": "왜그래 재밌기만한데ㅋㅋㅋ귀여운드라마 김해숙연기가 지존",
    "date": "07.12.05",
    "rating": "10",
    "author": "ohyo****",
    "review_id": "2208743",
    "movie_id": "44630"
  },
  {
    "review": "보는동안은 쌍소리해도 눈감아준다",
    "date": "07.11.03",
    "rating": "1",
    "author": "stra****",
    "review_id": "2129526",
    "movie_id": "44630"
  },
  {
    "review": "너무재밌었음ㅋㅋㅋㅋㅋㅋㅋㅋㅋㅋ",
    "date": "07.10.17",
    "rating": "10",
    "author": "1570****",
    "review_id": "2094082",
    "movie_id": "44630"
  },
  {
    "review": "해피엔딩이라 좋았구.. 볼만했는데 너무 질질끌었어~",
    "date": "07.10.13",
    "rating": "6",
    "author": "jmy1****",
    "review_id": "2086646",
    "movie_id": "44630"
  },
  {
    "review": "이태란의 파병 대사는 충격적이더군...양학의 연료가 되어주겠다?",
    "date": "07.03.07",
    "rating": "1",
    "author": "ppp0****",
    "review_id": "1523374",
    "movie_id": "44630"
  },
  {
    "review": "여러차례비극의발생이 재미있었고 긴장을  올렸다",
    "date": "07.02.08",
    "rating": "10",
    "author": "wheo****",
    "review_id": "1453245",
    "movie_id": "44630"
  },
  {
    "review": "너무 좋다",
    "date": "07.02.05",
    "rating": "10",
    "author": "hayo****",
    "review_id": "1446816",
    "movie_id": "44630"
  },
  {
    "review": "특히 나문희 할머니는 돌리고쏭,김해숙 할머니는 눈물연기가 잼",
    "date": "07.01.31",
    "rating": "10",
    "author": "vip4****",
    "review_id": "1430735",
    "movie_id": "44630"
  },
  {
    "review": "너무 잼있어요",
    "date": "07.01.13",
    "rating": "10",
    "author": "rlat****",
    "review_id": "1381453",
    "movie_id": "44630"
  },
  {
    "review": "드라마봤는데 이태란연기가 가장 최고",
    "date": "07.01.03",
    "rating": "10",
    "author": "dawj****",
    "review_id": "1354490",
    "movie_id": "44630"
  },
  {
    "review": "겁나재미있는데",
    "date": "06.12.26",
    "rating": "10",
    "author": "ju06****",
    "review_id": "1329241",
    "movie_id": "44630"
  },
  {
    "review": "진짜 재미 → 재미 → 응? 연장방송? 이제 결말좀..",
    "date": "06.11.17",
    "rating": "5",
    "author": "yeni****",
    "review_id": "1237956",
    "movie_id": "44630"
  },
  {
    "review": "최악의 드라마",
    "date": "06.10.30",
    "rating": "1",
    "author": "milk****",
    "review_id": "1207489",
    "movie_id": "44630"
  },
  {
    "review": "연장이 드라마를 배려놓은거다...ㅠ_ㅠ",
    "date": "06.09.15",
    "rating": "8",
    "author": "rlar****",
    "review_id": "1122497",
    "movie_id": "44630"
  },
  {
    "review": "역시 주말드라마의 한계",
    "date": "06.08.11",
    "rating": "4",
    "author": "heal****",
    "review_id": "994691",
    "movie_id": "44630"
  },
  {
    "review": "점점 드라마의 방향이 어긋나고 있다!!",
    "date": "06.07.28",
    "rating": "5",
    "author": "zeed****",
    "review_id": "929786",
    "movie_id": "44630"
  }
]