[
  {
    "review": "우리나라도 겉으로 표현되지 않을 뿐...",
    "date": "14.09.22",
    "rating": "9",
    "author": "gunz****",
    "review_id": "9234481",
    "movie_id": "44638"
  },
  {
    "review": "어설픈 것 보단 이게 나음.",
    "date": "14.07.28",
    "rating": "7",
    "author": "dlwo****",
    "review_id": "8974369",
    "movie_id": "44638"
  },
  {
    "review": "긴박사 라고 저 줄 묶는게 직업으로도 있임 대단한나라",
    "date": "13.11.27",
    "rating": "9",
    "author": "42co****",
    "review_id": "8170980",
    "movie_id": "44638"
  },
  {
    "review": "스기모토 아야 는 아름다운 몸매의 소유자다",
    "date": "13.10.03",
    "rating": "7",
    "author": "milk****",
    "review_id": "8030611",
    "movie_id": "44638"
  },
  {
    "review": "멋진 영화...성에 대한 인간 집착의 끝을 보여준다.",
    "date": "13.07.12",
    "rating": "10",
    "author": "theb****",
    "review_id": "7729834",
    "movie_id": "44638"
  },
  {
    "review": "볼만함",
    "date": "13.06.12",
    "rating": "7",
    "author": "real****",
    "review_id": "7630651",
    "movie_id": "44638"
  },
  {
    "review": "안타깝다. 이게 영화평가 란이 아니라 야동평가란이 었으면 좋았을텐데. 영상미학이 있는 야동계의 최고봉. 폭력, 강간같은거 땡길 때 현실에서 하지 말고 이 영화를 보면서 풀면 좋을 것 같아요.",
    "date": "13.03.25",
    "rating": "2",
    "author": "pray****",
    "review_id": "7409254",
    "movie_id": "44638"
  },
  {
    "review": "작품성있는 영화..하지만 노모라서 아쉽네..ㅠㅠ",
    "date": "13.03.04",
    "rating": "9",
    "author": "cdj4****",
    "review_id": "7323198",
    "movie_id": "44638"
  },
  {
    "review": "재미있네..야동인줄 알고봤는데",
    "date": "13.01.17",
    "rating": "10",
    "author": "iu10****",
    "review_id": "7126339",
    "movie_id": "44638"
  },
  {
    "review": "이런것이 진정한 에로티시즘의 미학이구나. 21세기 최고의 에로 스릴러라 생각됩니다. 두번, 세번 보십시오. 그리고  옆에 있는 사람도 보게 만드십시오, 우리 부모님도 보게 하십시오.",
    "date": "12.12.13",
    "rating": "10",
    "author": "qube****",
    "review_id": "6997789",
    "movie_id": "44638"
  },
  {
    "review": "언제부터인가...영화라는 매체를 대하는 관람객들의 태도가 평론가 흉내내기로 바뀌어간다. 분석하려하고 숨은 은어나 암호를 찾아 들쑤신다..영어라는 매체의 진화에있어 없어서는 안될부분이지만, 많은걸 잃어간다..개발이 이뤄지는만큼 자연은 훼손되어지는것이다",
    "date": "12.10.29",
    "rating": "10",
    "author": "neck****",
    "review_id": "6834504",
    "movie_id": "44638"
  },
  {
    "review": "웬만한  저질 일본영화보다는 100 배 나음.",
    "date": "12.10.02",
    "rating": "9",
    "author": "win0****",
    "review_id": "6755248",
    "movie_id": "44638"
  },
  {
    "review": "역시 일본이라는 말밖에...",
    "date": "12.07.06",
    "rating": "7",
    "author": "crys****",
    "review_id": "6451099",
    "movie_id": "44638"
  },
  {
    "review": "인간의 욕망이라지만...",
    "date": "12.04.23",
    "rating": "5",
    "author": "izzo****",
    "review_id": "6240403",
    "movie_id": "44638"
  },
  {
    "review": "주인공여자를 묶어놓는 얘기일뿐.차라리 안보는게 나음.쓰레기영화",
    "date": "12.03.22",
    "rating": "2",
    "author": "tomy****",
    "review_id": "6160132",
    "movie_id": "44638"
  },
  {
    "review": "세상의 현실,권력과 부를 가진자들의 추악함을 고발하고 있지만 과장이 너무심하다",
    "date": "12.01.03",
    "rating": "5",
    "author": "endu****",
    "review_id": "5957858",
    "movie_id": "44638"
  },
  {
    "review": "스키모토 아야 더늙기전에 많은작품을 남겨야할텐데",
    "date": "11.11.16",
    "rating": "10",
    "author": "dlww****",
    "review_id": "5852561",
    "movie_id": "44638"
  },
  {
    "review": "가학적이고 감각적인 일본식 포르노그라피",
    "date": "11.11.05",
    "rating": "9",
    "author": "sipj****",
    "review_id": "5829114",
    "movie_id": "44638"
  },
  {
    "review": "처음 나왔던 원작부터 쭈욱 보세요.",
    "date": "11.06.30",
    "rating": "10",
    "author": "2su0****",
    "review_id": "5509369",
    "movie_id": "44638"
  },
  {
    "review": "배우가이정도헌신이면건무조건10점이지.... 경의롭다...",
    "date": "11.02.22",
    "rating": "10",
    "author": "love****",
    "review_id": "5267951",
    "movie_id": "44638"
  },
  {
    "review": "ldfik kuvwaf kyvakskjae",
    "date": "11.01.25",
    "rating": "5",
    "author": "lotu****",
    "review_id": "5183581",
    "movie_id": "44638"
  },
  {
    "review": "sm 영화화하기 위하여 애썼네.. ㅎㅎ",
    "date": "10.11.25",
    "rating": "6",
    "author": "hj78****",
    "review_id": "4991094",
    "movie_id": "44638"
  },
  {
    "review": "크게 기억에 남질않았다 ~~~~~~~",
    "date": "10.10.04",
    "rating": "5",
    "author": "fnsk****",
    "review_id": "4883687",
    "movie_id": "44638"
  },
  {
    "review": "기분이 잡친다,, 더러운영화",
    "date": "10.07.03",
    "rating": "1",
    "author": "cozy****",
    "review_id": "4608765",
    "movie_id": "44638"
  },
  {
    "review": "여배우연기력이넘좋아서.",
    "date": "10.02.08",
    "rating": "10",
    "author": "a109****",
    "review_id": "4258672",
    "movie_id": "44638"
  },
  {
    "review": "일본 베스트 셀러를 영화했죠. 강추",
    "date": "09.08.23",
    "rating": "10",
    "author": "love****",
    "review_id": "3780350",
    "movie_id": "44638"
  },
  {
    "review": "기립박수를 치고 싶은 영화였다. 극한의 탐미적 영상과 음악에 눈물이 난다.",
    "date": "09.08.06",
    "rating": "10",
    "author": "1231****",
    "review_id": "3716468",
    "movie_id": "44638"
  },
  {
    "review": "파격 빼면 남는 거 없다. 그나마 감각의제국에서 선점하긴 했지만.",
    "date": "09.02.23",
    "rating": "5",
    "author": "acin****",
    "review_id": "3325815",
    "movie_id": "44638"
  },
  {
    "review": "성기부터까고 나와서 삽질해대는 포르노보다 야하다..",
    "date": "08.07.22",
    "rating": "10",
    "author": "xor8****",
    "review_id": "2791238",
    "movie_id": "44638"
  },
  {
    "review": "인간의 욕정은 늙어서 죽어 없어질때까지 사라지지 않는구나.",
    "date": "08.07.12",
    "rating": "3",
    "author": "rkdw****",
    "review_id": "2755707",
    "movie_id": "44638"
  },
  {
    "review": "성기노출정도의 에로물 수준임, 여자 예쁘고 몸매좋고 SM 생각보다 심하지 않음.",
    "date": "08.06.22",
    "rating": "6",
    "author": "blue****",
    "review_id": "2714611",
    "movie_id": "44638"
  },
  {
    "review": "시끄럽게 떠들더니.. 막상 원판 보니, 별것도 아니구만.. 걍 성인에로물..",
    "date": "08.06.14",
    "rating": "3",
    "author": "gall****",
    "review_id": "2698427",
    "movie_id": "44638"
  },
  {
    "review": "완전히 이해가 가는 것은 아니지만 단순 포르노가 아닌것만은 확실하다..",
    "date": "08.04.16",
    "rating": "7",
    "author": "hira****",
    "review_id": "2583417",
    "movie_id": "44638"
  },
  {
    "review": "이런건 멋진영화라서 밤에 혼자 봐야해 ...",
    "date": "08.04.10",
    "rating": "1",
    "author": "blue****",
    "review_id": "2571871",
    "movie_id": "44638"
  },
  {
    "review": "노골적으로 가학적인 엽기 포르노",
    "date": "08.03.17",
    "rating": "6",
    "author": "egyp****",
    "review_id": "2526422",
    "movie_id": "44638"
  },
  {
    "review": "10점",
    "date": "08.01.29",
    "rating": "10",
    "author": "coow****",
    "review_id": "2382720",
    "movie_id": "44638"
  },
  {
    "review": "여배우가 대단하다고 생각함... 쉽지않는 연기임에도 불구하고..",
    "date": "07.12.10",
    "rating": "10",
    "author": "kmhh****",
    "review_id": "2220270",
    "movie_id": "44638"
  },
  {
    "review": "영상미, 여배우의 열연... 대단했다... (내용은 집어치우고....)",
    "date": "07.11.15",
    "rating": "9",
    "author": "jjhp****",
    "review_id": "2152173",
    "movie_id": "44638"
  },
  {
    "review": "허걱... 충격적, 너무 야하다",
    "date": "07.10.30",
    "rating": "10",
    "author": "hp90****",
    "review_id": "2122607",
    "movie_id": "44638"
  },
  {
    "review": "뭐냐 이것은 -_-...",
    "date": "07.10.17",
    "rating": "4",
    "author": "altn****",
    "review_id": "2094275",
    "movie_id": "44638"
  },
  {
    "review": "남성위주포르노,별볼것없음.밧줄때문에아픈여자목소리를교성으로연출",
    "date": "07.10.15",
    "rating": "1",
    "author": "yoon****",
    "review_id": "2091226",
    "movie_id": "44638"
  },
  {
    "review": "강렬한 에로티즘",
    "date": "07.08.19",
    "rating": "10",
    "author": "2pur****",
    "review_id": "1957609",
    "movie_id": "44638"
  },
  {
    "review": "첨부터 끝날때까지 혼란을 가져오는 충격의 연속. 명품 에로틱 드라마",
    "date": "07.08.14",
    "rating": "7",
    "author": "lsh1****",
    "review_id": "1937228",
    "movie_id": "44638"
  },
  {
    "review": "에로물 볼 목적으로 봤는데 여배우열연지대로다! 결국 끝까지다봤다.괜찮음",
    "date": "07.04.22",
    "rating": "10",
    "author": "knif****",
    "review_id": "1599953",
    "movie_id": "44638"
  },
  {
    "review": "일본남성환타지세계 속 아야의 빛나는 매력",
    "date": "07.02.12",
    "rating": "7",
    "author": "vhfz****",
    "review_id": "1464174",
    "movie_id": "44638"
  },
  {
    "review": "다만,주인공할배에게서우리나라전철속아저씨들의모습을봤다",
    "date": "07.01.11",
    "rating": "8",
    "author": "eevw****",
    "review_id": "1375652",
    "movie_id": "44638"
  },
  {
    "review": "정말 충격이다.. 보다 꺼버렸다.",
    "date": "07.01.08",
    "rating": "2",
    "author": "paro****",
    "review_id": "1367790",
    "movie_id": "44638"
  },
  {
    "review": "평점너무높네..내용이유치해..나오는사람다또라이",
    "date": "06.12.15",
    "rating": "1",
    "author": "alsw****",
    "review_id": "1294679",
    "movie_id": "44638"
  },
  {
    "review": "삐에로 보는동안 OOO 죠낸 죽이고싶었다 - - 아 토쏠려",
    "date": "06.11.17",
    "rating": "6",
    "author": "mild****",
    "review_id": "1236741",
    "movie_id": "44638"
  },
  {
    "review": "괜찮게 봤다",
    "date": "06.11.09",
    "rating": "8",
    "author": "zeed****",
    "review_id": "1224616",
    "movie_id": "44638"
  },
  {
    "review": "조낸 충격적인 일본 SM물..",
    "date": "06.10.06",
    "rating": "7",
    "author": "bakk****",
    "review_id": "1164939",
    "movie_id": "44638"
  },
  {
    "review": "뭐지이높은평점은;영화제에서봤으나잔인한한편식상했다",
    "date": "06.10.04",
    "rating": "3",
    "author": "oioi****",
    "review_id": "1158599",
    "movie_id": "44638"
  },
  {
    "review": "에로에로에로에로에로",
    "date": "06.08.01",
    "rating": "10",
    "author": "ggae****",
    "review_id": "954480",
    "movie_id": "44638"
  },
  {
    "review": "그냥 에로영화일뿐 평점 너무 높다.",
    "date": "06.07.18",
    "rating": "2",
    "author": "saru****",
    "review_id": "905159",
    "movie_id": "44638"
  },
  {
    "review": "나름 흥미롭게 봤음",
    "date": "06.07.01",
    "rating": "8",
    "author": "seun****",
    "review_id": "864729",
    "movie_id": "44638"
  },
  {
    "review": "여배우의 열연으로 6점 준다.. 그 이상은 곤란해..",
    "date": "06.04.29",
    "rating": "6",
    "author": "goos****",
    "review_id": "779081",
    "movie_id": "44638"
  },
  {
    "review": "여배우 대단하다고 생각이 듬.",
    "date": "06.04.04",
    "rating": "10",
    "author": "kiss****",
    "review_id": "748097",
    "movie_id": "44638"
  },
  {
    "review": "여배우 정말 막나간다...감각의 제국보단 들 충격..단순sm",
    "date": "06.03.21",
    "rating": "8",
    "author": "dksd****",
    "review_id": "726348",
    "movie_id": "44638"
  },
  {
    "review": "무라카미류를 원작으로 한 sm영화는 누가 안 만드나?",
    "date": "06.03.20",
    "rating": "6",
    "author": "donj****",
    "review_id": "725027",
    "movie_id": "44638"
  }
]