[
  {
    "review": "주인공은 린다만 아인교",
    "date": "15.08.23",
    "rating": "10",
    "author": "jy33****",
    "review_id": "10265143",
    "movie_id": "44655"
  },
  {
    "review": "겁나 재밌음! 일본 영화중 갑인듯.",
    "date": "15.08.15",
    "rating": "10",
    "author": "minc****",
    "review_id": "10237558",
    "movie_id": "44655"
  },
  {
    "review": "애들이 좋아할만한 영화. 그냥저냥 봤어요 별로 재미없네요.",
    "date": "15.08.08",
    "rating": "2",
    "author": "kjjz****",
    "review_id": "10200409",
    "movie_id": "44655"
  },
  {
    "review": "내가 본 일본 영화중에 제일 재밌었다.",
    "date": "15.07.22",
    "rating": "10",
    "author": "miha****",
    "review_id": "10127766",
    "movie_id": "44655"
  },
  {
    "review": "남자라면 꼭 봐야하는 영화",
    "date": "15.06.11",
    "rating": "10",
    "author": "sh57****",
    "review_id": "9991075",
    "movie_id": "44655"
  },
  {
    "review": "남자라면 꼭 봤을 크로우즈와 워스트 그 시작",
    "date": "15.06.09",
    "rating": "10",
    "author": "kore****",
    "review_id": "9986125",
    "movie_id": "44655"
  },
  {
    "review": "전형적인 일본 학원물 오바액션이지만 두 주연배우의 연기가 살렸다.정상을 향한 순수한 열정을 잘표현한 수작.",
    "date": "15.06.07",
    "rating": "9",
    "author": "spik****",
    "review_id": "9982469",
    "movie_id": "44655"
  },
  {
    "review": "원작의1년전이야기를담은프리퀄.갠적으로긴원작억지로압축한것보다원작과연결된새로운이야기를영화화한게낫다.한대치면붕붕날아가고,과하다싶을정도로불량학생들모여있는게사실말도안되지만,강함을향한남자의로망!액션은뜨거웠고,겐지와타마오포스굿.반도,3인방,린다만등원작의주역들반가움",
    "date": "15.06.04",
    "rating": "8",
    "author": "dldl****",
    "review_id": "9974158",
    "movie_id": "44655"
  },
  {
    "review": "오구리 슌의 실제같은 액션연기와  작은거인 야마다 다카유키의 카리스마 넘치는 눈빛 + stree beats의 I wanna change",
    "date": "15.06.02",
    "rating": "9",
    "author": "catm****",
    "review_id": "9971202",
    "movie_id": "44655"
  },
  {
    "review": "남학생판 마지스카 학원. 히로인인 쿠로키메이사는 그냥 구색맞추기용으로 등장시켰나. 재미는 있었지만 미이케 다카시의 다른 작품들에 비해, 보고 난 후에 남는 게 없었다.",
    "date": "15.05.23",
    "rating": "7",
    "author": "1231****",
    "review_id": "9941718",
    "movie_id": "44655"
  },
  {
    "review": "원작이 위대한 이유는 운치가 있기 때문이다 이런 막장코드가 아나란 말이다",
    "date": "15.05.21",
    "rating": "6",
    "author": "mone****",
    "review_id": "9934466",
    "movie_id": "44655"
  },
  {
    "review": "와진ㅁ짜ㅋㅋㅋㅋ재밋다....액션이쩐다진짜",
    "date": "15.05.12",
    "rating": "10",
    "author": "ska0****",
    "review_id": "9913666",
    "movie_id": "44655"
  },
  {
    "review": "솔직히 성인때 봤으면 감흥이 어땠을지는 모르겠다.. 근데 고등학생때 본 소감으로는..정말 최고의 영화다 등장인물들이 다 멋있어..",
    "date": "15.04.17",
    "rating": "10",
    "author": "lleu****",
    "review_id": "9849380",
    "movie_id": "44655"
  },
  {
    "review": "여자인데 진짜 이 새벽에 다 봤다....! 내일 학교 가야하는데... ㅠㅠ 진짜 재밌다 멋있다 오구리 슌...",
    "date": "15.03.30",
    "rating": "10",
    "author": "xofl****",
    "review_id": "9816274",
    "movie_id": "44655"
  },
  {
    "review": "아무 생각 없는 중학생을 위한  영화",
    "date": "15.03.11",
    "rating": "2",
    "author": "jhbu****",
    "review_id": "9772149",
    "movie_id": "44655"
  },
  {
    "review": "선빵이 다가아니라는것을 보여주는영화다",
    "date": "15.02.26",
    "rating": "10",
    "author": "gudw****",
    "review_id": "9739222",
    "movie_id": "44655"
  },
  {
    "review": "이 영화 진짜 재밌음 볼만함",
    "date": "15.02.25",
    "rating": "10",
    "author": "xodm****",
    "review_id": "9736455",
    "movie_id": "44655"
  },
  {
    "review": "폭력에 대한 미학을 담으려 한건지, 만화의 느낌을 그대로 살리려 한건지 모르겠지만 죽도 밥도 아닌 느낌. 캐릭터에 대한 상황적인 설명이 있었으면 더 재밌었을 것을....",
    "date": "15.02.19",
    "rating": "5",
    "author": "jamy****",
    "review_id": "9715081",
    "movie_id": "44655"
  },
  {
    "review": "마짱이 아닌 기합싸움하는영화",
    "date": "15.02.19",
    "rating": "3",
    "author": "luvm****",
    "review_id": "9712269",
    "movie_id": "44655"
  },
  {
    "review": "영화를 그냥 영화로만 봐라,ㅉㅉ 여기서 어른행세할려하지말고. 저걸보고 따라하든 말든 뭔상관이냐? 늬들은 어렸을때 주먹질 안하고 주먹으로 세력다툼 안해봤냐? 난 간만에 박력있는 청춘영화본것 같아 기분좋게 웃으면서 나왔구만 ㅉㅉ",
    "date": "15.02.02",
    "rating": "7",
    "author": "deat****",
    "review_id": "9661785",
    "movie_id": "44655"
  },
  {
    "review": "개재밌게봤음 맘같아선 10점주고 싶지만 10점만큼 내맘에 꼭 맞는영화가 없듯이 이영화도 재밌게봤지만 10점까지는 아니라고봄 그렇다고 이영화가 재미없다는건 아님 8점 정도될거같음",
    "date": "15.01.22",
    "rating": "8",
    "author": "fnvl****",
    "review_id": "9621182",
    "movie_id": "44655"
  },
  {
    "review": "개졎걑이 재밌다 레알굳",
    "date": "15.01.05",
    "rating": "10",
    "author": "bboy****",
    "review_id": "9563957",
    "movie_id": "44655"
  },
  {
    "review": "만화책의 내용을 살리려고 노력한거 같네욤",
    "date": "14.12.31",
    "rating": "7",
    "author": "bumi****",
    "review_id": "9541614",
    "movie_id": "44655"
  },
  {
    "review": "영화에 대해서 비평이많은것같은데, 내 기준으로 이영화 정말 참신하다고 느꼈다.. 이런영화 또 어디있을까 하고 찾게만드는 묘한 매력이있음.",
    "date": "14.12.28",
    "rating": "9",
    "author": "gywk****",
    "review_id": "9530476",
    "movie_id": "44655"
  },
  {
    "review": "남자다 남자라면 꼭 봐라",
    "date": "14.12.28",
    "rating": "10",
    "author": "kim5****",
    "review_id": "9529864",
    "movie_id": "44655"
  },
  {
    "review": "좀 지루하지만 일본 깡패의 정서가 보인다. 재밌음.",
    "date": "14.12.19",
    "rating": "8",
    "author": "klpr****",
    "review_id": "9488180",
    "movie_id": "44655"
  },
  {
    "review": "확실히 재미만큼은 보장합니다.",
    "date": "14.12.07",
    "rating": "10",
    "author": "yaoy****",
    "review_id": "9454447",
    "movie_id": "44655"
  },
  {
    "review": "딱 중2병 걸린 애들용.",
    "date": "14.11.24",
    "rating": "1",
    "author": "kimk****",
    "review_id": "9417974",
    "movie_id": "44655"
  },
  {
    "review": "최악이다... 유치찬란 중이병 최고봉들 보느라 빡쳐서 평점 남기러 왔다. 허세 개지림",
    "date": "14.11.23",
    "rating": "1",
    "author": "jhh_****",
    "review_id": "9415982",
    "movie_id": "44655"
  },
  {
    "review": "그냥본영화평점만살아다오",
    "date": "14.11.17",
    "rating": "5",
    "author": "2328****",
    "review_id": "9396017",
    "movie_id": "44655"
  },
  {
    "review": "원작을 보지 않았지만 정말 인상깊고 재미있게 본 영화. 또래 여자애들 중에서 크로우즈 시리즈 봤다는 친구가 어서 나오길ㅠㅠ 왜 아무도 없니.. 3편보다 1편이 훨씬 임팩트 있고 좋은 것 같네요",
    "date": "14.11.16",
    "rating": "9",
    "author": "jhsu****",
    "review_id": "9388875",
    "movie_id": "44655"
  },
  {
    "review": "우주최강 쓰래기 중2병영화 이런영화가 7점이 넘다니 지구가 어떻게 되가나보다",
    "date": "14.11.10",
    "rating": "1",
    "author": "tjej****",
    "review_id": "9366739",
    "movie_id": "44655"
  },
  {
    "review": "몇 번을 봐도 재밌다. 여잔데도 계속 보게됨.",
    "date": "14.11.09",
    "rating": "10",
    "author": "sni0****",
    "review_id": "9361680",
    "movie_id": "44655"
  },
  {
    "review": "내용도 좋고,탄탄하게 만들었다.마지막엔 감동까지 있어서 속편이 기대된다.",
    "date": "14.11.05",
    "rating": "10",
    "author": "kdh3****",
    "review_id": "9342895",
    "movie_id": "44655"
  },
  {
    "review": "치고 박고 재밌는 영화 ㅎㅎ",
    "date": "14.11.03",
    "rating": "8",
    "author": "vm4e****",
    "review_id": "9339411",
    "movie_id": "44655"
  },
  {
    "review": "아니 이영화가 왜 평점이 높아..존나 별로임  학생때 학교에서 봣는데ㅈ존나 재미없다...이런 싸움하는 영화 개싫다",
    "date": "14.11.02",
    "rating": "2",
    "author": "0102****",
    "review_id": "9336552",
    "movie_id": "44655"
  },
  {
    "review": "한마디로 재미있다. 원작을 먼저 안보고 영화를 먼저봤는데, 영화를 보고나니 원작만화는 재미가 없더라.  타키야 켄지가 스즈란 정상에 올라서는 과정을 지켜보는 재미가 쏠쏠하다.",
    "date": "14.10.14",
    "rating": "9",
    "author": "ajsi****",
    "review_id": "9291837",
    "movie_id": "44655"
  },
  {
    "review": "세리자와 등장씬-만으로도  이 영화를 볼 가치는 있다.",
    "date": "14.09.24",
    "rating": "10",
    "author": "coml****",
    "review_id": "9238252",
    "movie_id": "44655"
  },
  {
    "review": "원작 크로우즈의 앞 부분을 다룬 영화여서 그런지 재미있다",
    "date": "14.09.19",
    "rating": "10",
    "author": "zang****",
    "review_id": "9226729",
    "movie_id": "44655"
  },
  {
    "review": "ㅋㅋ 이런 유치한 영화 너무 좋다..ㅋㅋ",
    "date": "14.09.13",
    "rating": "8",
    "author": "do11****",
    "review_id": "9209997",
    "movie_id": "44655"
  },
  {
    "review": "학원물중에서 이렇게 케릭들 개성이 뚜렸다고 간지나게 액션장면을 연출한건 못봤다",
    "date": "14.08.25",
    "rating": "9",
    "author": "beat****",
    "review_id": "9132708",
    "movie_id": "44655"
  },
  {
    "review": "중2병 영화의 진수..",
    "date": "14.08.22",
    "rating": "7",
    "author": "aman****",
    "review_id": "9120712",
    "movie_id": "44655"
  },
  {
    "review": "고추 달린 중딩들의 가오잡기 원동력이 되는 썩은 저급 휘발유같이 c급 냄새나는 영화",
    "date": "14.08.20",
    "rating": "1",
    "author": "plex****",
    "review_id": "9115543",
    "movie_id": "44655"
  },
  {
    "review": "남자 가슴을 두근두근하게 만드네",
    "date": "14.08.13",
    "rating": "7",
    "author": "ceu0****",
    "review_id": "9076009",
    "movie_id": "44655"
  },
  {
    "review": "진심 개쩌는영화인데 왜이리 평점이 낮지... 적어도 9점에는 가까워야 한다고 보는데",
    "date": "14.08.06",
    "rating": "10",
    "author": "dudq****",
    "review_id": "9037673",
    "movie_id": "44655"
  },
  {
    "review": "재미미미재미니모모기니",
    "date": "14.08.04",
    "rating": "10",
    "author": "khh9****",
    "review_id": "9021874",
    "movie_id": "44655"
  },
  {
    "review": "깡패, 양아치들의 같잖은 정. 주인공들의 액션과 카리스마 빼곤 볼 것 없는 5점. 그 이상은 넘보지도 못할 영화. 이렇게 평점이 높을 줄은 몰랐다. 켄지와 세리자와의 철 없는 혈투가 대단한 거였나. 나는 이런 철 없는 애들을 보며 비웃었는데.",
    "date": "14.07.25",
    "rating": "5",
    "author": "wkdt****",
    "review_id": "8956419",
    "movie_id": "44655"
  },
  {
    "review": "유치한 폭력영화. 그래서 재밌다",
    "date": "14.07.11",
    "rating": "8",
    "author": "tjdg****",
    "review_id": "8903501",
    "movie_id": "44655"
  },
  {
    "review": "예전에  개봉했을때 진짜 재밌게봤어요 액션도 대단하고 오구리슌 연기도 좋고 멋있게나와요 dvd도 샀었네요 2편은 1편보다는별로였음.",
    "date": "14.06.23",
    "rating": "10",
    "author": "miuk****",
    "review_id": "8849411",
    "movie_id": "44655"
  },
  {
    "review": "유치하긴하지만 정말 재밌다 ㅎㅎ",
    "date": "14.05.18",
    "rating": "8",
    "author": "wjaw****",
    "review_id": "8744470",
    "movie_id": "44655"
  },
  {
    "review": "남자들이 좋아할만한 영화여서 볼만했는데 중간에 노래부르는 장면이 나오는게 별로고 조금 유치하다.",
    "date": "14.05.07",
    "rating": "6",
    "author": "shwo****",
    "review_id": "8712535",
    "movie_id": "44655"
  },
  {
    "review": "세리자와 캐릭터가 멋져 그 부분만 몇 번을 봤는지.. 야간지 짱!!",
    "date": "14.04.25",
    "rating": "10",
    "author": "step****",
    "review_id": "8670734",
    "movie_id": "44655"
  },
  {
    "review": "1.3 (10자 제한)",
    "date": "14.04.24",
    "rating": "1",
    "author": "one5****",
    "review_id": "8670083",
    "movie_id": "44655"
  },
  {
    "review": "다시봐도 여전한 꿀잼, 근데 조금만 잊혀지고 볼걸 금방 다시 보니 뭔가 색다른맛이 없네 ㅠㅠ",
    "date": "14.04.22",
    "rating": "8",
    "author": "sch8****",
    "review_id": "8664946",
    "movie_id": "44655"
  },
  {
    "review": "어떨결에 봤었는데 터프하고 맛깔나고 재미있네",
    "date": "14.04.19",
    "rating": "9",
    "author": "dkdl****",
    "review_id": "8660166",
    "movie_id": "44655"
  },
  {
    "review": "원작과는 다르지만, 그만큼 색다른 즐길거리가 있는 영화. 남자다.",
    "date": "14.04.14",
    "rating": "7",
    "author": "over****",
    "review_id": "8649280",
    "movie_id": "44655"
  },
  {
    "review": "어릴때 봤을땐 굉장히 멋있었는데 지금보니 유치하고 오글거림...",
    "date": "14.04.09",
    "rating": "7",
    "author": "dltm****",
    "review_id": "8637092",
    "movie_id": "44655"
  },
  {
    "review": "아 나도 중2떄 이영화를 알았다면 재미있었을텐데. 패싸움씬은 정말 개쩔었소",
    "date": "14.04.06",
    "rating": "7",
    "author": "craf****",
    "review_id": "8631527",
    "movie_id": "44655"
  },
  {
    "review": "남자들의 소울이랄까요?",
    "date": "14.03.29",
    "rating": "9",
    "author": "wjdw****",
    "review_id": "8615547",
    "movie_id": "44655"
  },
  {
    "review": "크로우즈3 나오는데 오구리슌 안나온다망했다",
    "date": "14.03.28",
    "rating": "10",
    "author": "qwas****",
    "review_id": "8613062",
    "movie_id": "44655"
  },
  {
    "review": "난 아직도 그 명대사를 잊지못한다네 녀석이 켄지냐?그렇다.",
    "date": "14.03.27",
    "rating": "1",
    "author": "kykz****",
    "review_id": "8609898",
    "movie_id": "44655"
  },
  {
    "review": "이거 다 보고나면 손발이 사라져있음 ㅋㅋㅋ일본영화를 극명히 보여줌. 1절만 부를걸 4절까지 가네",
    "date": "14.03.15",
    "rating": "1",
    "author": "very****",
    "review_id": "8579610",
    "movie_id": "44655"
  },
  {
    "review": "개성 넘치는 캐릭터들이 돋보이는.. 다만 설정 면에서 좀 아쉽다..",
    "date": "14.02.15",
    "rating": "7",
    "author": "blue****",
    "review_id": "8511288",
    "movie_id": "44655"
  },
  {
    "review": "진심 최고. 일본영화하면 이게 먼저 생각남",
    "date": "14.02.13",
    "rating": "10",
    "author": "syw3****",
    "review_id": "8504862",
    "movie_id": "44655"
  },
  {
    "review": "이거 진심 개쩌는 영화 와..",
    "date": "14.01.15",
    "rating": "10",
    "author": "534k****",
    "review_id": "8385624",
    "movie_id": "44655"
  },
  {
    "review": "재밋는 영화 추천 합니다.",
    "date": "13.12.27",
    "rating": "10",
    "author": "wnsg****",
    "review_id": "8312782",
    "movie_id": "44655"
  },
  {
    "review": "유치한 설정들을 쪼오금만 더 거두었더라면 그리고 더 폭력적이었다면",
    "date": "13.11.09",
    "rating": "5",
    "author": "46to****",
    "review_id": "8128020",
    "movie_id": "44655"
  },
  {
    "review": "일본 영화는 뭘해도 좀 과한거 같다... 인물간의 감정적인 개연성이나 설명은 좀 부족한데, 캐릭들의 성격이나 배경설정은 개성있게 잘 짬. 중간중간 깨알같은 개그도 재밌었고 액션도 화려하니 정신놓고 볼만함",
    "date": "13.09.09",
    "rating": "6",
    "author": "food****",
    "review_id": "7960606",
    "movie_id": "44655"
  },
  {
    "review": "우리나라 하곤 노는방식이 다르구나",
    "date": "13.09.08",
    "rating": "8",
    "author": "lim9****",
    "review_id": "7959525",
    "movie_id": "44655"
  },
  {
    "review": "개잼",
    "date": "13.08.28",
    "rating": "10",
    "author": "illu****",
    "review_id": "7929572",
    "movie_id": "44655"
  },
  {
    "review": "최고최고",
    "date": "13.08.25",
    "rating": "10",
    "author": "cek4****",
    "review_id": "7920241",
    "movie_id": "44655"
  },
  {
    "review": "ㅇㅇㅇ재밋다",
    "date": "13.08.21",
    "rating": "9",
    "author": "sjss****",
    "review_id": "7908844",
    "movie_id": "44655"
  },
  {
    "review": "평점 낮게 준 놈들이 중2병이다",
    "date": "13.08.21",
    "rating": "10",
    "author": "ljh2****",
    "review_id": "7907977",
    "movie_id": "44655"
  },
  {
    "review": "난왜여잔데도재밌지?ㅋㅋ",
    "date": "13.07.28",
    "rating": "8",
    "author": "126t****",
    "review_id": "7795457",
    "movie_id": "44655"
  },
  {
    "review": "일본영화는 영화를 만화처럼 만드는 무언가 있어 ㅎㅎ",
    "date": "13.07.28",
    "rating": "6",
    "author": "milk****",
    "review_id": "7793445",
    "movie_id": "44655"
  },
  {
    "review": "남자라면 재밌는 영화",
    "date": "13.07.24",
    "rating": "10",
    "author": "gjal****",
    "review_id": "7781304",
    "movie_id": "44655"
  },
  {
    "review": "뭘 남자라면 봐야해 ㅁ1ㅊ놈들아 15분 보고 껏다 씹1노잼",
    "date": "13.07.19",
    "rating": "1",
    "author": "eesk****",
    "review_id": "7764524",
    "movie_id": "44655"
  },
  {
    "review": "일본 액션영화들 진짜 다 병맛인데 그나마 제일 볼만함 일본영화 특유의 오글거림은 여전히 있지만 그래도 캐릭터들 멋있고 꽤 재밌게봤음 단 2편은 보지말것",
    "date": "13.07.17",
    "rating": "9",
    "author": "mapl****",
    "review_id": "7753364",
    "movie_id": "44655"
  },
  {
    "review": "어릴때 봤으면 더 재밌게 볼 수 있었을텐데.지금은 이해할 수 없는 감성이지만 뭐 멋은 있었다.",
    "date": "13.07.01",
    "rating": "6",
    "author": "tmdg****",
    "review_id": "7694298",
    "movie_id": "44655"
  },
  {
    "review": "고작 고등학생들 패싸움하는건데, 대사가  춘추전국시대에서 나라 하나를 걸고 싸우듯이 허세가 찌들어서 오그라드네요",
    "date": "13.06.29",
    "rating": "1",
    "author": "noh3****",
    "review_id": "7689371",
    "movie_id": "44655"
  },
  {
    "review": "허세남들의 대 향연 !하지만 밉지않다. 정이간다.",
    "date": "13.06.28",
    "rating": "7",
    "author": "ssys****",
    "review_id": "7687245",
    "movie_id": "44655"
  },
  {
    "review": "유치한데 폭력만화 느낌이 영화라 나름 독특했다.",
    "date": "13.06.02",
    "rating": "6",
    "author": "kimg****",
    "review_id": "7573567",
    "movie_id": "44655"
  },
  {
    "review": "일본 영화가 간간이 재밌는 부분이 있긴하지만 너무 과장되고 너무 오글거려. 좀 더 현실적이던가 아니면 좀 더 SF필로 그리는게 좋잖았을까.보고 있으려니 손발이 다 오그라드네...",
    "date": "13.05.16",
    "rating": "5",
    "author": "terr****",
    "review_id": "7530630",
    "movie_id": "44655"
  },
  {
    "review": "원작을 먼저봐서 그런지 넘 별루네요",
    "date": "13.05.04",
    "rating": "4",
    "author": "civi****",
    "review_id": "7504547",
    "movie_id": "44655"
  },
  {
    "review": "유치하게 잘만들었네 효과음이 애니여",
    "date": "13.04.30",
    "rating": "5",
    "author": "terr****",
    "review_id": "7494756",
    "movie_id": "44655"
  },
  {
    "review": "원작과 차이가 크긴하지만 원작을 알든 모르든 재밌게 볼수있는 액션영화다. 좀 오글거리기도하지만 이런 장르중엔 수준급아닐까 싶다.",
    "date": "13.04.06",
    "rating": "10",
    "author": "52no****",
    "review_id": "7439897",
    "movie_id": "44655"
  },
  {
    "review": "재밌는데 왜저러지 ㅋㅋ",
    "date": "13.03.30",
    "rating": "10",
    "author": "dark****",
    "review_id": "7423375",
    "movie_id": "44655"
  },
  {
    "review": "유치한맛은 없앨수는 없지만 나름 웃으며 볼수있다.",
    "date": "13.03.16",
    "rating": "8",
    "author": "myjs****",
    "review_id": "7353306",
    "movie_id": "44655"
  },
  {
    "review": "잼있네!",
    "date": "13.03.01",
    "rating": "8",
    "author": "13eq****",
    "review_id": "7312576",
    "movie_id": "44655"
  },
  {
    "review": "그럭저럭 킬링타임용에 그치는군",
    "date": "13.02.28",
    "rating": "6",
    "author": "guev****",
    "review_id": "7308900",
    "movie_id": "44655"
  },
  {
    "review": "중2때 봐야할 영화를 너무 늦은 나이에 봐버렸다. 그래도 나름의 대립구도는 영화에 빠져들게 만들어줬다. 별점반개는 루카의 섹시한 입술을 위한것.",
    "date": "13.02.23",
    "rating": "7",
    "author": "high****",
    "review_id": "7294668",
    "movie_id": "44655"
  },
  {
    "review": "중2병 환자모임 영화. 유치뽕짝 학원액션물",
    "date": "13.02.22",
    "rating": "3",
    "author": "ho30****",
    "review_id": "7288973",
    "movie_id": "44655"
  },
  {
    "review": "만점입니다 당연히",
    "date": "13.02.05",
    "rating": "10",
    "author": "dlat****",
    "review_id": "7227851",
    "movie_id": "44655"
  },
  {
    "review": "남자라면 봐야하는 영화!! 연기 모두 최고에요 ㅎㅎㅎ",
    "date": "13.02.05",
    "rating": "10",
    "author": "poli****",
    "review_id": "7227849",
    "movie_id": "44655"
  },
  {
    "review": "치고 받고 싸우는게 남자가 아니라고?  이런게 바로 남자라는거다!",
    "date": "13.02.02",
    "rating": "8",
    "author": "hota****",
    "review_id": "7211627",
    "movie_id": "44655"
  },
  {
    "review": "우리나라 문화와 가치관,잣대로 저울질 하기는 그런 듯",
    "date": "13.01.30",
    "rating": "9",
    "author": "tktk****",
    "review_id": "7195600",
    "movie_id": "44655"
  },
  {
    "review": "남자라면 한번은 봐야하지않겟냐???재밋다",
    "date": "13.01.29",
    "rating": "10",
    "author": "yong****",
    "review_id": "7191212",
    "movie_id": "44655"
  },
  {
    "review": "그렇게 맞고도 다음날 멀쩡한걸 보면 영화는영화다,,학교에 선생은 없고 폭력만 남발하는구나.",
    "date": "13.01.19",
    "rating": "5",
    "author": "tull****",
    "review_id": "7132796",
    "movie_id": "44655"
  },
  {
    "review": "잼남",
    "date": "12.12.29",
    "rating": "8",
    "author": "slam****",
    "review_id": "7061429",
    "movie_id": "44655"
  },
  {
    "review": "볼만함",
    "date": "12.12.29",
    "rating": "7",
    "author": "lkjh****",
    "review_id": "7058762",
    "movie_id": "44655"
  }
]