[
  {
    "review": "굿",
    "date": "13.08.02",
    "rating": "8",
    "author": "ptur****",
    "review_id": "7823224",
    "movie_id": "44713"
  },
  {
    "review": "부산국제영화제때 봤어요~~좋아요",
    "date": "13.06.11",
    "rating": "10",
    "author": "jasm****",
    "review_id": "7628718",
    "movie_id": "44713"
  },
  {
    "review": "우짜라꼬!!! 쓰레기 영화넹...",
    "date": "11.10.02",
    "rating": "1",
    "author": "mirj****",
    "review_id": "5766714",
    "movie_id": "44713"
  },
  {
    "review": "이런 쓰레기는 출시되지 않았으면...0점",
    "date": "10.03.06",
    "rating": "1",
    "author": "hoon****",
    "review_id": "4338401",
    "movie_id": "44713"
  },
  {
    "review": "복수는 나의것+쏘우+올드보이+불가불가+리트로액티브+스트레인저 댄 픽션.",
    "date": "09.11.15",
    "rating": "7",
    "author": "acin****",
    "review_id": "3963368",
    "movie_id": "44713"
  },
  {
    "review": "신선하기만 하지 더 이상은 없다;",
    "date": "09.09.30",
    "rating": "2",
    "author": "sptl****",
    "review_id": "3862351",
    "movie_id": "44713"
  },
  {
    "review": "영화를 보면서 심리적으로 소름끼치긴 처음이네요- goooooooood",
    "date": "09.09.25",
    "rating": "10",
    "author": "mogi****",
    "review_id": "3849065",
    "movie_id": "44713"
  },
  {
    "review": "\"이 영화 볼만하다!\" write or written",
    "date": "09.08.29",
    "rating": "7",
    "author": "prin****",
    "review_id": "3797173",
    "movie_id": "44713"
  },
  {
    "review": "감독님 지나친 파격은 비겁함입니다~!",
    "date": "09.08.17",
    "rating": "3",
    "author": "ruru****",
    "review_id": "3760948",
    "movie_id": "44713"
  },
  {
    "review": "기대 이상의 영화였음. 꼭 보기를 추천할 정도입니다.",
    "date": "09.03.14",
    "rating": "10",
    "author": "leyn****",
    "review_id": "3365626",
    "movie_id": "44713"
  },
  {
    "review": "그 다지 좋은 영화라고 느낄수가 없었다.",
    "date": "09.02.05",
    "rating": "1",
    "author": "gsba****",
    "review_id": "3280777",
    "movie_id": "44713"
  },
  {
    "review": "뮤직비됴 짜집기가따로없는 영화과1학년생 실습작품이라해도 이보다 쓰레기일수없다..",
    "date": "09.01.17",
    "rating": "1",
    "author": "lodo****",
    "review_id": "3227818",
    "movie_id": "44713"
  },
  {
    "review": "죽기전에 이런영화를 보고 죽어서 다행이다.",
    "date": "09.01.06",
    "rating": "10",
    "author": "asit****",
    "review_id": "3198287",
    "movie_id": "44713"
  },
  {
    "review": "처음보는 영화인데..",
    "date": "09.01.06",
    "rating": "10",
    "author": "ckdg****",
    "review_id": "3197234",
    "movie_id": "44713"
  },
  {
    "review": "영화의 시도는 굉장히..칭찬 받을만 하나.... 졸라 재미가 없음..아 시간낭비 짜증",
    "date": "09.01.05",
    "rating": "2",
    "author": "suby****",
    "review_id": "3193060",
    "movie_id": "44713"
  },
  {
    "review": "고채도로 눈 정말 아픔. 카메라 때문에 울렁증. 영화를 제대로 못보겠네..",
    "date": "09.01.02",
    "rating": "1",
    "author": "ktyc****",
    "review_id": "3179362",
    "movie_id": "44713"
  },
  {
    "review": "만들려고 애쎴겠다. 근데 영상학과 졸업작품 수준같다.",
    "date": "09.01.02",
    "rating": "4",
    "author": "demu****",
    "review_id": "3177026",
    "movie_id": "44713"
  },
  {
    "review": "나름 굉장한 시도였다.",
    "date": "08.12.31",
    "rating": "8",
    "author": "rnrn****",
    "review_id": "3171962",
    "movie_id": "44713"
  },
  {
    "review": "이 영화는 코메디로 만들었어야 주목 받을수 있었다.",
    "date": "08.12.31",
    "rating": "6",
    "author": "clik****",
    "review_id": "3169467",
    "movie_id": "44713"
  },
  {
    "review": "영화를 보면서 내가 멀고 있는가 싶었다.....정말 최악의 영화.......넘 잼없당....",
    "date": "08.12.30",
    "rating": "1",
    "author": "inee****",
    "review_id": "3166590",
    "movie_id": "44713"
  },
  {
    "review": "시사회 보고 왔는데, 너무 강렬한 색채와 구성에 비해 배우들의 연기가...",
    "date": "08.12.23",
    "rating": "7",
    "author": "im60****",
    "review_id": "3141021",
    "movie_id": "44713"
  },
  {
    "review": "독특한 영화를 만났습니다. 새롭네요.",
    "date": "08.12.16",
    "rating": "8",
    "author": "sm40****",
    "review_id": "3122798",
    "movie_id": "44713"
  },
  {
    "review": "2008년의 마지막에 만나는 독립영화의 새로운 진보.",
    "date": "08.12.12",
    "rating": "10",
    "author": "witg****",
    "review_id": "3110620",
    "movie_id": "44713"
  },
  {
    "review": "악소리나는 강렬함! 재작년인가 부산에서 봤는데, 한마디로... 쇼크였습니다",
    "date": "08.12.05",
    "rating": "10",
    "author": "text****",
    "review_id": "3092967",
    "movie_id": "44713"
  },
  {
    "review": "볼 만 합니다.",
    "date": "08.04.29",
    "rating": "8",
    "author": "ginw****",
    "review_id": "2605369",
    "movie_id": "44713"
  },
  {
    "review": "독특한 소재..독특한 플롯...독특한 영상...나에겐 모든 것이 독특했다...",
    "date": "08.04.29",
    "rating": "9",
    "author": "anfq****",
    "review_id": "2604670",
    "movie_id": "44713"
  },
  {
    "review": "현실과 영화. 이야기 만들기의 그 모호한 지점.",
    "date": "07.10.25",
    "rating": "7",
    "author": "thei****",
    "review_id": "2110730",
    "movie_id": "44713"
  }
]