[
  {
    "review": "와....이런 명작이 어떻게 숨어있었지?.7년전 영화였다니....단 1초도 눈을 뗄수없는,,정말 재미있고...연기짱인 영화였음^^",
    "date": "15.03.19",
    "rating": "9",
    "author": "onek****",
    "review_id": "9793670",
    "movie_id": "44715"
  },
  {
    "review": "노티 나는 영상미이지만 감독 특유의 색깔이 잘 배어있어 가볍게 즐기면서 보기에 적당한 노가리 액션물",
    "date": "14.12.09",
    "rating": "7",
    "author": "lemo****",
    "review_id": "9459913",
    "movie_id": "44715"
  },
  {
    "review": "쉬워보이지만 나오기 힘든 한국영화",
    "date": "14.11.02",
    "rating": "9",
    "author": "dma9****",
    "review_id": "9336611",
    "movie_id": "44715"
  },
  {
    "review": "아주 괜찮은 액션영화.. 보는재미는 확실히 있다",
    "date": "14.10.08",
    "rating": "9",
    "author": "lwj0****",
    "review_id": "9274120",
    "movie_id": "44715"
  },
  {
    "review": "정우가 주인공이 아니었네?ㅎ ,   스토리 생각보다 좋다. 흥미진진하다. 그런데,  액션이 너무 지나치게 화려하다. 현실성이 떨어진다. 또한 그것을 카메라에 담았을때 뭔가 잘 안맞는 느낌임.8점줄까하다가 7점이 딱 적당한듯.  스토리는 좋다. 재밋",
    "date": "14.06.18",
    "rating": "7",
    "author": "tmdg****",
    "review_id": "8838180",
    "movie_id": "44715"
  },
  {
    "review": "컴퓨터 전기세가 아깝다!!!",
    "date": "14.05.25",
    "rating": "1",
    "author": "ske4****",
    "review_id": "8762843",
    "movie_id": "44715"
  },
  {
    "review": "징소리랑북소리때문에 귀에 너무거슬려서 도중에 끔",
    "date": "14.04.26",
    "rating": "1",
    "author": "teen****",
    "review_id": "8673367",
    "movie_id": "44715"
  },
  {
    "review": "꽹가리소리가 거슬려 대화가안들릴정도..",
    "date": "14.02.22",
    "rating": "1",
    "author": "dura****",
    "review_id": "8527352",
    "movie_id": "44715"
  },
  {
    "review": "정우라는 배우가 연기한 캐릭터부터 너무너무 마음에 안들었고 중간중간 왜 있는지 모르겠는 아저씨들의 나레이션... 억지로 만든것 같은 웃음거리 요소등... 이 영화가 무슨 메세지를전하고 싶은건지 전혀 모르겠다. 그저 몸굴리느라 고생한 배우들에게 별반개",
    "date": "14.02.04",
    "rating": "1",
    "author": "fdlj****",
    "review_id": "8473499",
    "movie_id": "44715"
  },
  {
    "review": "마당놀이라는 특이한 구성에 재미와 액션을 접목시킨 색다른 영화",
    "date": "14.01.29",
    "rating": "10",
    "author": "zehe****",
    "review_id": "8445763",
    "movie_id": "44715"
  },
  {
    "review": "음 스토리는.단순하지만보는 내 지루함은 없엇어염오히려 국악소리와 적절한 액션?ㅎㅎ 그리고 유머장면은 괜찮앗슴니다",
    "date": "14.01.20",
    "rating": "8",
    "author": "nm32****",
    "review_id": "8405127",
    "movie_id": "44715"
  },
  {
    "review": "액션과 코믹..둘 다 저예산 영화치고 나쁘지 않았다",
    "date": "14.01.02",
    "rating": "10",
    "author": "ordi****",
    "review_id": "8336717",
    "movie_id": "44715"
  },
  {
    "review": "연기력은 별로였지만 액션신 good",
    "date": "13.12.27",
    "rating": "8",
    "author": "mjs0****",
    "review_id": "8312971",
    "movie_id": "44715"
  },
  {
    "review": "보지마세요 그냥 재미없습니다",
    "date": "13.12.26",
    "rating": "1",
    "author": "dudw****",
    "review_id": "8305579",
    "movie_id": "44715"
  },
  {
    "review": "배우들 연기 잘하더군요..정우씨 특히 인상깊었어요~요즘 잘되고 있어서 좋아요~~~",
    "date": "13.12.13",
    "rating": "8",
    "author": "ment****",
    "review_id": "8212423",
    "movie_id": "44715"
  },
  {
    "review": "특이한구성과  국악 그리고 신선한 연기자들 . 킬링타임",
    "date": "13.12.04",
    "rating": "10",
    "author": "croc****",
    "review_id": "8188703",
    "movie_id": "44715"
  },
  {
    "review": "진짜 재밌는데??흥미진진하구~~재미있던데",
    "date": "13.12.02",
    "rating": "10",
    "author": "lnuy****",
    "review_id": "8185675",
    "movie_id": "44715"
  },
  {
    "review": "내용보단, 입이 빙그레가 되는 영화라고나할까?재밋다 ㅋㅋ",
    "date": "13.11.30",
    "rating": "7",
    "author": "jngj****",
    "review_id": "8179166",
    "movie_id": "44715"
  },
  {
    "review": "자금력과 기획력만 더 좋았다면 좋은 작품이 나왔을듯. 액션만 너무 화려한 영화라 안타깝지만 잼있었다^^",
    "date": "13.11.23",
    "rating": "8",
    "author": "ldkl****",
    "review_id": "8162662",
    "movie_id": "44715"
  },
  {
    "review": "스페어 용으로도 좀 아쉬운.",
    "date": "13.11.22",
    "rating": "5",
    "author": "tear****",
    "review_id": "8160372",
    "movie_id": "44715"
  },
  {
    "review": "볼만한건 정우와 양기원의 능글맞은 연기 뿐. 액션의 합이나 카메라 앵글 모두 액션영화로는 낙제점이다.",
    "date": "13.11.20",
    "rating": "1",
    "author": "delp****",
    "review_id": "8154867",
    "movie_id": "44715"
  },
  {
    "review": "이게 알바의 힘이구나....",
    "date": "13.11.07",
    "rating": "1",
    "author": "redc****",
    "review_id": "8122590",
    "movie_id": "44715"
  },
  {
    "review": "기대안하고 본영화너무재밌게 기대이상이었습니다",
    "date": "13.11.03",
    "rating": "9",
    "author": "zh93****",
    "review_id": "8111994",
    "movie_id": "44715"
  },
  {
    "review": "배우들 연기 좋았고 스토리도 흥미 있었어요.전개도 빨라서 지루하지 않은데다액션도 뭐랄까...거짓없어 보이는듯한...배우들 굉장히 고생했을 것 같은 느낌까지드는 영화였네요.",
    "date": "13.11.02",
    "rating": "8",
    "author": "yous****",
    "review_id": "8111314",
    "movie_id": "44715"
  },
  {
    "review": "이런영화도 있어야지~! 나쁘지않았음",
    "date": "13.10.26",
    "rating": "7",
    "author": "real****",
    "review_id": "8090619",
    "movie_id": "44715"
  },
  {
    "review": "와 연기력 연출 스토리 다 개판이네 ㅋㅋㅋ정우 연기가 많이 늘었다고 새삼 느끼게된 영화.평점이 너무 높다.",
    "date": "13.10.08",
    "rating": "1",
    "author": "sinc****",
    "review_id": "8044826",
    "movie_id": "44715"
  },
  {
    "review": "우선 초반시작부터 사물놀이? 암튼 그소리때문에 짜증부터 나면서 시작함",
    "date": "13.08.12",
    "rating": "5",
    "author": "jaeb****",
    "review_id": "7872737",
    "movie_id": "44715"
  },
  {
    "review": "현실성 제로,, 의미없는 액션..",
    "date": "13.07.17",
    "rating": "5",
    "author": "choc****",
    "review_id": "7750398",
    "movie_id": "44715"
  },
  {
    "review": "아니 이게 어떻게 평점이 7점 이상인지 이해할수없다. 스토리도 말도 안되고 액션도 별로다. 타격감이 전혀없다. 그리고 스토리상 야쿠자가 급하다면서 그냥 광태 돈 갚아주고 빨리 일본 가는게 현실적이지. 안그럼? 공감하면 댓글좀달아줘요",
    "date": "13.07.10",
    "rating": "1",
    "author": "ksh9****",
    "review_id": "7722112",
    "movie_id": "44715"
  },
  {
    "review": "이런영화가 잘되야합니다! 한국영화사의 길이 남을 영화",
    "date": "13.07.07",
    "rating": "10",
    "author": "mkdj****",
    "review_id": "7714379",
    "movie_id": "44715"
  },
  {
    "review": "한일 합작한 범죄 느와르 영화인줄 봤는데 너무 허접한거같습니다 호붛호가 갈리는영화입니다.",
    "date": "13.07.07",
    "rating": "1",
    "author": "wogh****",
    "review_id": "7712116",
    "movie_id": "44715"
  },
  {
    "review": "시대가 어떤 시댄데 이런 개 허접 쓰레기 액션 영화를 쳐 만드냐 18.. 야쿠자가 심장 구하려고 한국에 쳐 오질 않나.. 주인공 2명은 생긴게 완전 개 거지보다 못하질 않나..액션은 초딩 새끼들 데리고 찍어도 더 잘 찍겟네 18..더럽게 연기 못하네",
    "date": "13.07.06",
    "rating": "1",
    "author": "sama****",
    "review_id": "7709483",
    "movie_id": "44715"
  },
  {
    "review": "재밌네요~",
    "date": "13.07.04",
    "rating": "10",
    "author": "lory****",
    "review_id": "7702403",
    "movie_id": "44715"
  },
  {
    "review": "택시문 열었는데 너몇살이야하는데 스물아홉 미안합니다ㅋㅋㅋㄱㅋㅋㅋㅋㅋㅋ",
    "date": "13.05.24",
    "rating": "6",
    "author": "nnnn****",
    "review_id": "7552530",
    "movie_id": "44715"
  },
  {
    "review": "이거 심하다 심해ㅜㅜ절대보지말아요",
    "date": "13.05.04",
    "rating": "1",
    "author": "honm****",
    "review_id": "7507714",
    "movie_id": "44715"
  },
  {
    "review": "현란한듯 하면서도 어딘지 모르게 어설픈 액션과 연기, 그리고 소소한 재미들...",
    "date": "13.05.01",
    "rating": "9",
    "author": "heod****",
    "review_id": "7498226",
    "movie_id": "44715"
  },
  {
    "review": "광태역으로 나오는 배우 진짜 처음에 2AM 창민인줄 알았다. 영화 중간중간 사물놀이 소리가 기억에 남는 영화",
    "date": "13.03.29",
    "rating": "4",
    "author": "hoju****",
    "review_id": "7418210",
    "movie_id": "44715"
  },
  {
    "review": "어디 영화동아리에서 찍은거 같다..",
    "date": "13.02.20",
    "rating": "2",
    "author": "qkdl****",
    "review_id": "7284794",
    "movie_id": "44715"
  },
  {
    "review": "일본에 젊은보스 어디서 본듯했는데 러브레터의 후지이 이지키구나...ㅋㅋㅋ",
    "date": "12.12.29",
    "rating": "8",
    "author": "opti****",
    "review_id": "7058556",
    "movie_id": "44715"
  },
  {
    "review": "광태랑 일본 비서들 왤캐 훈훈하냐 눈이 즐거웟다 ㅋㅋㅋㅋ",
    "date": "12.09.20",
    "rating": "10",
    "author": "zxcv****",
    "review_id": "6714825",
    "movie_id": "44715"
  },
  {
    "review": "내용은 없지만 반가운 얼굴이 보여 즐거운...",
    "date": "12.08.15",
    "rating": "5",
    "author": "nbin****",
    "review_id": "6605450",
    "movie_id": "44715"
  },
  {
    "review": "짱이다ㅎ",
    "date": "12.08.13",
    "rating": "10",
    "author": "aldu****",
    "review_id": "6600466",
    "movie_id": "44715"
  },
  {
    "review": "똥으로 죽쑨 똥죽. 김성모의 만화를 허접하게 연출했다.",
    "date": "12.07.23",
    "rating": "1",
    "author": "beni****",
    "review_id": "6519648",
    "movie_id": "44715"
  },
  {
    "review": "볼만하던뎅............. 정우♥.♥",
    "date": "12.07.06",
    "rating": "10",
    "author": "bobo****",
    "review_id": "6449412",
    "movie_id": "44715"
  },
  {
    "review": "정우의 얍삽한 연기가 인상적",
    "date": "12.05.12",
    "rating": "6",
    "author": "ccpp****",
    "review_id": "6293521",
    "movie_id": "44715"
  },
  {
    "review": "액션씬이 다소 허술하다. 중국영화와 비교된다.",
    "date": "12.05.12",
    "rating": "6",
    "author": "rame****",
    "review_id": "6293520",
    "movie_id": "44715"
  },
  {
    "review": "쓸데 없는 기교와 나레이션은 좀 뺐으면...",
    "date": "12.05.12",
    "rating": "6",
    "author": "kpcc****",
    "review_id": "6293518",
    "movie_id": "44715"
  },
  {
    "review": "빚에 쫓기는 사람들 공감대 형성 광태는 친근함 잼있음",
    "date": "12.05.03",
    "rating": "8",
    "author": "soha****",
    "review_id": "6269047",
    "movie_id": "44715"
  },
  {
    "review": "ㅋ해품달김수현인줄알고봤다가 깨알재미에 푹 내가싫어하는욕안나오는 액션영화ㅋ",
    "date": "12.05.03",
    "rating": "10",
    "author": "wwwt****",
    "review_id": "6267157",
    "movie_id": "44715"
  },
  {
    "review": "귀여운 양아치 정우의 매력 풀풀. 감독 데뷔작으로는 성공적. 2vs.2등 잔재미 솔솔.",
    "date": "12.03.11",
    "rating": "6",
    "author": "acin****",
    "review_id": "6137617",
    "movie_id": "44715"
  },
  {
    "review": "그냥 스토리도 지맘대로고 쓰래기..킬링타임용도 안됨",
    "date": "12.03.03",
    "rating": "1",
    "author": "hero****",
    "review_id": "6119171",
    "movie_id": "44715"
  },
  {
    "review": "조잡하고 늘어진다.",
    "date": "12.02.02",
    "rating": "4",
    "author": "boyc****",
    "review_id": "6044238",
    "movie_id": "44715"
  },
  {
    "review": "OOO기 영화! 중간중간에 북소리 완전 짱났음.",
    "date": "12.01.25",
    "rating": "1",
    "author": "aaaa****",
    "review_id": "6017472",
    "movie_id": "44715"
  },
  {
    "review": "정우가 연기는 잘해",
    "date": "12.01.22",
    "rating": "5",
    "author": "lead****",
    "review_id": "6008434",
    "movie_id": "44715"
  },
  {
    "review": "바람재미없다는사람 니 첨본다ㅋㅋ",
    "date": "12.01.11",
    "rating": "9",
    "author": "bomu****",
    "review_id": "5977331",
    "movie_id": "44715"
  },
  {
    "review": "ㅋ.잼있다...국악소리좋고 스페어 투 만드삼 진짜 극장간다..ㅋㅋㅋ",
    "date": "12.01.10",
    "rating": "10",
    "author": "cowb****",
    "review_id": "5976880",
    "movie_id": "44715"
  },
  {
    "review": "기대안하고보면 재밌다.",
    "date": "12.01.02",
    "rating": "8",
    "author": "97lu****",
    "review_id": "5955787",
    "movie_id": "44715"
  },
  {
    "review": "짝패가 1.5급 영화로써 수작이라면 이건 2.5급 영화로써 수작 나쁘지 않은 센스!",
    "date": "11.12.31",
    "rating": "6",
    "author": "sear****",
    "review_id": "5950357",
    "movie_id": "44715"
  },
  {
    "review": "연기 너무 어색하고 재미없다..난 바람도 재미없더만..이 감독하고 안맞네..",
    "date": "11.12.25",
    "rating": "5",
    "author": "nabi****",
    "review_id": "5934712",
    "movie_id": "44715"
  },
  {
    "review": "제발 스페어2가 나왔으면 !!! 너무너무 재밌어요",
    "date": "11.12.13",
    "rating": "10",
    "author": "fore****",
    "review_id": "5904200",
    "movie_id": "44715"
  },
  {
    "review": "액션과 코미디와 마당놀이의 다소 어색한 조합, 신선한 시도였지만 실패한 레시피",
    "date": "11.12.07",
    "rating": "5",
    "author": "mygr****",
    "review_id": "5893189",
    "movie_id": "44715"
  },
  {
    "review": "대박 완전 초대박 재밌음^^ 사토 액션 카리스마 죽임^^",
    "date": "11.09.17",
    "rating": "10",
    "author": "chan****",
    "review_id": "5736571",
    "movie_id": "44715"
  },
  {
    "review": "바람 스페어 모두 이성한 작품이라니..새로운 스타감독을 예감한다.",
    "date": "11.08.30",
    "rating": "10",
    "author": "ujum****",
    "review_id": "5697635",
    "movie_id": "44715"
  },
  {
    "review": "한국영화 치고 정말 괜찮았다",
    "date": "11.08.07",
    "rating": "8",
    "author": "kgr1****",
    "review_id": "5618132",
    "movie_id": "44715"
  },
  {
    "review": "초대박! 양기원 완전 귀엽다 ㅋㅋㅋㅋㅋㅋㅋㅋㅋㅋ 영화도 잼씀",
    "date": "11.07.26",
    "rating": "10",
    "author": "revo****",
    "review_id": "5571876",
    "movie_id": "44715"
  },
  {
    "review": "존나시간버렷네이게영화냐어설퍼연기..액션일부러존나멋잇는척하네하나도 멋업음ㅡㅡ",
    "date": "11.07.12",
    "rating": "1",
    "author": "wjdt****",
    "review_id": "5537130",
    "movie_id": "44715"
  },
  {
    "review": "짝패와 쌍벽을 이룰만한 한국 액션 영화!",
    "date": "11.06.12",
    "rating": "9",
    "author": "assu****",
    "review_id": "5478979",
    "movie_id": "44715"
  },
  {
    "review": "보는내내.. 짜증났던 영화네요 시끄러워서리 진짜--^",
    "date": "11.04.23",
    "rating": "6",
    "author": "tnfk****",
    "review_id": "5387955",
    "movie_id": "44715"
  },
  {
    "review": "이런 영화가 대성해야 됩니다 !!! 제작비 지원 팍팍",
    "date": "11.04.15",
    "rating": "8",
    "author": "myst****",
    "review_id": "5376133",
    "movie_id": "44715"
  },
  {
    "review": "기대안하고 봤는데 정말 재밌어용",
    "date": "11.03.23",
    "rating": "10",
    "author": "sosk****",
    "review_id": "5330686",
    "movie_id": "44715"
  },
  {
    "review": "좋은작품 감사합니다,",
    "date": "11.02.23",
    "rating": "10",
    "author": "hl02****",
    "review_id": "5269647",
    "movie_id": "44715"
  },
  {
    "review": "아 이성한감독님영화진짜좋음ㅋㅋㅋㅋㅋㅋㅋㅋㅋㅋㅋㅋㅋ재밌는한국영화!!!!!!!1111",
    "date": "11.02.07",
    "rating": "10",
    "author": "mje4****",
    "review_id": "5226135",
    "movie_id": "44715"
  },
  {
    "review": "전반적으로 어설프다...",
    "date": "11.02.01",
    "rating": "4",
    "author": "yana****",
    "review_id": "5205739",
    "movie_id": "44715"
  },
  {
    "review": "....무슨 영화...",
    "date": "11.02.01",
    "rating": "1",
    "author": "jcik****",
    "review_id": "5205700",
    "movie_id": "44715"
  },
  {
    "review": "진짜 최고영화!!!",
    "date": "11.01.26",
    "rating": "10",
    "author": "bymh****",
    "review_id": "5186019",
    "movie_id": "44715"
  },
  {
    "review": "와 대박 재미있고 멋있고 와아~ 이걸 왜 이제봤지;;",
    "date": "11.01.24",
    "rating": "10",
    "author": "yujj****",
    "review_id": "5181346",
    "movie_id": "44715"
  },
  {
    "review": "액션 정말 잘만들었더라. 사토상 멋있다;ㅋㅋㅋㅋ 즐기기에 충분한 영화",
    "date": "11.01.24",
    "rating": "10",
    "author": "tnsk****",
    "review_id": "5180919",
    "movie_id": "44715"
  },
  {
    "review": "이성한 감독님 작품 기대하고 있습니다! ^^",
    "date": "11.01.02",
    "rating": "9",
    "author": "epis****",
    "review_id": "5117166",
    "movie_id": "44715"
  },
  {
    "review": "훌륭합니다. 짜임이 참 좋은 영화입니다.",
    "date": "10.12.28",
    "rating": "10",
    "author": "trut****",
    "review_id": "5095052",
    "movie_id": "44715"
  },
  {
    "review": "괜찮더라 ㅋㅋ",
    "date": "10.12.11",
    "rating": "9",
    "author": "lcs5****",
    "review_id": "5045713",
    "movie_id": "44715"
  },
  {
    "review": "새벽에 우연히 채널돌리다cgv에서 본영화ㅋㅋㅋ 은근재밋엇닼ㅋㅋ",
    "date": "10.12.09",
    "rating": "10",
    "author": "sks2****",
    "review_id": "5039537",
    "movie_id": "44715"
  },
  {
    "review": "오우~이런스타일 괜찮타~좋은영화많이 만들어 주세용~이성한감독님!",
    "date": "10.12.09",
    "rating": "10",
    "author": "ruda****",
    "review_id": "5038436",
    "movie_id": "44715"
  },
  {
    "review": "꽹과리로 반주하는 액션. 구석구석 선한 유머로 가득한 너무 재밌는 영화였습니다.",
    "date": "10.11.22",
    "rating": "10",
    "author": "whag****",
    "review_id": "4980954",
    "movie_id": "44715"
  },
  {
    "review": "진짜 재밌던데 ㅋㅋ",
    "date": "10.11.07",
    "rating": "10",
    "author": "swee****",
    "review_id": "4943889",
    "movie_id": "44715"
  },
  {
    "review": "난잡하다. 산만하다. 어색하다. 정적이다. 불쌍하다. 결과적으로 일본인이 딱하다",
    "date": "10.11.03",
    "rating": "5",
    "author": "sbs3****",
    "review_id": "4937360",
    "movie_id": "44715"
  },
  {
    "review": "킬링타임용으로 보기에도 너무 지루..... 연기도 어색...",
    "date": "10.10.26",
    "rating": "4",
    "author": "tltl****",
    "review_id": "4922840",
    "movie_id": "44715"
  },
  {
    "review": "약간의 어색함은 있지만 액션은 정말 멋지다.",
    "date": "10.09.26",
    "rating": "8",
    "author": "leec****",
    "review_id": "4870889",
    "movie_id": "44715"
  },
  {
    "review": "뭐랄까... 너무 빈틈없는 사람들만 만나다가 인간적인 사람을 만난 느낌? 저는 추천!",
    "date": "10.09.26",
    "rating": "8",
    "author": "neon****",
    "review_id": "4869176",
    "movie_id": "44715"
  },
  {
    "review": "와이어없는 액션을 볼만합니다..",
    "date": "10.09.24",
    "rating": "8",
    "author": "ride****",
    "review_id": "4864149",
    "movie_id": "44715"
  },
  {
    "review": "연기연습하냐? 어이가없어서 ...",
    "date": "10.09.20",
    "rating": "1",
    "author": "wlsa****",
    "review_id": "4851903",
    "movie_id": "44715"
  },
  {
    "review": "와! 평범한인생 180도바뀌는 액션만화,소설에나올법한!! 오랜만에 좋은영화봤습니다.",
    "date": "10.09.16",
    "rating": "10",
    "author": "whit****",
    "review_id": "4839842",
    "movie_id": "44715"
  },
  {
    "review": "그래,그래. 감독의 구성은 좋다 이거야.문제는 배우들의 연기와 연출들.",
    "date": "10.09.16",
    "rating": "6",
    "author": "dama****",
    "review_id": "4838664",
    "movie_id": "44715"
  },
  {
    "review": "너무 어설픈 구석이 많아서 일일이 지적하기조차 귀찮은 영화...",
    "date": "10.09.16",
    "rating": "1",
    "author": "naiv****",
    "review_id": "4838304",
    "movie_id": "44715"
  },
  {
    "review": "이런영화가 잘되야 한국영화가 발전하는데 ㅜㅜ 죠내 짱임 ㅜㅜ정말정말 잼있어요 ㅋ",
    "date": "10.08.26",
    "rating": "10",
    "author": "gywl****",
    "review_id": "4794185",
    "movie_id": "44715"
  },
  {
    "review": "연기들을 발로하는군",
    "date": "10.08.17",
    "rating": "1",
    "author": "ship****",
    "review_id": "4759120",
    "movie_id": "44715"
  },
  {
    "review": "우연히 영화채널에서 접하고 제대로 보기위해 결제하고 본 영화~ 정우님짱!! 쪼옥~",
    "date": "10.08.16",
    "rating": "10",
    "author": "blue****",
    "review_id": "4754794",
    "movie_id": "44715"
  },
  {
    "review": "시원한 액션. 뜻밖에 괜찮은 킬링타임용 액션영화",
    "date": "10.08.13",
    "rating": "6",
    "author": "bruc****",
    "review_id": "4742892",
    "movie_id": "44715"
  },
  {
    "review": "ㅋㅋ 재밌어요 ㅎㅎ 액션도 괜찮고",
    "date": "10.08.13",
    "rating": "7",
    "author": "ps54****",
    "review_id": "4742152",
    "movie_id": "44715"
  },
  {
    "review": "스토리엉망 그나마 봐줄만한건 조그만 액션신과 임준일이라는 신선한배우..",
    "date": "10.08.09",
    "rating": "4",
    "author": "kis5****",
    "review_id": "4728065",
    "movie_id": "44715"
  },
  {
    "review": "아놔 이런 쓰레기같은;; 내가 만들어도 이거보단 잘찍겠다.. 아 진심이다..",
    "date": "10.08.07",
    "rating": "1",
    "author": "kazu****",
    "review_id": "4718147",
    "movie_id": "44715"
  }
]