[
  {
    "review": "보고싶다 이영화 흐엉흐엉흐엉",
    "date": "14.06.15",
    "rating": "1",
    "author": "codl****",
    "review_id": "8833562",
    "movie_id": "44807"
  },
  {
    "review": "일본이나 한국이나 좋았던 그 시절을 '그랜파'가 상징하는듯 하다. 소소한 재미와 웃음, 따뜻함을 모두 안겨준다.  보는 내내 입가에 미소가 떠나지 않는다. 히가시 요이치 감독의 시선은 늘 옳다",
    "date": "14.06.13",
    "rating": "9",
    "author": "kink****",
    "review_id": "8826748",
    "movie_id": "44807"
  },
  {
    "review": "사토미♥",
    "date": "13.09.15",
    "rating": "10",
    "author": "a1b2****",
    "review_id": "7981201",
    "movie_id": "44807"
  },
  {
    "review": "좋아하는 여배우의 어린시절을 볼수 있었고 뜬금없는 할아버지의 죽음은 할아버지의 성격과 어울리는 바람과 같은 감작스런 죽음이였다.평점이 낮다고 생각해서 10점. 8.5정도가 이 영화의 평점 아닐까?",
    "date": "13.08.27",
    "rating": "10",
    "author": "dest****",
    "review_id": "7926693",
    "movie_id": "44807"
  },
  {
    "review": "8점 정도라 생각해서 9점 ~ 현재 ~7.38 ~ 꽤 많은생각을 하게 해줬던 영화 ~ 그거면 충분한거 아닌가요 ?",
    "date": "13.02.07",
    "rating": "9",
    "author": "tekk****",
    "review_id": "7235685",
    "movie_id": "44807"
  },
  {
    "review": "재밌게봤어요ㅎ",
    "date": "12.05.06",
    "rating": "10",
    "author": "happ****",
    "review_id": "6275575",
    "movie_id": "44807"
  },
  {
    "review": "도통 감정 연결이 되질 않는다. 최악.",
    "date": "11.07.28",
    "rating": "4",
    "author": "tugy****",
    "review_id": "5575585",
    "movie_id": "44807"
  },
  {
    "review": "잔잔하고 괜찮게 보고있었는데 뜬금없는 마무리는 대체 뭐지",
    "date": "11.07.20",
    "rating": "8",
    "author": "raqu****",
    "review_id": "5557447",
    "movie_id": "44807"
  },
  {
    "review": "별거없는데 잔잔하고 좋다. 그것이 할아버지의 힘이 아닌가 한다.",
    "date": "11.07.19",
    "rating": "8",
    "author": "bbq2****",
    "review_id": "5554766",
    "movie_id": "44807"
  },
  {
    "review": "비추 리뷰 꼭 읽어보고 다운받아 보십시요.......",
    "date": "11.07.16",
    "rating": "1",
    "author": "skyc****",
    "review_id": "5548821",
    "movie_id": "44807"
  },
  {
    "review": "할아버지 정말 멋지네요 , 은근히 웃기는 개그코드도 최곱니다.",
    "date": "11.06.02",
    "rating": "8",
    "author": "ll3l****",
    "review_id": "5460837",
    "movie_id": "44807"
  },
  {
    "review": "잔잔하게 흐르는 물과 같은 순수하고 편안한 영화. 감미롭다",
    "date": "11.05.25",
    "rating": "9",
    "author": "rlfe****",
    "review_id": "5448890",
    "movie_id": "44807"
  },
  {
    "review": "일본애들 영화 참 못만듬..........",
    "date": "10.12.01",
    "rating": "6",
    "author": "kyle****",
    "review_id": "5012278",
    "movie_id": "44807"
  },
  {
    "review": "원작 소설보다 더 잘 만든 영화.",
    "date": "10.08.23",
    "rating": "9",
    "author": "soul****",
    "review_id": "4782816",
    "movie_id": "44807"
  },
  {
    "review": "아,, 저렇게 멋진 할아버지가 죽어야만 영화가풀리나.. 아무튼 좋은영화.",
    "date": "08.07.25",
    "rating": "8",
    "author": "sogy****",
    "review_id": "2800679",
    "movie_id": "44807"
  },
  {
    "review": "현대일본인들에게 들려주는 삶의 방식에 관한 동화...",
    "date": "06.10.05",
    "rating": "7",
    "author": "lks3****",
    "review_id": "1163718",
    "movie_id": "44807"
  },
  {
    "review": "나의 할아버지 아닌가.... 어째든 괜찮은 영화",
    "date": "06.09.18",
    "rating": "8",
    "author": "sore****",
    "review_id": "1129964",
    "movie_id": "44807"
  }
]