[
  {
    "review": "재밌게 본 독일영화 중 하나..",
    "date": "11.07.20",
    "rating": "8",
    "author": "sist****",
    "review_id": "5556371",
    "movie_id": "44841"
  },
  {
    "review": "야하면서도 야하지 않은 영화",
    "date": "09.05.20",
    "rating": "5",
    "author": "evil****",
    "review_id": "3509489",
    "movie_id": "44841"
  },
  {
    "review": "영화보고 나서 찡한 무언가가 남는 영화. 감독의 행보가 기대된다.",
    "date": "08.09.26",
    "rating": "10",
    "author": "touc****",
    "review_id": "2969598",
    "movie_id": "44841"
  },
  {
    "review": "나름 느낌있었뜸...  새벽에보기좋았뜸",
    "date": "08.09.21",
    "rating": "9",
    "author": "barr****",
    "review_id": "2962162",
    "movie_id": "44841"
  },
  {
    "review": "생각보다 오래 기억에 남는다. 연출도 괜찮았고 특히 음악이 좋았다.",
    "date": "08.07.10",
    "rating": "8",
    "author": "caty****",
    "review_id": "2751574",
    "movie_id": "44841"
  },
  {
    "review": "이미 진부해져버린 주제와 남녀의 육체만 화면에 떠다닌다..",
    "date": "07.10.23",
    "rating": "2",
    "author": "harm****",
    "review_id": "2106578",
    "movie_id": "44841"
  }
]