[
  {
    "review": "뻔하고 긴장감 없는 액션",
    "date": "15.08.18",
    "rating": "4",
    "author": "cs17****",
    "review_id": "10249342",
    "movie_id": "44864"
  },
  {
    "review": "티모시가 살린 영화. 티모시가 2편 찍길 바랬는데... 후.. 아쉽다. 몇번을 봤는지 모른다. 그러나 티모시의 히트맨 2는 없었다..",
    "date": "15.08.18",
    "rating": "10",
    "author": "eocs****",
    "review_id": "10248703",
    "movie_id": "44864"
  },
  {
    "review": "액션 좋아하시는 분들께 추천합니다.",
    "date": "15.07.10",
    "rating": "10",
    "author": "know****",
    "review_id": "10085676",
    "movie_id": "44864"
  },
  {
    "review": "종합 평점은 5점 드립니다.",
    "date": "15.07.08",
    "rating": "5",
    "author": "terr****",
    "review_id": "10079369",
    "movie_id": "44864"
  },
  {
    "review": "안봐도 비디오라는 말은 이럴때 쓰는거지. 약속이라도 한것처럼 정해진 이런 플랫은 진짜 21세기에는 안봤으면",
    "date": "15.07.05",
    "rating": "5",
    "author": "udtm****",
    "review_id": "10073007",
    "movie_id": "44864"
  },
  {
    "review": "대박 완전 잼나~~ㅎㅎㅈㅎ",
    "date": "15.06.29",
    "rating": "10",
    "author": "meih****",
    "review_id": "10050683",
    "movie_id": "44864"
  },
  {
    "review": "봤던거 또 봤지만 난 재밌었음.. 근데 니카가 이름을 물었을때 마지막에 남주가 \"내가 자란 곳에서는 이름대신 번호를 붙여줬어. 난 47번이었지\"라는 장면에서 영화 '역린'에서 조재현이 조정석보고 \"넌 이제부터 220놈이다\"라고",
    "date": "15.05.29",
    "rating": "10",
    "author": "pawo****",
    "review_id": "9959087",
    "movie_id": "44864"
  },
  {
    "review": "기대 안하고 봤는데 재밌구 주인공역도 잘 어울림",
    "date": "15.05.17",
    "rating": "9",
    "author": "blue****",
    "review_id": "9925199",
    "movie_id": "44864"
  },
  {
    "review": "남주 왘전멋짐... 머리빨없이도 잘생길수있다니",
    "date": "15.05.15",
    "rating": "10",
    "author": "stee****",
    "review_id": "9920313",
    "movie_id": "44864"
  },
  {
    "review": "솔직히 재미없다 설정도 엉터리고",
    "date": "15.05.11",
    "rating": "4",
    "author": "fire****",
    "review_id": "9910682",
    "movie_id": "44864"
  },
  {
    "review": "이름만 빌린 킬링타임 영화",
    "date": "15.04.17",
    "rating": "7",
    "author": "52no****",
    "review_id": "9849895",
    "movie_id": "44864"
  },
  {
    "review": "이런 남자 어디 없나? 인간적으로 너무 멋있다.살인은 직업이 그러니 넘어가자.",
    "date": "15.04.17",
    "rating": "10",
    "author": "pbjc****",
    "review_id": "9849354",
    "movie_id": "44864"
  },
  {
    "review": "이야...졸라 쩌는군",
    "date": "15.04.06",
    "rating": "10",
    "author": "xx41****",
    "review_id": "9831157",
    "movie_id": "44864"
  },
  {
    "review": "영화는 괜찮지만 캐스팅이 별로다. 별로라기보단 히트맨의 걸음걸이 부터 얼굴에 드러나야할 험악함이 부족해서 기본이 되었던 겜과는 너무 달라 약간 실망",
    "date": "15.03.30",
    "rating": "8",
    "author": "kuso****",
    "review_id": "9816054",
    "movie_id": "44864"
  },
  {
    "review": "괜찮은 액션 영화지만 원작 게임을 생각한다면 꽤 실망스러울 것이다.",
    "date": "15.03.29",
    "rating": "7",
    "author": "magi****",
    "review_id": "9813512",
    "movie_id": "44864"
  },
  {
    "review": "스타일리쉬한 액션에 여주인공의 사기급 몸매까지..",
    "date": "15.03.24",
    "rating": "10",
    "author": "rand****",
    "review_id": "9803852",
    "movie_id": "44864"
  },
  {
    "review": "게임원작이라  망작일 줄 알았는데,  의외로 볼만 했음",
    "date": "15.03.22",
    "rating": "7",
    "author": "fghy****",
    "review_id": "9799689",
    "movie_id": "44864"
  },
  {
    "review": "초등학생수준의 시나리오. 5 이상 평가한다면 어린아이이던지 그런정도의 수준이다",
    "date": "15.03.12",
    "rating": "4",
    "author": "iida****",
    "review_id": "9774997",
    "movie_id": "44864"
  },
  {
    "review": "존윅 보다 더 재미있게 본 액션 영화",
    "date": "15.03.03",
    "rating": "8",
    "author": "mybe****",
    "review_id": "9754654",
    "movie_id": "44864"
  },
  {
    "review": "두상이 너무 이쁨.... 민머리가 저렇게 잘어울릴다니",
    "date": "15.01.26",
    "rating": "8",
    "author": "engu****",
    "review_id": "9639718",
    "movie_id": "44864"
  },
  {
    "review": "삭제된 부분이 있어 조금 아쉽다.",
    "date": "15.01.25",
    "rating": "8",
    "author": "skys****",
    "review_id": "9636396",
    "movie_id": "44864"
  },
  {
    "review": "와 재밌다 ㅋ  액션지림 ㄷ",
    "date": "15.01.21",
    "rating": "9",
    "author": "zero****",
    "review_id": "9617665",
    "movie_id": "44864"
  },
  {
    "review": "세번 봄 ㅠㅠ너무재미씀 주인공 OO시..1밖에안나왔나?",
    "date": "15.01.05",
    "rating": "10",
    "author": "qkqh****",
    "review_id": "9565023",
    "movie_id": "44864"
  },
  {
    "review": "계속 돌려볼 정도로 재밌음",
    "date": "14.12.14",
    "rating": "10",
    "author": "blue****",
    "review_id": "9474230",
    "movie_id": "44864"
  },
  {
    "review": "암살자 영화 니키타 재밌게 봤는데, 이것도 레전드급이다. 진행 너무 빨라서 포즈 눌르면서 봤음. 주인공 포스 한번 따라해 볼까?",
    "date": "14.11.30",
    "rating": "10",
    "author": "chee****",
    "review_id": "9437291",
    "movie_id": "44864"
  },
  {
    "review": "게임 원작의 프랑스 영화. 그냥 킬링타임용 수준",
    "date": "14.11.22",
    "rating": "1",
    "author": "jjaj****",
    "review_id": "9408492",
    "movie_id": "44864"
  },
  {
    "review": "초딩들 많네. 이게 무슨 10점짜리야 전형적인 영웅물이구만. 물론 재미는 있었는데 그냥 킬링타임용.  볼만은 했어.  애들이 볼만한정도?  성인이 보기엔 유치한...",
    "date": "14.10.18",
    "rating": "7",
    "author": "doll****",
    "review_id": "9300003",
    "movie_id": "44864"
  },
  {
    "review": "티모시 올리펀트 출연작을 여러편 봤음에도...매번 알아보지 못할정도로 영화속의 캐릭터로 흡수되버린다. 배우에 맞춰지는 영화와 영화에 맞춰지는 배우...좋고 나쁨의 기준은 없는듯..,게임은 안해봐서 비교는 힘들듯...",
    "date": "14.09.14",
    "rating": "7",
    "author": "bloo****",
    "review_id": "9214469",
    "movie_id": "44864"
  },
  {
    "review": "게임 스리즈도 재밌는데 영화도 더욱더 재밌고 액션또한 시원해서 좋음",
    "date": "14.09.13",
    "rating": "10",
    "author": "xord****",
    "review_id": "9210097",
    "movie_id": "44864"
  },
  {
    "review": "어느게임이건 난 히트맨을 좋아하네",
    "date": "14.08.31",
    "rating": "10",
    "author": "lnk6****",
    "review_id": "9150334",
    "movie_id": "44864"
  },
  {
    "review": "히트맨앱솔루션을보고 보게되엇는데 재미있었음 질척거리지않고 깔끔하게끝나서 더좋앗다",
    "date": "14.08.17",
    "rating": "10",
    "author": "minh****",
    "review_id": "9104435",
    "movie_id": "44864"
  },
  {
    "review": "근데  어떻게 게임보다 재미있냐?",
    "date": "14.07.20",
    "rating": "10",
    "author": "hjwm****",
    "review_id": "8936418",
    "movie_id": "44864"
  },
  {
    "review": "진짜 최고다 이런게 진짜 영화다",
    "date": "14.06.28",
    "rating": "10",
    "author": "fmgg****",
    "review_id": "8864179",
    "movie_id": "44864"
  },
  {
    "review": "액션도 괜찮고 매력이 좔좔흐리네",
    "date": "14.06.07",
    "rating": "7",
    "author": "dkdl****",
    "review_id": "8806520",
    "movie_id": "44864"
  },
  {
    "review": "남자나 여자나 섹시한 맛에 보면됨",
    "date": "14.05.20",
    "rating": "6",
    "author": "jjog****",
    "review_id": "8749172",
    "movie_id": "44864"
  },
  {
    "review": "뛰어난 액션 장면, 부족한 스토리.",
    "date": "14.05.19",
    "rating": "7",
    "author": "kxvt****",
    "review_id": "8747865",
    "movie_id": "44864"
  },
  {
    "review": "여주만 바꾸면될듯하다제발..",
    "date": "14.05.13",
    "rating": "7",
    "author": "gksw****",
    "review_id": "8727584",
    "movie_id": "44864"
  },
  {
    "review": "게임은 안해봤다만 에이젼트47은 고자란 말인가?",
    "date": "14.05.11",
    "rating": "7",
    "author": "syan****",
    "review_id": "8723954",
    "movie_id": "44864"
  },
  {
    "review": "킬링타임용으로 적절하군",
    "date": "14.05.11",
    "rating": "6",
    "author": "guev****",
    "review_id": "8722420",
    "movie_id": "44864"
  },
  {
    "review": "감독이 게임을 안보고 만든것 같음.",
    "date": "14.05.09",
    "rating": "3",
    "author": "bman****",
    "review_id": "8718884",
    "movie_id": "44864"
  },
  {
    "review": "게임을 해본 사람이라면 영화가 얼마나 잘 만든건지 알 수 있을거다액션도 수준급,, 게임을 원작으로 한 영화 많지만 대부분 두번 보기는 싫다는 점을 볼 때 히트맨은 성공한 케이스라 볼 수 있다 NO47 멋짐",
    "date": "14.05.08",
    "rating": "10",
    "author": "kara****",
    "review_id": "8716211",
    "movie_id": "44864"
  },
  {
    "review": "게임을 영화로 만든 좋은 예, 그리고 올가!",
    "date": "14.05.08",
    "rating": "8",
    "author": "hoya****",
    "review_id": "8715329",
    "movie_id": "44864"
  },
  {
    "review": "여자를 왜 끼고 도는지 알수없지만 액션땜에 봐줄만하다",
    "date": "14.05.07",
    "rating": "7",
    "author": "gras****",
    "review_id": "8713014",
    "movie_id": "44864"
  },
  {
    "review": "간결 절제된액션.여주인공 비중이 좀더 있었으면 ㅎ",
    "date": "14.05.07",
    "rating": "7",
    "author": "miso****",
    "review_id": "8712314",
    "movie_id": "44864"
  },
  {
    "review": "절도있는 액션씬.. 그리고 군더더기 없는 시나리오.. 영화의 기본을 잘 지킨..",
    "date": "14.05.04",
    "rating": "8",
    "author": "blue****",
    "review_id": "8701521",
    "movie_id": "44864"
  },
  {
    "review": "절제된 맛이 정말 뽕같아서 잊을수가 없는데 히트맨 짝퉁나와서 괜히 설레었네 아나.. 언능 나와라 진퉁 히트맨 2",
    "date": "14.04.26",
    "rating": "10",
    "author": "abcd****",
    "review_id": "8673462",
    "movie_id": "44864"
  },
  {
    "review": "예전에 세번씩이나 봤던 최고의 프랑스산 영화! 비록 합작이지만,,,",
    "date": "14.04.04",
    "rating": "10",
    "author": "aper****",
    "review_id": "8626877",
    "movie_id": "44864"
  },
  {
    "review": "남주 존멋 와 진짜 존멋 짱멋 진짜 개멋짐 우와우와",
    "date": "14.03.16",
    "rating": "10",
    "author": "mr_c****",
    "review_id": "8582595",
    "movie_id": "44864"
  },
  {
    "review": "주인공 진짜 간지가 쥘쥘",
    "date": "14.02.25",
    "rating": "10",
    "author": "jiwa****",
    "review_id": "8536812",
    "movie_id": "44864"
  },
  {
    "review": "남주가 너무 멌있어야 여주는 소피마르스 닮음듯 매려적이고 줄거리 감동 그딴것 필요없고 여주.남주 포스에 2시간이 유쾌상쾌함",
    "date": "14.02.18",
    "rating": "10",
    "author": "bang****",
    "review_id": "8518458",
    "movie_id": "44864"
  },
  {
    "review": "히트맨 본연의 분위기도 못만드는 주연 캐스팅부터 미스였다.  올가 이뻐서 끝까지 본거지 영화가 잘난것 하나도 없다. 그냥 맹물에 꿀섞어 먹은 느낌",
    "date": "14.02.14",
    "rating": "7",
    "author": "memu****",
    "review_id": "8507064",
    "movie_id": "44864"
  },
  {
    "review": "대박. 남자주인공 최고.",
    "date": "14.01.27",
    "rating": "10",
    "author": "real****",
    "review_id": "8435513",
    "movie_id": "44864"
  },
  {
    "review": "재밋음ㅋ티비로보고또보고ㅋ",
    "date": "14.01.27",
    "rating": "9",
    "author": "nohy****",
    "review_id": "8433859",
    "movie_id": "44864"
  },
  {
    "review": "남주 눈빛이 진짜 장난아님",
    "date": "14.01.09",
    "rating": "9",
    "author": "smwb****",
    "review_id": "8363577",
    "movie_id": "44864"
  },
  {
    "review": "시리즈팬에게는 다이애나의 목소리 등장만으로도 충분.",
    "date": "14.01.02",
    "rating": "8",
    "author": "gold****",
    "review_id": "8337407",
    "movie_id": "44864"
  },
  {
    "review": "원작의 팬과 아닌사람에서 호불호가 갈리는 영화",
    "date": "13.12.30",
    "rating": "8",
    "author": "come****",
    "review_id": "8325876",
    "movie_id": "44864"
  },
  {
    "review": "크 X자로 자세취하고 있을때의 깐지란..",
    "date": "13.12.08",
    "rating": "8",
    "author": "sch8****",
    "review_id": "8198580",
    "movie_id": "44864"
  },
  {
    "review": "이영화보기전에 게임스토리부터 알고봐야 인트로나 바코드문신이 이해가됌 아무것도모르고 그냥본사람은 약간 허무하거나 이게뭐지 할수있음",
    "date": "13.12.07",
    "rating": "9",
    "author": "rlat****",
    "review_id": "8196343",
    "movie_id": "44864"
  },
  {
    "review": "잼나네요 ㅋㅋ 킬링타임으로 멋진 액션 감상함",
    "date": "13.11.19",
    "rating": "10",
    "author": "kens****",
    "review_id": "8152913",
    "movie_id": "44864"
  },
  {
    "review": "대체 2는 확정확정하면서 언제 나오는거지....",
    "date": "13.11.14",
    "rating": "10",
    "author": "wown****",
    "review_id": "8138286",
    "movie_id": "44864"
  },
  {
    "review": "뒤통수 큐알코드 찍어봤는데 암것도 안나오네",
    "date": "13.11.13",
    "rating": "7",
    "author": "brow****",
    "review_id": "8135732",
    "movie_id": "44864"
  },
  {
    "review": "민머리 외에 다른 매력 어필이 필요한 영화",
    "date": "13.11.09",
    "rating": "5",
    "author": "silv****",
    "review_id": "8126881",
    "movie_id": "44864"
  },
  {
    "review": "아무리 깍아내려도,원작 비디오 게임 수준 정도쯤은 되는,재미난,B급액션...후반부의,급격한 평범함과늘어짐이 좀 아쉽다.속편은,왜 안 나오는지?작품으로써의 퀄리티(완성도)보다,앞으로의,이야기 발전 가능성에 더 많은 점수를 주고 싶다.남주도 아주 그만이다",
    "date": "13.10.27",
    "rating": "7",
    "author": "baks****",
    "review_id": "8092867",
    "movie_id": "44864"
  },
  {
    "review": "영화를 보고 게임을 해보고싶다고 느끼게 만드는영화! 남주 캐스팅 진짜 대박. 군더더기 없이 정말 잘 만든영화임. 진심을 재밌음... 여주인공이 민폐도 안끼치고.. 아... 정말 너무너무 재밌음 ㅠ",
    "date": "13.10.20",
    "rating": "10",
    "author": "dahl****",
    "review_id": "8073216",
    "movie_id": "44864"
  },
  {
    "review": "마지막에서 CIA에게 온 문자 '이걸로 비긴겁니다' 이해가 안되서 처음부터 다시보니 이해가 되네요 반전도, 스토리도, 액션신도 모두 좋은데 딱 이거 하나가 좀 아쉬운 작품",
    "date": "13.10.01",
    "rating": "10",
    "author": "kirf****",
    "review_id": "8024917",
    "movie_id": "44864"
  },
  {
    "review": "몰입도가 장난아님 2편 나왔음 좋겠다",
    "date": "13.10.01",
    "rating": "10",
    "author": "yeob****",
    "review_id": "8024736",
    "movie_id": "44864"
  },
  {
    "review": "이런 캐릭이라면 정은이 암살도 껌이다~",
    "date": "13.09.16",
    "rating": "10",
    "author": "revo****",
    "review_id": "7987630",
    "movie_id": "44864"
  },
  {
    "review": "티백이 나올줄이야 티백형 방가방가 ㅋㅋㅋㅋㅋㅋㅋㅋㅋㅋㅋㅋㅋ",
    "date": "13.09.06",
    "rating": "10",
    "author": "oasi****",
    "review_id": "7952830",
    "movie_id": "44864"
  },
  {
    "review": "크~ 히트맨 게임을 해본사람이라면 정말 더더욱 더 재밌게 봤을 영화~!정말 재밌다",
    "date": "13.08.25",
    "rating": "10",
    "author": "wlsd****",
    "review_id": "7922775",
    "movie_id": "44864"
  },
  {
    "review": "주인공이 어떤 면에서 완벽할 정도로 나온다는 점이 비현실적이지만 이야기가 틈 없이 빨리빨리 스릴있게 진행된다",
    "date": "13.08.19",
    "rating": "6",
    "author": "seul****",
    "review_id": "7902173",
    "movie_id": "44864"
  },
  {
    "review": "뻔하지만  기본에충실한 영화.",
    "date": "13.08.06",
    "rating": "7",
    "author": "24th****",
    "review_id": "7848096",
    "movie_id": "44864"
  },
  {
    "review": "한국판 닌자어쌔신 같은 영화, 피 튀기는 걸 좋아하는 사람들에게 어울릴 듯",
    "date": "13.07.26",
    "rating": "7",
    "author": "yong****",
    "review_id": "7785751",
    "movie_id": "44864"
  },
  {
    "review": "캐스팅이 정말좋고 액션도 좋은것같음.",
    "date": "13.07.22",
    "rating": "9",
    "author": "cys_****",
    "review_id": "7774730",
    "movie_id": "44864"
  },
  {
    "review": "가볍게 볼만함 ㅋㅋ 액션도 괜찮고 남주가 캐스팅이 참잘된것 같음",
    "date": "13.07.15",
    "rating": "8",
    "author": "ehwj****",
    "review_id": "7743803",
    "movie_id": "44864"
  },
  {
    "review": "킬링타임류 최강",
    "date": "13.06.28",
    "rating": "10",
    "author": "5ohb****",
    "review_id": "7686341",
    "movie_id": "44864"
  },
  {
    "review": "액션좋네~",
    "date": "13.06.16",
    "rating": "7",
    "author": "dbzh****",
    "review_id": "7649911",
    "movie_id": "44864"
  },
  {
    "review": "대머리 주인공 캐스팅은 정말 잘한거같고 재미있게 봤다",
    "date": "13.06.08",
    "rating": "8",
    "author": "sang****",
    "review_id": "7612707",
    "movie_id": "44864"
  },
  {
    "review": "재밌어요!!",
    "date": "13.05.19",
    "rating": "10",
    "author": "june****",
    "review_id": "7542381",
    "movie_id": "44864"
  },
  {
    "review": "시간때우기용임. 그이상은 절대아님",
    "date": "13.04.30",
    "rating": "6",
    "author": "adiv****",
    "review_id": "7496435",
    "movie_id": "44864"
  },
  {
    "review": "지림",
    "date": "13.04.21",
    "rating": "10",
    "author": "ejd_****",
    "review_id": "7472221",
    "movie_id": "44864"
  },
  {
    "review": "이정도로 허접한 B급 스토리 개연성 시나리오를 가지고도. 오로지 배우들의 매력만으로 몰입하게된 영화이다. 게임/만화 케릭이 현실화된 느낌. 겜보다 영화에서 나온 47이 더 매력적이네.",
    "date": "13.04.21",
    "rating": "8",
    "author": "hypo****",
    "review_id": "7472185",
    "movie_id": "44864"
  },
  {
    "review": "참 캐스팅이 좋았던 영화..여자땜에 어처구니 없이 빌빌대는 장면 없어서 좋았음..절제된 맛이 백미였던...그런데 주인공이 68년생이라니..후덜덜...20-30대로 봤는데..",
    "date": "13.04.10",
    "rating": "9",
    "author": "daum****",
    "review_id": "7448583",
    "movie_id": "44864"
  },
  {
    "review": "여주인공이 조금 아쉽긴했지만 대머리 액션스타는 제이슨 스타뎀만있는게 아니다 라는걸 보여줬음.후속편이 나올만한데 진짜 아직 소식이없네요.",
    "date": "13.04.05",
    "rating": "7",
    "author": "ghkd****",
    "review_id": "7437320",
    "movie_id": "44864"
  },
  {
    "review": "킬링 타임으론 좋음.",
    "date": "13.04.05",
    "rating": "7",
    "author": "sata****",
    "review_id": "7435958",
    "movie_id": "44864"
  },
  {
    "review": "충분히 2편이 나올만한 시간이 지났는데도 안나오네 ~ 나와라 2편 ㅠ",
    "date": "13.03.31",
    "rating": "9",
    "author": "kngc****",
    "review_id": "7427349",
    "movie_id": "44864"
  },
  {
    "review": "굿잡이여쑴",
    "date": "13.03.26",
    "rating": "10",
    "author": "qorg****",
    "review_id": "7413642",
    "movie_id": "44864"
  },
  {
    "review": "벨리코프 동생 죽이러 갈때 배경음악이 Justice - DVNO 였는데 동생 죽일때 대사 : just this !",
    "date": "13.03.14",
    "rating": "9",
    "author": "qkrw****",
    "review_id": "7347069",
    "movie_id": "44864"
  },
  {
    "review": "주인공 포스장난아니네요 ㅋㅋㅋ 그냥볼만함",
    "date": "13.03.03",
    "rating": "7",
    "author": "shai****",
    "review_id": "7321169",
    "movie_id": "44864"
  },
  {
    "review": "게임에 지지 않을만큼 주인공 매치도 잘되고 스토리라인 액션 다 최고임",
    "date": "13.02.13",
    "rating": "9",
    "author": "russ****",
    "review_id": "7259905",
    "movie_id": "44864"
  },
  {
    "review": "보고또보고그래도재밋다능남주 멋있어여",
    "date": "13.02.12",
    "rating": "9",
    "author": "rusi****",
    "review_id": "7254828",
    "movie_id": "44864"
  },
  {
    "review": "게임을 원작으로 만든 영화는 거의 다 졸작이지.. 그래도 이 영화는 볼만한 편이다..",
    "date": "13.02.11",
    "rating": "8",
    "author": "neyc****",
    "review_id": "7253162",
    "movie_id": "44864"
  },
  {
    "review": "게임 주인공모습과 비슷한배우들도 많을텐데 이 배우는 뭔가 게임에서 느껴지는 냉정함이없어서 ㅋㅋ 배우 캐스팅이 조금 아쉬울따름 ..",
    "date": "13.01.21",
    "rating": "7",
    "author": "skwk****",
    "review_id": "7139234",
    "movie_id": "44864"
  },
  {
    "review": "게임을 영화에 잘 이식시켰다. 주인공도 어울리고, 특히 히트맨이라는 타이틀에 걸맞는 분위기를 잘 만들어낸거 같다.",
    "date": "13.01.09",
    "rating": "10",
    "author": "bajj****",
    "review_id": "7094341",
    "movie_id": "44864"
  },
  {
    "review": "10점만점에 10000점",
    "date": "13.01.02",
    "rating": "10",
    "author": "sptl****",
    "review_id": "7074185",
    "movie_id": "44864"
  },
  {
    "review": "액션만큼은 몰입해서 볼수있었다.  스토리는 약간 엉성하지만.",
    "date": "12.12.28",
    "rating": "8",
    "author": "stsf****",
    "review_id": "7056734",
    "movie_id": "44864"
  },
  {
    "review": "아무것도 모르고봤는데 잼있었습니다",
    "date": "12.12.25",
    "rating": "10",
    "author": "mido****",
    "review_id": "7043472",
    "movie_id": "44864"
  },
  {
    "review": "제목보고 별로라 생각햇는데 의외로 재밋게 몰입해서봣네 ㅋㅋ",
    "date": "12.12.11",
    "rating": "8",
    "author": "ppon****",
    "review_id": "6992685",
    "movie_id": "44864"
  },
  {
    "review": "주인공의 거침없는 액션이 보고싶으시면 추천",
    "date": "12.11.18",
    "rating": "7",
    "author": "skql****",
    "review_id": "6902901",
    "movie_id": "44864"
  },
  {
    "review": "개재밌음 게임유저라면 게임스토리가 보임",
    "date": "12.11.01",
    "rating": "10",
    "author": "shju****",
    "review_id": "6841402",
    "movie_id": "44864"
  },
  {
    "review": "우리티모는 왜 여주한테 자비로울까 뜬금없이",
    "date": "12.10.31",
    "rating": "6",
    "author": "wwwk****",
    "review_id": "6838803",
    "movie_id": "44864"
  }
]