[
  {
    "review": "말이필요없는영화입니다",
    "date": "13.01.04",
    "rating": "10",
    "author": "jym8****",
    "review_id": "7082126",
    "movie_id": "44878"
  },
  {
    "review": "except...",
    "date": "11.12.19",
    "rating": "3",
    "author": "bbq2****",
    "review_id": "5914402",
    "movie_id": "44878"
  },
  {
    "review": "세 개의 이미지에는 정반합이 요동친다. 사유(思惟)하라.",
    "date": "11.03.22",
    "rating": "10",
    "author": "cafe****",
    "review_id": "5327940",
    "movie_id": "44878"
  },
  {
    "review": "우리가 미처 생각하지 못했던 한 벌의 옷에 깃든 모든 것들.",
    "date": "11.02.22",
    "rating": "7",
    "author": "hadl****",
    "review_id": "5267953",
    "movie_id": "44878"
  },
  {
    "review": "^~^) 오호!! 세상 어떤 이의 삶이 무용할까요. 유용한 쓰임은 또 무엇일까요.",
    "date": "11.02.02",
    "rating": "8",
    "author": "wind****",
    "review_id": "5207498",
    "movie_id": "44878"
  },
  {
    "review": "'사물들의 응시를 통해 사물들 너머의 것들을 사유하게 하는 힘', 정말 그렇다.",
    "date": "11.01.26",
    "rating": "8",
    "author": "jadi****",
    "review_id": "5184965",
    "movie_id": "44878"
  },
  {
    "review": "즐거운 꼴라쥬.",
    "date": "09.12.04",
    "rating": "9",
    "author": "ausf****",
    "review_id": "4014945",
    "movie_id": "44878"
  },
  {
    "review": "같은듯 다르게",
    "date": "09.08.24",
    "rating": "7",
    "author": "tjsd****",
    "review_id": "3785744",
    "movie_id": "44878"
  },
  {
    "review": "주제에 접근하는 감독의 시선과 방법이 색다르다.",
    "date": "09.07.11",
    "rating": "8",
    "author": "qunk****",
    "review_id": "3624684",
    "movie_id": "44878"
  },
  {
    "review": "뭐...어쩌란 예기지..??",
    "date": "09.05.03",
    "rating": "3",
    "author": "drd1****",
    "review_id": "3461261",
    "movie_id": "44878"
  },
  {
    "review": "독특한 발상...양보다 질...오랜 역사와 자연을 닮은 옷을 만드는 그녀...멋지다...",
    "date": "09.04.10",
    "rating": "6",
    "author": "egyp****",
    "review_id": "3413613",
    "movie_id": "44878"
  },
  {
    "review": "가치판단기준에 있어서 이영화도 좋은영화인지아닌지는 자신의반성적접근에달렸다",
    "date": "09.04.10",
    "rating": "8",
    "author": "daro****",
    "review_id": "3413281",
    "movie_id": "44878"
  },
  {
    "review": "고답적인 그들만을 위한 '무용'",
    "date": "08.07.14",
    "rating": "1",
    "author": "sani****",
    "review_id": "2762895",
    "movie_id": "44878"
  },
  {
    "review": "인상적인 영화임은 분명하다. 지아장커의 영화를 보노라면 음악성향이 궁금해진다...",
    "date": "08.06.13",
    "rating": "7",
    "author": "iyan****",
    "review_id": "2696294",
    "movie_id": "44878"
  },
  {
    "review": "저마다의 방법으로 이 영화를 즐길 수 있길- 음악도 좋던데..",
    "date": "08.05.29",
    "rating": "9",
    "author": "movi****",
    "review_id": "2669643",
    "movie_id": "44878"
  },
  {
    "review": "지아장커, 그의 묵직한 시선은 이번에도 완벽하다.",
    "date": "08.05.28",
    "rating": "10",
    "author": "dudg****",
    "review_id": "2668177",
    "movie_id": "44878"
  },
  {
    "review": "지아장커 영화는 스크린에서 숨을 쉰다. 은은하게 그리고 진하게.",
    "date": "08.05.27",
    "rating": "9",
    "author": "kimr****",
    "review_id": "2666538",
    "movie_id": "44878"
  },
  {
    "review": "쉽지 않은, 다큐를 뛰어넘어 진정성이 담긴 사람과 그 이야기.",
    "date": "08.05.25",
    "rating": "8",
    "author": "ghdl****",
    "review_id": "2663927",
    "movie_id": "44878"
  },
  {
    "review": "재미도 없는데 대가연 하는 거 싫다...",
    "date": "08.05.25",
    "rating": "1",
    "author": "tolb****",
    "review_id": "2661856",
    "movie_id": "44878"
  },
  {
    "review": "낚인 기분",
    "date": "08.05.24",
    "rating": "1",
    "author": "hyan****",
    "review_id": "2659409",
    "movie_id": "44878"
  },
  {
    "review": "다큐멘터리 같으나 카메라는 상당히 작위적이었다",
    "date": "08.05.23",
    "rating": "2",
    "author": "koes****",
    "review_id": "2657997",
    "movie_id": "44878"
  },
  {
    "review": "그냥 서양애들이 좋아할 영화....",
    "date": "08.05.23",
    "rating": "1",
    "author": "tolb****",
    "review_id": "2657991",
    "movie_id": "44878"
  },
  {
    "review": "글쎄.....",
    "date": "08.05.23",
    "rating": "1",
    "author": "chy6****",
    "review_id": "2657989",
    "movie_id": "44878"
  },
  {
    "review": "멀찍이서 지긋이...더 많이 보고, 더 많이 사랑하는 일.",
    "date": "08.05.22",
    "rating": "8",
    "author": "alfe****",
    "review_id": "2656092",
    "movie_id": "44878"
  },
  {
    "review": "지금 칸에서도 주목받는, 그는 이미 거장이다. 3부작 다봐야지.^^",
    "date": "08.05.20",
    "rating": "10",
    "author": "anst****",
    "review_id": "2653347",
    "movie_id": "44878"
  },
  {
    "review": "재미는 정말 없고, 곱씹을 수록 '좋은' 영화라는 생각이 들게 해주는",
    "date": "08.05.18",
    "rating": "8",
    "author": "0109****",
    "review_id": "2648045",
    "movie_id": "44878"
  },
  {
    "review": "쓸모없는을 담았지만, 쓸모있는 영화. 강추~",
    "date": "08.05.16",
    "rating": "10",
    "author": "rlag****",
    "review_id": "2644645",
    "movie_id": "44878"
  },
  {
    "review": "우리는 지금 지아장커에게 주목해야한다. 놀라운 연출력, 접근성!!!!!",
    "date": "08.05.16",
    "rating": "10",
    "author": "rlad****",
    "review_id": "2644641",
    "movie_id": "44878"
  },
  {
    "review": "삶의 진정한 가치가 무엇인지 깨닫게 하는 영화!",
    "date": "08.05.16",
    "rating": "10",
    "author": "qodl****",
    "review_id": "2644638",
    "movie_id": "44878"
  },
  {
    "review": "그들의 삶이 결국은 우리의 삶이었다. 지아장커의 시선이 아름다운 이유!",
    "date": "08.05.16",
    "rating": "10",
    "author": "gkdp****",
    "review_id": "2644636",
    "movie_id": "44878"
  },
  {
    "review": "전주 영화제에서 본 최고의 작품! 역시 지아장커입니다.",
    "date": "08.05.16",
    "rating": "10",
    "author": "dlrl****",
    "review_id": "2644626",
    "movie_id": "44878"
  },
  {
    "review": "스틸라이프를 넘어서는 영화가 나왔구나~",
    "date": "08.05.13",
    "rating": "10",
    "author": "ygh1****",
    "review_id": "2638645",
    "movie_id": "44878"
  }
]