[
  {
    "review": "아이언맨 오리진...",
    "date": "15.08.21",
    "rating": "8",
    "author": "dawn****",
    "review_id": "10257211",
    "movie_id": "44885"
  },
  {
    "review": "MCU의 핵심이죠 아이언맨, 확실히 재밌습니다.",
    "date": "15.08.19",
    "rating": "8",
    "author": "kimh****",
    "review_id": "10252009",
    "movie_id": "44885"
  },
  {
    "review": "솔직히 캡틴아메리카,아이언맨,토르,헐크,블랙위도우,호크아이 모두 어벤져스에서 처음봤고 마블영화중 갑은 윈터솔져라 생각했는데 이 영화보고 생각이 바뀌려한다..",
    "date": "15.08.18",
    "rating": "10",
    "author": "heyn****",
    "review_id": "10249468",
    "movie_id": "44885"
  },
  {
    "review": "노잼 종헌이랑 노는게 이거보다 재밌다",
    "date": "15.08.17",
    "rating": "1",
    "author": "shin****",
    "review_id": "10245124",
    "movie_id": "44885"
  },
  {
    "review": "2008년도에 극장에서 봤다면 박수쳤을 듯. 그러기엔 이미 나는 다크나이트와 캡틴아메리카를 먼저 봐버렸다.",
    "date": "15.08.16",
    "rating": "7",
    "author": "most****",
    "review_id": "10238551",
    "movie_id": "44885"
  },
  {
    "review": "바람둥이인척하는 배트맨은 봤지만 바람둥이인 히어로는 처음보네 ㅋㅋ 꿀잼 허니잼",
    "date": "15.08.14",
    "rating": "10",
    "author": "happ****",
    "review_id": "10231194",
    "movie_id": "44885"
  },
  {
    "review": "토니 스타크는 정말 매력있는 캐릭터다.",
    "date": "15.08.03",
    "rating": "10",
    "author": "yuha****",
    "review_id": "10181304",
    "movie_id": "44885"
  },
  {
    "review": "지구상의 모든 아이들이 알만한 이름이 아이언맨이 아닐까.그냥 타임킬링용으로 큰기대안하고 보면 재미있게 볼수 있는 영화.",
    "date": "15.08.01",
    "rating": "7",
    "author": "kenn****",
    "review_id": "10170509",
    "movie_id": "44885"
  },
  {
    "review": "MCU를 이 영화로 시작한게 신의 한수인듯",
    "date": "15.07.27",
    "rating": "9",
    "author": "kyjk****",
    "review_id": "10150071",
    "movie_id": "44885"
  },
  {
    "review": "난 개인적으로 어벤져스 이전의 아이언맨 토니가 더 좋았다 어벤져스 이후로도 매력적이긴 한데  토니가 너무 진지해짐 그리고 가장 안타까웠던건 테렌스 하워드의 캐스팅 불발 ㅠㅠ 누가 뭐래도 난 아이언맨1이 진리였다.",
    "date": "15.07.26",
    "rating": "10",
    "author": "alan****",
    "review_id": "10147628",
    "movie_id": "44885"
  },
  {
    "review": "고독하고 장엄한 클리셰가 아닌 능글맞은 유머센스의 영웅",
    "date": "15.07.09",
    "rating": "8",
    "author": "syoc****",
    "review_id": "10082941",
    "movie_id": "44885"
  },
  {
    "review": "이건 거의 혁명급 아니였나?",
    "date": "15.07.05",
    "rating": "10",
    "author": "rkdd****",
    "review_id": "10072066",
    "movie_id": "44885"
  },
  {
    "review": "재밌어요ㅇㅇ굿굿굿굿",
    "date": "15.07.03",
    "rating": "10",
    "author": "tlse****",
    "review_id": "10065455",
    "movie_id": "44885"
  },
  {
    "review": "아이언맨 토니스타크에 로버튿다우니주니어를 캐스팅한건 신의한수다.너무나 매력적인 히어로의 탄생.",
    "date": "15.06.27",
    "rating": "9",
    "author": "hi38****",
    "review_id": "10043502",
    "movie_id": "44885"
  },
  {
    "review": "잘만들었음 굿굿굿. 뭔 말이 필요함.",
    "date": "15.06.27",
    "rating": "10",
    "author": "100q****",
    "review_id": "10040742",
    "movie_id": "44885"
  },
  {
    "review": "2편보다는 낫지만 3편에 비해 떨어진다. 현실성이 부족한 것 또한 사실이다. 그러나 블록버스터 다운 스펙터클과 히어로 영화의 수작이라는 것 또한 사실. 8점이 어울린다.",
    "date": "15.06.24",
    "rating": "8",
    "author": "agm0****",
    "review_id": "10028355",
    "movie_id": "44885"
  },
  {
    "review": "아이언맨 탄생과정을 정말 완벽하게 그려냈다. 토니 스타크의 매력은 또 어떠한가.. 지금의 마블영화들이 있게해 준 바로 그영화!",
    "date": "15.06.11",
    "rating": "9",
    "author": "ohmr****",
    "review_id": "9990725",
    "movie_id": "44885"
  },
  {
    "review": "이제더이상 아이언맨 시리즈를 볼수없는건가ㅠㅠ",
    "date": "15.06.08",
    "rating": "10",
    "author": "tbvj****",
    "review_id": "9985409",
    "movie_id": "44885"
  },
  {
    "review": "영웅중 가장 맘에드는 영웅",
    "date": "15.06.07",
    "rating": "7",
    "author": "hamj****",
    "review_id": "9983250",
    "movie_id": "44885"
  },
  {
    "review": "종합 평점은 7점 드립니다.",
    "date": "15.06.06",
    "rating": "7",
    "author": "terr****",
    "review_id": "9979256",
    "movie_id": "44885"
  },
  {
    "review": "이 영화 이후로 나온 모든 마블의 영화들 중 이 영화보다 훌륭하고 재미있는 작품은 단 하나도 없다. 내 인생 최고의 히어로 영화. 어.... 다크 나이트는 빼고.",
    "date": "15.06.06",
    "rating": "10",
    "author": "enze****",
    "review_id": "9978346",
    "movie_id": "44885"
  },
  {
    "review": "이기적이지만 유머감각 있는 하이테크놀로지 매력남 슈퍼히어로 영화!",
    "date": "15.06.04",
    "rating": "9",
    "author": "dlax****",
    "review_id": "9975644",
    "movie_id": "44885"
  },
  {
    "review": "졸라 재밋음 ㅋㅋ우캬캬캬캬ㅑ",
    "date": "15.06.01",
    "rating": "9",
    "author": "nang****",
    "review_id": "9969109",
    "movie_id": "44885"
  },
  {
    "review": "가능성이 있어보이게 현실감이 있는",
    "date": "15.06.01",
    "rating": "7",
    "author": "fait****",
    "review_id": "9968044",
    "movie_id": "44885"
  },
  {
    "review": "아이언맨이 왜 탄생햇는가?",
    "date": "15.05.30",
    "rating": "8",
    "author": "wcwl****",
    "review_id": "9961898",
    "movie_id": "44885"
  },
  {
    "review": "새로운 슈트 입고 아랍국가에 가서 테러리스트들 다 때려죽일때가 제일 멋잇더라",
    "date": "15.05.24",
    "rating": "10",
    "author": "redb****",
    "review_id": "9944840",
    "movie_id": "44885"
  },
  {
    "review": "내사랑 아이언맨 TAT",
    "date": "15.05.23",
    "rating": "10",
    "author": "nsa1****",
    "review_id": "9941805",
    "movie_id": "44885"
  },
  {
    "review": "이것이 모든 것의 시작일 줄이야7년 전의 나는 전혀 몰랐지",
    "date": "15.05.23",
    "rating": "9",
    "author": "sink****",
    "review_id": "9941693",
    "movie_id": "44885"
  },
  {
    "review": "1점 아까운이유는 ....",
    "date": "15.05.21",
    "rating": "9",
    "author": "tyqs****",
    "review_id": "9935492",
    "movie_id": "44885"
  },
  {
    "review": "1, 2, 3편 중 1편이 제일 재밌었다 ㅎㅎㅎ 테렌스 하워드가 나와서 좋다.  배우가 왜 바뀌는지 !",
    "date": "15.05.18",
    "rating": "8",
    "author": "sckc****",
    "review_id": "9930588",
    "movie_id": "44885"
  },
  {
    "review": "마블영화 딴건 다 안봐도 아이언맨1만큼은 꼭 봐야함",
    "date": "15.05.17",
    "rating": "10",
    "author": "wkaq****",
    "review_id": "9926517",
    "movie_id": "44885"
  },
  {
    "review": "마블 시네마틱 유니버스의 시작.",
    "date": "15.05.17",
    "rating": "10",
    "author": "alex****",
    "review_id": "9924997",
    "movie_id": "44885"
  },
  {
    "review": "로다주의 아이언맨은 최고다",
    "date": "15.05.13",
    "rating": "8",
    "author": "stun****",
    "review_id": "9913884",
    "movie_id": "44885"
  },
  {
    "review": "아이언맨이 가진 캐릭터성을 굉장히 잘 살렸다.",
    "date": "15.05.12",
    "rating": "9",
    "author": "gube****",
    "review_id": "9913454",
    "movie_id": "44885"
  },
  {
    "review": "역시 다시 봐도 재밌고 시간 잘 간다 ~~",
    "date": "15.05.11",
    "rating": "10",
    "author": "ya_9****",
    "review_id": "9911641",
    "movie_id": "44885"
  },
  {
    "review": "I am ironman(내가 아이언맨입니다)진짜 마지막지렸다",
    "date": "15.05.11",
    "rating": "10",
    "author": "anwr****",
    "review_id": "9910172",
    "movie_id": "44885"
  },
  {
    "review": "펩퍼 포츠 3에서 능력부여?받고 어떻게 될지 개궁금!",
    "date": "15.05.10",
    "rating": "9",
    "author": "cyyo****",
    "review_id": "9907612",
    "movie_id": "44885"
  },
  {
    "review": "와...진짜 시원시원하고 좋네요 .로다주 존멋..",
    "date": "15.05.10",
    "rating": "10",
    "author": "minz****",
    "review_id": "9907525",
    "movie_id": "44885"
  },
  {
    "review": "진짜 대박영화다 이걸 왜 이제야봣을까...진짜 감독이랑 로버트 다우닝 주니어는 천재인듯",
    "date": "15.05.09",
    "rating": "10",
    "author": "tlst****",
    "review_id": "9905164",
    "movie_id": "44885"
  },
  {
    "review": "클래식 중 클래식 영화!",
    "date": "15.05.07",
    "rating": "10",
    "author": "hail****",
    "review_id": "9902287",
    "movie_id": "44885"
  },
  {
    "review": "그냥 재밌음 여러말할것도 없다",
    "date": "15.05.05",
    "rating": "10",
    "author": "0525****",
    "review_id": "9898103",
    "movie_id": "44885"
  },
  {
    "review": "오래되서 기억은 않나지만 또봐야징ㅋ",
    "date": "15.05.05",
    "rating": "10",
    "author": "moda****",
    "review_id": "9896513",
    "movie_id": "44885"
  },
  {
    "review": "퍼스트 어벤져가 마블 시리즈의 예고편이라면 아이언맨1은 마블 시리즈의 OO점",
    "date": "15.05.05",
    "rating": "10",
    "author": "jjaj****",
    "review_id": "9896493",
    "movie_id": "44885"
  },
  {
    "review": "그냥 재ㅣ-\"밌음 안본사람 꼭보셈",
    "date": "15.05.05",
    "rating": "10",
    "author": "aing****",
    "review_id": "9894943",
    "movie_id": "44885"
  },
  {
    "review": "당시 상당히 파격적이었음.",
    "date": "15.05.04",
    "rating": "10",
    "author": "lsh5****",
    "review_id": "9892430",
    "movie_id": "44885"
  },
  {
    "review": "어벤져스2 보러갈려고 1보고 궁금한게많아서 아이언맨1부터 보기시작했는데 이제서야 여러가지가 이해되고 있음ㅋㅋ 아 진짜 재밌다 마블시리즈.. 중독임",
    "date": "15.05.04",
    "rating": "10",
    "author": "clan****",
    "review_id": "9892038",
    "movie_id": "44885"
  },
  {
    "review": "마블 영화 순서대로 볼려고 처음에 봤는데, 흥미진진!!",
    "date": "15.05.03",
    "rating": "9",
    "author": "home****",
    "review_id": "9890399",
    "movie_id": "44885"
  },
  {
    "review": "아이언맨이 왜 인기많은지 알겠다 재미있음 ㅠㅠ",
    "date": "15.05.01",
    "rating": "10",
    "author": "thf9****",
    "review_id": "9884654",
    "movie_id": "44885"
  },
  {
    "review": "마블 시네마틱 유니버스의 초석과 그 초석이 얼마나 단단한가!",
    "date": "15.05.01",
    "rating": "10",
    "author": "jjy3****",
    "review_id": "9884202",
    "movie_id": "44885"
  },
  {
    "review": "로다주 가 진리로다주가 아이언맨 안하면 안볼꺼임ㅋㅋㅋ",
    "date": "15.05.01",
    "rating": "10",
    "author": "chw7****",
    "review_id": "9884077",
    "movie_id": "44885"
  },
  {
    "review": "정말 1을 보고 다른것들을 봐야 진정한 재미를 느낀다",
    "date": "15.04.30",
    "rating": "10",
    "author": "gust****",
    "review_id": "9881269",
    "movie_id": "44885"
  },
  {
    "review": "마블영화의 최고봉.. 딴 히어로물은 집중이 잘안되던데..",
    "date": "15.04.29",
    "rating": "10",
    "author": "come****",
    "review_id": "9879196",
    "movie_id": "44885"
  },
  {
    "review": "진짜지금의 마블시네마틱유니버스를 있게해준작품ㅋㅋ한국에선사실인지도가바닥이었던 아이언맨을 스파이더맨급의 인기히어로로만들어놓은작품ㅋ아이언맨의탄생을 아주흥미진진하게다뤄줬음ㅋㅋ좋았다정말",
    "date": "15.04.29",
    "rating": "9",
    "author": "dldl****",
    "review_id": "9877878",
    "movie_id": "44885"
  },
  {
    "review": "캬.. 진짜 최고 아.ㅠ",
    "date": "15.04.28",
    "rating": "10",
    "author": "hiph****",
    "review_id": "9876554",
    "movie_id": "44885"
  },
  {
    "review": "21세기 가장 섹시한 영웅의 탄생!",
    "date": "15.04.27",
    "rating": "8",
    "author": "mono****",
    "review_id": "9874536",
    "movie_id": "44885"
  },
  {
    "review": "이제보다니..아엠 아이언맨 할 때 소루밍 ㅠ 머싯엉..",
    "date": "15.04.25",
    "rating": "10",
    "author": "choc****",
    "review_id": "9868186",
    "movie_id": "44885"
  },
  {
    "review": "이시대의 새로운 히어로의 알림!",
    "date": "15.04.21",
    "rating": "10",
    "author": "qor2****",
    "review_id": "9856097",
    "movie_id": "44885"
  },
  {
    "review": "닥치고 10점이다.  어벤져스 2 가 이보다 더 재밌을순 있어도 이보다 더 명작은 아닐것이다",
    "date": "15.04.20",
    "rating": "10",
    "author": "akb4****",
    "review_id": "9854480",
    "movie_id": "44885"
  },
  {
    "review": "아이언맨 정주행중 그냥 대박!",
    "date": "15.04.19",
    "rating": "10",
    "author": "uiye****",
    "review_id": "9852395",
    "movie_id": "44885"
  },
  {
    "review": "마블은 아이언맨 중심으로 시작되는 느낌이다. 벌써 7여년전 작품이라니...  지금봐도 재미있다.",
    "date": "15.04.18",
    "rating": "10",
    "author": "next****",
    "review_id": "9851192",
    "movie_id": "44885"
  },
  {
    "review": "아이언맨2개봉할때 예전남친이 보러가자고..1안봤다니까 냉큼보여줘서 억지로 봤는데 그때부터 마블에 푹 빠짐. 님은 갔지만 마블은 얻었음..ㅠㅋㅋ",
    "date": "15.04.18",
    "rating": "10",
    "author": "geun****",
    "review_id": "9851121",
    "movie_id": "44885"
  },
  {
    "review": "이 영화에 6점을 주는 박평식은 히어로영화를 싫어하는것 같다",
    "date": "15.04.11",
    "rating": "10",
    "author": "kevi****",
    "review_id": "9840627",
    "movie_id": "44885"
  },
  {
    "review": "희대의 명작. 아이언맨이랑 트랜스포머는 1만 짱이다.",
    "date": "15.04.05",
    "rating": "10",
    "author": "summ****",
    "review_id": "9829596",
    "movie_id": "44885"
  },
  {
    "review": "나를 마블 빠돌이로 만든 장본인. 모든 시작은 여기서부터다.",
    "date": "15.03.30",
    "rating": "9",
    "author": "dulc****",
    "review_id": "9816825",
    "movie_id": "44885"
  },
  {
    "review": "다시봐도 재밌네ㅋㅋㅋㅋ",
    "date": "15.03.25",
    "rating": "10",
    "author": "maeh****",
    "review_id": "9806492",
    "movie_id": "44885"
  },
  {
    "review": "내가 아이언맨을 보고 마블에 빠졌더랬지.",
    "date": "15.03.23",
    "rating": "10",
    "author": "dog9****",
    "review_id": "9802479",
    "movie_id": "44885"
  },
  {
    "review": "지금의 어벤져스를 만든 영화",
    "date": "15.03.23",
    "rating": "10",
    "author": "ken9****",
    "review_id": "9802247",
    "movie_id": "44885"
  },
  {
    "review": "킬링타임용으로 아주 손색이 없는, 멋지고 스타일리쉬한 슈퍼히어로 판타지 액션물.",
    "date": "15.03.21",
    "rating": "8",
    "author": "sipj****",
    "review_id": "9797322",
    "movie_id": "44885"
  },
  {
    "review": "아이언맨1 최고입니다. ^^",
    "date": "15.03.20",
    "rating": "10",
    "author": "kala****",
    "review_id": "9795529",
    "movie_id": "44885"
  },
  {
    "review": "존잼 사실 아이언맨1 어릴때 봤었는데 시리즈 2편부터 안봐서 시리즈 쫙 몰아보려고 지금 1편 본 상탠데 어릴때 분명봤음에도 내용 하나도 기억못하고있었음 1편 다시보길 잘한거같네여 무튼 완전 꿀잼 bbb 내가본 젤재밌는 영화중 손에 꼽힘",
    "date": "15.03.02",
    "rating": "10",
    "author": "jjin****",
    "review_id": "9753100",
    "movie_id": "44885"
  },
  {
    "review": "1,2,3편중 1편이 최고였다. 아직도 극장에서 봤던 기억이 생생. 원작과 약간 다르지만 너무 잘 변형시켜놔서 영화의 토니 스타크가 원작보다 더 인상깊은 캐릭터가 됬다. 그래서 요즘 코믹스 얼굴형도 로버트 다우니 주니어랑 비슷해진 느낌이다.",
    "date": "15.02.25",
    "rating": "10",
    "author": "dusd****",
    "review_id": "9736840",
    "movie_id": "44885"
  },
  {
    "review": "잼잼잼잼jamjamjamjam",
    "date": "15.02.20",
    "rating": "10",
    "author": "paul****",
    "review_id": "9719142",
    "movie_id": "44885"
  },
  {
    "review": "1편이진리다 암말하고봐",
    "date": "15.02.19",
    "rating": "9",
    "author": "xx41****",
    "review_id": "9715160",
    "movie_id": "44885"
  },
  {
    "review": "아이언맨3가 아이언맨1이랑 평점이 비슷한건 납득할수없다. 존 파브로의 아이언맨이야말로 진정한 히어로영화이자, 단순한 블록버스터물의 진부함을 비틀어낸 작품이다. 비록 용두사미같은 작품이 되었지만, 지금봐도 굉장한 영화다.",
    "date": "15.02.18",
    "rating": "10",
    "author": "52no****",
    "review_id": "9707893",
    "movie_id": "44885"
  },
  {
    "review": "플레이보이에게 영웅이라는 칭호는 과분하다",
    "date": "15.02.08",
    "rating": "1",
    "author": "mara****",
    "review_id": "9677860",
    "movie_id": "44885"
  },
  {
    "review": "스트레스 풀이용 마블 히어로",
    "date": "15.02.03",
    "rating": "6",
    "author": "binn****",
    "review_id": "9663073",
    "movie_id": "44885"
  },
  {
    "review": "재밌다 근데 아이언맨이 구해준 아우디차에 탄 아줌마때매 빡침",
    "date": "15.01.27",
    "rating": "10",
    "author": "jcy0****",
    "review_id": "9641517",
    "movie_id": "44885"
  },
  {
    "review": "아이언맨이 산전수전 겪고 저렇게 된거였군..어벤져스2 보고싶다.",
    "date": "15.01.25",
    "rating": "8",
    "author": "siou****",
    "review_id": "9637300",
    "movie_id": "44885"
  },
  {
    "review": "몇번을봐도 안질린다....존잼..",
    "date": "15.01.24",
    "rating": "10",
    "author": "smil****",
    "review_id": "9630879",
    "movie_id": "44885"
  },
  {
    "review": "이것을 본 후 생각 기준이 바뀔것이다",
    "date": "15.01.10",
    "rating": "10",
    "author": "cydl****",
    "review_id": "9581210",
    "movie_id": "44885"
  },
  {
    "review": "진자 1편은 한20번 이상 봤다. 1편이 진정한 명작이고 2, 3, 어벤저스는 완전 가볍고 날림쓰렉이임.",
    "date": "15.01.08",
    "rating": "9",
    "author": "real****",
    "review_id": "9575476",
    "movie_id": "44885"
  },
  {
    "review": "가장신기한것은 이게 2008년 영화라는것 요즘영화보다 더재밌게봤다",
    "date": "15.01.03",
    "rating": "10",
    "author": "evil****",
    "review_id": "9555228",
    "movie_id": "44885"
  },
  {
    "review": "완전 재미있음 특히 아이언맨 슈트!!! 진짜로 1먼저 봐야 함",
    "date": "14.12.24",
    "rating": "10",
    "author": "xodi****",
    "review_id": "9508938",
    "movie_id": "44885"
  },
  {
    "review": "슈퍼맨처럼 선량한척하며 시민을 구해야지 이게 아니라 현실적인 괴짜의 성격인 히어로라서 더 맘에 듦 ㅋㅋ",
    "date": "14.12.21",
    "rating": "10",
    "author": "qmff****",
    "review_id": "9499000",
    "movie_id": "44885"
  },
  {
    "review": "내가 가장 처음에 좋아했던 히어로가 아이언맨임...",
    "date": "14.12.20",
    "rating": "10",
    "author": "seoj****",
    "review_id": "9491618",
    "movie_id": "44885"
  },
  {
    "review": "단순히 초능력이 아닌 과학적이고 똑똑하다! 뿐만아니라 돈도 많고 천재적인데 겸손한척하지도 않고 이기적이다! 그치만 미워할수 없는 섹시한 영웅이다!",
    "date": "14.12.12",
    "rating": "9",
    "author": "rami****",
    "review_id": "9468940",
    "movie_id": "44885"
  },
  {
    "review": "10점이 최고점이라는게 아쉽다.  어찌 이보다 더 잘 만드리오.  상상력도 디자인 감각도 뛰어난! 내가 감히 평가 할 수 없는 영화다.",
    "date": "14.12.08",
    "rating": "10",
    "author": "nowt****",
    "review_id": "9458665",
    "movie_id": "44885"
  },
  {
    "review": "아이언맨의 탄생과 그에 따른 일화를 잘 다루었다",
    "date": "14.12.01",
    "rating": "8",
    "author": "yong****",
    "review_id": "9439635",
    "movie_id": "44885"
  },
  {
    "review": "어벤져스 시리즈의 시작, 최고의 영화!",
    "date": "14.11.30",
    "rating": "10",
    "author": "alan****",
    "review_id": "9434402",
    "movie_id": "44885"
  },
  {
    "review": "\"The truth is... I am Ironman.\"",
    "date": "14.11.16",
    "rating": "10",
    "author": "king****",
    "review_id": "9391198",
    "movie_id": "44885"
  },
  {
    "review": "로다주가 토니 스타크에 코믹스판 스파이더맨 성격을 접목시켜 굉장히 매력적인 인물로 재탄생시켰다. 배우의 과거가 캐릭터와 맞물려서 굉장한 시너지를 냈기에 그의 복귀가 성공적이었다. 정말이지 몇 번을 봐도 남자의 로망이 담긴 멋진 영화이다.",
    "date": "14.11.13",
    "rating": "9",
    "author": "joke****",
    "review_id": "9376300",
    "movie_id": "44885"
  },
  {
    "review": "재미있다. 근데 개인적으로 토니 스타크의 캐릭터가 마음에 안든다.",
    "date": "14.11.11",
    "rating": "8",
    "author": "ykdi****",
    "review_id": "9372118",
    "movie_id": "44885"
  },
  {
    "review": "아이언맨중에 제일 재밌다",
    "date": "14.11.11",
    "rating": "9",
    "author": "abc9****",
    "review_id": "9370805",
    "movie_id": "44885"
  },
  {
    "review": "토니스타크도 본인처럼 갱생하다.",
    "date": "14.11.08",
    "rating": "6",
    "author": "kyun****",
    "review_id": "9355219",
    "movie_id": "44885"
  },
  {
    "review": "어벤져스  의 시작! !!!",
    "date": "14.10.30",
    "rating": "10",
    "author": "mki2****",
    "review_id": "9329424",
    "movie_id": "44885"
  },
  {
    "review": "굿굿!아이언맨은 다시봐도 재밋음!!",
    "date": "14.10.25",
    "rating": "10",
    "author": "skyh****",
    "review_id": "9316409",
    "movie_id": "44885"
  },
  {
    "review": "정말 이번만은 평론가들이 ㅂㅅ같이 느껴짐",
    "date": "14.10.19",
    "rating": "10",
    "author": "doo2****",
    "review_id": "9302748",
    "movie_id": "44885"
  },
  {
    "review": "이제껏 없었던 히어로. 그리고 이제껏 이만큼 싱크로 높았던 히어로 배우가 있었을까 싶은 로다쥬의 존.재.감. 그가 곧 아이언맨이고 아이언맨이 그가되는 순간은 바로 능글맞은 주접과 허세가 작렬하는 그순간. 그것조차 매력적이다. 본격 친근한 히어로액션.",
    "date": "14.10.17",
    "rating": "8",
    "author": "xnxl****",
    "review_id": "9298612",
    "movie_id": "44885"
  },
  {
    "review": "OOO 한국영화보다가 눈정화했다 너무 소름돋는다!",
    "date": "14.10.16",
    "rating": "10",
    "author": "ske4****",
    "review_id": "9295441",
    "movie_id": "44885"
  },
  {
    "review": "이얏호 마블영화의 대중화의영웅",
    "date": "14.10.11",
    "rating": "8",
    "author": "vlcl****",
    "review_id": "9284958",
    "movie_id": "44885"
  }
]