[
  {
    "review": "알바야 쓰레빠야 닥치고 보면 되는거여.",
    "date": "15.08.27",
    "rating": "8",
    "author": "kyun****",
    "review_id": "10278038",
    "movie_id": "44898"
  },
  {
    "review": "B급 아닌 B+ + + 급 !",
    "date": "15.06.25",
    "rating": "8",
    "author": "arti****",
    "review_id": "10031691",
    "movie_id": "44898"
  },
  {
    "review": "로드리게즈 최고의 작품",
    "date": "15.03.16",
    "rating": "9",
    "author": "sala****",
    "review_id": "9788499",
    "movie_id": "44898"
  },
  {
    "review": "무섭기보단 웃김ㅋㅋ다리로 총쏘는데  이건뭐 버그수준ㅋ총알무한, 백발백중ㅋ",
    "date": "15.01.29",
    "rating": "6",
    "author": "emce****",
    "review_id": "9648848",
    "movie_id": "44898"
  },
  {
    "review": "너무 재밌다. 좀비드라마 영화 중 제일이였음. 마리쉘톤? 이쁨이쁨",
    "date": "14.11.30",
    "rating": "10",
    "author": "yab0****",
    "review_id": "9434324",
    "movie_id": "44898"
  },
  {
    "review": "남자가 잘생기긴 했는데 죽어서 아쉽고 총이 좀 에바... 방아쇠도 안 당기고 탄창도 안 갈고... 좀비물이라는 설정 자체가 비현실적인데 이런것마저 비현실적이라니...",
    "date": "14.11.10",
    "rating": "7",
    "author": "tkae****",
    "review_id": "9368134",
    "movie_id": "44898"
  },
  {
    "review": "딱 로버트 로드리게즈표 영화,,  대놓고 하는 B급무비",
    "date": "14.09.16",
    "rating": "8",
    "author": "fghy****",
    "review_id": "9218234",
    "movie_id": "44898"
  },
  {
    "review": "보고나서 완전 기분나쁨..최악이다.",
    "date": "14.09.12",
    "rating": "1",
    "author": "ferd****",
    "review_id": "9206467",
    "movie_id": "44898"
  },
  {
    "review": "병맛 B급 영화 최고봉...ㅋㅋㅋ   그래서 10점 준다.... 재밌으니까~",
    "date": "14.09.10",
    "rating": "10",
    "author": "moon****",
    "review_id": "9200275",
    "movie_id": "44898"
  },
  {
    "review": "아니 평점보고 다운받았는데  완전 x같은데 왜캐 높냐",
    "date": "14.08.23",
    "rating": "1",
    "author": "ghdr****",
    "review_id": "9125571",
    "movie_id": "44898"
  },
  {
    "review": "'교황 불알만큼이나 쓸모없는' 왠만한 좀비 영화보단 훨씬 잼있다. 특히 외다리에 기관총을 장착한 장면은 정말 깬다.",
    "date": "14.07.19",
    "rating": "8",
    "author": "band****",
    "review_id": "8930584",
    "movie_id": "44898"
  },
  {
    "review": "플래닛 테러 : 평점 8점 / 10점",
    "date": "14.07.19",
    "rating": "8",
    "author": "star****",
    "review_id": "8929370",
    "movie_id": "44898"
  },
  {
    "review": "재미더럽게없네 웃기지도않고 엄청썰렁해",
    "date": "14.07.18",
    "rating": "5",
    "author": "elto****",
    "review_id": "8926603",
    "movie_id": "44898"
  },
  {
    "review": "진심 감독이 약빨고 만든거 같다ㅋ",
    "date": "14.03.31",
    "rating": "7",
    "author": "kein****",
    "review_id": "8619696",
    "movie_id": "44898"
  },
  {
    "review": "아무것도 묻지 말고 그저 즐겨라",
    "date": "14.03.09",
    "rating": "7",
    "author": "pete****",
    "review_id": "8564726",
    "movie_id": "44898"
  },
  {
    "review": "솔직히 별로다...  피튀기는 장면과 여자의 다리에 달린 기관총을 좀 더 사실적으로 만들었으면 좋았을걸... 예를들어 피가 조금만 튄다든가 여자가 다리에 달린 기관총을 손으로 방아쇠를 당겨야 발사가 되는것으로 했다면...하는 생각이 든다",
    "date": "14.02.08",
    "rating": "1",
    "author": "hang****",
    "review_id": "8486641",
    "movie_id": "44898"
  },
  {
    "review": "역시 좀비영화의 갑 ! 통쾌한 액션이 스트레스를 한방에 날려주는듯한 느낌.",
    "date": "14.02.08",
    "rating": "8",
    "author": "kyn9****",
    "review_id": "8486382",
    "movie_id": "44898"
  },
  {
    "review": "????할말이????",
    "date": "14.02.08",
    "rating": "1",
    "author": "intr****",
    "review_id": "8486315",
    "movie_id": "44898"
  },
  {
    "review": "최고 좀비영화  다시보고싶은영화",
    "date": "14.02.07",
    "rating": "10",
    "author": "az78****",
    "review_id": "8485953",
    "movie_id": "44898"
  },
  {
    "review": "막 만든 영화는 막 보면 된다",
    "date": "14.02.02",
    "rating": "10",
    "author": "ssh9****",
    "review_id": "8468070",
    "movie_id": "44898"
  },
  {
    "review": "그냥 심심할 때나 잠깐 볼만한 영화. 그나마 칭찬할 점은 이런 생각을 해내기도 쉽지 않을 것",
    "date": "14.01.19",
    "rating": "3",
    "author": "seul****",
    "review_id": "8399298",
    "movie_id": "44898"
  },
  {
    "review": "애기바이크에서 빵터짐",
    "date": "14.01.16",
    "rating": "10",
    "author": "dltk****",
    "review_id": "8386340",
    "movie_id": "44898"
  },
  {
    "review": "좀비물은 영 쓰레기만 아니면 거의 보는 사람인데, 이 영화 너무 매력있음 갠적으로 새벽의 저주보다 훨 재밌게 봤네욤. 이런거 또 안나오나. 장르영화로서 이만하면 명품이라고 봄 ㅋ",
    "date": "14.01.02",
    "rating": "8",
    "author": "papa****",
    "review_id": "8338029",
    "movie_id": "44898"
  },
  {
    "review": "긴가민가하면서 보다가 실컷 웃었다.",
    "date": "13.12.18",
    "rating": "7",
    "author": "junt****",
    "review_id": "8222240",
    "movie_id": "44898"
  },
  {
    "review": "똘끼충만한영화임..",
    "date": "13.11.30",
    "rating": "6",
    "author": "orph****",
    "review_id": "8181035",
    "movie_id": "44898"
  },
  {
    "review": "1980년대 영화같앗는대 보는 내내 잼있었음..",
    "date": "13.11.17",
    "rating": "10",
    "author": "dltj****",
    "review_id": "8147351",
    "movie_id": "44898"
  },
  {
    "review": "OO같지만 멋있다는 이런걸  두고 하는말이다",
    "date": "13.11.06",
    "rating": "9",
    "author": "ghzm****",
    "review_id": "8120274",
    "movie_id": "44898"
  },
  {
    "review": "로드리게즈 감독의 센스.",
    "date": "13.10.14",
    "rating": "8",
    "author": "bele****",
    "review_id": "8060534",
    "movie_id": "44898"
  },
  {
    "review": "재밌는 B급영화. 역시 로버트 로드리게즈!",
    "date": "13.10.09",
    "rating": "8",
    "author": "rand****",
    "review_id": "8046033",
    "movie_id": "44898"
  },
  {
    "review": "외다리라도 좋다. 섹시한 로즈 맥고완~~",
    "date": "13.10.06",
    "rating": "7",
    "author": "hagj****",
    "review_id": "8040058",
    "movie_id": "44898"
  },
  {
    "review": "싼맛에 보는 고급스러운 아이디어",
    "date": "13.09.28",
    "rating": "9",
    "author": "ajik****",
    "review_id": "8020178",
    "movie_id": "44898"
  },
  {
    "review": "조오오온나 재미없음",
    "date": "13.09.18",
    "rating": "1",
    "author": "chiq****",
    "review_id": "7993128",
    "movie_id": "44898"
  },
  {
    "review": "로드리게즈는 아티스트다.",
    "date": "13.08.31",
    "rating": "8",
    "author": "leti****",
    "review_id": "7937919",
    "movie_id": "44898"
  },
  {
    "review": "재미있게 봤다 쏠쏠한 재미",
    "date": "13.08.20",
    "rating": "7",
    "author": "jjog****",
    "review_id": "7907263",
    "movie_id": "44898"
  },
  {
    "review": "So Cool",
    "date": "13.08.13",
    "rating": "9",
    "author": "jhj8****",
    "review_id": "7876634",
    "movie_id": "44898"
  },
  {
    "review": "체리 달링의 러브씬에서 다리에 끼운 탁자발이 나오는 순간 뻥 터졌다. 고어코메디의 진수. 팔에 총 박는 사람은 많이 봤어도 다리에 박는 사람은 처음이다.",
    "date": "13.08.07",
    "rating": "10",
    "author": "sejo****",
    "review_id": "7852905",
    "movie_id": "44898"
  },
  {
    "review": "뭐지 이영화의정체는~? 고어코메디? 공포맞아?? 중간중간빵터지넹",
    "date": "13.08.02",
    "rating": "8",
    "author": "dhqk****",
    "review_id": "7817510",
    "movie_id": "44898"
  },
  {
    "review": "좀비영화는 흔하지만, 다리에 총을 박고 싸우는 여전사의 강렬한 인상은 이 영화가 좀비영화 그 이상의 무언가를 만들려고 노력했던 흔적이다.",
    "date": "13.07.16",
    "rating": "8",
    "author": "kos4****",
    "review_id": "7749404",
    "movie_id": "44898"
  },
  {
    "review": "내용면은 재미있지만, 상당히 잔인하다. 그리고 마지막 액션씬은 개오바였다.",
    "date": "13.07.14",
    "rating": "6",
    "author": "dtt5****",
    "review_id": "7740621",
    "movie_id": "44898"
  },
  {
    "review": "로드리게즈힣힣ㅎ 히",
    "date": "13.06.24",
    "rating": "8",
    "author": "mr74****",
    "review_id": "7676556",
    "movie_id": "44898"
  },
  {
    "review": "역시 아무리 줄 긋는 다 해도 같을 수는 없구나",
    "date": "13.05.02",
    "rating": "5",
    "author": "expr****",
    "review_id": "7502190",
    "movie_id": "44898"
  },
  {
    "review": "초특급 액션 만화를 통쾌한 영상으로 옮긴듯한 내용과 연출이었다. 체리 달링은 이제껏 본 여전사 중 최고로 매력적!!!",
    "date": "13.04.29",
    "rating": "10",
    "author": "awn_****",
    "review_id": "7492256",
    "movie_id": "44898"
  },
  {
    "review": "그냥 재밌다는 거 빼곤... 뭐... 필름노이즈 빼면 그닥 b급고전처럼도 안 느껴지고... 그런 면에서 타란티노의 데쓰프루프가 좀더 재치있고 디테일했다라고나 할까. 미안 로드리게즈",
    "date": "13.04.23",
    "rating": "6",
    "author": "fcup****",
    "review_id": "7476157",
    "movie_id": "44898"
  },
  {
    "review": "이런 영화 싫어하는데,새벽까지 보게 만드네 ^^",
    "date": "13.04.22",
    "rating": "10",
    "author": "hira****",
    "review_id": "7475465",
    "movie_id": "44898"
  },
  {
    "review": "걍 재밌...네",
    "date": "13.04.14",
    "rating": "7",
    "author": "capg****",
    "review_id": "7459759",
    "movie_id": "44898"
  },
  {
    "review": "재미있을득??",
    "date": "13.04.06",
    "rating": "8",
    "author": "cxz7****",
    "review_id": "7439139",
    "movie_id": "44898"
  },
  {
    "review": "이도저도 아닌것 같다..",
    "date": "13.03.30",
    "rating": "6",
    "author": "milk****",
    "review_id": "7421494",
    "movie_id": "44898"
  },
  {
    "review": "그래도재밌게봤음 이런영화좋음ㅋㅋ",
    "date": "13.02.20",
    "rating": "9",
    "author": "ban1****",
    "review_id": "7283876",
    "movie_id": "44898"
  },
  {
    "review": "3분짜리 인트로 무비가 훨씬 재밌다",
    "date": "13.02.16",
    "rating": "8",
    "author": "whij****",
    "review_id": "7270545",
    "movie_id": "44898"
  },
  {
    "review": "골 때리는 명작~!!!! 이런 영화만 기다리고 있다....",
    "date": "13.02.13",
    "rating": "10",
    "author": "mido****",
    "review_id": "7258165",
    "movie_id": "44898"
  },
  {
    "review": "2000년대의 명작 중 하나",
    "date": "13.02.08",
    "rating": "9",
    "author": "sin3****",
    "review_id": "7238952",
    "movie_id": "44898"
  },
  {
    "review": "쩌는 장면들이 몇 있다.",
    "date": "13.01.24",
    "rating": "7",
    "author": "46to****",
    "review_id": "7165907",
    "movie_id": "44898"
  },
  {
    "review": "타란티노보다 투박하지만 타란티노보다 훨씬 과감한 뽕삘",
    "date": "13.01.21",
    "rating": "8",
    "author": "cpat****",
    "review_id": "7140648",
    "movie_id": "44898"
  },
  {
    "review": "되게 독특한 좀비영화~ㅋㅋ나름 재밌게봣음~ㅎㅎㅎ",
    "date": "13.01.16",
    "rating": "7",
    "author": "aym0****",
    "review_id": "7122062",
    "movie_id": "44898"
  },
  {
    "review": "아무생각없이 즐기고 싶을땐, 로드리게즈 영화를 보면 된다. 그리고 그 선택은 언제나 옳다.",
    "date": "13.01.09",
    "rating": "8",
    "author": "khkk****",
    "review_id": "7096070",
    "movie_id": "44898"
  },
  {
    "review": "그냥 최고다.",
    "date": "13.01.05",
    "rating": "10",
    "author": "name****",
    "review_id": "7083418",
    "movie_id": "44898"
  },
  {
    "review": "다리에 총달고 쏘는건 좋은데 방아쇠도 안누르고 탄약도 없이 그냥 무한으로나가네ㅋㅋㅋ완전 사기네",
    "date": "12.12.14",
    "rating": "7",
    "author": "youn****",
    "review_id": "6999830",
    "movie_id": "44898"
  },
  {
    "review": "아는 사람만 보는영화. 관심없는 사람이 보면 이게 왠 영화나 한다만 알만한 사람이 보면 또한번 눈이 즐거운 그런 영화.",
    "date": "12.12.06",
    "rating": "9",
    "author": "chao****",
    "review_id": "6977962",
    "movie_id": "44898"
  },
  {
    "review": "이건 웃어야할지 ~골때리는 영화",
    "date": "12.12.02",
    "rating": "7",
    "author": "sute****",
    "review_id": "6961379",
    "movie_id": "44898"
  },
  {
    "review": "B급을 가장한 A급 영화~ 최고다~",
    "date": "12.11.25",
    "rating": "10",
    "author": "zlfk****",
    "review_id": "6924197",
    "movie_id": "44898"
  },
  {
    "review": "s+급의 b급영화",
    "date": "12.11.09",
    "rating": "10",
    "author": "xoxo****",
    "review_id": "6869810",
    "movie_id": "44898"
  },
  {
    "review": "의외로 이런류 영화... 망할려고 작정하고 만든 막장 액션영화... 하지만 난 이런 영화도 넘 신선하고 재미있다 ㅋㅋㅋ 이런류 영화 더보길 바라면 이영화 초반에 소개한 마셰티란 영화도 보기바람...",
    "date": "12.10.29",
    "rating": "10",
    "author": "lool****",
    "review_id": "6835084",
    "movie_id": "44898"
  },
  {
    "review": "엘 레이 죽을 땐 슬펐다. 그나마 체리는 아가를 낳았군요. 예쁜 딸 ㅎㅎ",
    "date": "12.09.29",
    "rating": "10",
    "author": "fjqm****",
    "review_id": "6743645",
    "movie_id": "44898"
  },
  {
    "review": "어려운상황일수록 등장인물들이 몇배로 강해지는 영화ㅋㅋㅋㅋ공포장르는 족구하라그래 다 필요없고 코믹영화론 최고ㅋㅋㅋ",
    "date": "12.08.27",
    "rating": "10",
    "author": "dark****",
    "review_id": "6647213",
    "movie_id": "44898"
  },
  {
    "review": "이런 쓰렉이가 7.5점이나  된다니",
    "date": "12.08.27",
    "rating": "1",
    "author": "hyki****",
    "review_id": "6647155",
    "movie_id": "44898"
  },
  {
    "review": "로드리게즈 영화는 기본은 한다...볼만하다",
    "date": "12.07.22",
    "rating": "7",
    "author": "ppop****",
    "review_id": "6512734",
    "movie_id": "44898"
  },
  {
    "review": "레지던트이블이런거보다 백배잼있다. 잔인하고 흥미진진하고 지루할틈이없다",
    "date": "12.07.17",
    "rating": "10",
    "author": "tina****",
    "review_id": "6489281",
    "movie_id": "44898"
  },
  {
    "review": "좀비영화에대한 성공적인 오마쥬",
    "date": "12.06.09",
    "rating": "7",
    "author": "guev****",
    "review_id": "6379617",
    "movie_id": "44898"
  },
  {
    "review": "여주인공 다리빼고 액션만보고 피터지는거 보면 볼만했다.",
    "date": "12.06.09",
    "rating": "9",
    "author": "dudg****",
    "review_id": "6378633",
    "movie_id": "44898"
  },
  {
    "review": "대충대충 찍었냐??? 이런 영화가 싫다.",
    "date": "12.06.08",
    "rating": "1",
    "author": "mey4****",
    "review_id": "6376643",
    "movie_id": "44898"
  },
  {
    "review": "여주인공 다리만 기억나는 영화",
    "date": "12.05.28",
    "rating": "7",
    "author": "cara****",
    "review_id": "6341328",
    "movie_id": "44898"
  },
  {
    "review": "진정한 뽕빨이 무엇인지를 보여주는 영화",
    "date": "12.05.24",
    "rating": "9",
    "author": "c_nb****",
    "review_id": "6329296",
    "movie_id": "44898"
  },
  {
    "review": "좀이해안가지만,재미있고 자극적인영화",
    "date": "12.05.21",
    "rating": "8",
    "author": "eoqn****",
    "review_id": "6319020",
    "movie_id": "44898"
  },
  {
    "review": "왜 이런영화가 재밌는지 모르겠다",
    "date": "12.05.13",
    "rating": "10",
    "author": "dnf7****",
    "review_id": "6297246",
    "movie_id": "44898"
  },
  {
    "review": "나도 모르게 여주에 빠져들었다 ㅋㅋㅋㅋㅋㅋㅋㅋㅋㅋㅋㅋ",
    "date": "12.04.14",
    "rating": "6",
    "author": "lepo****",
    "review_id": "6220729",
    "movie_id": "44898"
  },
  {
    "review": "은근재밋밋는데",
    "date": "12.04.14",
    "rating": "7",
    "author": "mnoo****",
    "review_id": "6218471",
    "movie_id": "44898"
  },
  {
    "review": "끝내주게 더러운영화ㅋㅋㅋ 로즈맥고완다리에 총을박을줄이야 ㅋㅋㅋ",
    "date": "12.02.21",
    "rating": "7",
    "author": "ssor****",
    "review_id": "6093872",
    "movie_id": "44898"
  },
  {
    "review": "완전 똘끼충만한영화임 ㅋㅋㅋㅋ 이런영화싫어하는사람은 절대보지마세요",
    "date": "12.02.21",
    "rating": "8",
    "author": "thdu****",
    "review_id": "6093847",
    "movie_id": "44898"
  },
  {
    "review": "장르: 액션, 공포, SF - > 코믹, 다큐멘터리, 미스터리",
    "date": "12.02.20",
    "rating": "1",
    "author": "kwin****",
    "review_id": "6091521",
    "movie_id": "44898"
  },
  {
    "review": "정말 이렇게 막 만들어도 되는거냐...B급영화에 대한 모독이다",
    "date": "12.02.07",
    "rating": "4",
    "author": "rout****",
    "review_id": "6058885",
    "movie_id": "44898"
  },
  {
    "review": "이 정도는 되야 웰메이드 B급 무비라 할 수 있지",
    "date": "12.02.03",
    "rating": "9",
    "author": "figh****",
    "review_id": "6048503",
    "movie_id": "44898"
  },
  {
    "review": "타란티노 로드리게즈 정신나간콤비를 모른다면 욕할지도 모른다만 누가 뭐래도 수작",
    "date": "12.02.03",
    "rating": "10",
    "author": "alsg****",
    "review_id": "6048122",
    "movie_id": "44898"
  },
  {
    "review": "도대체 뭐가 재밌다는건지 도통모르겠음. 효과도 완전 90년대수준 내용도 저질",
    "date": "12.01.16",
    "rating": "4",
    "author": "thfl****",
    "review_id": "5990820",
    "movie_id": "44898"
  },
  {
    "review": "B무비의 수작이죠 ㅋ",
    "date": "11.12.29",
    "rating": "10",
    "author": "rock****",
    "review_id": "5945810",
    "movie_id": "44898"
  },
  {
    "review": "기대에는 못미쳤으나 좋음. 괜찮음.",
    "date": "11.12.25",
    "rating": "7",
    "author": "kilk****",
    "review_id": "5933807",
    "movie_id": "44898"
  },
  {
    "review": "참신한발상 ㅋㅋ",
    "date": "11.12.12",
    "rating": "10",
    "author": "shar****",
    "review_id": "5901297",
    "movie_id": "44898"
  },
  {
    "review": "B급 좀비영화의 최고봉",
    "date": "11.11.20",
    "rating": "10",
    "author": "ksen****",
    "review_id": "5859644",
    "movie_id": "44898"
  },
  {
    "review": "이딴 영화가 평점이 왜이리 높은거지..; 케이블에서도 볼가치가 없는 영화..",
    "date": "11.11.09",
    "rating": "2",
    "author": "apel****",
    "review_id": "5837782",
    "movie_id": "44898"
  },
  {
    "review": "완전 내스타일....주인공. 분위기..잼있다!",
    "date": "11.09.06",
    "rating": "10",
    "author": "dhwo****",
    "review_id": "5712443",
    "movie_id": "44898"
  },
  {
    "review": "로드리게즈의 한바탕 난리!! 스트레스가 다 풀린다.",
    "date": "11.08.25",
    "rating": "8",
    "author": "zzin****",
    "review_id": "5685744",
    "movie_id": "44898"
  },
  {
    "review": "끝까지 볼까 말까 하다가 빨리 넘기기 계속 하고... 주인공만 이쁘네요.",
    "date": "11.08.13",
    "rating": "5",
    "author": "kumi****",
    "review_id": "5647226",
    "movie_id": "44898"
  },
  {
    "review": "개막장이요",
    "date": "11.08.07",
    "rating": "6",
    "author": "rjsw****",
    "review_id": "5615213",
    "movie_id": "44898"
  },
  {
    "review": "블랙아이드피스에 퍼기도 나오고 로스트에 사이드도 나오고...ㅋㅋ",
    "date": "11.08.04",
    "rating": "6",
    "author": "kyos****",
    "review_id": "5597482",
    "movie_id": "44898"
  },
  {
    "review": "이거 코미디 영화가 뭐고 이거 ㅡㅡ. 졸 라 황당하네 ㅡㅡ",
    "date": "11.07.31",
    "rating": "4",
    "author": "dlgu****",
    "review_id": "5584941",
    "movie_id": "44898"
  },
  {
    "review": "피와 폭력이 낭자함에도 섬뜩하기보단 유머러스한 잘만든 B급 좀비영화.",
    "date": "11.07.13",
    "rating": "10",
    "author": "bsm9****",
    "review_id": "5540318",
    "movie_id": "44898"
  },
  {
    "review": "엄청재미있다",
    "date": "11.07.09",
    "rating": "10",
    "author": "ryuj****",
    "review_id": "5531101",
    "movie_id": "44898"
  },
  {
    "review": "진짜진짜진짜재미..ㅜㅜ",
    "date": "11.07.06",
    "rating": "10",
    "author": "kint****",
    "review_id": "5524642",
    "movie_id": "44898"
  },
  {
    "review": "솔직히 기대않고 봤을때 B급 영화로는 괜찮네요 ^^ 볼만합니다.",
    "date": "11.06.30",
    "rating": "7",
    "author": "dann****",
    "review_id": "5508479",
    "movie_id": "44898"
  },
  {
    "review": "나만 낚일순 없지",
    "date": "11.06.28",
    "rating": "10",
    "author": "neki****",
    "review_id": "5504681",
    "movie_id": "44898"
  },
  {
    "review": "이보다 더 개판일 수는 없다",
    "date": "11.06.11",
    "rating": "4",
    "author": "seri****",
    "review_id": "5475434",
    "movie_id": "44898"
  }
]