[
  {
    "review": "고3때 이거 재방송 보는 재미에 빠져서 재수할 뻔 했었는데...   진짜 인생최고  드라마임 ㅜㅜ 지금 3번째 다시보는중 ㅎㅎ",
    "date": "15.04.28",
    "rating": "10",
    "author": "kush****",
    "review_id": "9874931",
    "movie_id": "44903"
  },
  {
    "review": "다른 말로 표현 못하겠고, 내가 생각하는 최고의 일일드라마였음.",
    "date": "15.03.14",
    "rating": "10",
    "author": "sjh4****",
    "review_id": "9781916",
    "movie_id": "44903"
  },
  {
    "review": "최고의 드라마! ㅎㅎ!!!!",
    "date": "14.05.04",
    "rating": "10",
    "author": "dudw****",
    "review_id": "8700295",
    "movie_id": "44903"
  },
  {
    "review": "한지혜...머찐 여자...유나&몽희의 연기력은,하루 아침에 얻어진게 아니다",
    "date": "13.10.07",
    "rating": "10",
    "author": "baks****",
    "review_id": "8042303",
    "movie_id": "44903"
  },
  {
    "review": "할머니와 내가 처음으로 같이 재미있게 본 드라마 정말 명작이다",
    "date": "13.05.06",
    "rating": "10",
    "author": "bis0****",
    "review_id": "7512526",
    "movie_id": "44903"
  },
  {
    "review": "아ㅎㅎ 이거 예전에 재방송 엄청많이봤는데",
    "date": "12.12.21",
    "rating": "10",
    "author": "tvam****",
    "review_id": "7027077",
    "movie_id": "44903"
  },
  {
    "review": "재밌어",
    "date": "12.09.19",
    "rating": "10",
    "author": "dong****",
    "review_id": "6713950",
    "movie_id": "44903"
  },
  {
    "review": "김지석 정말 멋진 훈남이다.",
    "date": "12.04.25",
    "rating": "10",
    "author": "odjs****",
    "review_id": "6244535",
    "movie_id": "44903"
  },
  {
    "review": "매일 8시 되기를 기다렸던",
    "date": "10.02.23",
    "rating": "10",
    "author": "real****",
    "review_id": "4312175",
    "movie_id": "44903"
  },
  {
    "review": "솔직히 강백호 캐릭터보다는 나선재 캐릭터가 훨씬 더 현실적으로 와닿는다",
    "date": "10.02.10",
    "rating": "6",
    "author": "mygr****",
    "review_id": "4264970",
    "movie_id": "44903"
  },
  {
    "review": "너무 재밋게 봤어요ㅎㅎ",
    "date": "09.05.14",
    "rating": "10",
    "author": "tkdr****",
    "review_id": "3495122",
    "movie_id": "44903"
  },
  {
    "review": "함 보세요 보면 뻑가는거 총 172화인데 전 3 번봣슴",
    "date": "09.02.02",
    "rating": "10",
    "author": "lgha****",
    "review_id": "3273396",
    "movie_id": "44903"
  },
  {
    "review": "굿... 재밌네...",
    "date": "09.02.02",
    "rating": "10",
    "author": "akaa****",
    "review_id": "3273161",
    "movie_id": "44903"
  },
  {
    "review": "재미있었다",
    "date": "08.06.09",
    "rating": "10",
    "author": "mtm9****",
    "review_id": "2689936",
    "movie_id": "44903"
  },
  {
    "review": "마지막회때 시간이지나는것이 마음이 아팠다",
    "date": "08.05.03",
    "rating": "10",
    "author": "wlsd****",
    "review_id": "2613207",
    "movie_id": "44903"
  },
  {
    "review": "100점 주고싶다..",
    "date": "08.05.03",
    "rating": "10",
    "author": "jieu****",
    "review_id": "2613133",
    "movie_id": "44903"
  },
  {
    "review": "미우나고우나 너무 재미잇어요 ^^",
    "date": "08.03.24",
    "rating": "10",
    "author": "cuti****",
    "review_id": "2540390",
    "movie_id": "44903"
  },
  {
    "review": "너무너무재밍댱...^*^",
    "date": "08.03.06",
    "rating": "10",
    "author": "wkda****",
    "review_id": "2506349",
    "movie_id": "44903"
  },
  {
    "review": "정말 잼있어요 ㅋ",
    "date": "08.02.22",
    "rating": "10",
    "author": "kenn****",
    "review_id": "2471089",
    "movie_id": "44903"
  },
  {
    "review": "졸락 재밋네염",
    "date": "08.01.24",
    "rating": "10",
    "author": "tut2****",
    "review_id": "2364808",
    "movie_id": "44903"
  },
  {
    "review": "한지혜 너무이쁘다~~~~~~~~~~~~~~~~~~",
    "date": "08.01.24",
    "rating": "10",
    "author": "tut3****",
    "review_id": "2364806",
    "movie_id": "44903"
  },
  {
    "review": "드라마에서 흔히 나오는 장면들을 짜집기 한 느낌...",
    "date": "08.01.13",
    "rating": "3",
    "author": "suns****",
    "review_id": "2323881",
    "movie_id": "44903"
  },
  {
    "review": "요새 하고 있는데 웬 2008년???",
    "date": "07.09.14",
    "rating": "10",
    "author": "shfo****",
    "review_id": "2020537",
    "movie_id": "44903"
  }
]