[
  {
    "review": "액션이 화려하진않지만  현실적이며  살짝 웃기고 볼만하네요  생각할시간도주는영화",
    "date": "15.08.25",
    "rating": "9",
    "author": "foes****",
    "review_id": "10273223",
    "movie_id": "44916"
  },
  {
    "review": "보지마세요 진짜 별로임",
    "date": "15.08.05",
    "rating": "1",
    "author": "jo77****",
    "review_id": "10188868",
    "movie_id": "44916"
  },
  {
    "review": "명작이네....굿굿굿",
    "date": "15.08.04",
    "rating": "10",
    "author": "dlwn****",
    "review_id": "10185611",
    "movie_id": "44916"
  },
  {
    "review": "재미도 스토리도 그저그런 영화",
    "date": "15.08.03",
    "rating": "4",
    "author": "skcc****",
    "review_id": "10181042",
    "movie_id": "44916"
  },
  {
    "review": "강원도 심포니....졸작과 수작의 줄타기....욕할려고하면 뭐가 하나 나오고 칭찬할려고하면 뭐가 하나 툭나오고 그런 이야기...",
    "date": "15.08.02",
    "rating": "7",
    "author": "kara****",
    "review_id": "10174500",
    "movie_id": "44916"
  },
  {
    "review": "수 많은 기억속의 편린하나가 인생의 향방을 좌우하기도 한다",
    "date": "15.07.19",
    "rating": "8",
    "author": "drea****",
    "review_id": "10120560",
    "movie_id": "44916"
  },
  {
    "review": "어디서 많이 본듯한 사람이 있었다. 매니 파키아오가 주인공?",
    "date": "15.07.09",
    "rating": "5",
    "author": "ultr****",
    "review_id": "10083074",
    "movie_id": "44916"
  },
  {
    "review": "장르가 코믹이었어 ? ? 보고나서 검색후에 알았네",
    "date": "15.07.08",
    "rating": "6",
    "author": "derf****",
    "review_id": "10081574",
    "movie_id": "44916"
  },
  {
    "review": "이것은 조폭영화가 아니다..보고나서 많은 생각을 하게된듯..저예산 영화임에도 불구하고 배우들의 리얼한 연기에 박수를 보낸다..전용택 감독의 차기작이 기대된다.",
    "date": "15.07.04",
    "rating": "10",
    "author": "sdhn****",
    "review_id": "10069621",
    "movie_id": "44916"
  },
  {
    "review": "잼있네...정말....결망도 좋고",
    "date": "15.07.04",
    "rating": "10",
    "author": "af99****",
    "review_id": "10068642",
    "movie_id": "44916"
  },
  {
    "review": "영화라기보다 동네형들 이야기를 듣듯이 평이해서 약간 지루함은 있었습니다. 글쎄요.. 20년 전에 학창시절의 일을 나이 40이 다되도록 가지고 간다니...",
    "date": "15.07.04",
    "rating": "6",
    "author": "aper****",
    "review_id": "10066939",
    "movie_id": "44916"
  },
  {
    "review": "뭔가 되게 담백하고 소소하지만 긴장감 몰입도는 깊었던 영화,",
    "date": "15.07.03",
    "rating": "10",
    "author": "tjq0****",
    "review_id": "10064337",
    "movie_id": "44916"
  },
  {
    "review": "나이먹은아저씨들이 일찐놀이하는영화 개역겹다. 알바풀었냐 현실감 개진짜 개제로",
    "date": "15.07.02",
    "rating": "1",
    "author": "yspd****",
    "review_id": "10059230",
    "movie_id": "44916"
  },
  {
    "review": "뭐 그럭저럭 볼만하네 함 보쇼",
    "date": "15.07.01",
    "rating": "9",
    "author": "77ks****",
    "review_id": "10056914",
    "movie_id": "44916"
  },
  {
    "review": "가슴에 하나씩은  한이 있나????",
    "date": "15.06.24",
    "rating": "10",
    "author": "jama****",
    "review_id": "10027235",
    "movie_id": "44916"
  },
  {
    "review": "오랜만에 재밋는영화봣당 전용택씨 감사합니다 ㅎ",
    "date": "15.06.24",
    "rating": "9",
    "author": "ljh6****",
    "review_id": "10025605",
    "movie_id": "44916"
  },
  {
    "review": "이게 머가재미있다는거지??완전 개삼류인데 이거재미있다는사람들은 영화를처음보나...",
    "date": "15.06.24",
    "rating": "1",
    "author": "csh0****",
    "review_id": "10025160",
    "movie_id": "44916"
  },
  {
    "review": "쓸데없는 영화 보지 말고 이거 꼭 보세요. 후회 안할 겁니다.",
    "date": "15.06.23",
    "rating": "10",
    "author": "e2pr****",
    "review_id": "10023408",
    "movie_id": "44916"
  },
  {
    "review": "마음의 고향같은 영화.. 소주안주로 제격!",
    "date": "15.06.22",
    "rating": "10",
    "author": "edga****",
    "review_id": "10022957",
    "movie_id": "44916"
  },
  {
    "review": "독립영화라 그런지 영화 퀄리티는 당연 떨어지지만 옛 생각도 나고 도로위 달릴때 흘러나오는 스나이퍼의 gloomy sunday는 인상깊었다. 결말도 잘 풀어 낸 것 같다.",
    "date": "15.06.22",
    "rating": "8",
    "author": "vm4e****",
    "review_id": "10022536",
    "movie_id": "44916"
  },
  {
    "review": "포스터보소... 당장 보러갑니다.",
    "date": "15.06.21",
    "rating": "10",
    "author": "sg42****",
    "review_id": "10019706",
    "movie_id": "44916"
  },
  {
    "review": "진짜 친구처럼 보이는 연기력  주변에서 흔히  잇을수 잇느소재라  어느정도 공감이감   감독이  하고싶은말은   죽기전에 쌓인건 풀자 이건가",
    "date": "15.06.20",
    "rating": "8",
    "author": "alga****",
    "review_id": "10015971",
    "movie_id": "44916"
  },
  {
    "review": "근데 파퀴아오가 한국에 쌍동이 형있다드나??",
    "date": "15.06.20",
    "rating": "8",
    "author": "tokk****",
    "review_id": "10015705",
    "movie_id": "44916"
  },
  {
    "review": "생애 최초로 평점남김니다. 초반 20분정도의 지루함만 감내할 수 있다면 정말 재밌는 영화. 후반부로 갈수록 빠져드른영화, 강추입니다.",
    "date": "15.06.18",
    "rating": "10",
    "author": "hbh5****",
    "review_id": "10009989",
    "movie_id": "44916"
  },
  {
    "review": "현실적이지만 색다른 느낌의  영화",
    "date": "15.06.16",
    "rating": "9",
    "author": "agap****",
    "review_id": "10004712",
    "movie_id": "44916"
  },
  {
    "review": "5년만에 다시보니 놓혔던 장면들과 대사가 많네요. B급 ,C급 거친 인생속에서 아무도 알아주진 않지만 매일 피고 지는  투박하지만 소중한 그들만의 인생 꽃.",
    "date": "14.12.31",
    "rating": "8",
    "author": "lee2****",
    "review_id": "9540257",
    "movie_id": "44916"
  },
  {
    "review": "싸구려티는 나지만 의외로 잘만든영화 재치있는대사에 현실감 있는 격투씬 뭣보다 전감독이 저렇게 연기를 잘할줄은...",
    "date": "14.12.23",
    "rating": "6",
    "author": "trac****",
    "review_id": "9503884",
    "movie_id": "44916"
  },
  {
    "review": "캬..아저씨들 연기 잘한다~연극삘의 재밌는 영화",
    "date": "14.10.09",
    "rating": "8",
    "author": "jnj0****",
    "review_id": "9277700",
    "movie_id": "44916"
  },
  {
    "review": "이 영화의 평점이 의미없는이유전국관객수 53명인데 리뷰는 100개가 넘는다는점알바그만하시죠?",
    "date": "14.06.20",
    "rating": "1",
    "author": "lcyh****",
    "review_id": "8843147",
    "movie_id": "44916"
  },
  {
    "review": "강원도판 최악의 친구.",
    "date": "14.05.18",
    "rating": "4",
    "author": "tear****",
    "review_id": "8745642",
    "movie_id": "44916"
  },
  {
    "review": "영화 친구와는 색다른 강원도 사투리의 매력. 유오성의 카리스마는 살아 있음. 예고편 영상에서 나오는 MC스나이퍼의 gloomy sunday도 상당히 매력적임.",
    "date": "14.03.23",
    "rating": "6",
    "author": "jjaj****",
    "review_id": "8598947",
    "movie_id": "44916"
  },
  {
    "review": "세 살 방황 마흔까지 간다.",
    "date": "14.03.01",
    "rating": "6",
    "author": "myjs****",
    "review_id": "8548337",
    "movie_id": "44916"
  },
  {
    "review": "정말 재밌게본영화... 감독이 직접출연인데 배우급이다!!ㅋㅋ 차기작 안나오나요? 기다리고있습니다!!",
    "date": "13.12.03",
    "rating": "10",
    "author": "xsor****",
    "review_id": "8188440",
    "movie_id": "44916"
  },
  {
    "review": "투박하고 거칠지만 따뜻한 영화",
    "date": "13.11.28",
    "rating": "9",
    "author": "glob****",
    "review_id": "8174066",
    "movie_id": "44916"
  },
  {
    "review": "그냥 아무나 폰 카메라만 있으면 만들 수 있는 그런 영화예유.",
    "date": "13.08.13",
    "rating": "5",
    "author": "real****",
    "review_id": "7874218",
    "movie_id": "44916"
  },
  {
    "review": "무슨영환지 모르겠다 ㅡ.ㅡ;",
    "date": "13.07.04",
    "rating": "1",
    "author": "glgl****",
    "review_id": "7704608",
    "movie_id": "44916"
  },
  {
    "review": "단순히 재미로 평가하기엔 아까운 영화. 변하지 않아야 아름다운 것이 있는 반면, 변해야 더욱 아름다워지는 것이 있는게 인생. 너무 어려서 몰랐던 걸 차츰 알아가는게 인생이라는... 괜찮았음",
    "date": "13.06.18",
    "rating": "10",
    "author": "hipe****",
    "review_id": "7654650",
    "movie_id": "44916"
  },
  {
    "review": "진심 재미없다",
    "date": "13.06.13",
    "rating": "1",
    "author": "sjw7****",
    "review_id": "7632145",
    "movie_id": "44916"
  },
  {
    "review": "영화 보면서 제목을 이해하게 되었어요...기분 좋네요...",
    "date": "13.06.12",
    "rating": "9",
    "author": "hold****",
    "review_id": "7629186",
    "movie_id": "44916"
  },
  {
    "review": "슬픈상황에서도 구라를 칠수잇는 절벽이 좋아요기분이 좋아요 그냥요 걷다보면 기억이 살아나는지?오래걸으면 가지고 잇던기억을 없앨수 잇는지?특별한것은 없어도 인생을 본것 같아요.형광등이 김형광 선생이 만들은줄 알앗어요",
    "date": "13.06.04",
    "rating": "9",
    "author": "k386****",
    "review_id": "7578563",
    "movie_id": "44916"
  },
  {
    "review": "촌동네 조폭삼류영화. 가끔씩 툭툭들이미는 유머도 영쌩뚱맞구 촌스럽기까지하다.",
    "date": "13.05.21",
    "rating": "4",
    "author": "kis5****",
    "review_id": "7545407",
    "movie_id": "44916"
  },
  {
    "review": "숙취로 고생하는 속을 달래주는 해장라면 같은 영화",
    "date": "13.05.16",
    "rating": "9",
    "author": "son2****",
    "review_id": "7530365",
    "movie_id": "44916"
  },
  {
    "review": "습작 냄새 물씬 풍기며 위태위태한데 유오성이라는 거목이 끝까지 끌고간다",
    "date": "13.05.15",
    "rating": "5",
    "author": "lead****",
    "review_id": "7529954",
    "movie_id": "44916"
  },
  {
    "review": "저예산 혹은 독립 영화를 싫어하시는분은 이 영화를 싫어할수도,   어린학생분 혹은 여성분 들은  이 영화를 이해 못할수도 있겠다는 생각이좀들었어요. 그래도 전 굿굿 ! 이런 재밌는영화를 왜 이제 알았을까요",
    "date": "13.05.14",
    "rating": "9",
    "author": "yi10****",
    "review_id": "7527883",
    "movie_id": "44916"
  },
  {
    "review": "영화가 은근 아름답네.",
    "date": "13.02.25",
    "rating": "10",
    "author": "yjh8****",
    "review_id": "7299808",
    "movie_id": "44916"
  },
  {
    "review": "기대안하고 봤는데 볼만했어요ㅋㅋ",
    "date": "13.02.19",
    "rating": "10",
    "author": "show****",
    "review_id": "7280911",
    "movie_id": "44916"
  },
  {
    "review": "\"저는 사람이 변한다는 것도 믿게되었고, 사람은 변하지 않는다는 것도 여전히 믿습니다.\" 에필로그의 한문장속에 모든 것이 녹아들어간 영화.",
    "date": "13.02.11",
    "rating": "10",
    "author": "hsw2****",
    "review_id": "7250440",
    "movie_id": "44916"
  },
  {
    "review": "잘 봤어요~",
    "date": "12.11.05",
    "rating": "10",
    "author": "gira****",
    "review_id": "6858692",
    "movie_id": "44916"
  },
  {
    "review": "이게뭐니 이게 -_- 건승하세요 ㅎㅎ",
    "date": "12.10.10",
    "rating": "1",
    "author": "dpfl****",
    "review_id": "6779837",
    "movie_id": "44916"
  },
  {
    "review": "전 재미있게 봤습니다 유오성 최고",
    "date": "12.10.01",
    "rating": "10",
    "author": "nahk****",
    "review_id": "6750031",
    "movie_id": "44916"
  },
  {
    "review": "기대 안해서 인가, 열대야라서 그런가      재미있게 잘 봤네요..",
    "date": "12.08.02",
    "rating": "10",
    "author": "lame****",
    "review_id": "6563451",
    "movie_id": "44916"
  },
  {
    "review": "영화도 못찍고, 연기도 못하고, 내용과 캐릭터들도 공감이 안가고, 재미도 없다. 제발 영화에서 대사 나부랭이로 개똥철학좀 설파하려하지마...",
    "date": "12.07.28",
    "rating": "3",
    "author": "oecd****",
    "review_id": "6548032",
    "movie_id": "44916"
  },
  {
    "review": "ㅋㅋㅋㅋㅋ    지방에 살아본적이 없어서  보면서  신기하게  본 영화 ㅋ  정말 지방은  이영화처럼  주먹으로  권력을 얻나?   어렸을때  그사건으로 인생이 바뀌었다고 생각하는 친구 ㅋ 나름 재미있게  본  영화     우정",
    "date": "12.07.12",
    "rating": "8",
    "author": "scho****",
    "review_id": "6472964",
    "movie_id": "44916"
  },
  {
    "review": "루저들의 병맛인생. 이유없이 정감간다.",
    "date": "12.06.28",
    "rating": "7",
    "author": "rkql****",
    "review_id": "6421736",
    "movie_id": "44916"
  },
  {
    "review": "하류인생도 그들에겐 소중하고 전부이다",
    "date": "12.06.22",
    "rating": "6",
    "author": "kimg****",
    "review_id": "6407319",
    "movie_id": "44916"
  },
  {
    "review": "유오성 힘내랏~",
    "date": "12.06.21",
    "rating": "3",
    "author": "bear****",
    "review_id": "6406935",
    "movie_id": "44916"
  },
  {
    "review": "정말 재미없다. 특히나 백이(이규회) 너무 안 어울린다. 찌질4인방 이야기",
    "date": "12.06.21",
    "rating": "1",
    "author": "jeon****",
    "review_id": "6405982",
    "movie_id": "44916"
  },
  {
    "review": "진짜 재밌게봤다. 영화바람과 같은 느낌",
    "date": "12.06.20",
    "rating": "10",
    "author": "won_****",
    "review_id": "6404259",
    "movie_id": "44916"
  },
  {
    "review": "최고~!!",
    "date": "12.06.19",
    "rating": "10",
    "author": "chbe****",
    "review_id": "6401826",
    "movie_id": "44916"
  },
  {
    "review": "현실적으로 잘만든 영화입니다 특히 절벽분 연기력 굿입니다.",
    "date": "12.06.11",
    "rating": "10",
    "author": "scvw****",
    "review_id": "6385637",
    "movie_id": "44916"
  },
  {
    "review": "강원도 촌감자들의 \"왜곡된 역사 바로 세우기\"",
    "date": "12.03.15",
    "rating": "6",
    "author": "mygr****",
    "review_id": "6144585",
    "movie_id": "44916"
  },
  {
    "review": "큰 매력은 없지만, 잔잔하게 빠져들구, 추억을 먹고 사는가보다",
    "date": "12.02.14",
    "rating": "6",
    "author": "sute****",
    "review_id": "6074675",
    "movie_id": "44916"
  },
  {
    "review": "나름 재미있고 생각하게 하는 영화, 저예산 영화치곤 참 잘만들었다.",
    "date": "12.02.10",
    "rating": "7",
    "author": "sua9****",
    "review_id": "6065271",
    "movie_id": "44916"
  },
  {
    "review": "집에 뭐 두고온것처럼 허전한 느낌?",
    "date": "12.01.18",
    "rating": "1",
    "author": "toto****",
    "review_id": "5995964",
    "movie_id": "44916"
  },
  {
    "review": "괜찬은 영화네요",
    "date": "12.01.02",
    "rating": "8",
    "author": "2981****",
    "review_id": "5954224",
    "movie_id": "44916"
  },
  {
    "review": "확인",
    "date": "11.11.11",
    "rating": "8",
    "author": "nice****",
    "review_id": "5843227",
    "movie_id": "44916"
  },
  {
    "review": "그냥 저냥 볼만은 하네..",
    "date": "11.11.08",
    "rating": "6",
    "author": "jdru****",
    "review_id": "5835884",
    "movie_id": "44916"
  },
  {
    "review": "마치 찢겨진 소설 보는 느낌. 캐릭터는 이유없이 급변하고 스토리는 수시로 워프",
    "date": "11.11.06",
    "rating": "1",
    "author": "jhna****",
    "review_id": "5832276",
    "movie_id": "44916"
  },
  {
    "review": "보다보면 빠져들고 몰입하게 되고 가식없고 철학적이기도하다 유오성 너무 멋있음.",
    "date": "11.10.24",
    "rating": "9",
    "author": "tls7****",
    "review_id": "5808282",
    "movie_id": "44916"
  },
  {
    "review": "만족한다...",
    "date": "11.10.03",
    "rating": "7",
    "author": "yana****",
    "review_id": "5769546",
    "movie_id": "44916"
  },
  {
    "review": "이것도영화라고 참..시라니오 개판 연출 더 개판..감독 영화 그만해",
    "date": "11.09.30",
    "rating": "1",
    "author": "skku****",
    "review_id": "5762501",
    "movie_id": "44916"
  },
  {
    "review": "오토바이 타고 달릴때 촌스러움 눈뜨고 못봐줄정도",
    "date": "11.09.19",
    "rating": "5",
    "author": "rane****",
    "review_id": "5740309",
    "movie_id": "44916"
  },
  {
    "review": "대체 이게 어디가 재밌다는것인지???",
    "date": "11.09.08",
    "rating": "1",
    "author": "cezz****",
    "review_id": "5714865",
    "movie_id": "44916"
  },
  {
    "review": "촌스러운면서도, 거칠면서도, 집중력 있는 영화다",
    "date": "11.08.20",
    "rating": "8",
    "author": "kos4****",
    "review_id": "5673022",
    "movie_id": "44916"
  },
  {
    "review": "깔깔거면서 봤다 너무나 공감가는 어릴적 이야기... 마세마세! 술이나 쳐 마세!!",
    "date": "11.08.18",
    "rating": "8",
    "author": "csy1****",
    "review_id": "5666467",
    "movie_id": "44916"
  },
  {
    "review": "좀 부족한 스토리지만 일상같은느낌이 있었고 많은 생각을 하게해주는영화",
    "date": "11.08.18",
    "rating": "9",
    "author": "mild****",
    "review_id": "5664828",
    "movie_id": "44916"
  },
  {
    "review": "마지막 장면에서 생각을 좀 하게 함",
    "date": "11.08.17",
    "rating": "9",
    "author": "happ****",
    "review_id": "5661405",
    "movie_id": "44916"
  },
  {
    "review": "ㅋㅋ 영화과 대학생 졸업작품같애.. ;;",
    "date": "11.08.15",
    "rating": "5",
    "author": "tn99****",
    "review_id": "5652392",
    "movie_id": "44916"
  },
  {
    "review": "현실에 이토록 학창시절 과거에서 벗어나기가 힘들었던가? 좀 너무했네 ~ ㅎ;;;;",
    "date": "11.08.08",
    "rating": "6",
    "author": "up87****",
    "review_id": "5619049",
    "movie_id": "44916"
  },
  {
    "review": "과거에서 벗어나기 참 힘들다...",
    "date": "11.07.24",
    "rating": "6",
    "author": "foou****",
    "review_id": "5567151",
    "movie_id": "44916"
  },
  {
    "review": "은근히 웃기며 극도로 현실적임",
    "date": "11.07.19",
    "rating": "10",
    "author": "hsfa****",
    "review_id": "5555067",
    "movie_id": "44916"
  },
  {
    "review": "몰입도는 괜찮고... 약간의 색다른 영화...",
    "date": "11.06.29",
    "rating": "8",
    "author": "taiu****",
    "review_id": "5505906",
    "movie_id": "44916"
  },
  {
    "review": "감독 스스로의 영웅담인가? 관객을 생각치 않는 불분명한 영웅담은 역겹다",
    "date": "11.06.15",
    "rating": "6",
    "author": "temt****",
    "review_id": "5482016",
    "movie_id": "44916"
  },
  {
    "review": "재밋음",
    "date": "11.06.10",
    "rating": "10",
    "author": "rhde****",
    "review_id": "5474317",
    "movie_id": "44916"
  },
  {
    "review": "맑은 물에 흙탕물 뿌리는것 같은 몇몇 장면과 대사들이 아쉬웠다.",
    "date": "11.06.03",
    "rating": "6",
    "author": "idle****",
    "review_id": "5461501",
    "movie_id": "44916"
  },
  {
    "review": "썩은 곰팡이같은 백이여친때문에 그냥 평점 1점먹일거다.",
    "date": "11.05.27",
    "rating": "1",
    "author": "yuda****",
    "review_id": "5450875",
    "movie_id": "44916"
  },
  {
    "review": "과거 중고등 시절 어설프지만 주먹의 서열을 느낀 분이라면...",
    "date": "11.05.10",
    "rating": "9",
    "author": "aill****",
    "review_id": "5419722",
    "movie_id": "44916"
  },
  {
    "review": "몰입감 작품성 좋습니다. 몇몇 어리고 생각없는 놈은 별을 1개를주네요 ㅉㅉ",
    "date": "11.05.06",
    "rating": "10",
    "author": "mari****",
    "review_id": "5410947",
    "movie_id": "44916"
  },
  {
    "review": "재미.감동.창조 한개도있으려면 좋을려만..",
    "date": "11.04.17",
    "rating": "6",
    "author": "a109****",
    "review_id": "5378186",
    "movie_id": "44916"
  },
  {
    "review": "강원일보는 옥의티, 박수 보냅니다",
    "date": "11.04.13",
    "rating": "9",
    "author": "zorb****",
    "review_id": "5372126",
    "movie_id": "44916"
  },
  {
    "review": "오토바이타고 배경음악 엠씨스나이퍼 글루미 선데이는 좀 그렇다.. ㅋㅋㅋㅋ",
    "date": "11.04.08",
    "rating": "6",
    "author": "upi1****",
    "review_id": "5360534",
    "movie_id": "44916"
  },
  {
    "review": "연기는 훌륭했으나 시나리오는 좀 민망했네요.",
    "date": "11.04.06",
    "rating": "8",
    "author": "darn****",
    "review_id": "5356830",
    "movie_id": "44916"
  },
  {
    "review": "참나. 이런 손발 오그라드는 영화를 좋다고 하는 대중들의 수준은 대체 먼지?",
    "date": "11.04.04",
    "rating": "1",
    "author": "deva****",
    "review_id": "5352167",
    "movie_id": "44916"
  },
  {
    "review": "강원도판 폭력의역사를 보는듯",
    "date": "11.03.25",
    "rating": "5",
    "author": "fon9****",
    "review_id": "5333281",
    "movie_id": "44916"
  },
  {
    "review": "기대하지 않음에서 발전하는 만족감은 영화의 끝까지 증폭되었다.",
    "date": "11.03.10",
    "rating": "9",
    "author": "ict2****",
    "review_id": "5303524",
    "movie_id": "44916"
  },
  {
    "review": "굿... 전용택 감독... 다소의 오버는 있었지만, 잘 만든 영화...",
    "date": "11.03.09",
    "rating": "10",
    "author": "cwkn****",
    "review_id": "5301714",
    "movie_id": "44916"
  },
  {
    "review": "공감이가는 다큐네요 잘만들었네요. 대신 감동적인 부분이 좀 약한듯",
    "date": "11.03.07",
    "rating": "8",
    "author": "vulc****",
    "review_id": "5299595",
    "movie_id": "44916"
  },
  {
    "review": "언뜻보면 평범하지만 어느시점에서 본다면 몰입할 수 밖에 없는 영화",
    "date": "11.03.05",
    "rating": "9",
    "author": "dma9****",
    "review_id": "5295275",
    "movie_id": "44916"
  },
  {
    "review": "좋은데?ㅎㅎ",
    "date": "11.03.05",
    "rating": "9",
    "author": "tops****",
    "review_id": "5294112",
    "movie_id": "44916"
  },
  {
    "review": "돈많이쳐들인다고좋은영화 나오는게 아니라 이런게 진정한영화다 ~",
    "date": "11.02.22",
    "rating": "10",
    "author": "skyj****",
    "review_id": "5265888",
    "movie_id": "44916"
  }
]