[
  {
    "review": "내가 평소에 일본영화도 즐겨보고 일드도 즐겨보는데 이건 진짜 노잼임... 스토리는 참신한데 내용이 너무 부실해... 개그 코드도 없고... 민방위 훈련도 미군만 많이 나와서 현실성도 없음...",
    "date": "15.08.15",
    "rating": "2",
    "author": "3693****",
    "review_id": "10233435",
    "movie_id": "44914"
  },
  {
    "review": "그렇게 기대는 않했는데 재밌었습니다.",
    "date": "15.08.14",
    "rating": "10",
    "author": "kjs4****",
    "review_id": "10227938",
    "movie_id": "44914"
  },
  {
    "review": "good 일본이 좋아짐",
    "date": "15.07.28",
    "rating": "10",
    "author": "gust****",
    "review_id": "10152115",
    "movie_id": "44914"
  },
  {
    "review": "한국과 일본차이점이 대비되면서  웃겼다",
    "date": "15.07.24",
    "rating": "10",
    "author": "dani****",
    "review_id": "10138101",
    "movie_id": "44914"
  },
  {
    "review": "몇년이 지난, 지금 봐도 여운이 가는 영화.",
    "date": "15.07.10",
    "rating": "10",
    "author": "smh3****",
    "review_id": "10086604",
    "movie_id": "44914"
  },
  {
    "review": "참신한 영화입니다. 앞으로도 이런 다양한 장르의 영화가 많이 나왔으면 좋겠습니다.",
    "date": "15.02.21",
    "rating": "8",
    "author": "yist****",
    "review_id": "9720774",
    "movie_id": "44914"
  },
  {
    "review": "이 영화가 나올적만 해도 한일 관계가 비교적 괜찮은 편에 속했었지.. 해저터널을 뚫어서 이런 관광코스가 나와도 좋을 듯.. 승무원역의 유하나씨 앞으로 좀더 활발한 활동 기대합니다",
    "date": "15.01.01",
    "rating": "7",
    "author": "danz****",
    "review_id": "9543710",
    "movie_id": "44914"
  },
  {
    "review": "한국인과 일본인의 생활, 가치관이 틀리다는 것을 분명하게 그린 영화...!!",
    "date": "14.04.06",
    "rating": "9",
    "author": "mani****",
    "review_id": "8632347",
    "movie_id": "44914"
  },
  {
    "review": "캔 유 스픽 잉글리쉬?큭큭",
    "date": "14.03.22",
    "rating": "8",
    "author": "leey****",
    "review_id": "8595351",
    "movie_id": "44914"
  },
  {
    "review": "기발한 발상이 참신했던 영화..한일관계가 이 영화로 조금이나마 가까워지길 바라길..",
    "date": "13.11.24",
    "rating": "7",
    "author": "thra****",
    "review_id": "8164982",
    "movie_id": "44914"
  },
  {
    "review": "생각보다 괜찮은 영화!",
    "date": "13.10.19",
    "rating": "10",
    "author": "ske4****",
    "review_id": "8070929",
    "movie_id": "44914"
  },
  {
    "review": "발상이 기발해서 좋아요.",
    "date": "13.10.10",
    "rating": "7",
    "author": "dlwo****",
    "review_id": "8051543",
    "movie_id": "44914"
  },
  {
    "review": "독특한 소재에 신선하고 색다른 코미디네요. 택시를 매개체로 일본인과의 순수한 감정을 친근하게 표현한 것 같아요. 마지막 잔잔한 웃음까지... ㅎㅎ 간만에 재미있게 봤네요.",
    "date": "13.07.15",
    "rating": "8",
    "author": "netp****",
    "review_id": "7745473",
    "movie_id": "44914"
  },
  {
    "review": "인간 냄새가 나고, 일본인 생각, 시선으로 내용이 흘러가서 신선했다. 무엇보다 한국이 배경.",
    "date": "13.06.13",
    "rating": "8",
    "author": "didt****",
    "review_id": "7632406",
    "movie_id": "44914"
  },
  {
    "review": "조..조용하지만 뭔가훈훈해!!",
    "date": "13.01.22",
    "rating": "9",
    "author": "jnj0****",
    "review_id": "7145338",
    "movie_id": "44914"
  },
  {
    "review": "내가 왠만해선 영화 점수 좋게 주는데 기대를 너무 해서 그런지 실망이 너무 컸음. 일본영화 한국 영화 둘 다 좋아해서 킬링타임용으로 보려다가 전반부 내용이 너무 재미없어서 꺼버림. 진짜 태어나서 영화보려고 마음먹고 중간에 꺼버린건 첨이다.",
    "date": "13.01.09",
    "rating": "2",
    "author": "jr34****",
    "review_id": "7096732",
    "movie_id": "44914"
  },
  {
    "review": "그럭저럭 재미 있었는데ㅋㅋ 블랙코미디...?",
    "date": "12.12.05",
    "rating": "8",
    "author": "zero****",
    "review_id": "6973871",
    "movie_id": "44914"
  },
  {
    "review": "좋은 영화",
    "date": "12.11.21",
    "rating": "10",
    "author": "cher****",
    "review_id": "6909548",
    "movie_id": "44914"
  },
  {
    "review": "소재는좋은데재미는없다..",
    "date": "12.10.18",
    "rating": "7",
    "author": "mano****",
    "review_id": "6810163",
    "movie_id": "44914"
  },
  {
    "review": "한국을 배경으로 접목된 일본식 코미디... 소재나 내용도 좋았고 지루할 틈은 없었다",
    "date": "12.10.05",
    "rating": "8",
    "author": "thef****",
    "review_id": "6764966",
    "movie_id": "44914"
  },
  {
    "review": "예고편의 기대가 너무 컸던 것 같다. 청춘과 인생, 도전에 대한 메세지는 몹시 아름다웠지만 띄엄띄엄한 전개와 어지러운 카메라워크가 아쉽다.",
    "date": "12.08.05",
    "rating": "7",
    "author": "chuc****",
    "review_id": "6574634",
    "movie_id": "44914"
  },
  {
    "review": "와우 재미있당~~",
    "date": "12.07.04",
    "rating": "10",
    "author": "ry20****",
    "review_id": "6444056",
    "movie_id": "44914"
  },
  {
    "review": "예고편을 미리보고 내용도 보고 기대를 크게한 탓인지 재미가 반감됨",
    "date": "12.05.06",
    "rating": "7",
    "author": "rnlc****",
    "review_id": "6277167",
    "movie_id": "44914"
  },
  {
    "review": "심심한 재미로 보는 영화. 너무 일본식이라 지루하다. 유하나 짱",
    "date": "12.05.03",
    "rating": "5",
    "author": "sunh****",
    "review_id": "6266824",
    "movie_id": "44914"
  },
  {
    "review": "진짜 재밌네 ㅋㅋㅋㅋㅋㅋ 크크큭",
    "date": "12.04.09",
    "rating": "9",
    "author": "303p****",
    "review_id": "6203886",
    "movie_id": "44914"
  },
  {
    "review": "깔깔 거리면서 실컷 재밌게 본 영화. 개그 코드는 저한테만 먹힌건가요? ㅋㅋ",
    "date": "12.02.28",
    "rating": "9",
    "author": "bus0****",
    "review_id": "6110279",
    "movie_id": "44914"
  },
  {
    "review": "영화 소재는 신선한데... 재미 없다.",
    "date": "12.02.21",
    "rating": "6",
    "author": "togg****",
    "review_id": "6092426",
    "movie_id": "44914"
  },
  {
    "review": "스토리는 기발하지만, 다소 지루하다.",
    "date": "12.02.11",
    "rating": "6",
    "author": "ci30****",
    "review_id": "6068152",
    "movie_id": "44914"
  },
  {
    "review": "괜찮은데 ㅋ",
    "date": "12.01.24",
    "rating": "7",
    "author": "lcm2****",
    "review_id": "6014769",
    "movie_id": "44914"
  },
  {
    "review": "ㅋㅋㅋ 소소하게 재밌다.",
    "date": "11.12.29",
    "rating": "10",
    "author": "ekc_****",
    "review_id": "5945210",
    "movie_id": "44914"
  },
  {
    "review": "헐ㅋ보컬역 배우 목소리가 어디서 들어본것 같은데 했는데 the back horn 보컬이였어",
    "date": "11.12.29",
    "rating": "6",
    "author": "tlss****",
    "review_id": "5945196",
    "movie_id": "44914"
  },
  {
    "review": "재미로 보기! 교훈얻으려고보는건 뭥미ㅋ말그대로그냥 코미디ㅎ뻔한영화보단 훨나아ㅋ",
    "date": "11.09.13",
    "rating": "9",
    "author": "rhor****",
    "review_id": "5726465",
    "movie_id": "44914"
  },
  {
    "review": "아무 것도 남는게 없다..",
    "date": "11.09.08",
    "rating": "3",
    "author": "tn99****",
    "review_id": "5716368",
    "movie_id": "44914"
  },
  {
    "review": "걍..교훈이없음",
    "date": "11.07.31",
    "rating": "4",
    "author": "zsew****",
    "review_id": "5586508",
    "movie_id": "44914"
  },
  {
    "review": "편함",
    "date": "11.07.20",
    "rating": "9",
    "author": "7758****",
    "review_id": "5556931",
    "movie_id": "44914"
  },
  {
    "review": "중간에 지루하다... 발상은 정말 신선한것 같고 양국의 서로 다른 시선도 잘 표현한듯",
    "date": "11.07.01",
    "rating": "6",
    "author": "twis****",
    "review_id": "5512648",
    "movie_id": "44914"
  },
  {
    "review": "한일 양쪽 모두 안통할 개그...",
    "date": "11.05.22",
    "rating": "5",
    "author": "wert****",
    "review_id": "5442382",
    "movie_id": "44914"
  },
  {
    "review": "사람느낌 물씬 풍기는 영화입니다 ..! 스토리 또한 색다르구요 !",
    "date": "11.04.30",
    "rating": "10",
    "author": "kara****",
    "review_id": "5398764",
    "movie_id": "44914"
  },
  {
    "review": "75분의 짧은 시간데도 중간중간 지루한 면도 있었지만 분위기가 유쾌한 영화",
    "date": "11.04.23",
    "rating": "9",
    "author": "1251****",
    "review_id": "5388891",
    "movie_id": "44914"
  },
  {
    "review": "아 너무 행복해 ㅠㅠ...",
    "date": "11.03.28",
    "rating": "10",
    "author": "jmk3****",
    "review_id": "5339898",
    "movie_id": "44914"
  },
  {
    "review": "재밌어요 ^^ 참신하다 그 표현이 딱이네요 뻔한 상업영화보다 훨 괜찮아요 강추 !!",
    "date": "11.03.17",
    "rating": "10",
    "author": "hanm****",
    "review_id": "5318334",
    "movie_id": "44914"
  },
  {
    "review": "참신한 아이디어, 소소한 웃음.. 뭔가 허전한 듯한 느낌은 지울 수 없다..",
    "date": "11.03.06",
    "rating": "8",
    "author": "live****",
    "review_id": "5295821",
    "movie_id": "44914"
  },
  {
    "review": "재밋었어요. ^-^",
    "date": "11.02.23",
    "rating": "10",
    "author": "orig****",
    "review_id": "5269840",
    "movie_id": "44914"
  },
  {
    "review": "웃음코드가 다른걸지도,  소잰 좋았는데 그 밖의 것들이 뒷받침을 못해준 듯하다",
    "date": "11.02.21",
    "rating": "1",
    "author": "rham****",
    "review_id": "5265248",
    "movie_id": "44914"
  },
  {
    "review": "신선하고 재밌는 영화였어요. 근데 이게 정말 가능??",
    "date": "11.02.21",
    "rating": "9",
    "author": "mida****",
    "review_id": "5261740",
    "movie_id": "44914"
  },
  {
    "review": "신선했다~~",
    "date": "11.02.12",
    "rating": "7",
    "author": "hoh1****",
    "review_id": "5238384",
    "movie_id": "44914"
  },
  {
    "review": "나도 택시타고 도쿄가고시픔",
    "date": "11.02.09",
    "rating": "10",
    "author": "rlaw****",
    "review_id": "5231697",
    "movie_id": "44914"
  },
  {
    "review": "정말재밌게본영화인것같다!!",
    "date": "11.02.04",
    "rating": "10",
    "author": "jwfc****",
    "review_id": "5214899",
    "movie_id": "44914"
  },
  {
    "review": "아 웃겨 ㅋㅋㅋ",
    "date": "11.02.02",
    "rating": "10",
    "author": "nin1****",
    "review_id": "5207554",
    "movie_id": "44914"
  },
  {
    "review": "결말이 약간 허무했지만 간만에 넘흐 재밌게본 영화였어요.ㅋㅋ",
    "date": "11.01.29",
    "rating": "10",
    "author": "pell****",
    "review_id": "5193883",
    "movie_id": "44914"
  },
  {
    "review": "신선한발상과 스토리!!! 보는내내 유쾌하고 가슴따뜻했습니다^^",
    "date": "11.01.29",
    "rating": "9",
    "author": "vick****",
    "review_id": "5193774",
    "movie_id": "44914"
  },
  {
    "review": "기분좋고 시종일관 흐뭇해하며 본 유쾌한 로드무비. 이런 택시라면 타볼만 할듯? ^^",
    "date": "11.01.29",
    "rating": "9",
    "author": "kami****",
    "review_id": "5193006",
    "movie_id": "44914"
  },
  {
    "review": "완벽하지 않아서 더 유쾌한 영화",
    "date": "11.01.23",
    "rating": "9",
    "author": "son9****",
    "review_id": "5179071",
    "movie_id": "44914"
  },
  {
    "review": "GOOD",
    "date": "11.01.12",
    "rating": "10",
    "author": "ybce****",
    "review_id": "5151827",
    "movie_id": "44914"
  },
  {
    "review": "웰메이드네요..가슴이따뜻해졌습니다..이런감독님들이꼭메이져영화메가폰을잡으시길..",
    "date": "11.01.08",
    "rating": "10",
    "author": "murs****",
    "review_id": "5139801",
    "movie_id": "44914"
  },
  {
    "review": "특이한 발상의 유쾌한 영화. 짧고 재밌다.",
    "date": "11.01.03",
    "rating": "10",
    "author": "pret****",
    "review_id": "5122260",
    "movie_id": "44914"
  },
  {
    "review": "훈훈한데 ㅋㅋ",
    "date": "10.12.23",
    "rating": "10",
    "author": "ays9****",
    "review_id": "5078681",
    "movie_id": "44914"
  },
  {
    "review": "재밌지만 왠지 허탈한 영화",
    "date": "10.12.19",
    "rating": "8",
    "author": "anst****",
    "review_id": "5066103",
    "movie_id": "44914"
  },
  {
    "review": "완전 웃기다! 일본의 영화가 아니라 한국 코미디 영화~ 고민중이라면 일단 보라",
    "date": "10.12.18",
    "rating": "8",
    "author": "r_ed****",
    "review_id": "5064031",
    "movie_id": "44914"
  },
  {
    "review": "스토리 연출 모든면에서 부족하다. 그러나 10점을 줄수밖에 없는..그런 잔잔한 영화^^",
    "date": "10.12.18",
    "rating": "10",
    "author": "wood****",
    "review_id": "5062277",
    "movie_id": "44914"
  },
  {
    "review": "뭐지..하고 보다가 마지막엔 뭔가 뿌듯했음 ㅎㅎㅎ 영화 좋네요..^^",
    "date": "10.12.10",
    "rating": "10",
    "author": "kca4****",
    "review_id": "5042334",
    "movie_id": "44914"
  },
  {
    "review": "우리나라는 야만국가가 아니야!",
    "date": "10.12.08",
    "rating": "1",
    "author": "rmff****",
    "review_id": "5037762",
    "movie_id": "44914"
  },
  {
    "review": "생각없이 채널돌리다 본 영화. 난 엄청 웃겼는데 사라마다 웃음포인트가 다른듯ㅋ",
    "date": "10.12.06",
    "rating": "10",
    "author": "kyks****",
    "review_id": "5031585",
    "movie_id": "44914"
  },
  {
    "review": "웃음포인트가 전혀없는데... 아이디어만 좋았죠",
    "date": "10.11.29",
    "rating": "6",
    "author": "hyun****",
    "review_id": "5007389",
    "movie_id": "44914"
  },
  {
    "review": "솔직히 참신한아이디어에 참 인상깊었음",
    "date": "10.11.21",
    "rating": "9",
    "author": "dlat****",
    "review_id": "4977436",
    "movie_id": "44914"
  },
  {
    "review": "ㅋㅋ최고예요 이 영화 만든 감독님 존경합니다^^",
    "date": "10.11.19",
    "rating": "10",
    "author": "momo****",
    "review_id": "4970884",
    "movie_id": "44914"
  },
  {
    "review": "설정은 좋으나 이야기가 부족하고 웃음은 있으나 감동이 없다.",
    "date": "10.11.16",
    "rating": "5",
    "author": "wolf****",
    "review_id": "4965073",
    "movie_id": "44914"
  },
  {
    "review": "뭔가 귀엽고 낭만이 있는 영화 재밌다!",
    "date": "10.11.15",
    "rating": "8",
    "author": "smil****",
    "review_id": "4964170",
    "movie_id": "44914"
  },
  {
    "review": "별점 7.51 ??? 미친거 아니야?",
    "date": "10.11.13",
    "rating": "1",
    "author": "owqv****",
    "review_id": "4957524",
    "movie_id": "44914"
  },
  {
    "review": "기대하고 봤는데 재미없는데. 지루해",
    "date": "10.11.13",
    "rating": "5",
    "author": "hiro****",
    "review_id": "4956623",
    "movie_id": "44914"
  },
  {
    "review": "흠.. 심심하네요",
    "date": "10.11.11",
    "rating": "2",
    "author": "etma****",
    "review_id": "4952329",
    "movie_id": "44914"
  },
  {
    "review": "그냥 좀 유쾌한 영화....ㅎㅎㅎㅎ",
    "date": "10.11.08",
    "rating": "8",
    "author": "mand****",
    "review_id": "4944822",
    "movie_id": "44914"
  },
  {
    "review": "비행소녀-유하나의 명찰은 윤태준.. 누구냐 너는 -_-+",
    "date": "10.11.01",
    "rating": "8",
    "author": "koj1****",
    "review_id": "4932735",
    "movie_id": "44914"
  },
  {
    "review": "왜들그래요 귀엽기만한데 ㅋㅋ",
    "date": "10.10.31",
    "rating": "10",
    "author": "ddoj****",
    "review_id": "4929576",
    "movie_id": "44914"
  },
  {
    "review": "모처럼 웃을 수 있는 상쾌한 영화야~ ㅋㅋㅋ",
    "date": "10.10.29",
    "rating": "8",
    "author": "pure****",
    "review_id": "4925867",
    "movie_id": "44914"
  },
  {
    "review": "ㅋㅋㅋㅋㅋㅋㅋㅋㅋㅋㅋ 아너무웃겨요 조금늦게본감이있지만서도",
    "date": "10.10.21",
    "rating": "10",
    "author": "hw93****",
    "review_id": "4913640",
    "movie_id": "44914"
  },
  {
    "review": "문화의 차이를 소소하게 잘 풀어나갔네요! 간만에 잘본영화",
    "date": "10.10.16",
    "rating": "10",
    "author": "runb****",
    "review_id": "4905092",
    "movie_id": "44914"
  },
  {
    "review": "일본에서 한국으로 오는 정드는 방법!",
    "date": "10.10.12",
    "rating": "10",
    "author": "chb0****",
    "review_id": "4899658",
    "movie_id": "44914"
  },
  {
    "review": "진짜 왜그런지는몰라도 유쾌상쾌했다 ㅋㅋ",
    "date": "10.10.12",
    "rating": "8",
    "author": "kjt0****",
    "review_id": "4899547",
    "movie_id": "44914"
  },
  {
    "review": "마음이 훈훈해지는 영화다. 택시기사의 연기도 좋았다~특히 유하나씨 넘 이쁘셨음.^^",
    "date": "10.10.12",
    "rating": "10",
    "author": "reru****",
    "review_id": "4898876",
    "movie_id": "44914"
  },
  {
    "review": "재미 엿 .",
    "date": "10.10.12",
    "rating": "2",
    "author": "nadd****",
    "review_id": "4898410",
    "movie_id": "44914"
  },
  {
    "review": "보는 내내 당황스럽고 곤혹스러웠다.",
    "date": "10.10.11",
    "rating": "4",
    "author": "litt****",
    "review_id": "4897913",
    "movie_id": "44914"
  },
  {
    "review": "귀여운 영화",
    "date": "10.10.11",
    "rating": "6",
    "author": "hero****",
    "review_id": "4897506",
    "movie_id": "44914"
  },
  {
    "review": "블록버스터에 물들었나봐, 허술함에 민망함에 몸을 떨며봤다",
    "date": "10.10.11",
    "rating": "4",
    "author": "hell****",
    "review_id": "4896979",
    "movie_id": "44914"
  },
  {
    "review": "편안하게 봤어요^^그래서그런지너무재밌었네요 중간중간에 빵빵터지고ㅋㅋ훈훈하네요",
    "date": "10.10.10",
    "rating": "10",
    "author": "vhdl****",
    "review_id": "4896420",
    "movie_id": "44914"
  },
  {
    "review": "인물들이 겪는 고난이 너무 억지스럽지 않나 싶다. 생략된 부분도 아쉽고.",
    "date": "10.10.09",
    "rating": "6",
    "author": "sb37****",
    "review_id": "4893964",
    "movie_id": "44914"
  },
  {
    "review": "잔잔한 일본영화 좋아하지만..이건 아니다..",
    "date": "10.10.07",
    "rating": "1",
    "author": "hood****",
    "review_id": "4890399",
    "movie_id": "44914"
  },
  {
    "review": "잔잔한 느낌이 쭉 이어지는 느낌..중간 중간 살짝 느낌이 끊기지만 좋아요",
    "date": "10.10.05",
    "rating": "10",
    "author": "lkdo****",
    "review_id": "4887218",
    "movie_id": "44914"
  },
  {
    "review": "잔잔한 재미에 훈훈한 영화,, 간만에 보는 좋은 영화,,",
    "date": "10.10.04",
    "rating": "10",
    "author": "drun****",
    "review_id": "4885539",
    "movie_id": "44914"
  },
  {
    "review": "굿",
    "date": "10.10.04",
    "rating": "10",
    "author": "kyc9****",
    "review_id": "4885300",
    "movie_id": "44914"
  },
  {
    "review": "재미있게 봤습니다. 정말 잼난하하~독특한 소재.주인공들~ 굿!!유하나씨 짱",
    "date": "10.09.30",
    "rating": "10",
    "author": "haha****",
    "review_id": "4877227",
    "movie_id": "44914"
  },
  {
    "review": "기사아저씨최고ㅋㅋㅋ이영화재미없다고??진짜센스꽝이네..감독님~잘만들었어요^^",
    "date": "10.09.30",
    "rating": "10",
    "author": "hwam****",
    "review_id": "4876144",
    "movie_id": "44914"
  },
  {
    "review": "영화라기 보다는 일본인의 시선을 담은 다큐멘터리와 흡사한 구조네요",
    "date": "10.09.24",
    "rating": "6",
    "author": "hoay****",
    "review_id": "4866056",
    "movie_id": "44914"
  },
  {
    "review": "내용 감동 아무것도 없네 시간때우기 용으로도 아깝다 소재만 독특할뿐 아무것도 없음",
    "date": "10.09.23",
    "rating": "3",
    "author": "feve****",
    "review_id": "4861890",
    "movie_id": "44914"
  },
  {
    "review": "독특한 소재에 녹아있는 사람사는 이야기..",
    "date": "10.09.22",
    "rating": "7",
    "author": "blue****",
    "review_id": "4856789",
    "movie_id": "44914"
  },
  {
    "review": "소재는 좋았는데 연출의 어색함을 어쩌냐? 현해탄은 어떻게 통과했을까?",
    "date": "10.09.19",
    "rating": "4",
    "author": "sfoc****",
    "review_id": "4848018",
    "movie_id": "44914"
  },
  {
    "review": "소재적 아이디어를 제대로 풀지 못한 성김",
    "date": "10.09.17",
    "rating": "4",
    "author": "erhe****",
    "review_id": "4841354",
    "movie_id": "44914"
  },
  {
    "review": "보는 내내 즐거웠어요! 이런 소소하고 훈훈함 너무 좋아요^^",
    "date": "10.09.14",
    "rating": "10",
    "author": "hto2****",
    "review_id": "4836518",
    "movie_id": "44914"
  },
  {
    "review": "훈훈 :) 감독의 위트, 화면시각처리.. 소소한 이런 코드가 좋다ㅋ",
    "date": "10.09.13",
    "rating": "10",
    "author": "zhdz****",
    "review_id": "4834170",
    "movie_id": "44914"
  },
  {
    "review": "스토리가 없지만 재밌었다.",
    "date": "10.09.12",
    "rating": "7",
    "author": "sink****",
    "review_id": "4832491",
    "movie_id": "44914"
  }
]