[
  {
    "review": "재밌다. 휴댄시 매력있고 아일라도 매력있고 ㅎ",
    "date": "15.08.23",
    "rating": "8",
    "author": "amel****",
    "review_id": "10265371",
    "movie_id": "44922"
  },
  {
    "review": "근성의 데릭 스미스에게...",
    "date": "15.08.04",
    "rating": "8",
    "author": "song****",
    "review_id": "10183296",
    "movie_id": "44922"
  },
  {
    "review": "스토리야 뻔해서 봐줄 수도 있지만 쇼퍼홀릭 치고 너무 촌스럽다",
    "date": "15.07.15",
    "rating": "5",
    "author": "rose****",
    "review_id": "10107801",
    "movie_id": "44922"
  },
  {
    "review": "뻔한 내용의 내인생 최악의 영화.",
    "date": "15.07.13",
    "rating": "1",
    "author": "dudc****",
    "review_id": "10100053",
    "movie_id": "44922"
  },
  {
    "review": "내용이 너무 뻔하다 보다보면 설마 여기서 이렇게 되는거 아니야? 라고 생각했던게 다 맞아 떨어진다ㅋ 차라리 쇼핑하는것에 더 초점을 맞췄더라면 더 재밌었을것같다",
    "date": "15.05.25",
    "rating": "6",
    "author": "dltm****",
    "review_id": "9950142",
    "movie_id": "44922"
  },
  {
    "review": "보는내내 짜증나는 영화",
    "date": "15.03.27",
    "rating": "1",
    "author": "wate****",
    "review_id": "9809616",
    "movie_id": "44922"
  },
  {
    "review": "너무 재밌게 봤어요~~~오래전 영화라 짧을줄 알았는데 러닝타임도 긴편 ㅋㅋ",
    "date": "15.03.25",
    "rating": "10",
    "author": "tkss****",
    "review_id": "9804269",
    "movie_id": "44922"
  },
  {
    "review": "배경도 좋고 유쾌하지만 너무 비현실적이라...",
    "date": "15.03.06",
    "rating": "7",
    "author": "djaw****",
    "review_id": "9761454",
    "movie_id": "44922"
  },
  {
    "review": "기대이상임 재밋어ㅋㅋㅋㅋ",
    "date": "15.02.16",
    "rating": "10",
    "author": "rkdt****",
    "review_id": "9701465",
    "movie_id": "44922"
  },
  {
    "review": "평점에 비해 재미있는 영화",
    "date": "14.12.25",
    "rating": "10",
    "author": "seas****",
    "review_id": "9511222",
    "movie_id": "44922"
  },
  {
    "review": "휴댄시 영국식 억양 너무 멋지다ㅠㅠㅠㅠ마지막에 교훈도 있고 아일라 피셔 매력 넘침~",
    "date": "14.12.20",
    "rating": "10",
    "author": "jero****",
    "review_id": "9494361",
    "movie_id": "44922"
  },
  {
    "review": "아일라 피셔의 연기가 너무 재미있고 명품연기네요~아일라 피셔 팬입니다^^",
    "date": "14.12.19",
    "rating": "10",
    "author": "yjk5****",
    "review_id": "9489081",
    "movie_id": "44922"
  },
  {
    "review": "남주 매력 터짐 ㅠㅠ 역시 레베카는 될년된이었어",
    "date": "14.12.12",
    "rating": "10",
    "author": "mixo****",
    "review_id": "9467220",
    "movie_id": "44922"
  },
  {
    "review": "이런건 평점좀 낮춰야돼 말도안되는 영화ㅡㅡ",
    "date": "14.12.10",
    "rating": "1",
    "author": "wp11****",
    "review_id": "9463370",
    "movie_id": "44922"
  },
  {
    "review": "여배우 스타일이 너무 촌스러 ㅜㅜ",
    "date": "14.12.05",
    "rating": "7",
    "author": "nana****",
    "review_id": "9449294",
    "movie_id": "44922"
  },
  {
    "review": "휴 댄시 ㅠㅠ 어릴 때 봤을 때 이 남자 매력있고 귀엽다 했는데 ㅠㅠ",
    "date": "14.11.26",
    "rating": "10",
    "author": "wlak****",
    "review_id": "9422645",
    "movie_id": "44922"
  },
  {
    "review": "지루하고 어설픈 전개.. 과소비녀의 신데렐라 스토리..  현실에서는 있을수없는 내용이라 아무리 좋게봐줄래도 공감무.. 마지막으로 여주가 넘 못생김",
    "date": "14.11.01",
    "rating": "1",
    "author": "wjrh****",
    "review_id": "9334080",
    "movie_id": "44922"
  },
  {
    "review": "돈 없는 집안에서 태어난 평범한 여자가 명품에 중독되서 쇼핑하는 이야기.",
    "date": "14.10.31",
    "rating": "10",
    "author": "rich****",
    "review_id": "9331072",
    "movie_id": "44922"
  },
  {
    "review": "평점 왜이럼? 그냥 우연에 우연을 겹치는 일들이 많았지만 진짜 쇼핑중독인 사람들한테는 끊기란 쉽지 않을거임 그래서 극적으로 전개될 수 밖에 없다고 생각함 요즘에 된장녀들?많이 있고 겉만 화려하게 치장하지말고 자신만의 가치를 찾으라는 교훈이 있는듯..",
    "date": "14.09.29",
    "rating": "10",
    "author": "znlw****",
    "review_id": "9247885",
    "movie_id": "44922"
  },
  {
    "review": "나는 소비한다. 고로 존재한다.",
    "date": "14.09.20",
    "rating": "4",
    "author": "rd72****",
    "review_id": "9230017",
    "movie_id": "44922"
  },
  {
    "review": "정말 진부하고 뻔하다 차라리 두시간 내내 쇼핑하고 돈쓰고 꾸미는 것만 나왔으면 대리만족이라도 했을 듯",
    "date": "14.09.13",
    "rating": "1",
    "author": "work****",
    "review_id": "9212118",
    "movie_id": "44922"
  },
  {
    "review": "재밌다 감동적이고 남자너무멋있다 ㅠㅜ",
    "date": "14.08.30",
    "rating": "10",
    "author": "dos7****",
    "review_id": "9145256",
    "movie_id": "44922"
  },
  {
    "review": "된장녀가 녹색스카프 사고나서부터 일잘풀리는 영화입니다.이게뭐야??",
    "date": "14.08.06",
    "rating": "5",
    "author": "tjdt****",
    "review_id": "9039897",
    "movie_id": "44922"
  },
  {
    "review": "소설 먼저 봤는데 영화도 재밌게 잘 만든거 같다. 주인공의 엉뚱하고 주체못하는 성격을 너무나도 잘 표현해 준거 같아서 만족!",
    "date": "14.07.19",
    "rating": "10",
    "author": "dkwn****",
    "review_id": "8930513",
    "movie_id": "44922"
  },
  {
    "review": "정말 영화 보는내내 장면장면 안넘기고 오랜만에 나랑 맞는 영화본거같다 ㅋㅋㅋㅋ",
    "date": "14.07.06",
    "rating": "10",
    "author": "love****",
    "review_id": "8889606",
    "movie_id": "44922"
  },
  {
    "review": "아니, 왜? 재밌는데 평점 왜 이럼? 결국엔 개과천선해서 철 들었잖아, 레베카! 그리고 너무 잘생긴 루크...!",
    "date": "14.06.28",
    "rating": "10",
    "author": "dkdl****",
    "review_id": "8863452",
    "movie_id": "44922"
  },
  {
    "review": "진짜 재밌게 본 영화 전개속도 괜찮아서 좋음",
    "date": "14.05.07",
    "rating": "10",
    "author": "co34****",
    "review_id": "8714472",
    "movie_id": "44922"
  },
  {
    "review": "발랄하고 귀여운 영화. 아일라 피셔도 이쁘고 남주도 훈훈했음. 모든게 여주인공 위주로 긍정적으로 해석되는(불행한일도) 전형적 칙릿뮤비.",
    "date": "14.04.22",
    "rating": "6",
    "author": "cygl****",
    "review_id": "8664941",
    "movie_id": "44922"
  },
  {
    "review": "많은 공감과 내자신에 대해 반성하게됨..ㅠㅠ",
    "date": "14.03.08",
    "rating": "8",
    "author": "coll****",
    "review_id": "8562823",
    "movie_id": "44922"
  },
  {
    "review": "누구나 가지고 있는 쇼퍼홀릭증상! 교훈도 있고 여자주인공이 매력적이고 재밌게 내용을 잘 풀이해준 것 같다.재밌다!!",
    "date": "14.02.28",
    "rating": "10",
    "author": "gjgp****",
    "review_id": "8546604",
    "movie_id": "44922"
  },
  {
    "review": "철업는 덜렁이아가씨의  사랑찾기",
    "date": "14.02.20",
    "rating": "7",
    "author": "last****",
    "review_id": "8522078",
    "movie_id": "44922"
  },
  {
    "review": "아일라 피셔의 원맨쇼같은 영화.",
    "date": "14.02.06",
    "rating": "5",
    "author": "kxvt****",
    "review_id": "8481945",
    "movie_id": "44922"
  },
  {
    "review": "나한텐 10점짜리 영화ㅎㅎ이거저거 다떠나서 우울할때마다보면 뭔가 기분이 나아진다 남주도 멋있고 짱짱",
    "date": "14.01.31",
    "rating": "10",
    "author": "z2tn****",
    "review_id": "8453032",
    "movie_id": "44922"
  },
  {
    "review": "원래 이런 영화 별로 안좋아하는데 OST까지 완전 마음에 들어요♥♥♥개봉해서 영화관에서 본 뒤에도 3번이나 더 봤어요♥♥",
    "date": "14.01.27",
    "rating": "10",
    "author": "kira****",
    "review_id": "8437102",
    "movie_id": "44922"
  },
  {
    "review": "웃기지도 않고, 스토리도 짜증스럽다",
    "date": "14.01.10",
    "rating": "1",
    "author": "pp14****",
    "review_id": "8367657",
    "movie_id": "44922"
  },
  {
    "review": "아일라피셔의 통통튀는 매력에 반해버린 영화!",
    "date": "14.01.01",
    "rating": "9",
    "author": "rive****",
    "review_id": "8332443",
    "movie_id": "44922"
  },
  {
    "review": "다소 무리는 있지만 무난하게 킬링타임은 됨..",
    "date": "13.12.10",
    "rating": "8",
    "author": "tn99****",
    "review_id": "8205034",
    "movie_id": "44922"
  },
  {
    "review": "휴댄시 때문에 6점준다 원랜 0점",
    "date": "13.11.12",
    "rating": "6",
    "author": "haug****",
    "review_id": "8133262",
    "movie_id": "44922"
  },
  {
    "review": "기대감없이 잼있게 봤음, 킬링타임용",
    "date": "13.10.31",
    "rating": "10",
    "author": "lone****",
    "review_id": "8105850",
    "movie_id": "44922"
  },
  {
    "review": "된장녀 갱생(?)같지도 않은 영화",
    "date": "13.10.23",
    "rating": "7",
    "author": "dudf****",
    "review_id": "8081631",
    "movie_id": "44922"
  },
  {
    "review": "솔직히 책을 읽지 않았다면 재미 없었을 것 같다. 책 속의 주인공처럼 사랑스럽지가 않음.",
    "date": "13.10.06",
    "rating": "8",
    "author": "bigb****",
    "review_id": "8038503",
    "movie_id": "44922"
  },
  {
    "review": "쇼퍼홀릭이라면 꼭 보세요",
    "date": "13.10.04",
    "rating": "9",
    "author": "kseo****",
    "review_id": "8034403",
    "movie_id": "44922"
  },
  {
    "review": "평점 너무높아. 낮춰야돼.이렇게 수준떨어지는 된장 스러운 삼류따위를?",
    "date": "13.09.14",
    "rating": "1",
    "author": "jjma****",
    "review_id": "7978789",
    "movie_id": "44922"
  },
  {
    "review": "내가 젤 좋아하는 영화 중 하나ㅋㅋㅋ 재밌고 가볍구 칙릿소설을 바탕으로해서 볼거도 정말 많다ㅋㅋ 5번가 윈도우는 정말 킬링미!!!!!!",
    "date": "13.08.15",
    "rating": "9",
    "author": "jooa****",
    "review_id": "7885589",
    "movie_id": "44922"
  },
  {
    "review": "그냥 귀여움 ㅋㅋㅋ 만화같은 영화임 ㅋㅋ",
    "date": "13.08.13",
    "rating": "8",
    "author": "twin****",
    "review_id": "7876360",
    "movie_id": "44922"
  },
  {
    "review": "남주가 멋있고 영화도 유쾌하고 재미있었다ㅋㅋㅋ",
    "date": "13.08.12",
    "rating": "9",
    "author": "leet****",
    "review_id": "7871992",
    "movie_id": "44922"
  },
  {
    "review": "기대이상!!!",
    "date": "13.07.21",
    "rating": "9",
    "author": "heej****",
    "review_id": "7771068",
    "movie_id": "44922"
  },
  {
    "review": "재밋고 유쾌하다...아일라피셔라는 배우를 알게됏다...",
    "date": "13.07.10",
    "rating": "8",
    "author": "tull****",
    "review_id": "7721635",
    "movie_id": "44922"
  },
  {
    "review": "굿!?^",
    "date": "13.07.06",
    "rating": "8",
    "author": "qhqh****",
    "review_id": "7709031",
    "movie_id": "44922"
  },
  {
    "review": "너무나 영화같은 내용이라 깨닫는건 별로없었지만 잘봤어요",
    "date": "13.06.30",
    "rating": "10",
    "author": "ym99****",
    "review_id": "7692060",
    "movie_id": "44922"
  },
  {
    "review": "기대해서 봤는지 실망이 많이 크네요. 어수선한 편집에 전개가 엉성하고 깔끔하지 않아서 이해를 못했어요. 러브스토리도 약하고 그렇다고 패션이 눈에 띄게 좋은 것도 아니고...그래도 코미디랑 OST는 좋고 뭔가 깨닫게 해주는 영화에요.",
    "date": "13.06.09",
    "rating": "6",
    "author": "i_05****",
    "review_id": "7620333",
    "movie_id": "44922"
  },
  {
    "review": "그래도 뭐 .. 괜찮았다 ㅋ",
    "date": "13.06.09",
    "rating": "9",
    "author": "ysm9****",
    "review_id": "7615514",
    "movie_id": "44922"
  },
  {
    "review": "묘하게 억지스러우면서도 이해하기 힘든 영화. 시간때우기로는 보기 좋습니다.",
    "date": "13.06.05",
    "rating": "6",
    "author": "jyle****",
    "review_id": "7581310",
    "movie_id": "44922"
  },
  {
    "review": "평점에 비해 재미있게 봤어요ㅎㅎ 역시 평점이 낮으면 기대감이 적어서 그런지 재미있네요....끊김없이 재미있게 봤음..",
    "date": "13.06.02",
    "rating": "10",
    "author": "naya****",
    "review_id": "7571002",
    "movie_id": "44922"
  },
  {
    "review": "귀엽긴 하다.",
    "date": "13.05.12",
    "rating": "6",
    "author": "ilil****",
    "review_id": "7524377",
    "movie_id": "44922"
  },
  {
    "review": "재밌는데 평점이왜이러지????????????????!!!!!!!!!!!!!!!!!!!!!!!!!!!!!!!!!!!!!!!",
    "date": "13.05.04",
    "rating": "10",
    "author": "shal****",
    "review_id": "7506056",
    "movie_id": "44922"
  },
  {
    "review": "아 정말 귀엽닼ㅋㅋㅋㅋㅋㅋㅋㅋㅋ 사랑스러움이 뚝뚝 흐르는 깜짝 선물 같은 영화. 이렇게 기분 좋은 영화도 간만이다.",
    "date": "13.04.22",
    "rating": "10",
    "author": "minw****",
    "review_id": "7475929",
    "movie_id": "44922"
  },
  {
    "review": "오버, 작위, 진부 and 슬랩스틱~",
    "date": "13.04.20",
    "rating": "1",
    "author": "expr****",
    "review_id": "7471563",
    "movie_id": "44922"
  },
  {
    "review": "쓰레기도 이딴쓰레기가 없을거야사랑과전쟁보다 더 욕하면서 봤네",
    "date": "13.04.18",
    "rating": "1",
    "author": "cruc****",
    "review_id": "7466892",
    "movie_id": "44922"
  },
  {
    "review": "쇼핑의 어두운 단면을 나타낸다고 했으나 한편으론 허영심도 부추길듯",
    "date": "13.04.18",
    "rating": "3",
    "author": "sasc****",
    "review_id": "7466888",
    "movie_id": "44922"
  },
  {
    "review": "이영화보고 휴댄시한테 빠지고 남자가 없어서 외롭다고 느끼게 됬네영;; 근데 휴댄시 목소리 진짜 좋은듯. 영화 내용도 너무 재미있고 기회가되면 원작을 꼭 사서 보싶네요!!",
    "date": "13.04.16",
    "rating": "10",
    "author": "chfh****",
    "review_id": "7463898",
    "movie_id": "44922"
  },
  {
    "review": "재밌게 잘 봤어요^^",
    "date": "13.04.07",
    "rating": "10",
    "author": "dars****",
    "review_id": "7441355",
    "movie_id": "44922"
  },
  {
    "review": "당시 개봉했을 때 봤었던 영화다. 주변인들은 흥미진진하게 보는 사람들도, 그렇지 않은 사람들도 있었다. 하지만 이게 진정성이 없다거나 재미없다고 혹평을 내릴 정도의 하류는 아니다. 이 영화의 주 촛점은 '중독'에 관한 내용이다.",
    "date": "13.04.01",
    "rating": "8",
    "author": "butt****",
    "review_id": "7429266",
    "movie_id": "44922"
  },
  {
    "review": "ㅋㅋ 굿",
    "date": "13.03.28",
    "rating": "10",
    "author": "kimj****",
    "review_id": "7415793",
    "movie_id": "44922"
  },
  {
    "review": "뭣하나 진정성이 없는",
    "date": "13.03.17",
    "rating": "1",
    "author": "gusw****",
    "review_id": "7355545",
    "movie_id": "44922"
  },
  {
    "review": "이거 영화냐 ㅋ",
    "date": "13.03.13",
    "rating": "1",
    "author": "mbw7****",
    "review_id": "7344126",
    "movie_id": "44922"
  },
  {
    "review": "칙릿영화 원작이있어기본은된다",
    "date": "13.02.23",
    "rating": "7",
    "author": "jjcv****",
    "review_id": "7293086",
    "movie_id": "44922"
  },
  {
    "review": "나를 다시한번 깨닫게 해주는 영화.",
    "date": "13.02.23",
    "rating": "10",
    "author": "tp2f****",
    "review_id": "7292373",
    "movie_id": "44922"
  },
  {
    "review": "악마는 프라다와 동류의 영화를 찾는다면 이 영화를... 쇼핑의 행복을 만끽할 수 있다 ㅋㅋ",
    "date": "13.02.16",
    "rating": "8",
    "author": "goll****",
    "review_id": "7270313",
    "movie_id": "44922"
  },
  {
    "review": "너무지루하다....어떻게이런게 평점이 높은건지.",
    "date": "13.02.10",
    "rating": "1",
    "author": "a18s****",
    "review_id": "7246457",
    "movie_id": "44922"
  },
  {
    "review": "쇼퍼홀릭이지 패셔니스타는 아니다.",
    "date": "13.02.09",
    "rating": "4",
    "author": "boyc****",
    "review_id": "7241598",
    "movie_id": "44922"
  },
  {
    "review": "어떻게 이영화가이렇게 평점이높지?? 여주인공짜증나고 영화자체엉성 킬링타임용으로 본 시간조차 아까운건 어떻게해야됨",
    "date": "13.02.09",
    "rating": "1",
    "author": "magi****",
    "review_id": "7241282",
    "movie_id": "44922"
  },
  {
    "review": "레베카 너무 귀엽고 남주도 멋있고 둘이 너무 잘어울림 ㅎㅎ",
    "date": "13.02.08",
    "rating": "10",
    "author": "dpdl****",
    "review_id": "7237542",
    "movie_id": "44922"
  },
  {
    "review": "그냥 캐릭터들 매력 보는 맛에 끝까지 본듯. 미국에 이런 스토리와 분위기의 로코는 수없이 많다",
    "date": "13.01.25",
    "rating": "7",
    "author": "ejxl****",
    "review_id": "7172369",
    "movie_id": "44922"
  },
  {
    "review": "처음부턴못봤지만 정말재미있었다!! 여자라면 한번쯤은 공감할 이야기ㅎㅎ",
    "date": "13.01.24",
    "rating": "10",
    "author": "nhd2****",
    "review_id": "7168820",
    "movie_id": "44922"
  },
  {
    "review": "원작 살짝 읽고 재미있어 기대했는데 엔딩전까진 정신 못 차리는 여주 캐릭터가 참 짜증났는데.. 엔딩이 유쾌하게 끝나서 끝까지 본 보람이 있다ㅎㅎ 그렇지만 여주는 마냥 사랑스러운 캐릭터는 아닌듯.. 정신차렸으니 다행이지만...ㅋㅋㅋ",
    "date": "13.01.16",
    "rating": "7",
    "author": "s2_k****",
    "review_id": "7122389",
    "movie_id": "44922"
  },
  {
    "review": "아무 생각없이, 귀엽게 조잘대는 캐릭터를 즐기면 된다",
    "date": "13.01.13",
    "rating": "6",
    "author": "hell****",
    "review_id": "7107934",
    "movie_id": "44922"
  },
  {
    "review": "완전재밋음!여자라먄 충분히 공감가는 이야기다!!!",
    "date": "13.01.08",
    "rating": "10",
    "author": "gorl****",
    "review_id": "7092296",
    "movie_id": "44922"
  },
  {
    "review": "각자의캐릭터를 배우들에게,이해시키는,감독의연출방법이 아주 독특했음...웃기기는,또 왜 그렇게 웃긴지...내게는,@퀸카로 살아남는법@이후에,최고의로맨틱 코미디...시작부터 끝까지,줄기차게 흘러감.신나게 보아진달까?유쾌하고,달콤 쌉싸름한,초콜릿 같은 영화",
    "date": "13.01.07",
    "rating": "7",
    "author": "baks****",
    "review_id": "7090390",
    "movie_id": "44922"
  },
  {
    "review": "너무웃겨요ㅎㅎㅎ",
    "date": "13.01.04",
    "rating": "10",
    "author": "icsy****",
    "review_id": "7082206",
    "movie_id": "44922"
  },
  {
    "review": "진짜 홀릭! 빠져듭니다!",
    "date": "12.12.27",
    "rating": "10",
    "author": "gogo****",
    "review_id": "7054894",
    "movie_id": "44922"
  },
  {
    "review": "재밋었음ㅎㅎ보는내내웃음ㅋㄱㄱㅋㄱ",
    "date": "12.12.26",
    "rating": "10",
    "author": "kng3****",
    "review_id": "7051169",
    "movie_id": "44922"
  },
  {
    "review": "여주인공의 매력이 상당하다..진짜 귀요미^^",
    "date": "12.12.23",
    "rating": "8",
    "author": "7306****",
    "review_id": "7033909",
    "movie_id": "44922"
  },
  {
    "review": "보는내내 웃었다.ㅋㅋㅋㅋ특히 엔딩 진짜 웃김 ㅋㅋㅋ재밌곸ㅋㅋ",
    "date": "12.12.16",
    "rating": "10",
    "author": "dext****",
    "review_id": "7011353",
    "movie_id": "44922"
  },
  {
    "review": "It's Really Boring ! Just killing time",
    "date": "12.12.16",
    "rating": "5",
    "author": "dong****",
    "review_id": "7011295",
    "movie_id": "44922"
  },
  {
    "review": "여자들 보는 영화라고 기대 안하고 봤는데, 생각보다 재밌었다. 에일라 피셔 푼수 연기 쥑이네 ㅋㅋ.",
    "date": "12.12.12",
    "rating": "8",
    "author": "csmo****",
    "review_id": "6995908",
    "movie_id": "44922"
  },
  {
    "review": "완전 잼있게 봤음 ^^ 여자라면 백퍼 공감 ^^",
    "date": "12.12.06",
    "rating": "10",
    "author": "hjan****",
    "review_id": "6978945",
    "movie_id": "44922"
  },
  {
    "review": "늦게본게 후회된다ㅡ시간가는줄 모르고봤다평점이 이해가 안된다ㅡ악마는 프라다를 입는다보다 더 재밌게 봤당ㅡ",
    "date": "12.12.06",
    "rating": "10",
    "author": "anit****",
    "review_id": "6976711",
    "movie_id": "44922"
  },
  {
    "review": "남자완전멋있네~~~~~~!!!!!",
    "date": "12.12.04",
    "rating": "10",
    "author": "rose****",
    "review_id": "6969504",
    "movie_id": "44922"
  },
  {
    "review": "엄청 잼잇는뎈ㅋㅋ 귀엽구 깜찍햇던 영화인것같아용ㅎㅎ",
    "date": "12.11.28",
    "rating": "10",
    "author": "zoay****",
    "review_id": "6934054",
    "movie_id": "44922"
  },
  {
    "review": "평점이 너무 낮다. 아일러피셔앓이 ♥",
    "date": "12.11.24",
    "rating": "10",
    "author": "gksr****",
    "review_id": "6921657",
    "movie_id": "44922"
  },
  {
    "review": "재밌는데 왤케평점이낮지???ㅋㅋ",
    "date": "12.11.20",
    "rating": "9",
    "author": "popp****",
    "review_id": "6909117",
    "movie_id": "44922"
  },
  {
    "review": "[4점] 중간중간에 지루하기까지 이것도 저것도 안되는",
    "date": "12.11.15",
    "rating": "4",
    "author": "fann****",
    "review_id": "6889554",
    "movie_id": "44922"
  },
  {
    "review": "너무 귀엽고 재밌는 영화 ㅋㅋㅋㅋ",
    "date": "12.11.07",
    "rating": "8",
    "author": "su10****",
    "review_id": "6862110",
    "movie_id": "44922"
  },
  {
    "review": "정말 재밋어요!!!!",
    "date": "12.11.05",
    "rating": "10",
    "author": "tbsy****",
    "review_id": "6858209",
    "movie_id": "44922"
  },
  {
    "review": "킬링타임용도 안되는... 스타일이라도 보려고 했더니 건질게 하나도 없네.",
    "date": "12.10.13",
    "rating": "4",
    "author": "neo_****",
    "review_id": "6795801",
    "movie_id": "44922"
  },
  {
    "review": "아...너무재미있어요 ㅜ 연기부터 배우들까지.. 이런 장르 영화 너무좋아여",
    "date": "12.09.21",
    "rating": "10",
    "author": "pino****",
    "review_id": "6716509",
    "movie_id": "44922"
  },
  {
    "review": "좋다 그냥!",
    "date": "12.09.20",
    "rating": "8",
    "author": "hysk****",
    "review_id": "6715555",
    "movie_id": "44922"
  },
  {
    "review": "채널cgv고마워요! 지금2부 광고중이에요ㅎㅎ너무 좋아요 패션관련영화는 다 재밌는것같아요",
    "date": "12.09.20",
    "rating": "9",
    "author": "echo****",
    "review_id": "6715450",
    "movie_id": "44922"
  },
  {
    "review": "원작있는 영화는 어려움이 많다... 아일라 피셔의 연기에 그나마 점수준다",
    "date": "12.09.20",
    "rating": "7",
    "author": "mepi****",
    "review_id": "6715090",
    "movie_id": "44922"
  }
]