[
  {
    "review": "뻔하면서도 뻔하지 않은 영화! 좀더 평가받아도 될듯",
    "date": "15.08.24",
    "rating": "10",
    "author": "dog1****",
    "review_id": "10271758",
    "movie_id": "44920"
  },
  {
    "review": "오랜만에 다시 보니까또다른느낌 좋음 ㅎㅎ",
    "date": "15.08.19",
    "rating": "10",
    "author": "zzji****",
    "review_id": "10250421",
    "movie_id": "44920"
  },
  {
    "review": "눈물까지 나게 몰입ㅜㅜ 감동적 달달합니다 사랑그 설레이는 느낌 느끼기 좋은영화예요 여성분께추천 저 2번봄",
    "date": "15.08.16",
    "rating": "10",
    "author": "jush****",
    "review_id": "10242881",
    "movie_id": "44920"
  },
  {
    "review": "할리우드산 달콤한 헛물",
    "date": "15.08.11",
    "rating": "4",
    "author": "syoc****",
    "review_id": "10216885",
    "movie_id": "44920"
  },
  {
    "review": "평점 왜이래 낮나요? ㅠㅠ 넘 재밋게 봣어영. ㅜ 동거남 부엌에 잇을때 감동 ㅠㅠ 지지커플도 넘 귀엽고 사랑스러워요 바람남은 웃을때 넘 섹시햇는데 아싑게 끝나버렷네영 ㅠㅠ",
    "date": "15.08.08",
    "rating": "9",
    "author": "hur2****",
    "review_id": "10200342",
    "movie_id": "44920"
  },
  {
    "review": "미국영화인데 동양인정서에도 이렇게 공감이 되다니...연애는 만국공통어인가봐요....너어어어무 재밌어여...!!! ♥♥♥",
    "date": "15.07.26",
    "rating": "9",
    "author": "diva****",
    "review_id": "10145512",
    "movie_id": "44920"
  },
  {
    "review": "남들이 참 부럽다. 서로 마음 맞는 사람이 있다는 것이 부럽다.",
    "date": "15.07.20",
    "rating": "8",
    "author": "toha****",
    "review_id": "10124385",
    "movie_id": "44920"
  },
  {
    "review": "평점 올릴 필요가있다. 뻔한 부분도 있긴하지만 재밌게 봄.  진짜 본인이 연락할 마음 없으면서 명암 주는 심리는 뭘까?",
    "date": "15.07.08",
    "rating": "10",
    "author": "1122****",
    "review_id": "10079961",
    "movie_id": "44920"
  },
  {
    "review": "사랑은 힘들다 때론 지지처럼 미소가 아름답고 맑고 순수한 여자 때론 애너처럼 치명적으로 섹시한 여자에게 끌리는게 남자니까 그리고 그 어떠한 경우라도 영원한건 없으니까 그래서 사랑은 노력과 헌신 그리고 인내와 희생이 필요한거겠지",
    "date": "15.07.07",
    "rating": "6",
    "author": "cine****",
    "review_id": "10079141",
    "movie_id": "44920"
  },
  {
    "review": "보고 보고 또봐도 잼씀~~",
    "date": "15.07.02",
    "rating": "10",
    "author": "luvi****",
    "review_id": "10061255",
    "movie_id": "44920"
  },
  {
    "review": "영화가 너무 복잡하다...ㅜㅜ",
    "date": "15.06.27",
    "rating": "6",
    "author": "yena****",
    "review_id": "10043528",
    "movie_id": "44920"
  },
  {
    "review": "이 정도면 훌륭하다. 여느 다른 오락 영화처럼 메세지가 없는 것도 아니며 헌실적임. 최고의 배우들 한데 모여있는 재미 역시 쏠쏠하당",
    "date": "15.06.23",
    "rating": "8",
    "author": "imgh****",
    "review_id": "10024476",
    "movie_id": "44920"
  },
  {
    "review": "나는 왜 지루하게 느껴졌지....",
    "date": "15.06.12",
    "rating": "6",
    "author": "eimi****",
    "review_id": "9992440",
    "movie_id": "44920"
  },
  {
    "review": "공감간다. 주옥같은 말 많이 나옴",
    "date": "15.06.07",
    "rating": "10",
    "author": "fks2****",
    "review_id": "9982547",
    "movie_id": "44920"
  },
  {
    "review": "재밌는데 평점이 낮네 지지랑 알렉스 커플 넘 예뿜",
    "date": "15.05.26",
    "rating": "10",
    "author": "z2tn****",
    "review_id": "9952492",
    "movie_id": "44920"
  },
  {
    "review": "스칼렛요한슨의 초정절미모가 빛나는 영화.",
    "date": "15.05.20",
    "rating": "9",
    "author": "kjk9****",
    "review_id": "9933754",
    "movie_id": "44920"
  },
  {
    "review": "초 호화 캐스팅에 로맨틱 코미디의 진수를 보여준 영화. 연인 사이에서 일어날 수 있는 일을 사실대로 잘 그려낸 듯. 남자임에도 재미있게 봄. 감동도 있었고",
    "date": "15.05.18",
    "rating": "9",
    "author": "khj8****",
    "review_id": "9929252",
    "movie_id": "44920"
  },
  {
    "review": "난 왜 지루하게만 느껴지지?",
    "date": "15.05.18",
    "rating": "2",
    "author": "whdg****",
    "review_id": "9928319",
    "movie_id": "44920"
  },
  {
    "review": "멋진영화 너무사랑스럽다",
    "date": "15.05.06",
    "rating": "10",
    "author": "whdb****",
    "review_id": "9899873",
    "movie_id": "44920"
  },
  {
    "review": "현실연애의표본+로맨틱코미디",
    "date": "15.05.06",
    "rating": "10",
    "author": "thsa****",
    "review_id": "9899864",
    "movie_id": "44920"
  },
  {
    "review": "정말 재밌네요. 지지 너무 귀여워요. 알렉스도 멋있고.",
    "date": "15.05.02",
    "rating": "9",
    "author": "jude****",
    "review_id": "9888256",
    "movie_id": "44920"
  },
  {
    "review": "많은걸 생각하게하는 영화네요",
    "date": "15.04.15",
    "rating": "10",
    "author": "pioo****",
    "review_id": "9846359",
    "movie_id": "44920"
  },
  {
    "review": "인기 있는 배우들을 잔뜩 모아 러브 액추얼리를 재현하려 했지만, 나는 이 영화에 반하지 않았다.",
    "date": "15.03.31",
    "rating": "5",
    "author": "tear****",
    "review_id": "9818885",
    "movie_id": "44920"
  },
  {
    "review": "영화지만 영화같지않은 영화.마음편히 볼수있어좋다.",
    "date": "15.03.28",
    "rating": "10",
    "author": "hans****",
    "review_id": "9812700",
    "movie_id": "44920"
  },
  {
    "review": "7점이 제일 적당한것 같다란 영화. 솔직히 처음은 괜찮고 중간에 살짝 지루한게 없이않아있었다. 마지막에 큰감동과 지식을 남겨준것 같다  그사람을 진심으로 좋아한다면. 하루종일 그사람에게 빠져있다란 단순한 공통점 그게 이영화에서 알려주는 바로다~",
    "date": "15.03.15",
    "rating": "7",
    "author": "sran****",
    "review_id": "9783691",
    "movie_id": "44920"
  },
  {
    "review": "이걸 돈주고 극장에서 봤던 1인... 아주 평범하고 기억에 남는게 없는 영화.",
    "date": "15.03.05",
    "rating": "2",
    "author": "jere****",
    "review_id": "9758402",
    "movie_id": "44920"
  },
  {
    "review": "눈치 없는 지지에게 제발그러지마를 연발하며 연민이느껴지다가 연애에 서투르고 애쓰고 노력하는 지지를 응원하게 되며 한편으론 사랑스럽기까지하다지지에게 감정이입 하며 보게된나를 발견 !",
    "date": "15.02.05",
    "rating": "8",
    "author": "skyv****",
    "review_id": "9667793",
    "movie_id": "44920"
  },
  {
    "review": "왜이렇게 지지에게 공감되는지 모르겠다.",
    "date": "15.01.18",
    "rating": "8",
    "author": "swee****",
    "review_id": "9609024",
    "movie_id": "44920"
  },
  {
    "review": "아 각 캐릭터들이 참 공감이 많이 갔던 영화 오랜만에 울고 웃고 했음ㅋ 브래들리쿠퍼는 정말... 너무 핫 함ㅋㅋ",
    "date": "15.01.17",
    "rating": "10",
    "author": "hway****",
    "review_id": "9603378",
    "movie_id": "44920"
  },
  {
    "review": "러브 액추얼리도 공감 안되고 이것도 지루하구나 여자들이 보는 영화 ㅠㅠ",
    "date": "14.12.18",
    "rating": "7",
    "author": "kjs7****",
    "review_id": "9485785",
    "movie_id": "44920"
  },
  {
    "review": "사람은 사랑에 언제나 목마르다.감정에 메말라가는요즘 뒤돌아한번보면 메마른 정서에 감정이 일수잇을것같다.",
    "date": "14.12.17",
    "rating": "7",
    "author": "tull****",
    "review_id": "9479824",
    "movie_id": "44920"
  },
  {
    "review": "이거보면 진짜 소개팅후 내모습과 일치하는 주인공을 보게되고  소름끼칠정도로 친구와나의대화를스캔해논듯ㅋㅋ많은걸얻고간다. 진짜 남자쪽에서 먼저연락이없는건 바쁜일이잇어서가아니라 나에게반하지않앗다는말..지난과거를떠오르게만드는영홬ㅋㅋ꼭보세요",
    "date": "14.11.19",
    "rating": "10",
    "author": "wjdt****",
    "review_id": "9401420",
    "movie_id": "44920"
  },
  {
    "review": "평점 너무낮다 올려주기 위해 십점 알렉스 고백 장면은 다시봐도 진짜 좋음",
    "date": "14.11.16",
    "rating": "10",
    "author": "eksc****",
    "review_id": "9389206",
    "movie_id": "44920"
  },
  {
    "review": "너무 공감도 되고.. 예쁜 영화라고 느꼈음 ㅠㅠ 특히 알렉스 캐릭터가 진짜 매력적",
    "date": "14.11.05",
    "rating": "10",
    "author": "khg1****",
    "review_id": "9342337",
    "movie_id": "44920"
  },
  {
    "review": "평점 약하네 지지 표정 밝은거 매력있음",
    "date": "14.11.04",
    "rating": "10",
    "author": "ohmk****",
    "review_id": "9340235",
    "movie_id": "44920"
  },
  {
    "review": "사랑에 고민이 많았던 시절 사랑한다는게 뭔지 다시 깨닫게 해준 영화. 공감할 수 있고 현실적인 얘기들이 더 위로가 된 영화였다. 다시봐도 너무  설렘설렘",
    "date": "14.11.02",
    "rating": "9",
    "author": "3tkf****",
    "review_id": "9337139",
    "movie_id": "44920"
  },
  {
    "review": "처음에 볼땐 그냥 그랬는데 한번 더 보니 공감이 정말 많이 가는 영화! 또보면 또 새로운 공감이 생길듯 ㅎㅎ 자기 상황에 따라 와닿는게 다를것 같네요 굳 추천!!",
    "date": "14.09.28",
    "rating": "10",
    "author": "lsa3****",
    "review_id": "9247392",
    "movie_id": "44920"
  },
  {
    "review": "100번 이상 본 영화.첨엔 영어공부하려고 시작했다가 나중엔 ...보고 또 보고 싶어서 본",
    "date": "14.09.27",
    "rating": "10",
    "author": "smil****",
    "review_id": "9243463",
    "movie_id": "44920"
  },
  {
    "review": "평점에 비해 훨씬 재밌어요!",
    "date": "14.09.20",
    "rating": "10",
    "author": "rach****",
    "review_id": "9228778",
    "movie_id": "44920"
  },
  {
    "review": "내평점공감이 되긴 하지만, 지루한 감이 없지않아 있는 영화 내가 이영화를 통해 깨달은건 나의 인연이 지금 믿고있는 사람이 아닐 수도 있다는 점과 어쩌면 예상치도 못한 사람이 나의 연일수도 있다는것",
    "date": "14.09.13",
    "rating": "7",
    "author": "whdg****",
    "review_id": "9210363",
    "movie_id": "44920"
  },
  {
    "review": "보고또보게되는영화♥",
    "date": "14.08.26",
    "rating": "10",
    "author": "hji0****",
    "review_id": "9134906",
    "movie_id": "44920"
  },
  {
    "review": "저스틴롱이 가장 기억에 남는다.. 속시원한영화 ㅋㅋ",
    "date": "14.08.22",
    "rating": "9",
    "author": "ala9****",
    "review_id": "9120371",
    "movie_id": "44920"
  },
  {
    "review": "재밌는데 평점이 이상하다 싶을 정도로 낮다.",
    "date": "14.08.22",
    "rating": "10",
    "author": "dkdl****",
    "review_id": "9119967",
    "movie_id": "44920"
  },
  {
    "review": "저스틴롱 넘 멋져요 완전 제 이상형~~",
    "date": "14.08.21",
    "rating": "8",
    "author": "joli****",
    "review_id": "9119581",
    "movie_id": "44920"
  },
  {
    "review": "아 두근두근거려 <3 너무 설렘!!",
    "date": "14.08.20",
    "rating": "10",
    "author": "clan****",
    "review_id": "9112895",
    "movie_id": "44920"
  },
  {
    "review": "저스틴롱밖에보이지않았던영화.",
    "date": "14.08.12",
    "rating": "9",
    "author": "126t****",
    "review_id": "9070984",
    "movie_id": "44920"
  },
  {
    "review": "너무재밌게봤어요!!남자심리를알게된!",
    "date": "14.08.09",
    "rating": "10",
    "author": "ksy5****",
    "review_id": "9053055",
    "movie_id": "44920"
  },
  {
    "review": "재밌다. 감동. 오. 오랜만에 좋은 로맨스 코미디 봤다.",
    "date": "14.08.03",
    "rating": "10",
    "author": "juha****",
    "review_id": "9016959",
    "movie_id": "44920"
  },
  {
    "review": "영화 진짜 좋던데. 남자심리에 대해서도 알게 되궁..",
    "date": "14.07.24",
    "rating": "10",
    "author": "dirh****",
    "review_id": "8951527",
    "movie_id": "44920"
  },
  {
    "review": "기대이하입니다..ㅎ",
    "date": "14.07.14",
    "rating": "4",
    "author": "tott****",
    "review_id": "8916146",
    "movie_id": "44920"
  },
  {
    "review": "그냥 계산하지말고 후회없이 내 마음 다 표현하고 사랑하는 그런 연애 한번 해보고싶다",
    "date": "14.07.10",
    "rating": "8",
    "author": "psyj****",
    "review_id": "8901467",
    "movie_id": "44920"
  },
  {
    "review": "연락하는 방식들이 부럽다",
    "date": "14.06.23",
    "rating": "7",
    "author": "sksd****",
    "review_id": "8848544",
    "movie_id": "44920"
  },
  {
    "review": "He`s just not that into you. 명대사임.. 나이 먹을수록 명대사라는게 와닿음!",
    "date": "14.06.14",
    "rating": "10",
    "author": "wond****",
    "review_id": "8828712",
    "movie_id": "44920"
  },
  {
    "review": "한국적인 정서를 갖고있다면 죽을때까지 이 영화는 이해되지 않을것",
    "date": "14.06.04",
    "rating": "10",
    "author": "jsh1****",
    "review_id": "8792933",
    "movie_id": "44920"
  },
  {
    "review": "뮤명 배우들이 떼거지로 등장하는 로맨스 영화  중  최고.  모든 이야기들이 잘 얽혀 있다. 마지막 엔딩 장면의 대사가 인상적.이다.",
    "date": "14.05.31",
    "rating": "10",
    "author": "last****",
    "review_id": "8779033",
    "movie_id": "44920"
  },
  {
    "review": "대사 하나하나가 남자인 나한테도 다가오네요결혼을 결정 하지못하는 남자들 한테도 추천!!!",
    "date": "14.05.19",
    "rating": "9",
    "author": "comf****",
    "review_id": "8748142",
    "movie_id": "44920"
  },
  {
    "review": "중딩때는 이 영화가 너무 지루했는데 25먹어서 다시보니까 너무 공감되고 너무 재밌다. ㅎㅎㅎㅎ",
    "date": "14.05.13",
    "rating": "10",
    "author": "mink****",
    "review_id": "8727921",
    "movie_id": "44920"
  },
  {
    "review": "뭐라 설명할 수 있을까? 그냥 복잡하다...어떤게 옳은 것일까? 답은 있는 걸까?",
    "date": "14.05.09",
    "rating": "10",
    "author": "jens****",
    "review_id": "8718645",
    "movie_id": "44920"
  },
  {
    "review": "기대를 안하고 봐서인지 볼만했다",
    "date": "14.05.08",
    "rating": "8",
    "author": "loen****",
    "review_id": "8715751",
    "movie_id": "44920"
  },
  {
    "review": "정말 사랑에 울어보고 웃어본 사람이면 공감할 수 있을 영화인듯.. 밴에플렉이랑 제니퍼 후반씬에서 나도 모르게 눈물이 주르륵 ㅜㅜ 완전 몰입했음! 남자들은 지루할수도있겠지만 여자들에겐 강추!",
    "date": "14.04.27",
    "rating": "9",
    "author": "iisw****",
    "review_id": "8678719",
    "movie_id": "44920"
  },
  {
    "review": "난 진짜 이 영화가 정말 재밌는거에 비해 평점이 너무 낮다고 생각해요 나는 개인적으로 러브엑츄얼리보다 재밋고 참신하게 봤습니다ㅋㅋ",
    "date": "14.04.16",
    "rating": "10",
    "author": "kim1****",
    "review_id": "8654113",
    "movie_id": "44920"
  },
  {
    "review": "정말 정말 재미있고 공감되는 영화~!!!! 저스틴롱 매력남~~ㅋㅋㅋㅋ",
    "date": "14.04.16",
    "rating": "10",
    "author": "lily****",
    "review_id": "8653669",
    "movie_id": "44920"
  },
  {
    "review": "노잼 예스스트레스..",
    "date": "14.03.12",
    "rating": "5",
    "author": "xien****",
    "review_id": "8570281",
    "movie_id": "44920"
  },
  {
    "review": "괜찮은 영화다. 역시 사랑은 끌림과 진심이 함께해야 하는거라고 느껴졌다. 불륜은 결국 비극을 낳고, 어떤 관계든 기다림과 이해는 매우 중요한거 같다. 마지막에 바람둥이커플과 동거커플의 모습은 너무 보기좋다. 특히 프러포즈 정말 감동적!",
    "date": "14.03.05",
    "rating": "7",
    "author": "happ****",
    "review_id": "8557145",
    "movie_id": "44920"
  },
  {
    "review": "모든건 타이밍이기도하지만 사랑은 혼자하는게 아닌건 확실하다. 난이영화를 보고 다시외로워지고있다. 방황하는사랑조차 청춘인것같아서 성숙할수있을것같아서. 문득용기가 나려그런다. 사랑은 쓰라린 경험을 얻어야만 찾을수있는것인가 인생의 쓴맛들이 어찌이리 비슷할까",
    "date": "14.03.02",
    "rating": "7",
    "author": "thfd****",
    "review_id": "8550477",
    "movie_id": "44920"
  },
  {
    "review": "그는당신에게반하지않아따 ㅋㅋㅋ",
    "date": "14.01.27",
    "rating": "10",
    "author": "ctae****",
    "review_id": "8435619",
    "movie_id": "44920"
  },
  {
    "review": "많은 걸 생각하게 하는 영화네요 굳",
    "date": "14.01.19",
    "rating": "10",
    "author": "govl****",
    "review_id": "8397929",
    "movie_id": "44920"
  },
  {
    "review": "메이저급 톱스타를 모아서 어설픈 짝짓기 사랑의 스튜디오를 찍고있다. 차라리 이멤버로 런닝맨이나 1박2일을 찍었어도 훨씬 볼만했겠다. 떼거지 로코물은 러브엑츄어리의 그림자가 너무 짙으니 이제 그만 만들어라",
    "date": "14.01.08",
    "rating": "5",
    "author": "kjc7****",
    "review_id": "8361034",
    "movie_id": "44920"
  },
  {
    "review": "진짜최고공감됨짱짱짱슬프기도하지만알게된것도많늠",
    "date": "14.01.01",
    "rating": "10",
    "author": "narm****",
    "review_id": "8331836",
    "movie_id": "44920"
  },
  {
    "review": "줄거리를 참 뭐같이 써놔서 안보게 된다.",
    "date": "13.12.29",
    "rating": "3",
    "author": "cjfd****",
    "review_id": "8319483",
    "movie_id": "44920"
  },
  {
    "review": "지루해서 중간에 보다 껏다..졸라 노잼",
    "date": "13.12.19",
    "rating": "2",
    "author": "dext****",
    "review_id": "8234908",
    "movie_id": "44920"
  },
  {
    "review": "주인공들 외모가 맘에들지않아 몰입이 되지 않았는데 생각 보다 나쁘진 않고 주인공들이 행복해서 다행이네요 ^^~",
    "date": "13.12.09",
    "rating": "6",
    "author": "wnfl****",
    "review_id": "8200855",
    "movie_id": "44920"
  },
  {
    "review": "누오우오우오ㅇ대사 굿굿♡♡",
    "date": "13.12.02",
    "rating": "10",
    "author": "wndm****",
    "review_id": "8184577",
    "movie_id": "44920"
  },
  {
    "review": "영화자체는 좋으나 여주인공 (단발머리) 왜케짜증나냐 눈치없어보임",
    "date": "13.11.25",
    "rating": "3",
    "author": "dnjs****",
    "review_id": "8168163",
    "movie_id": "44920"
  },
  {
    "review": "이 영화를 좀 더 일찍 볼 걸 그랬다. 재밌음!",
    "date": "13.11.19",
    "rating": "10",
    "author": "kuks****",
    "review_id": "8152164",
    "movie_id": "44920"
  },
  {
    "review": "몇번을 봐도 질리지않음",
    "date": "13.11.17",
    "rating": "10",
    "author": "xoxo****",
    "review_id": "8148661",
    "movie_id": "44920"
  },
  {
    "review": "영화 자체는 죄가 없지만 김치년 기준으로  김치된장녀 마인드로 이해하고 마치 자신이 서양여자들 정서를 이해한다는 듯이 착각하는 된장녀들 때문에 1점 드림",
    "date": "13.11.15",
    "rating": "1",
    "author": "yaoy****",
    "review_id": "8141084",
    "movie_id": "44920"
  },
  {
    "review": "신선하고 그러면서도 공감가고 달콤해서 좋았다. 굳",
    "date": "13.10.17",
    "rating": "10",
    "author": "s2gk****",
    "review_id": "8065199",
    "movie_id": "44920"
  },
  {
    "review": "이영화 너무사랑스럽다 너무마음에드는영화ㅎ하허하 브래들리쿠퍼도 너무멋지고 밴애플랙또한....",
    "date": "13.10.15",
    "rating": "10",
    "author": "jami****",
    "review_id": "8061191",
    "movie_id": "44920"
  },
  {
    "review": "고ㅑㄴ찮은영ㅇ화추천합니가",
    "date": "13.09.26",
    "rating": "9",
    "author": "tbns****",
    "review_id": "8016315",
    "movie_id": "44920"
  },
  {
    "review": "걍 드라마",
    "date": "13.09.22",
    "rating": "5",
    "author": "smit****",
    "review_id": "8009958",
    "movie_id": "44920"
  },
  {
    "review": "나름 공감하면서 본듯.",
    "date": "13.09.21",
    "rating": "9",
    "author": "quee****",
    "review_id": "8003958",
    "movie_id": "44920"
  },
  {
    "review": "재밌당 ㅋㅋㅋ 보길 잘했어 ㅋㅋㅋㅋㅋ 공감도되고 ...",
    "date": "13.09.16",
    "rating": "10",
    "author": "happ****",
    "review_id": "7987652",
    "movie_id": "44920"
  },
  {
    "review": "정말. 이 영화는 내가 본 영화 중에 제일 유쾌!하고 상쾌!!!하며 진짜 통쾌!!하다. 모든 이야기들이 다  뻔한 해피엔딩으로 흐르지않고 그 과정속에서 충분히 제3자가되어 흠뻑빠져들었다. 마지막 주머니속의 반지는 정말... 프로포즈 환상갖을정도..",
    "date": "13.09.04",
    "rating": "10",
    "author": "5zin****",
    "review_id": "7946288",
    "movie_id": "44920"
  },
  {
    "review": "기대이하, 매우 공감가는 현실적인 관계들 그러나 끝에서 뜬금없이 이어주는 커플은 마음에 안들었음.",
    "date": "13.08.28",
    "rating": "7",
    "author": "alal****",
    "review_id": "7929933",
    "movie_id": "44920"
  },
  {
    "review": "2년에 한번씩 나오는 그저그런 떼커플무비",
    "date": "13.08.27",
    "rating": "6",
    "author": "pass****",
    "review_id": "7926916",
    "movie_id": "44920"
  },
  {
    "review": "깔끔 명쾌",
    "date": "13.08.23",
    "rating": "8",
    "author": "ciel****",
    "review_id": "7914328",
    "movie_id": "44920"
  },
  {
    "review": "중학교땐 지지가 바보같고 미련한 여자라고 생각했는데...대학생이 되고 지지처럼 행동한 내모습을 보게 되다니...제발 마음에도 없으면서 연락하지마 상처받는단 말이야 나는 항상 대답할 거 잘 알잖아 ㅠ_ㅠ",
    "date": "13.08.22",
    "rating": "8",
    "author": "dahy****",
    "review_id": "7913217",
    "movie_id": "44920"
  },
  {
    "review": "정말 기대이상으로 재밌어요. 재미도 있고 공감되는부분도 너무 많고.. 국적을 떠나 사람이 느끼는건 정말 같네요..",
    "date": "13.08.15",
    "rating": "10",
    "author": "kimg****",
    "review_id": "7886696",
    "movie_id": "44920"
  },
  {
    "review": "하루 왠종일 전화통 붙잡고 어제 소개팅 했던 남자의 연락을 기다리는 내  모습을 이영화에서 그대로 보았다....",
    "date": "13.08.13",
    "rating": "10",
    "author": "boba****",
    "review_id": "7876292",
    "movie_id": "44920"
  },
  {
    "review": "짱",
    "date": "13.08.10",
    "rating": "10",
    "author": "ghee****",
    "review_id": "7864227",
    "movie_id": "44920"
  },
  {
    "review": "재밌음. 알렉스가 제일 매력적임",
    "date": "13.07.20",
    "rating": "9",
    "author": "s2pi****",
    "review_id": "7765100",
    "movie_id": "44920"
  },
  {
    "review": "원래부터 매력적이던 브래들리 쿠퍼와 잃어가던 매력을 다시 찾은 벤 애플렉, 나도 매력있다 라는 것을 보여준 저스틴 롱이 모인 매력적인 영화",
    "date": "13.07.18",
    "rating": "10",
    "author": "85yo****",
    "review_id": "7758555",
    "movie_id": "44920"
  },
  {
    "review": "30대의 연애 지침서 같은 흥미롭고 공감가는 이야기. 엔딩은 좀 진부했다.",
    "date": "13.07.18",
    "rating": "8",
    "author": "beau****",
    "review_id": "7757289",
    "movie_id": "44920"
  },
  {
    "review": "몇번을 봐도 공감되고 이해되는 영화.",
    "date": "13.06.28",
    "rating": "9",
    "author": "rkat****",
    "review_id": "7685500",
    "movie_id": "44920"
  },
  {
    "review": "기대이상,, ㅎㅎㅎㅎ 나름현실적이고, 음,,, 남자에대해 여러생각을두게했던영화 기대이상이였음",
    "date": "13.06.07",
    "rating": "8",
    "author": "tjdt****",
    "review_id": "7601122",
    "movie_id": "44920"
  },
  {
    "review": "기대이상.",
    "date": "13.05.24",
    "rating": "7",
    "author": "tori****",
    "review_id": "7552125",
    "movie_id": "44920"
  },
  {
    "review": "재밌네용^^",
    "date": "13.05.23",
    "rating": "10",
    "author": "yskp****",
    "review_id": "7549157",
    "movie_id": "44920"
  },
  {
    "review": "와우! 처음 보는데, 너무 재밌네요. 너무 공감도 가면서 느끼기도 하면서.ㅋㅋㅋ 한번 더 다시 봐야겠네요! 지지는 너무 앞서나가지만 솔직하고 당당하네요.",
    "date": "13.05.05",
    "rating": "10",
    "author": "eunj****",
    "review_id": "7508409",
    "movie_id": "44920"
  },
  {
    "review": "우리는 사랑이 언제 오는지 모른다",
    "date": "13.04.27",
    "rating": "9",
    "author": "xd08****",
    "review_id": "7487838",
    "movie_id": "44920"
  }
]