[
  {
    "review": "아역배우들도 아주 좋ㅇㅆ던 기억이 박보영..",
    "date": "15.05.22",
    "rating": "6",
    "author": "pihw****",
    "review_id": "9938245",
    "movie_id": "44926"
  },
  {
    "review": "제가 본 드라마중 가장 기억에 남는 드라마.수능치고 꼭 다시보고싶은 드라마 with 선덕여왕",
    "date": "14.04.25",
    "rating": "10",
    "author": "dnwo****",
    "review_id": "8672587",
    "movie_id": "44926"
  },
  {
    "review": "진짜 한번도 놓친적없었던 드라마.전광렬분 연기 정말 후덜덜했고요 아직도 그 처선이가 폐비윤씨 업고 말하던 그 장면이 잊혀지지 않네요",
    "date": "14.01.28",
    "rating": "10",
    "author": "amgt****",
    "review_id": "8441061",
    "movie_id": "44926"
  },
  {
    "review": "폐비 윤씨역의,혜선이가,처선아~하는 순간,내 저말입니까?하고,되뇌이며,가슴이 철렁 내려앉음.(웃음) 처선이가 전생의나였던건,아닐테고...하옇튼,놓치면,너무 아까운 드라마.여기에서,태어나서 좋았던건 요런걸 쉽게 구해 볼수 있다는 것",
    "date": "14.01.13",
    "rating": "10",
    "author": "baks****",
    "review_id": "8378435",
    "movie_id": "44926"
  },
  {
    "review": "내가 드라마 보면서 첨으로 울었던 드라마.. 다시보고 싶다..",
    "date": "13.06.27",
    "rating": "10",
    "author": "12tj****",
    "review_id": "7684927",
    "movie_id": "44926"
  },
  {
    "review": "머하냐 왜곡 지린다",
    "date": "13.02.14",
    "rating": "1",
    "author": "zhde****",
    "review_id": "7264807",
    "movie_id": "44926"
  },
  {
    "review": "내가 내시라니",
    "date": "12.11.02",
    "rating": "10",
    "author": "jiun****",
    "review_id": "6843887",
    "movie_id": "44926"
  },
  {
    "review": "제가 본 한국 드라마 중 제일 재밌게 보았습니다. 사실 폐비윤씨와 성종의 이야기도 재밌었지만 저는 연산군의 이야기가 훨씬 더 재미있었습니다. 연산군이 미쳐가는 모습이 참 안쓰럽더군요.",
    "date": "12.07.30",
    "rating": "10",
    "author": "gmj0****",
    "review_id": "6556210",
    "movie_id": "44926"
  },
  {
    "review": "전반부와 중반부까지보다가 후반부에 포기했던드라마 ... 지루한면도 ..",
    "date": "12.07.21",
    "rating": "8",
    "author": "dhtm****",
    "review_id": "6511399",
    "movie_id": "44926"
  },
  {
    "review": "이드라마는 연산군이 살린드라마..",
    "date": "11.12.29",
    "rating": "10",
    "author": "kbd6****",
    "review_id": "5943884",
    "movie_id": "44926"
  },
  {
    "review": "연산군등장후가더재미있더라.이야기전개너무늘어져서지루함.",
    "date": "11.11.15",
    "rating": "6",
    "author": "a109****",
    "review_id": "5850594",
    "movie_id": "44926"
  },
  {
    "review": "연산군도 어찌 보면 불쌍하네",
    "date": "11.05.12",
    "rating": "10",
    "author": "ccpk****",
    "review_id": "5423412",
    "movie_id": "44926"
  },
  {
    "review": "전광렬은 내시가 되도 폼이 나냐",
    "date": "11.05.12",
    "rating": "8",
    "author": "rame****",
    "review_id": "5423411",
    "movie_id": "44926"
  },
  {
    "review": "폐비 윤씨와 연산군과 내시에 대한 새로운 조명",
    "date": "11.05.12",
    "rating": "8",
    "author": "kpcc****",
    "review_id": "5423410",
    "movie_id": "44926"
  },
  {
    "review": "이거땜에 \"이산\"망했다고 ㅁ1친 ㅡㅡ",
    "date": "11.02.10",
    "rating": "1",
    "author": "ekrx****",
    "review_id": "5234175",
    "movie_id": "44926"
  },
  {
    "review": "조선사에 관심을 갖게 해준 드라마",
    "date": "10.02.19",
    "rating": "8",
    "author": "qudr****",
    "review_id": "4301590",
    "movie_id": "44926"
  },
  {
    "review": "중반부터 빛나는 드라마고, 결말은 환상적이다. 하지만 초반에서 중반까지 지루함!",
    "date": "09.07.17",
    "rating": "9",
    "author": "moir****",
    "review_id": "3639250",
    "movie_id": "44926"
  },
  {
    "review": "왕과나 재밌었는데,,,왕과나 시즌 2 언제 하나용??",
    "date": "09.01.22",
    "rating": "10",
    "author": "jyl6****",
    "review_id": "3238879",
    "movie_id": "44926"
  },
  {
    "review": "재미있어용",
    "date": "08.12.30",
    "rating": "10",
    "author": "sgm0****",
    "review_id": "3168102",
    "movie_id": "44926"
  },
  {
    "review": "이산에 발린 안타까운드라마",
    "date": "08.07.16",
    "rating": "1",
    "author": "nori****",
    "review_id": "2766976",
    "movie_id": "44926"
  },
  {
    "review": "잘 나가다가 막판에 끌어서 별한개 감점 재밌게 봤었음",
    "date": "08.05.13",
    "rating": "8",
    "author": "s1e1****",
    "review_id": "2637664",
    "movie_id": "44926"
  },
  {
    "review": "왕과나 실망이다 연산군 정태우눈물연기는 볼만한데 너무 연기 오바하는것같다.",
    "date": "08.04.07",
    "rating": "8",
    "author": "dawj****",
    "review_id": "2565462",
    "movie_id": "44926"
  },
  {
    "review": "정태우의 등장이 10회정도만 빨랐어도 너무 아쉬운 드라마",
    "date": "08.04.05",
    "rating": "7",
    "author": "kjhh****",
    "review_id": "2559799",
    "movie_id": "44926"
  },
  {
    "review": "초점의 참신함은 있었지만, 양물없는 내시의 파워가 과연 그정도 였을까?",
    "date": "08.04.03",
    "rating": "5",
    "author": "izzo****",
    "review_id": "2556020",
    "movie_id": "44926"
  },
  {
    "review": "연산군이 폭군으로 불렸던 이유를 알게 해준 드라마",
    "date": "08.02.15",
    "rating": "7",
    "author": "tmxl****",
    "review_id": "2447728",
    "movie_id": "44926"
  },
  {
    "review": "그래도 볼만하다",
    "date": "08.02.02",
    "rating": "10",
    "author": "kimm****",
    "review_id": "2398596",
    "movie_id": "44926"
  },
  {
    "review": "이진땜에봤다가이것땜에 이산안본걸후회안하고 태왕사신기1회안본걸 나는 후회안한다",
    "date": "08.01.23",
    "rating": "10",
    "author": "gunw****",
    "review_id": "2362679",
    "movie_id": "44926"
  },
  {
    "review": "구혜선땜에봤다가이것땜에 이산안본걸후회하고 태왕사신기1회 안본걸 너무 후회한다",
    "date": "08.01.23",
    "rating": "1",
    "author": "ae60****",
    "review_id": "2360760",
    "movie_id": "44926"
  },
  {
    "review": "초심을 다시 회복하기를...",
    "date": "08.01.21",
    "rating": "8",
    "author": "powe****",
    "review_id": "2356343",
    "movie_id": "44926"
  },
  {
    "review": "이산보다 낮다",
    "date": "08.01.19",
    "rating": "10",
    "author": "pink****",
    "review_id": "2346044",
    "movie_id": "44926"
  },
  {
    "review": "점점 재미없어지는 드라마....  흔하디 흔한 왕가의 사랑놀음..",
    "date": "08.01.07",
    "rating": "3",
    "author": "tgog****",
    "review_id": "2306615",
    "movie_id": "44926"
  },
  {
    "review": "이산 그 딴걸 왜 봐 왕과나가 의상도 훨빼 이쁜디...왕과나 넘 좋아해여 왕과나 짱짱",
    "date": "07.12.26",
    "rating": "10",
    "author": "clov****",
    "review_id": "2269855",
    "movie_id": "44926"
  },
  {
    "review": "아 틀려 ㅡㅡ 하나도 안어울리고 연기가 그게 뭐냐 ㅡㅡ",
    "date": "07.12.20",
    "rating": "1",
    "author": "tsli****",
    "review_id": "2249683",
    "movie_id": "44926"
  },
  {
    "review": "정말 스토리가 아닌것 같다~!! 스스로 무너지겟군",
    "date": "07.12.19",
    "rating": "1",
    "author": "sooj****",
    "review_id": "2244108",
    "movie_id": "44926"
  },
  {
    "review": "엄청재밌거든여 이산빠들은 이산사이트가서 노셈",
    "date": "07.12.16",
    "rating": "10",
    "author": "lle6****",
    "review_id": "2236986",
    "movie_id": "44926"
  },
  {
    "review": "이산이 훨 났다",
    "date": "07.12.01",
    "rating": "1",
    "author": "nczz****",
    "review_id": "2196913",
    "movie_id": "44926"
  },
  {
    "review": "뭔지?",
    "date": "07.11.23",
    "rating": "1",
    "author": "namh****",
    "review_id": "2177350",
    "movie_id": "44926"
  },
  {
    "review": "구혜선의70년대식신파연기에짜증나고 솔직히 드라마가너무유치하다 억지설정",
    "date": "07.10.15",
    "rating": "7",
    "author": "keh9****",
    "review_id": "2091836",
    "movie_id": "44926"
  },
  {
    "review": "넘넘 잼께 보고있어여",
    "date": "07.09.25",
    "rating": "10",
    "author": "msln****",
    "review_id": "2047066",
    "movie_id": "44926"
  }
]