[
  {
    "review": "우연찮게 vod에 무료영화로  올라와 있어서 본영화입니다.원래 평점검색후 영화 보는데 이건 평점 확인안하고 그냥 봤는데 2시간10분동안 잠시도 한눈 안팔도 봤습니다.정말 잘만들어진 대작입니다.완전 강추 합니다.영화보고 평점 검색해봤는데 너무 낮음",
    "date": "15.08.15",
    "rating": "10",
    "author": "sexv****",
    "review_id": "10233280",
    "movie_id": "44959"
  },
  {
    "review": "올레티비로 봤는데 재밌던데...평점 왜이렇지요?",
    "date": "15.08.14",
    "rating": "10",
    "author": "rhs0****",
    "review_id": "10228933",
    "movie_id": "44959"
  },
  {
    "review": "평론가 눈엔 어떨지 모르겠지만 일반관객 입장에서는 꿀잼이었음. 별점 한번도 안쏴봤는데 별점줄라고 검색해 들어옴.테무진 이야기를 양념은 없지만 실제적인 느낌남.간만에 몰입해서 봤네",
    "date": "15.08.10",
    "rating": "10",
    "author": "8626****",
    "review_id": "10211384",
    "movie_id": "44959"
  },
  {
    "review": "중간 과정이 전혀 나와있지않아서 개연성 떨어지고 루즈하다",
    "date": "15.08.09",
    "rating": "4",
    "author": "wook****",
    "review_id": "10207273",
    "movie_id": "44959"
  },
  {
    "review": "이런 설명,개연 없는 구성임팩트 없는 아역 연기졸려",
    "date": "15.08.09",
    "rating": "1",
    "author": "hje3****",
    "review_id": "10205308",
    "movie_id": "44959"
  },
  {
    "review": "심각하게 역사 왜곡...",
    "date": "15.08.08",
    "rating": "1",
    "author": "jewe****",
    "review_id": "10203546",
    "movie_id": "44959"
  },
  {
    "review": "덤덤한 필체로 그려낸 인간의 긍지",
    "date": "15.08.08",
    "rating": "10",
    "author": "jeon****",
    "review_id": "10199571",
    "movie_id": "44959"
  },
  {
    "review": "비디오숍 구석에서나 보임직한 영화는 아닙니다.",
    "date": "15.08.06",
    "rating": "10",
    "author": "sund****",
    "review_id": "10193064",
    "movie_id": "44959"
  },
  {
    "review": "단군의 어원인 탱그리 대사가 많이 나와서 감격스럽게 보았습니다 ^^",
    "date": "15.07.01",
    "rating": "10",
    "author": "2gud****",
    "review_id": "10058993",
    "movie_id": "44959"
  },
  {
    "review": "영화 전체적으로 할말이 많지만 후반부 대략 15분만에 노예에서 몽골통일까지 뽑아낸건 너무 충격적이었다...또 부인얼굴에 '설마 저 얼굴에 베드신이 있겠어' 했는데 나온것도 나름 충격적..",
    "date": "15.04.01",
    "rating": "1",
    "author": "dbst****",
    "review_id": "9819431",
    "movie_id": "44959"
  },
  {
    "review": "완전히 새로운 감각의 영화.",
    "date": "15.02.15",
    "rating": "10",
    "author": "echa****",
    "review_id": "9700451",
    "movie_id": "44959"
  },
  {
    "review": "진짜 재밌게 봄진정한 남자라는게 어떤건지 일깨워주네테스토스테론의 힘이 물씬",
    "date": "15.02.09",
    "rating": "10",
    "author": "lit0****",
    "review_id": "9681460",
    "movie_id": "44959"
  },
  {
    "review": "영상에서 담대함이 느껴짐",
    "date": "15.01.14",
    "rating": "10",
    "author": "mych****",
    "review_id": "9591041",
    "movie_id": "44959"
  },
  {
    "review": "이거 장면 후반부에.. 15세인데 왜 여자신음소리가;;  19세같냐",
    "date": "14.05.23",
    "rating": "8",
    "author": "abed****",
    "review_id": "8758323",
    "movie_id": "44959"
  },
  {
    "review": "압축적으로 신비감과 칭기스칸의 몽골비사속에서도 흐릿한 그의 소년시절 행적을 격정있게 잘 그려냈다.",
    "date": "14.05.13",
    "rating": "9",
    "author": "qddd****",
    "review_id": "8727954",
    "movie_id": "44959"
  },
  {
    "review": "대왕 칭기스칸의 성장기를, 러시아의 시각으로 그려낸 대서사시! 광활한 초원, 가혹한 운명, 절제된 대사, 유려한 영상, 신비로운 음악, 사실적인 전투씬들! 언제 봐도, 쿨~! 요시쓰네에서 칭기스칸으로 출세한 아사노, 그의 몰입과 변신력은 늘 완벽~!",
    "date": "14.04.23",
    "rating": "10",
    "author": "wana****",
    "review_id": "8666477",
    "movie_id": "44959"
  },
  {
    "review": "무슨 반일이 국뽕이냐? 친일 일뽕이 제일 싫다 ㅅㅡㅂ ㅡ",
    "date": "14.04.22",
    "rating": "1",
    "author": "chun****",
    "review_id": "8665691",
    "movie_id": "44959"
  },
  {
    "review": "헐 평점 왜 이러지? 명작인데;;",
    "date": "14.04.19",
    "rating": "10",
    "author": "psjo****",
    "review_id": "8659491",
    "movie_id": "44959"
  },
  {
    "review": "칭키즈칸을찬양해라 칭키즈신이시여",
    "date": "14.02.20",
    "rating": "10",
    "author": "goh0****",
    "review_id": "8524439",
    "movie_id": "44959"
  },
  {
    "review": "일본배우가 주연인게 싫다고 징징대지좀마라 아주 지겹네 반일국뽕놈들",
    "date": "13.11.23",
    "rating": "10",
    "author": "eree****",
    "review_id": "8161549",
    "movie_id": "44959"
  },
  {
    "review": "일본배우면 뭐 어떻다고들 그러는건지..연기만 잘하면 되는거 아닌가? 아직도 무식하게 반일감정 같은걸 영화보는데 끼워넣는 사람들이 있네. 이러니까 우리나라가 여기저기서 무시당하는겁니다.. 부끄러운지 아세요",
    "date": "13.10.25",
    "rating": "8",
    "author": "huk5****",
    "review_id": "8088336",
    "movie_id": "44959"
  },
  {
    "review": "정말 재미있게 본 영화. 대칸의 배우가 일본인 것이 참 아쉽지만, 연기는 좋았음. 음악도 참 인상적임.",
    "date": "13.10.17",
    "rating": "8",
    "author": "cool****",
    "review_id": "8065732",
    "movie_id": "44959"
  },
  {
    "review": "작품만 보면 8점은 되지않냐 ㅡㅡ",
    "date": "13.08.30",
    "rating": "10",
    "author": "insa****",
    "review_id": "7934069",
    "movie_id": "44959"
  },
  {
    "review": "왜 일본배우를 징기스칸으로 했는지참 아쉽다",
    "date": "13.06.13",
    "rating": "3",
    "author": "chil****",
    "review_id": "7634772",
    "movie_id": "44959"
  },
  {
    "review": "9점 줄려다 왜 이리 평점이 낮은지 이해 할 수 없기에 10점. 징기스칸에 대해 요점만 영화로 잘 표현해서 징기스칸의 강한 정신력을 느낄 수가 있었다.영화 마무리를 좀 더 길게 했으면 아쉬움이 남는다...",
    "date": "13.05.20",
    "rating": "10",
    "author": "ansd****",
    "review_id": "7543489",
    "movie_id": "44959"
  },
  {
    "review": "재밌는데 평점이 이모양이라니 ..",
    "date": "13.05.03",
    "rating": "10",
    "author": "cjfs****",
    "review_id": "7503261",
    "movie_id": "44959"
  },
  {
    "review": "영화제목은 몽골인데 정작 국적은 일본과 중국..내용중 액션씬은 매우적고 내용전개가 좀 뜬금없다..",
    "date": "13.03.12",
    "rating": "3",
    "author": "cros****",
    "review_id": "7341938",
    "movie_id": "44959"
  },
  {
    "review": "구웃",
    "date": "13.03.09",
    "rating": "10",
    "author": "rjat****",
    "review_id": "7332625",
    "movie_id": "44959"
  },
  {
    "review": "구웃",
    "date": "13.02.07",
    "rating": "10",
    "author": "bras****",
    "review_id": "7233404",
    "movie_id": "44959"
  },
  {
    "review": "평점이 왜 이리 낮지? 9점주려다 10점 준다..제작의도상 불필요한 부분은 과감히 치고 나가는거 너무 맘에 든다. 선택과 집중 ㅎㅎ 마지막에 자무카가 그냥 가던데 사실과 다르지 않나? 그것만 좀 찜찜했을뿐..",
    "date": "13.01.25",
    "rating": "10",
    "author": "kom_****",
    "review_id": "7171704",
    "movie_id": "44959"
  },
  {
    "review": "적과 싸우기전억 처자식들과 눈물을흘리며 작별 할때 정말 가슴이 뭉클했습니다.개인적으로는 정말 마음에 와 닿았던 영화였습니다",
    "date": "13.01.22",
    "rating": "10",
    "author": "msk7****",
    "review_id": "7146264",
    "movie_id": "44959"
  },
  {
    "review": "스펙타클 영화다. 강인한 정신, 칸이 되기 전 파란만장한 일생이 돋보인다. 영화에서  역사를 배웠다.",
    "date": "12.12.24",
    "rating": "8",
    "author": "bzar****",
    "review_id": "7038185",
    "movie_id": "44959"
  },
  {
    "review": "화려한 영상미는 없어요. 아 이게,여기가 몽골이구나 하는 장면들이 쏟아지죠. 이 거대한 이야기를 단순하게 간단하게 이렇게 표현한게 오히려 대단하다 여겨지죠.몽골인의 삶이, 몽골 남자와 여자의 삶이,징기스칸의 생애의 한순간을 덤덤히 보았어요.실감나게!",
    "date": "12.12.15",
    "rating": "9",
    "author": "soul****",
    "review_id": "7007040",
    "movie_id": "44959"
  },
  {
    "review": "대초원의 아름다움이 가장 인상적이다.정복자는 가고 없어도,그가 정복했던 땅은 영원하다는 것이 가장 감동적임.아사노 타다노부캐스팅 안성기 선생님 캐스팅한 묵공처럼,엉뚱하지만 그만큼 또 잘 어울리네.자무카가만화책에비해서,좀 많이 깨지만,이건 이거대로 좋음",
    "date": "12.12.14",
    "rating": "7",
    "author": "baks****",
    "review_id": "7000114",
    "movie_id": "44959"
  },
  {
    "review": "good",
    "date": "12.12.13",
    "rating": "10",
    "author": "neck****",
    "review_id": "6998939",
    "movie_id": "44959"
  },
  {
    "review": "몽골에 대해 조금이라도 알게 된거 같았다.",
    "date": "12.12.13",
    "rating": "9",
    "author": "dngo****",
    "review_id": "6998198",
    "movie_id": "44959"
  },
  {
    "review": "티비에서우연히봣는데,절정부분이 아쉽지만 박진감과 보다 다양한 얘기가 아쉽지만, 괜찮았다. 주연배우가 일본배우였다니,, 반전이다,",
    "date": "12.12.13",
    "rating": "6",
    "author": "soap****",
    "review_id": "6998091",
    "movie_id": "44959"
  },
  {
    "review": "재미있게 봤습니다. ^^",
    "date": "12.12.12",
    "rating": "10",
    "author": "tndh****",
    "review_id": "6995853",
    "movie_id": "44959"
  },
  {
    "review": "주연배우중에 몽골인은 한명도 없는 불편한 진실",
    "date": "12.11.26",
    "rating": "5",
    "author": "good****",
    "review_id": "6927824",
    "movie_id": "44959"
  },
  {
    "review": "최대의 정복자란 칭호에 비해서 인정받지 못하는 징키스칸, 영화마저 그를 버렸구나.",
    "date": "12.11.25",
    "rating": "3",
    "author": "jp47****",
    "review_id": "6924079",
    "movie_id": "44959"
  },
  {
    "review": "전문가평점 못믿겠네",
    "date": "12.10.28",
    "rating": "9",
    "author": "coje****",
    "review_id": "6833054",
    "movie_id": "44959"
  },
  {
    "review": "구성이 떨어지는 느낌이 들지만 그래도 멋있다",
    "date": "12.10.10",
    "rating": "10",
    "author": "hono****",
    "review_id": "6780321",
    "movie_id": "44959"
  },
  {
    "review": "재미나게 보고 몽골어 공부할  수 있는 영화였습니다.",
    "date": "12.09.28",
    "rating": "10",
    "author": "hogu****",
    "review_id": "6739384",
    "movie_id": "44959"
  },
  {
    "review": "최고의 징기스칸영화",
    "date": "12.09.27",
    "rating": "10",
    "author": "plap****",
    "review_id": "6736460",
    "movie_id": "44959"
  },
  {
    "review": "영화  인물들이 멋있고 신비하다",
    "date": "12.09.24",
    "rating": "10",
    "author": "uiou****",
    "review_id": "6729882",
    "movie_id": "44959"
  },
  {
    "review": "전세계를 통틀어~~~징기즈칸이..정복자중 따라올자는 없을거야..지금세상으로치면..살인마겠지만..그시대엔 영웅이였겠지.",
    "date": "12.09.04",
    "rating": "9",
    "author": "mukg****",
    "review_id": "6670039",
    "movie_id": "44959"
  },
  {
    "review": "영화 긴박감과 구성은 너무 떨어지지만 그래도 징기스칸을 주제로 영화로 했다는 것!!",
    "date": "12.09.01",
    "rating": "7",
    "author": "ayhh****",
    "review_id": "6662876",
    "movie_id": "44959"
  },
  {
    "review": "이건 진짜 아니다.",
    "date": "12.08.15",
    "rating": "1",
    "author": "fabi****",
    "review_id": "6609282",
    "movie_id": "44959"
  },
  {
    "review": "개 지루하다.. 1점준것중 한국영화는 죄다 8~10점준 M창있네",
    "date": "12.07.16",
    "rating": "1",
    "author": "yang****",
    "review_id": "6483773",
    "movie_id": "44959"
  },
  {
    "review": "재밌던데 ㄱㅡ",
    "date": "12.07.14",
    "rating": "10",
    "author": "blac****",
    "review_id": "6477122",
    "movie_id": "44959"
  },
  {
    "review": "난 나쁘진 않던데?",
    "date": "12.05.15",
    "rating": "10",
    "author": "art1****",
    "review_id": "6300808",
    "movie_id": "44959"
  },
  {
    "review": "영화가 뭐이리 시간을 질질끌고 기대했던 전투는 거의 5분 정도 되는 전투씬 뿐인가?",
    "date": "12.05.09",
    "rating": "1",
    "author": "gksd****",
    "review_id": "6283928",
    "movie_id": "44959"
  },
  {
    "review": "몽골도 아니고 러시아, 독일...",
    "date": "12.03.05",
    "rating": "1",
    "author": "tmdf****",
    "review_id": "6125892",
    "movie_id": "44959"
  },
  {
    "review": "영화도 흐접하지만 왜 자꾸 징기스칸 역을 왜구들이 하는거지? 아무 상관도 없으면서",
    "date": "12.02.10",
    "rating": "1",
    "author": "g539****",
    "review_id": "6064403",
    "movie_id": "44959"
  },
  {
    "review": "[8점] 징기스칸의 인생기",
    "date": "12.02.02",
    "rating": "8",
    "author": "fann****",
    "review_id": "6046340",
    "movie_id": "44959"
  },
  {
    "review": "전투씬 끝내주던데",
    "date": "11.12.21",
    "rating": "10",
    "author": "wjdg****",
    "review_id": "5918644",
    "movie_id": "44959"
  },
  {
    "review": "재미있어요ㅎ액션도 굳",
    "date": "11.12.15",
    "rating": "9",
    "author": "kitt****",
    "review_id": "5907634",
    "movie_id": "44959"
  },
  {
    "review": "전기적구성으로 인해 뚝뚝 끊기지만 아우라는 괜찮았다.",
    "date": "11.12.14",
    "rating": "7",
    "author": "cert****",
    "review_id": "5904793",
    "movie_id": "44959"
  },
  {
    "review": "부인은 남편 위치추적하나봄 그리고 자꾸 남의자식을 데리고오는건지 .배우들의 국적도 웃겼음",
    "date": "11.11.22",
    "rating": "4",
    "author": "west****",
    "review_id": "5865516",
    "movie_id": "44959"
  },
  {
    "review": "너무빠른 전개랄까..",
    "date": "11.11.10",
    "rating": "6",
    "author": "ksh8****",
    "review_id": "5841278",
    "movie_id": "44959"
  },
  {
    "review": "조연들의 연기가 더 돋보였다. 쓰레기영화",
    "date": "11.10.27",
    "rating": "1",
    "author": "free****",
    "review_id": "5812998",
    "movie_id": "44959"
  },
  {
    "review": "물론 출연진과,감독의 국적의 애매모함이 있긴하지만,잘봤음 잘만들었고 멋있음",
    "date": "11.10.27",
    "rating": "8",
    "author": "drea****",
    "review_id": "5812277",
    "movie_id": "44959"
  },
  {
    "review": "넘 어이없는 영화, 태무진은 일본인 자무카는 중국인 감독은 러시아",
    "date": "11.10.23",
    "rating": "1",
    "author": "jaew****",
    "review_id": "5805655",
    "movie_id": "44959"
  },
  {
    "review": "진짜 평점 보고 사람들 안봤으면 좋겠다. 어이없음에 웃음이 나오는 영화",
    "date": "11.10.15",
    "rating": "1",
    "author": "cata****",
    "review_id": "5790535",
    "movie_id": "44959"
  },
  {
    "review": "박평식이는 정말 보는눈이 없네....",
    "date": "11.08.27",
    "rating": "8",
    "author": "gore****",
    "review_id": "5691238",
    "movie_id": "44959"
  },
  {
    "review": "몽골DNA 최고치 한국인은 하나도 없어 아쉬웠지만서도 별개로 상당히 괜찮게 봤음^^",
    "date": "11.08.23",
    "rating": "7",
    "author": "akad****",
    "review_id": "5682316",
    "movie_id": "44959"
  },
  {
    "review": "한국에서 이런 영화를 못만든다는게 정말 아쉽다. 최고의 역사 영화다.",
    "date": "11.07.25",
    "rating": "10",
    "author": "theb****",
    "review_id": "5569538",
    "movie_id": "44959"
  },
  {
    "review": "테무진의 인간미를 영화화하였고 더불어 그의 아내 보르테의 조강지처정신을 입혔다.",
    "date": "11.07.10",
    "rating": "10",
    "author": "ddan****",
    "review_id": "5532723",
    "movie_id": "44959"
  },
  {
    "review": "서사가 영상에 눌려 깨갱하다.",
    "date": "11.06.26",
    "rating": "2",
    "author": "pria****",
    "review_id": "5500522",
    "movie_id": "44959"
  },
  {
    "review": "엄청난 몽골 서사의 그 시작을 알리는 영화.",
    "date": "11.05.23",
    "rating": "7",
    "author": "wedo****",
    "review_id": "5445294",
    "movie_id": "44959"
  },
  {
    "review": "탈옥수의 신분으로 말타고 어디가더니 칸이 되어 대군 몰고 돌아오는 간지남ㅋㅋㅋ",
    "date": "11.05.16",
    "rating": "10",
    "author": "jdud****",
    "review_id": "5430519",
    "movie_id": "44959"
  },
  {
    "review": "이전 영화화된 테무진 영웅담과 비슷하고 몽골 통일 후 일대기는 없어 매우 심심하다",
    "date": "11.05.15",
    "rating": "3",
    "author": "jnlu****",
    "review_id": "5429631",
    "movie_id": "44959"
  },
  {
    "review": "태무진 박력 쩐다",
    "date": "11.03.30",
    "rating": "7",
    "author": "calm****",
    "review_id": "5343119",
    "movie_id": "44959"
  },
  {
    "review": "단순하고 평범해보이기까지 해서 더 묵직한 정복자의 어린 시절.",
    "date": "11.03.28",
    "rating": "6",
    "author": "viva****",
    "review_id": "5340081",
    "movie_id": "44959"
  },
  {
    "review": "재밌음",
    "date": "11.02.28",
    "rating": "9",
    "author": "gene****",
    "review_id": "5281559",
    "movie_id": "44959"
  },
  {
    "review": "몰입해서 보면 재미있어요.",
    "date": "11.02.18",
    "rating": "9",
    "author": "gns4****",
    "review_id": "5252682",
    "movie_id": "44959"
  },
  {
    "review": "개연성없고지루한졸작이 상을받은 웃지못할 예. 일본인은 또 징기스칸역이냐?어이상실",
    "date": "11.02.17",
    "rating": "1",
    "author": "gall****",
    "review_id": "5248960",
    "movie_id": "44959"
  },
  {
    "review": "배우들이다어색한발연기에초반에ㅄ같이뛰어다니다가중간다빼먹고갑자기영웅되어있네ㅋ",
    "date": "11.02.11",
    "rating": "1",
    "author": "pa01****",
    "review_id": "5236565",
    "movie_id": "44959"
  },
  {
    "review": "몰입해서 보면 재밌음 봤다",
    "date": "11.02.11",
    "rating": "9",
    "author": "yahe****",
    "review_id": "5236380",
    "movie_id": "44959"
  },
  {
    "review": "감옥에서 풀려나 말타고 어딘가 가더만 갑작스래 1만병사를 모아오는 멋쟁이 징기스칸",
    "date": "11.01.30",
    "rating": "8",
    "author": "hype****",
    "review_id": "5196925",
    "movie_id": "44959"
  },
  {
    "review": "징키스칸이란 소재를 가지고 이것밖에 못만드냐",
    "date": "11.01.29",
    "rating": "1",
    "author": "john****",
    "review_id": "5194127",
    "movie_id": "44959"
  },
  {
    "review": "보다 잤다",
    "date": "11.01.28",
    "rating": "2",
    "author": "ayyi****",
    "review_id": "5192450",
    "movie_id": "44959"
  },
  {
    "review": "테무진이 왜 일본인? 그냥 백인 쓰지? 그냥 싫다",
    "date": "11.01.28",
    "rating": "1",
    "author": "imsr****",
    "review_id": "5191668",
    "movie_id": "44959"
  },
  {
    "review": "전성기가 아닌 성장기.. 아쉬운 영화네요.. 긴 시간 몰입도 부족..",
    "date": "11.01.27",
    "rating": "4",
    "author": "ysyl****",
    "review_id": "5188863",
    "movie_id": "44959"
  },
  {
    "review": "최악의 영화, 지루해 죽는줄 알았네. 이건 뭣도 아니야...",
    "date": "11.01.26",
    "rating": "1",
    "author": "khlb****",
    "review_id": "5185746",
    "movie_id": "44959"
  },
  {
    "review": "이게 이해가되냐? 띄엄띄엄 전개에 완전 황당하구만;;",
    "date": "11.01.22",
    "rating": "1",
    "author": "auto****",
    "review_id": "5176080",
    "movie_id": "44959"
  },
  {
    "review": "이해만 좀 잘한다면 재밌음",
    "date": "11.01.20",
    "rating": "10",
    "author": "kiko****",
    "review_id": "5171316",
    "movie_id": "44959"
  },
  {
    "review": "못생긴사람들의 이야기",
    "date": "11.01.19",
    "rating": "3",
    "author": "vaga****",
    "review_id": "5168622",
    "movie_id": "44959"
  },
  {
    "review": "징기스칸에 대한 영화를 내손으로 만들고 싶게하는 영화..",
    "date": "10.12.31",
    "rating": "1",
    "author": "read****",
    "review_id": "5106213",
    "movie_id": "44959"
  },
  {
    "review": "급작스러운 전개, 어떻게 칸이되었는가 많은 아쉬움이 남네",
    "date": "10.12.10",
    "rating": "1",
    "author": "ksli****",
    "review_id": "5041170",
    "movie_id": "44959"
  },
  {
    "review": "이게 모지. 징기스칸의 뭘 보여준거야 도대체 엉성한 구성에",
    "date": "10.08.12",
    "rating": "3",
    "author": "hiro****",
    "review_id": "4739025",
    "movie_id": "44959"
  },
  {
    "review": "대초원의 광활함과 전투씬 그속에 녹아든 태무진과 부인과의 사랑. 영화개봉안하나?",
    "date": "10.07.18",
    "rating": "10",
    "author": "brig****",
    "review_id": "4649490",
    "movie_id": "44959"
  },
  {
    "review": "낚시완전개쩌네.. 내가봤던영화중 가장최악이였다",
    "date": "10.07.10",
    "rating": "1",
    "author": "rlaq****",
    "review_id": "4625640",
    "movie_id": "44959"
  },
  {
    "review": "방대한 스케일의 전투씬을 기대했지만 이 지루하고 지루하며 지루한 스토리 전개는..",
    "date": "10.06.12",
    "rating": "1",
    "author": "dltm****",
    "review_id": "4560168",
    "movie_id": "44959"
  },
  {
    "review": "아놔 또 위대한 한분의 소재를 망쳤네",
    "date": "10.06.03",
    "rating": "3",
    "author": "aoki****",
    "review_id": "4542117",
    "movie_id": "44959"
  },
  {
    "review": "인류의 역사중 최고의 정복자 영웅옆에는 언제나 자신을 받쳐준 현명한여인이있군",
    "date": "10.05.14",
    "rating": "10",
    "author": "dlww****",
    "review_id": "4498175",
    "movie_id": "44959"
  },
  {
    "review": "러닝타임이 아쉽네요.....",
    "date": "10.05.14",
    "rating": "7",
    "author": "xeni****",
    "review_id": "4497352",
    "movie_id": "44959"
  },
  {
    "review": "대륙을 휩쓴 칭기즈칸의 영웅담을 그린 영화인줄 알았건만..협소한 스케일에 급실망..",
    "date": "10.05.09",
    "rating": "5",
    "author": "koen****",
    "review_id": "4489764",
    "movie_id": "44959"
  },
  {
    "review": "대륙을 정벌한 위대한 징기즈칸!!! ..과 그의 아내와의 사랑이야기..-_-.....",
    "date": "10.04.30",
    "rating": "1",
    "author": "gust****",
    "review_id": "4466791",
    "movie_id": "44959"
  },
  {
    "review": "2%부족하지만 볼만은 하다~!",
    "date": "10.04.21",
    "rating": "7",
    "author": "ever****",
    "review_id": "4447024",
    "movie_id": "44959"
  }
]