[
  {
    "review": "세상에 월터같이 따스한 시선으로 바라보는 사람들이 많아졌음좋겠다",
    "date": "15.06.11",
    "rating": "10",
    "author": "mond****",
    "review_id": "9988903",
    "movie_id": "44960"
  },
  {
    "review": "사회의 불평등과 비인간적인 처사에 대해 잘 묘사한 영화.",
    "date": "15.05.18",
    "rating": "10",
    "author": "bogo****",
    "review_id": "9929540",
    "movie_id": "44960"
  },
  {
    "review": "소통과 시선에 대한 냉정한 반성과 풍자를 조용하고 따뜻한 방식으로 이야기 한다.",
    "date": "15.02.07",
    "rating": "10",
    "author": "khle****",
    "review_id": "9674956",
    "movie_id": "44960"
  },
  {
    "review": "가슴 먹먹해지는 이야기",
    "date": "15.01.02",
    "rating": "10",
    "author": "lsh5****",
    "review_id": "9552062",
    "movie_id": "44960"
  },
  {
    "review": "톰 맥카시의 시선에 깃든 관계에 대한 따뜻한 애정과 인간애.",
    "date": "14.10.08",
    "rating": "8",
    "author": "tear****",
    "review_id": "9274718",
    "movie_id": "44960"
  },
  {
    "review": "어떤것이 나를 변화시키고 정체시키느냐..많은 의미의 영화이기도 하고 ,, 정체된 나를 돌아보게 한다.또한 이민국에 대한 편견을 깨우쳐주게 한다.",
    "date": "14.09.11",
    "rating": "8",
    "author": "irul****",
    "review_id": "9204163",
    "movie_id": "44960"
  },
  {
    "review": "중간까지는 좋았는데 뒤로갈수록 갈피를 잡지못한 점이 아쉽네요. 모나과 교수의 해피엔딩 가족꾸리기를 하거나 아니면 인권문제를 다루거나 한가지로 잡았으면 더 좋은 작품이 되었을터인데..",
    "date": "14.06.19",
    "rating": "8",
    "author": "rumi****",
    "review_id": "8841626",
    "movie_id": "44960"
  },
  {
    "review": "이 시대의 차가운 영혼들에게 위로를",
    "date": "14.05.01",
    "rating": "8",
    "author": "ysve****",
    "review_id": "8690703",
    "movie_id": "44960"
  },
  {
    "review": "아저씨의 따뜻한 분노가 인상적인 먹먹한 작품이면서 그의 삶에 한줄기 변화를 맞이하게된 잊을수없는 방문객들에 훈기를 느끼게된다...마지막 짐베살풀이가 인상적이다",
    "date": "14.03.16",
    "rating": "9",
    "author": "jjcv****",
    "review_id": "8582781",
    "movie_id": "44960"
  },
  {
    "review": "우울하지만 대부분의 현실은 우울하거나 덤덤할 것이다.",
    "date": "14.02.16",
    "rating": "8",
    "author": "kos4****",
    "review_id": "8514885",
    "movie_id": "44960"
  },
  {
    "review": "나는 타렛 엄마랑 교수님 하고, 결혼해서 아들, 며느리 잘 사는줄 알았구만,,,",
    "date": "14.02.01",
    "rating": "7",
    "author": "phss****",
    "review_id": "8460710",
    "movie_id": "44960"
  },
  {
    "review": "소름 돋네요 영화 곳곳의 많은 요소가 감동을 자아냅니다.교수의 행동 변화, 젬베 , 이민자들.. 이 영화 추천합니다.",
    "date": "14.01.30",
    "rating": "10",
    "author": "hone****",
    "review_id": "8446844",
    "movie_id": "44960"
  },
  {
    "review": "불법체류자에대해 많은것을 알게됬다.잔잔한영화.",
    "date": "14.01.29",
    "rating": "10",
    "author": "mgk5****",
    "review_id": "8444905",
    "movie_id": "44960"
  },
  {
    "review": "미국 같은 이민자의 나라가 후속이민을 불법이라고 막는 것은 언페어하다고 볼 수도 있슴",
    "date": "14.01.27",
    "rating": "6",
    "author": "cles****",
    "review_id": "8435471",
    "movie_id": "44960"
  },
  {
    "review": "고독한 노인의 외로움과 불법외국인들의 가슴아픈 현실도 느껴 진다,,,",
    "date": "13.10.12",
    "rating": "8",
    "author": "milk****",
    "review_id": "8056022",
    "movie_id": "44960"
  },
  {
    "review": "낯선 사람들로부터 오는 일상의 변화.. 스테이션에이전트와 주제는 비슷했지만 그 방법과 여운이 훨씬 더 좋았다",
    "date": "13.08.03",
    "rating": "7",
    "author": "yols****",
    "review_id": "7825540",
    "movie_id": "44960"
  },
  {
    "review": "풍자로 현대사회를 비판하는 예술적인 영화",
    "date": "13.07.31",
    "rating": "9",
    "author": "dong****",
    "review_id": "7801209",
    "movie_id": "44960"
  },
  {
    "review": "그래도 불체자는 추방해야지..",
    "date": "13.06.16",
    "rating": "8",
    "author": "tn99****",
    "review_id": "7645156",
    "movie_id": "44960"
  },
  {
    "review": "남들은 심심하다고 했을지라도 전 이 영화가 너무 좋았어요. 하빕티~",
    "date": "13.06.02",
    "rating": "9",
    "author": "rabb****",
    "review_id": "7573382",
    "movie_id": "44960"
  },
  {
    "review": "만점입니다. 인위적인 감동없이 자연스런 감상이가능한순수 무비 오랜만이네요극찬합니다.",
    "date": "13.05.19",
    "rating": "10",
    "author": "id_r****",
    "review_id": "7543061",
    "movie_id": "44960"
  },
  {
    "review": "귀를 즐겁게 해주는 음악 영화라 하기에도, 이민자에 대한 부조리를 비판하는 영화라 하기에도, 무료한 삶으로 부터 변화해가는 한 사람의 여정을 닮은 영화라 하기에도 부족하다. 한가지 메세지에 집중했으면 좋았을텐데 ..",
    "date": "13.04.28",
    "rating": "4",
    "author": "jeon****",
    "review_id": "7490638",
    "movie_id": "44960"
  },
  {
    "review": "당신이 영화라는것을 좋아한다면",
    "date": "13.04.21",
    "rating": "9",
    "author": "synk****",
    "review_id": "7473229",
    "movie_id": "44960"
  },
  {
    "review": "아따 지루하네",
    "date": "13.03.21",
    "rating": "2",
    "author": "dbzh****",
    "review_id": "7387103",
    "movie_id": "44960"
  },
  {
    "review": "이런 영화가 좋다. 사람냄새 나는 영화. 심플라이프(유덕화 주연) 같이 보니 더 좋네.",
    "date": "13.02.18",
    "rating": "9",
    "author": "with****",
    "review_id": "7278914",
    "movie_id": "44960"
  },
  {
    "review": "엔딩크레딧의 음악이 계속 귓가에 울리는걸 들을 수 밖에 없었다",
    "date": "13.02.11",
    "rating": "9",
    "author": "nav3****",
    "review_id": "7253558",
    "movie_id": "44960"
  },
  {
    "review": "지루했다. 하지만 끝까지 볼 수 밖에 없었다",
    "date": "13.02.11",
    "rating": "7",
    "author": "seco****",
    "review_id": "7250762",
    "movie_id": "44960"
  },
  {
    "review": "담담하면서, 먹먹해지는 오랜만에 가슴 울리는 영화군요",
    "date": "13.02.11",
    "rating": "8",
    "author": "ykdi****",
    "review_id": "7250588",
    "movie_id": "44960"
  },
  {
    "review": "서로 다른 사람들이 만나 삶이 바뀐다는 내용 자체는 새로울 것이 없지만, 불법체류자들의 현실과 감정을 절제하는 연출, 서로를 이해하고 받아들이는 사려 깊고 따뜻한 캐릭터들은 좋다.",
    "date": "13.02.10",
    "rating": "7",
    "author": "zxc1****",
    "review_id": "7249330",
    "movie_id": "44960"
  },
  {
    "review": "아 영화 참 좋다. 리차드 젠킨스의 굳은 얼굴에서 미소가 피어나는 모습은 나도 절로 미소짓게 만들더라.",
    "date": "13.02.09",
    "rating": "10",
    "author": "itsu****",
    "review_id": "7241565",
    "movie_id": "44960"
  },
  {
    "review": "좋다....",
    "date": "13.02.01",
    "rating": "8",
    "author": "come****",
    "review_id": "7206263",
    "movie_id": "44960"
  },
  {
    "review": "영화 너무좋던데요..  잔잔한 흐름이 인상깊었습니다 결말을 기대했는데 역시 현실은 시궁창 이군뇨",
    "date": "12.12.07",
    "rating": "10",
    "author": "psyc****",
    "review_id": "6980134",
    "movie_id": "44960"
  },
  {
    "review": "리차드 젠킨슨의 눈빛연기.. 말하지않아도 글로쓰지않아도 표현해내는 연기가 좋았습니다. 가슴이 참 답답하면서 먹먹해지더군요.",
    "date": "12.12.05",
    "rating": "8",
    "author": "ymoo****",
    "review_id": "6973947",
    "movie_id": "44960"
  },
  {
    "review": "음악영화가 아니었다. 스토리에 굴곡이없는 내년이면 기억에서 까마득이 잊혀질 무덤덤한 영화. 교훈이나 비판을 주려고 하기엔 별로 와닿지도 않았고. 그냥 그렇다.",
    "date": "12.12.01",
    "rating": "6",
    "author": "take****",
    "review_id": "6948733",
    "movie_id": "44960"
  },
  {
    "review": "8.64 .  . 적절한 평점이라 생각합니다",
    "date": "12.11.30",
    "rating": "8",
    "author": "tekk****",
    "review_id": "6946938",
    "movie_id": "44960"
  },
  {
    "review": "조용하지만 가슴 먹먹하고 여운이 남는 영화",
    "date": "12.11.28",
    "rating": "8",
    "author": "poon****",
    "review_id": "6933524",
    "movie_id": "44960"
  },
  {
    "review": "대박 ㅠㅠ 너무 슬펏음요",
    "date": "12.11.26",
    "rating": "9",
    "author": "bend****",
    "review_id": "6928674",
    "movie_id": "44960"
  },
  {
    "review": "이게 영화지",
    "date": "12.11.26",
    "rating": "8",
    "author": "kimk****",
    "review_id": "6928673",
    "movie_id": "44960"
  },
  {
    "review": "쵝오임 ㅎㅎ",
    "date": "12.11.26",
    "rating": "9",
    "author": "naph****",
    "review_id": "6928671",
    "movie_id": "44960"
  },
  {
    "review": "아싸 가오리",
    "date": "12.11.26",
    "rating": "9",
    "author": "zmfl****",
    "review_id": "6928669",
    "movie_id": "44960"
  },
  {
    "review": "개기대",
    "date": "12.11.26",
    "rating": "8",
    "author": "rkar****",
    "review_id": "6928666",
    "movie_id": "44960"
  },
  {
    "review": "주연들쵝오",
    "date": "12.11.26",
    "rating": "8",
    "author": "gksf****",
    "review_id": "6928665",
    "movie_id": "44960"
  },
  {
    "review": "보는 내내 많이 웃었어요",
    "date": "12.11.26",
    "rating": "9",
    "author": "duds****",
    "review_id": "6928664",
    "movie_id": "44960"
  },
  {
    "review": "완전 예쁘게나옴.....",
    "date": "12.11.26",
    "rating": "9",
    "author": "soon****",
    "review_id": "6928663",
    "movie_id": "44960"
  },
  {
    "review": "참 괜찮은 영화",
    "date": "12.11.25",
    "rating": "10",
    "author": "1000****",
    "review_id": "6925770",
    "movie_id": "44960"
  },
  {
    "review": "이민자 문제에 대해 생각하게끔 한 영화. 이 영화를 좋게 보았다면 웰컴이란 영화를 볼것을 추천한다. 마음이 아프다. 강제출국조치",
    "date": "12.11.25",
    "rating": "9",
    "author": "must****",
    "review_id": "6925103",
    "movie_id": "44960"
  },
  {
    "review": "씨네큐브에서 오랜만에 본영화. 바쁜척, 일하는척, 책쓰는척 안하면 너무 외로운 우리네 삶. 이 영화를 같이 봐준 옆사람에게 무지고마웠던... 사랑하는쟈기를 뭐였더라? 하바코?하비코?ㅋ 궁금하네ㅠ",
    "date": "12.11.22",
    "rating": "8",
    "author": "lion****",
    "review_id": "6911807",
    "movie_id": "44960"
  },
  {
    "review": "재밋어요배우분들연기도정말잘허시구요",
    "date": "12.11.20",
    "rating": "10",
    "author": "wg9v****",
    "review_id": "6909260",
    "movie_id": "44960"
  },
  {
    "review": "정말 오랜만에 엔딩 크레딧이  다 끝나고, 극장 불이 켜질 때까지 앉아 있어야 했던 영화였다. 금년에 본 최고의 영화.",
    "date": "12.11.19",
    "rating": "9",
    "author": "cula****",
    "review_id": "6905387",
    "movie_id": "44960"
  },
  {
    "review": "아.. 재미없다고 여친이 짜증내서 싸웠다 -ㅁ-",
    "date": "12.11.18",
    "rating": "2",
    "author": "55ma****",
    "review_id": "6903007",
    "movie_id": "44960"
  },
  {
    "review": "내마음속의 젬베소리가 잔잔하게 울리고있다",
    "date": "12.11.18",
    "rating": "10",
    "author": "cs79****",
    "review_id": "6900226",
    "movie_id": "44960"
  },
  {
    "review": "정말 정말 멋진 영화다.!!! 더 이상의 말이 필요없다.",
    "date": "12.11.17",
    "rating": "10",
    "author": "edit****",
    "review_id": "6899346",
    "movie_id": "44960"
  },
  {
    "review": "리차드 젠킨스옹의 연기도 좋았고,  젬베라는 악기를 통해 타인과 소통하며 변화해가는 모습을 감동적으로 그린 영화였습니다.한가지 아쉬운 것이라면 소통이라는 주제와 미국 내 이민자들의 인권문제가 믹스되어 영화 후반부 다소 어수선합니다.",
    "date": "12.11.17",
    "rating": "8",
    "author": "thka****",
    "review_id": "6898187",
    "movie_id": "44960"
  },
  {
    "review": "이런영화 좋다..볼만하다..",
    "date": "12.11.16",
    "rating": "9",
    "author": "yang****",
    "review_id": "6892862",
    "movie_id": "44960"
  },
  {
    "review": "스토리가 잔잔하고 연기도 좋았습니다.마지막 장면도 인상적이네요. 그러나 평점이 과장된것같아 별 네개주려다 세개만 주네요",
    "date": "12.11.15",
    "rating": "6",
    "author": "soav****",
    "review_id": "6891282",
    "movie_id": "44960"
  },
  {
    "review": "지루해.... 간만해 지루한 영화 찾음.....",
    "date": "12.11.13",
    "rating": "4",
    "author": "tbc0****",
    "review_id": "6884962",
    "movie_id": "44960"
  },
  {
    "review": "극찬에 속았다. 과장이 심하군.",
    "date": "12.11.12",
    "rating": "6",
    "author": "xnan****",
    "review_id": "6883607",
    "movie_id": "44960"
  },
  {
    "review": "학교에서 보여준영화!(극장가서 보여준!)별보일없는영화인줄알았는데 그것은 나의착각이었고 마음속깊이 간간히울러퍼지는그런 영화, 감동적인영화!북악기에 몸이 들썩들썩거 렸어요 ㅋㅋ지인 분들에게 추천하고싶네요 ㅋㅋ",
    "date": "12.11.12",
    "rating": "10",
    "author": "gksm****",
    "review_id": "6882797",
    "movie_id": "44960"
  },
  {
    "review": "좋네요!  이런영화들이 많이 상영되었으면 좋겠네요!",
    "date": "12.11.12",
    "rating": "9",
    "author": "samm****",
    "review_id": "6881344",
    "movie_id": "44960"
  },
  {
    "review": "표정과 말투의 변화까지 섬세하게 연기한 주인공이 인상적입니다. 마지막장면이 여운가득~",
    "date": "12.11.11",
    "rating": "8",
    "author": "pjhs****",
    "review_id": "6879870",
    "movie_id": "44960"
  },
  {
    "review": "아주 좋은 영화",
    "date": "12.11.11",
    "rating": "10",
    "author": "cdk2****",
    "review_id": "6879012",
    "movie_id": "44960"
  },
  {
    "review": "지난 달 시사회때 봤었는데 정말 좋았습니다. 덕분에 악기하나 배워보려고 기타를 샀습니다.",
    "date": "12.11.11",
    "rating": "10",
    "author": "sphi****",
    "review_id": "6876473",
    "movie_id": "44960"
  },
  {
    "review": "cgv는 이런 영화 좀 개봉해라  늑대인간 너무 많은 개봉관을 독식했다좋은 영화 좀 보자",
    "date": "12.11.10",
    "rating": "10",
    "author": "chul****",
    "review_id": "6875773",
    "movie_id": "44960"
  },
  {
    "review": "요즘 나의 모습에 투영해서 본 영화 좋다",
    "date": "12.11.10",
    "rating": "9",
    "author": "oran****",
    "review_id": "6875760",
    "movie_id": "44960"
  },
  {
    "review": "정말좋은 영화",
    "date": "12.11.10",
    "rating": "10",
    "author": "park****",
    "review_id": "6875591",
    "movie_id": "44960"
  },
  {
    "review": "지방은 개봉관이없어서... 어디서봐야할지... 요즘같이 시대에 정말 볼만한 영화. ^^",
    "date": "12.11.10",
    "rating": "10",
    "author": "java****",
    "review_id": "6873480",
    "movie_id": "44960"
  },
  {
    "review": "척하며 산 거란 대사에 울컥. 주인공 감정에 제대로 몰입하면서 볼 수 있었다.",
    "date": "12.11.09",
    "rating": "8",
    "author": "maga****",
    "review_id": "6871906",
    "movie_id": "44960"
  },
  {
    "review": "매일 같은 일상. 나를 돌아보게 만드는 영화.",
    "date": "12.11.09",
    "rating": "7",
    "author": "dark****",
    "review_id": "6871830",
    "movie_id": "44960"
  },
  {
    "review": "너무 즐거운 영화인 것 같습니다. 크게 웃거나 떠드는 영화가 아닌 마음이 즐거운 영화!",
    "date": "12.11.09",
    "rating": "10",
    "author": "jink****",
    "review_id": "6870887",
    "movie_id": "44960"
  },
  {
    "review": "가슴을 두드리는 여운이 감돈다. 오랜만에 만난 깊은 감동과 여운을 주는 영화였다. 힐링 터치!",
    "date": "12.11.09",
    "rating": "10",
    "author": "mama****",
    "review_id": "6870868",
    "movie_id": "44960"
  },
  {
    "review": "정말 가슴 찡해진다!! 젬배를 배우겠다는 생각도 마구 든다 ㅎㅎ",
    "date": "12.11.09",
    "rating": "10",
    "author": "kwhs****",
    "review_id": "6870865",
    "movie_id": "44960"
  },
  {
    "review": "올 해 본 영화 중 최고! 잔잔하게 가슴 속에 파고드는 그야말로 보석같은 영화!",
    "date": "12.11.09",
    "rating": "10",
    "author": "alic****",
    "review_id": "6870848",
    "movie_id": "44960"
  },
  {
    "review": "잔잔하게 가슴에 와닿는 영화이건만 영화관에서 혼자봤다..너무 좋은 영화..",
    "date": "12.11.09",
    "rating": "10",
    "author": "momn****",
    "review_id": "6870247",
    "movie_id": "44960"
  },
  {
    "review": "좋은 영화였다.  포스터에 있는 말처럼.... 단조로운 삶의 리듬을 바꿀 보석같은 영화. 내 삶에도 변화가 올까.",
    "date": "12.11.09",
    "rating": "10",
    "author": "zzye****",
    "review_id": "6869502",
    "movie_id": "44960"
  },
  {
    "review": "최고의 영화. 어제 개봉해서 봤는데 저는 되게 좋았어요! 소장하고 싶은 영화네요 ^^ 잘 봤습니다.",
    "date": "12.11.09",
    "rating": "10",
    "author": "joyn****",
    "review_id": "6869493",
    "movie_id": "44960"
  },
  {
    "review": "평점이 없다니.. 이런 영화가.",
    "date": "12.11.09",
    "rating": "10",
    "author": "with****",
    "review_id": "6868947",
    "movie_id": "44960"
  }
]