[
  {
    "review": "헬렌헌트의 영화를 오랜만에 보는데 내용이 그다지 와닿지가 않네요,",
    "date": "14.10.20",
    "rating": "3",
    "author": "tull****",
    "review_id": "9304450",
    "movie_id": "44978"
  },
  {
    "review": "배역의 실패요, 배역이 좋았어도 시나리오에 실패다",
    "date": "13.10.01",
    "rating": "4",
    "author": "cont****",
    "review_id": "8025990",
    "movie_id": "44978"
  },
  {
    "review": "재미없구나..2점준것중 한국영화는 10점주는M창있네",
    "date": "12.08.05",
    "rating": "1",
    "author": "njh4****",
    "review_id": "6572854",
    "movie_id": "44978"
  },
  {
    "review": "인생의 가장 큰 변곡점 '아이'",
    "date": "12.01.12",
    "rating": "5",
    "author": "bles****",
    "review_id": "5981432",
    "movie_id": "44978"
  },
  {
    "review": "마지막에 결국 입양한 여주인공을 보면서 생각에 잠겼던 영화입니다. 잔잔하네요.",
    "date": "10.08.04",
    "rating": "10",
    "author": "hak_****",
    "review_id": "4706706",
    "movie_id": "44978"
  },
  {
    "review": "좋아요",
    "date": "09.07.05",
    "rating": "10",
    "author": "dkdl****",
    "review_id": "3611165",
    "movie_id": "44978"
  },
  {
    "review": "그것(아이)만큼은 누구에게도(신조차) 의지하고 싶지 않다는 말이 참 슬프다.",
    "date": "08.11.16",
    "rating": "7",
    "author": "jinz****",
    "review_id": "3053750",
    "movie_id": "44978"
  },
  {
    "review": "낳아준 정만큼 키워준 정도 중요하다는...그리고 어머니라는 존재",
    "date": "08.10.09",
    "rating": "5",
    "author": "egyp****",
    "review_id": "2990323",
    "movie_id": "44978"
  },
  {
    "review": "이건뭐 재미도 없고 감동도 없고...",
    "date": "08.09.28",
    "rating": "2",
    "author": "1pim****",
    "review_id": "2972297",
    "movie_id": "44978"
  },
  {
    "review": "심각하게 애매한 여자 이야기.",
    "date": "08.09.28",
    "rating": "3",
    "author": "caca****",
    "review_id": "2972172",
    "movie_id": "44978"
  },
  {
    "review": "잔잔하고 좀 특별한 일상",
    "date": "08.09.26",
    "rating": "7",
    "author": "leh0****",
    "review_id": "2970075",
    "movie_id": "44978"
  },
  {
    "review": "솔직히 그저그랬던 영화...콜린퍼스역할도 별로 안어울리는듯.",
    "date": "08.09.10",
    "rating": "6",
    "author": "soyb****",
    "review_id": "2933290",
    "movie_id": "44978"
  },
  {
    "review": "가족을 이루고 싶은 소망과 우리 시대의 신가족의 모습을 잘 보여준 좋은 영화",
    "date": "08.02.11",
    "rating": "10",
    "author": "amay****",
    "review_id": "2434307",
    "movie_id": "44978"
  }
]