[
  {
    "review": "재미읎당",
    "date": "12.08.01",
    "rating": "1",
    "author": "hood****",
    "review_id": "6560395",
    "movie_id": "44972"
  },
  {
    "review": "한 어린소녀가 \"진짜 여자\"가 되기까지의 과정을 보여준거 같군요. 좋았습니다~",
    "date": "12.03.22",
    "rating": "7",
    "author": "dldl****",
    "review_id": "6160888",
    "movie_id": "44972"
  },
  {
    "review": "알렌 볼은 벌써 매너리즘에 빠졌다. 선정성을 위한 선정성, 뜬금없는 유머.",
    "date": "09.08.29",
    "rating": "3",
    "author": "paus****",
    "review_id": "3795432",
    "movie_id": "44972"
  },
  {
    "review": "이 영화 정말 좋아요. 충무로영화제에서 봄.",
    "date": "09.08.27",
    "rating": "10",
    "author": "edit****",
    "review_id": "3790563",
    "movie_id": "44972"
  },
  {
    "review": "사춘기 소녀의 심리묘사 탁월하네요.. 더불어 문화충돌에 관한 내용도 볼만함!!",
    "date": "09.06.03",
    "rating": "10",
    "author": "zzzb****",
    "review_id": "3541693",
    "movie_id": "44972"
  },
  {
    "review": "말못할 비밀이 도대체뭐니?",
    "date": "09.03.09",
    "rating": "3",
    "author": "wood****",
    "review_id": "3357566",
    "movie_id": "44972"
  }
]