[
  {
    "review": "탄탄한 스토리와 연기, 미스터리한 전개로 긴장감있는 공포분위기조성, 감동적이면서 슬픈 반전의 결말. 아름다운 영상미. 귀신분장하고 억지로 깜짝깜짝놀래키는영화와는 급이다른 퀄리티가 높은영화~~",
    "date": "15.08.24",
    "rating": "10",
    "author": "aror****",
    "review_id": "10271021",
    "movie_id": "44982"
  },
  {
    "review": "허무하고 식상한걸 이렇게까지 꾸미는 것도 능력이다",
    "date": "15.08.24",
    "rating": "7",
    "author": "ji57****",
    "review_id": "10269889",
    "movie_id": "44982"
  },
  {
    "review": "재밌게 잘봤어용ㅇㅇㅇ",
    "date": "15.08.23",
    "rating": "8",
    "author": "chos****",
    "review_id": "10264928",
    "movie_id": "44982"
  },
  {
    "review": "영화가 끝나고도 자꾸 눈물이 쏟아졌다..",
    "date": "15.07.24",
    "rating": "10",
    "author": "0509****",
    "review_id": "10136159",
    "movie_id": "44982"
  },
  {
    "review": "아 길에모로델토로는 딱 판의미로만 잘만들엇다 ㅋㅋㅋ",
    "date": "15.07.14",
    "rating": "4",
    "author": "ghrj****",
    "review_id": "10105133",
    "movie_id": "44982"
  },
  {
    "review": "순수와 죽음. 인간이라는 잔혹함",
    "date": "15.06.21",
    "rating": "10",
    "author": "gyun****",
    "review_id": "10016993",
    "movie_id": "44982"
  },
  {
    "review": "결국 엄마가 죽인거네?",
    "date": "15.03.30",
    "rating": "1",
    "author": "tian****",
    "review_id": "9816539",
    "movie_id": "44982"
  },
  {
    "review": "공포인줄 알았는데 괜찮은거 같음...",
    "date": "15.03.16",
    "rating": "10",
    "author": "anrs****",
    "review_id": "9787418",
    "movie_id": "44982"
  },
  {
    "review": "ㅠㅠ 엔딩거의 전까지 살인소설냄새나서 괜히 봤나 싶었는데.. 이게 웬걸.... ㅠㅠ 정말 다시안나올 명작중 하나!!!! ㅠㅠㅠ 정말 엔딩크레딧나올때까지 펑펑 울어버림.. 이런걸 극장에서봤는데... 영화홍보한 사람들이 원망스럽다...",
    "date": "15.02.18",
    "rating": "10",
    "author": "sasa****",
    "review_id": "9707926",
    "movie_id": "44982"
  },
  {
    "review": "이 영화를 본 것은 좋은 선택이었다고 생각한다.",
    "date": "15.02.08",
    "rating": "8",
    "author": "n0my****",
    "review_id": "9677735",
    "movie_id": "44982"
  },
  {
    "review": "파라노말 컨저링 시리즈들보다 훨씸무섭움",
    "date": "15.02.06",
    "rating": "8",
    "author": "junk****",
    "review_id": "9672607",
    "movie_id": "44982"
  },
  {
    "review": "여운이 많이 남네요.. 많이 울었습니다",
    "date": "14.12.14",
    "rating": "10",
    "author": "mete****",
    "review_id": "9474087",
    "movie_id": "44982"
  },
  {
    "review": "결말을 알기전까지는 음산하고 무서웠지만 알게되는순간 먹먹하고 슬프다 마지막 엔딩도 인상적이다",
    "date": "14.12.07",
    "rating": "10",
    "author": "kkll****",
    "review_id": "9454076",
    "movie_id": "44982"
  },
  {
    "review": "훌륭한 완성도 . 멋진 반전과 결말.. 외국의 흔해빠진 공포물에 지친 나에게 만족감을 안겨줬다. 후회하지 않을 명작",
    "date": "14.11.28",
    "rating": "10",
    "author": "pdia****",
    "review_id": "9429522",
    "movie_id": "44982"
  },
  {
    "review": "좋게 말하면 아이를 잃은 엄마의 슬프고 외로운 여정 나쁘게 말하면 아이를 죽게 만든 장본인의 생쇼",
    "date": "14.11.19",
    "rating": "7",
    "author": "taeg****",
    "review_id": "9401277",
    "movie_id": "44982"
  },
  {
    "review": "내 생애 최고의 공포 영화였다. 여운이 너무 남는다. 공포 영화를 보고 슬퍼서 눈물 흘린 영화. 공포 영화를 좋아하지만 공포물 중에서 이렇게 완벽한 작품은 처음이다. 걸작이다.",
    "date": "14.10.21",
    "rating": "10",
    "author": "gofl****",
    "review_id": "9305789",
    "movie_id": "44982"
  },
  {
    "review": "예상못한 반전,, 슬픈 반전,,",
    "date": "14.10.17",
    "rating": "7",
    "author": "fghy****",
    "review_id": "9296926",
    "movie_id": "44982"
  },
  {
    "review": "죽어야 행복할 수 있다던가 피터팬의 아이들의 나라, 유령을 확인하는 방법등이 너무나 익숙한 설정이라서 조금 지루했음",
    "date": "14.10.13",
    "rating": "6",
    "author": "less****",
    "review_id": "9289717",
    "movie_id": "44982"
  },
  {
    "review": "진짜 잘만든 영화란 이런거다를 보여주네요...",
    "date": "14.10.12",
    "rating": "10",
    "author": "lear****",
    "review_id": "9286620",
    "movie_id": "44982"
  },
  {
    "review": "슬프고 그냥 슬프다 가슴이 아프다",
    "date": "14.10.04",
    "rating": "10",
    "author": "kny3****",
    "review_id": "9262672",
    "movie_id": "44982"
  },
  {
    "review": "사람마다 영화 감상의 초점이 다르다 공포를 즐기기엔 부족한 영화다 포스터에 속지마시길",
    "date": "14.09.26",
    "rating": "5",
    "author": "bjhh****",
    "review_id": "9242986",
    "movie_id": "44982"
  },
  {
    "review": "영화를 한번만보면 모른다. 곱씹을수록 단물이 나오는 영화. 스토리가 탄탄하고 정말 재미있게 잘 봤음.",
    "date": "14.09.13",
    "rating": "9",
    "author": "cavi****",
    "review_id": "9209835",
    "movie_id": "44982"
  },
  {
    "review": "개인적으로 마마못지 않게 별로네요",
    "date": "14.09.12",
    "rating": "4",
    "author": "zhde****",
    "review_id": "9207966",
    "movie_id": "44982"
  },
  {
    "review": "마지막에 눈물나올뻔함 공포감도잘살렸고 연출력도뛰어났다 근데결말이조금아쉽다 그냥둘다살아나왔어도괜찮았을것같은데..그래도 괜찮은수작영화",
    "date": "14.08.31",
    "rating": "8",
    "author": "gusc****",
    "review_id": "9148674",
    "movie_id": "44982"
  },
  {
    "review": "무섭지도 않고 감동도 그다지.",
    "date": "14.08.28",
    "rating": "5",
    "author": "kem1****",
    "review_id": "9141624",
    "movie_id": "44982"
  },
  {
    "review": "처음 볼땐 호러물, 두번째 볼땐 멜로물",
    "date": "14.08.24",
    "rating": "10",
    "author": "geni****",
    "review_id": "9130863",
    "movie_id": "44982"
  },
  {
    "review": "ㅠㅠ슬픔요 공포영화임줄아랏는데 슬픈영화엿슴",
    "date": "14.08.20",
    "rating": "10",
    "author": "rlaw****",
    "review_id": "9116003",
    "movie_id": "44982"
  },
  {
    "review": "끝부분에서 문이열리는 장면마저 슬펐다ㅜㅜ",
    "date": "14.08.14",
    "rating": "9",
    "author": "aufc****",
    "review_id": "9083394",
    "movie_id": "44982"
  },
  {
    "review": "어렷을떄봣을떈 그저무섭기만햇는대 19살이되서 보니 이렇게좋은영화인줄몰랏다. 굳",
    "date": "14.07.08",
    "rating": "9",
    "author": "gtal****",
    "review_id": "8896886",
    "movie_id": "44982"
  },
  {
    "review": "호러물이 아닌 슬픈 동화를 본 듯한 기분이네요",
    "date": "14.07.05",
    "rating": "8",
    "author": "bbac****",
    "review_id": "8886643",
    "movie_id": "44982"
  },
  {
    "review": "마지막에펑펑울었음...공포속에숨겨진비극..그리고모성애..",
    "date": "14.06.14",
    "rating": "10",
    "author": "tiqm****",
    "review_id": "8828182",
    "movie_id": "44982"
  },
  {
    "review": "런닝타임 너무 길어 지루해. 끝에만 뭉클.",
    "date": "14.06.12",
    "rating": "1",
    "author": "abra****",
    "review_id": "8824431",
    "movie_id": "44982"
  },
  {
    "review": "삶과 죽음, 그 경계에서",
    "date": "14.06.05",
    "rating": "10",
    "author": "he94****",
    "review_id": "8797542",
    "movie_id": "44982"
  },
  {
    "review": "스릴러의 숨겨진 명작. 엔딩은 슬프고도 여운이 남는.",
    "date": "14.06.03",
    "rating": "10",
    "author": "rand****",
    "review_id": "8789971",
    "movie_id": "44982"
  },
  {
    "review": "큰 신선함은 없고, 오히려 너무 전형적인 설정의 공포영화가 된것 같다.",
    "date": "14.05.26",
    "rating": "7",
    "author": "mary****",
    "review_id": "8768476",
    "movie_id": "44982"
  },
  {
    "review": "평범한 소재를 범상치 않게 만드는 능력.",
    "date": "14.05.15",
    "rating": "9",
    "author": "reco****",
    "review_id": "8733104",
    "movie_id": "44982"
  },
  {
    "review": "솔직히  처음엔  큰기대는안했다   하지만 영활보면서  점점   빠져드는 재미와 함께 마지막의   감동은 잊을수가 없다   스토리  연결도 완벽하며    이래서  좋은  영화를 찾는것같다..",
    "date": "14.05.14",
    "rating": "10",
    "author": "lhj2****",
    "review_id": "8729614",
    "movie_id": "44982"
  },
  {
    "review": "공포영화라기보다는 슬픈영화에가까운것같다.아들 시몬을찾으며 점점더저택의비밀을밝혀가고 죽은 아이들 영혼마저 달래주는듯한 로라의 모습은 그야말로 감동이었다.",
    "date": "14.05.06",
    "rating": "10",
    "author": "myco****",
    "review_id": "8710266",
    "movie_id": "44982"
  },
  {
    "review": "영화 마마보다는 덜무서운것같아요 밤에안봐서 그런가 그냥 중간정도..",
    "date": "14.04.21",
    "rating": "5",
    "author": "glgl****",
    "review_id": "8663434",
    "movie_id": "44982"
  },
  {
    "review": "너무 마음이 아팠다.. ㅠ_ㅠ 이영화가 개봉 되었을 때는 그냥 무서운 영화로만 남았었는데 몇년이 흐른 지금 다시보니 눈물이 난다. 보통 모성애를 그린 영화는 가슴절절한 내용이 주를 이뤘는데 이처럼 스릴러와 감동을 잘 합쳐낸 영화는 처음 보는 것 같다.",
    "date": "14.04.14",
    "rating": "10",
    "author": "mind****",
    "review_id": "8649173",
    "movie_id": "44982"
  },
  {
    "review": "오퍼나지, 판의미로 이런 영화 또 안찎나? 저 2편 다 예전에 볼떄는 지루한감이 있었는데..몇 년 만에 다시 봤는데 확실히 느낌이 많이 다르네~",
    "date": "14.03.06",
    "rating": "9",
    "author": "twit****",
    "review_id": "8558202",
    "movie_id": "44982"
  },
  {
    "review": "신장르네요 공포스릴러인데 막판에 찡함까지....무서운거 못보는편이라 소리질러가며 혼자봤는데마지막에 괜히....아....ㅜㅜ",
    "date": "14.02.27",
    "rating": "8",
    "author": "ryou****",
    "review_id": "8542947",
    "movie_id": "44982"
  },
  {
    "review": "한편의 동화와도 같은 깔끔한 전개와  잘 만든 영화였지만 이제는 뭔가 식상한 이야기",
    "date": "14.02.24",
    "rating": "6",
    "author": "the0****",
    "review_id": "8533357",
    "movie_id": "44982"
  },
  {
    "review": "무섭지않은최악의영화절대돈주고다운받지마라",
    "date": "14.02.22",
    "rating": "1",
    "author": "cc52****",
    "review_id": "8528146",
    "movie_id": "44982"
  },
  {
    "review": "악 진짜 악 악 ㅜㅜ 호러인줄 알고 봤다가 울게 만드는 영화ㅠㅜㅜㅠ",
    "date": "14.02.16",
    "rating": "10",
    "author": "taka****",
    "review_id": "8512352",
    "movie_id": "44982"
  },
  {
    "review": "공포,판타지,드라마 그리고 스릴러가 어우러진 감동적인 영화,,, 개인적으로 대단한 작품이라고 생각한다. 공포와 감성을 좋아하는 사람에게있어선 최상급에 속하는 작품이라고 생각,,",
    "date": "14.01.26",
    "rating": "9",
    "author": "wltj****",
    "review_id": "8431267",
    "movie_id": "44982"
  },
  {
    "review": "여운이 오래 가는 슬프고 감동적인 잔혹 동화",
    "date": "14.01.12",
    "rating": "9",
    "author": "sipj****",
    "review_id": "8376739",
    "movie_id": "44982"
  },
  {
    "review": "진짜 비밀의 계단....",
    "date": "14.01.09",
    "rating": "7",
    "author": "pmsm****",
    "review_id": "8363099",
    "movie_id": "44982"
  },
  {
    "review": "오퍼나지: 호러영화지만 슬픈영화이기도하네요",
    "date": "13.12.25",
    "rating": "10",
    "author": "coak****",
    "review_id": "8293664",
    "movie_id": "44982"
  },
  {
    "review": "공포영화가 아닌데?  울준비하고보세요",
    "date": "13.12.16",
    "rating": "1",
    "author": "qgat****",
    "review_id": "8219343",
    "movie_id": "44982"
  },
  {
    "review": "슬프고 충격적인 반전에 박수를",
    "date": "13.12.14",
    "rating": "10",
    "author": "rmag****",
    "review_id": "8214884",
    "movie_id": "44982"
  },
  {
    "review": "공포영화가 이렇게 슬플수가...ㅠㅠ",
    "date": "13.12.14",
    "rating": "10",
    "author": "fash****",
    "review_id": "8214561",
    "movie_id": "44982"
  },
  {
    "review": "스페니쉬를 사용하는 나라 쪽 스릴러가 완성도가 높고 몰입하게 만드는 힘이 있다. 미국 쪽에서 만든 스릴러 보다 훨씬 좋은 듯.",
    "date": "13.12.08",
    "rating": "9",
    "author": "scnd****",
    "review_id": "8198707",
    "movie_id": "44982"
  },
  {
    "review": "저는 지루했습니다..",
    "date": "13.11.07",
    "rating": "1",
    "author": "46to****",
    "review_id": "8122377",
    "movie_id": "44982"
  },
  {
    "review": "판타지를 현실처럼 만들어 내는 능력 사진 한장한장이 예쑬이다 여주 연기도 예술",
    "date": "13.10.29",
    "rating": "7",
    "author": "ghzm****",
    "review_id": "8098503",
    "movie_id": "44982"
  },
  {
    "review": "기예르모 델토로의 손길이 닿은 영화답게 판의 미로와 분위기가 흡사한 슬픈 동화. 과거와 현재, 환상과 현실을 넘나들면서 무섭고 슬프면서 긴 여운을 남긴다.",
    "date": "13.10.11",
    "rating": "8",
    "author": "kjc7****",
    "review_id": "8051950",
    "movie_id": "44982"
  },
  {
    "review": "여운이 아주 깊게 남고 오래됐지만 잊혀지지 않는 영화. 이런게 좋은영화 아닐까",
    "date": "13.10.05",
    "rating": "10",
    "author": "kung****",
    "review_id": "8037836",
    "movie_id": "44982"
  },
  {
    "review": "열린 결말에서 다시한번 영화를 곱씹게 되는 그런 탄탄한 스토리.씨네21 기자들은 믿을게 못된다.",
    "date": "13.10.02",
    "rating": "10",
    "author": "wlwj****",
    "review_id": "8027996",
    "movie_id": "44982"
  },
  {
    "review": "불쌍한 시몬 시몬아 시몬스 침대에서 편히 잠들렴..로라와 함께 이귀염둥이야..",
    "date": "13.09.27",
    "rating": "10",
    "author": "minj****",
    "review_id": "8017628",
    "movie_id": "44982"
  },
  {
    "review": "호러와 새드, 모성애의 삼합이 어우러져 최고의 조합을 만들어낸 영화",
    "date": "13.09.27",
    "rating": "10",
    "author": "ch88****",
    "review_id": "8017620",
    "movie_id": "44982"
  },
  {
    "review": "공포의 포장지를 벗기면 슬픔이 밀려온다.",
    "date": "13.09.20",
    "rating": "8",
    "author": "apre****",
    "review_id": "7999196",
    "movie_id": "44982"
  },
  {
    "review": "개인적인 생각보다 평점이 좀 낮아 10점 합니다. 마지막이 너무나 짠하고 아름다웠습니다.  공포가 아닌 완벽한 새드무비네요... 결국엔 어린 천사들이 로라를 만났군요.  \"로라가 맞아.\"란 이 한마디에 눈물이 왈칵했습니다.",
    "date": "13.09.18",
    "rating": "10",
    "author": "eomt****",
    "review_id": "7990881",
    "movie_id": "44982"
  },
  {
    "review": "판의 미로와 같은 서사구조라 볼 수 있는 재미난 영화였습니다. 판의 미로에선 소녀의 상상으로, 오퍼나지에선 로라의 상상으로 볼 수 있고 아니면 그 허구가 진실일 수도 있게 해석되는 오묘한 영화. 스릴과 판타지를 절묘하게 섞은 영화",
    "date": "13.09.11",
    "rating": "8",
    "author": "20ba****",
    "review_id": "7966346",
    "movie_id": "44982"
  },
  {
    "review": "사람의 심리를 자극는 안타깝고도 절실한 스토리. 나는 나름 좋았다.",
    "date": "13.09.08",
    "rating": "8",
    "author": "dlrk****",
    "review_id": "7957756",
    "movie_id": "44982"
  },
  {
    "review": "너무감동적이게 봤어요. 결말엔  너무 슬퍼서 눈물이 났어요 ㅠ",
    "date": "13.09.05",
    "rating": "10",
    "author": "jins****",
    "review_id": "7948868",
    "movie_id": "44982"
  },
  {
    "review": "자기전 누워서 보다가 잠들어 세번에 나눠보긴 했지만 재밌네요.. 디아더스나 헨젤과그레텔 같은 느낌도 들고.. 볼만했어요",
    "date": "13.09.03",
    "rating": "8",
    "author": "iixo****",
    "review_id": "7946111",
    "movie_id": "44982"
  },
  {
    "review": "한번씩 이야기 맥을 끊는..",
    "date": "13.08.25",
    "rating": "7",
    "author": "issu****",
    "review_id": "7921821",
    "movie_id": "44982"
  },
  {
    "review": "ㅜㅜ",
    "date": "13.08.25",
    "rating": "10",
    "author": "cute****",
    "review_id": "7920479",
    "movie_id": "44982"
  },
  {
    "review": "너무 감동적이고 아름답다... 왠만에선 평점 안남기는데 최고다.....진짜 최고다... 살면서 영화 500편은 본것 같은데 감동적이고 아름다운것중에 최고다. 감독 , 작가, 시나리오 쓴사람 전부 만나보고 싶다...",
    "date": "13.08.14",
    "rating": "10",
    "author": "wija****",
    "review_id": "7881377",
    "movie_id": "44982"
  },
  {
    "review": "잔잔하면서도 묘한 공포가 있다.내가 찾던  공포류에  가까운듯 좀 지루한 면도 있었지만 이만하면 심리적인공포도 제법 표현했고  또한 은근히 무섭다 그리고 모성애도 대단하고 마지막은 슬프구나 ㅠㅠ",
    "date": "13.08.12",
    "rating": "9",
    "author": "tmwo****",
    "review_id": "7871570",
    "movie_id": "44982"
  },
  {
    "review": "이만큼 슬픈 반전도 없을거야",
    "date": "13.07.30",
    "rating": "10",
    "author": "ay73****",
    "review_id": "7800877",
    "movie_id": "44982"
  },
  {
    "review": "슬프고 감동적인 환상",
    "date": "13.07.25",
    "rating": "8",
    "author": "jjog****",
    "review_id": "7783180",
    "movie_id": "44982"
  },
  {
    "review": "숨겨진 시간속 존재한 것들. 무궁화꽃이 피었습니다. 그리고 만남. 웬디는 행복했다.",
    "date": "13.07.09",
    "rating": "10",
    "author": "funn****",
    "review_id": "7720042",
    "movie_id": "44982"
  },
  {
    "review": "스토리도 연출도 탄탄. 엄마 심정을 공감하려니 마음 아프네ㅠ",
    "date": "13.06.29",
    "rating": "8",
    "author": "soda****",
    "review_id": "7689290",
    "movie_id": "44982"
  },
  {
    "review": "네버랜드 그리고 웬디의 이야기",
    "date": "13.06.22",
    "rating": "10",
    "author": "lhod****",
    "review_id": "7666400",
    "movie_id": "44982"
  },
  {
    "review": "처음 볼 땐 호러무비, 다시 볼 땐 새드무비",
    "date": "13.06.15",
    "rating": "9",
    "author": "whdq****",
    "review_id": "7641422",
    "movie_id": "44982"
  },
  {
    "review": "물흐르듯 연출에 빠져든다.",
    "date": "13.06.09",
    "rating": "9",
    "author": "pppj****",
    "review_id": "7616792",
    "movie_id": "44982"
  },
  {
    "review": "완벽할 정도로 깔끔하다.",
    "date": "13.05.22",
    "rating": "9",
    "author": "biga****",
    "review_id": "7547292",
    "movie_id": "44982"
  },
  {
    "review": "영화보는 동안 내 평점의 추이는  \"초반 9점에서 중반, 후반에 3점으로 떨어졌다가 막판 반점과 스토리가 이해되며 7점으로 회복\"",
    "date": "13.05.20",
    "rating": "7",
    "author": "ykdi****",
    "review_id": "7543958",
    "movie_id": "44982"
  },
  {
    "review": "애프터랜드로 돌아간 웬디",
    "date": "13.05.16",
    "rating": "6",
    "author": "expr****",
    "review_id": "7530290",
    "movie_id": "44982"
  },
  {
    "review": "주인공 심정을 생각해보면",
    "date": "13.05.11",
    "rating": "10",
    "author": "ghks****",
    "review_id": "7521516",
    "movie_id": "44982"
  },
  {
    "review": "너무 슬프다. 공포도 스릴러로도 안다가오고 아이가 얼마나 괴로웠을까. 또 엄마 마음은 얼마나 미어질까. 그 생각에 한참을 울었다. 여운이 오랫동안 남은 영화.",
    "date": "13.04.08",
    "rating": "10",
    "author": "0spq****",
    "review_id": "7443360",
    "movie_id": "44982"
  },
  {
    "review": "공포?????????판타지 드라마. 과정이 약간 기괴할뿐. 결말도 감성팔이. 실제로 조금만 돌려 생각해보면 진짜 개같고 무서운 상황인데 그걸 그리 포장하냐, 사후세계에 대해서 굉장히 감독이 긍정적인듯? 결말 때문에 답이 없는 쓰레기",
    "date": "13.04.02",
    "rating": "3",
    "author": "scs5****",
    "review_id": "7430716",
    "movie_id": "44982"
  },
  {
    "review": "지금껏 본 공포영화중 최고인거같다 이해하기좀 시간이걸리지만",
    "date": "13.03.17",
    "rating": "10",
    "author": "ios3****",
    "review_id": "7358996",
    "movie_id": "44982"
  },
  {
    "review": "적당히 무섭다",
    "date": "13.03.11",
    "rating": "10",
    "author": "mey4****",
    "review_id": "7341088",
    "movie_id": "44982"
  },
  {
    "review": "판타지영화를 보고 이렇게 여운이 남을줄이야.. 8.5점이상은 받아야할 영화같아서 10점주고갑니다",
    "date": "13.03.08",
    "rating": "10",
    "author": "ljh8****",
    "review_id": "7330919",
    "movie_id": "44982"
  },
  {
    "review": "밤에 불끄고 봤었는데 적당히 무섭다",
    "date": "13.03.07",
    "rating": "10",
    "author": "iiii****",
    "review_id": "7329356",
    "movie_id": "44982"
  },
  {
    "review": "스토리 약간 엉성하지만 잘 만든 공포영화",
    "date": "13.03.03",
    "rating": "8",
    "author": "yyc2****",
    "review_id": "7321269",
    "movie_id": "44982"
  },
  {
    "review": "학교 선생님이 틀어줌. 그 후로 허수아비 공포증 생김",
    "date": "13.02.26",
    "rating": "10",
    "author": "ialt****",
    "review_id": "7303303",
    "movie_id": "44982"
  },
  {
    "review": "너무나 슬펐다",
    "date": "13.02.25",
    "rating": "9",
    "author": "sh15****",
    "review_id": "7300871",
    "movie_id": "44982"
  },
  {
    "review": "별로 지루하지 않으면서 단순 공포영화",
    "date": "13.02.25",
    "rating": "9",
    "author": "shsh****",
    "review_id": "7300869",
    "movie_id": "44982"
  },
  {
    "review": "슬펐음... ㅠㅠ",
    "date": "13.02.21",
    "rating": "9",
    "author": "jasm****",
    "review_id": "7288117",
    "movie_id": "44982"
  },
  {
    "review": "문손잡이가 시몬의 보물상자에 있는 이유는 무엇인가",
    "date": "13.02.04",
    "rating": "5",
    "author": "park****",
    "review_id": "7222796",
    "movie_id": "44982"
  },
  {
    "review": "좋아요",
    "date": "13.02.03",
    "rating": "10",
    "author": "kim9****",
    "review_id": "7218459",
    "movie_id": "44982"
  },
  {
    "review": "스릴러라기보다 호러스릴러에 가깝다고 봐야함. 그리고 판타지란건... 흔한 현실에 가미된 무슨 분위기란 느낌이라고 봐야할듯... 어째든 기억에 남는 명작이었음..",
    "date": "13.01.31",
    "rating": "10",
    "author": "cock****",
    "review_id": "7202120",
    "movie_id": "44982"
  },
  {
    "review": "판타지보다는 공포물에 가까운 영화, 진부한 스토리라인이지만 감성을 자극하는 연출력의 힘이 보인다..",
    "date": "13.01.28",
    "rating": "7",
    "author": "ossc****",
    "review_id": "7186079",
    "movie_id": "44982"
  },
  {
    "review": "오퍼나지를 먼져 봐서 그런지 몰라도 판의 미로보다 오퍼나지의 감동과 여운이 더 와닿는다 나에겐 엔딩의 슬픔과 행복  행복보단 아련한 슬픔이 더 남아있다",
    "date": "13.01.26",
    "rating": "10",
    "author": "maji****",
    "review_id": "7179396",
    "movie_id": "44982"
  },
  {
    "review": "아 눈물 정말로 많이 흘렸다... 공포와 스릴을 감동으로 풀어낼줄은 꿈에도 몰랐다.",
    "date": "13.01.23",
    "rating": "10",
    "author": "vgyt****",
    "review_id": "7156759",
    "movie_id": "44982"
  },
  {
    "review": "지루하고 식상하다",
    "date": "13.01.18",
    "rating": "6",
    "author": "wjdt****",
    "review_id": "7129337",
    "movie_id": "44982"
  },
  {
    "review": "20세기 관람객들에겐 웰메이드 공포, 21세기 관람객들에겐 식상함으로 다가온다.",
    "date": "13.01.06",
    "rating": "5",
    "author": "corc****",
    "review_id": "7087218",
    "movie_id": "44982"
  }
]