[
  {
    "review": "이젠 너무나 익숙해졌지만 여전히 소중한 아름다움.",
    "date": "15.03.11",
    "rating": "7",
    "author": "cksn****",
    "review_id": "9772087",
    "movie_id": "44997"
  },
  {
    "review": "지구를 아끼도록 노력하겠습니다. ㅠㅠ 쓰레기안버릴게요 ㅠㅠ",
    "date": "15.02.06",
    "rating": "10",
    "author": "shu_****",
    "review_id": "9673189",
    "movie_id": "44997"
  },
  {
    "review": "만점.이 영화 꼭 보세요",
    "date": "15.01.08",
    "rating": "10",
    "author": "tjfx****",
    "review_id": "9572946",
    "movie_id": "44997"
  },
  {
    "review": "최고의 다큐멘터리입니다.",
    "date": "14.12.12",
    "rating": "10",
    "author": "hase****",
    "review_id": "9467737",
    "movie_id": "44997"
  },
  {
    "review": "이건 다큐다 그리고 진실이고..  니네 인간들에 관점이나 눈으로 별점을 평가하지마라...",
    "date": "14.12.07",
    "rating": "10",
    "author": "yuki****",
    "review_id": "9456769",
    "movie_id": "44997"
  },
  {
    "review": "환경보호, 호소만으로 가능할까?",
    "date": "14.12.07",
    "rating": "5",
    "author": "rd72****",
    "review_id": "9456544",
    "movie_id": "44997"
  },
  {
    "review": "사자와 코끼리들이 함께 물을 마시는 장면이 인상적이었어요. 함께 자연의 공동체가 된다는건 아마 그런 모습이겠죠",
    "date": "14.12.01",
    "rating": "10",
    "author": "the_****",
    "review_id": "9437878",
    "movie_id": "44997"
  },
  {
    "review": "너무 훌륭한 프로그램 입니다♥♥♥",
    "date": "14.11.25",
    "rating": "10",
    "author": "love****",
    "review_id": "9420275",
    "movie_id": "44997"
  },
  {
    "review": "아름답고 경이로운 지구를 지켜야 할 의무.",
    "date": "14.11.01",
    "rating": "8",
    "author": "ogr5****",
    "review_id": "9332728",
    "movie_id": "44997"
  },
  {
    "review": "북극곰 너무 불쌍하다...",
    "date": "14.10.11",
    "rating": "10",
    "author": "ske9****",
    "review_id": "9284674",
    "movie_id": "44997"
  },
  {
    "review": "좋은 영화입니다 동물이던 사람이던 삶의 관한것이니까요",
    "date": "14.09.30",
    "rating": "10",
    "author": "trin****",
    "review_id": "9250885",
    "movie_id": "44997"
  },
  {
    "review": "슬프도록 아름답다 지구별 이야기",
    "date": "14.09.21",
    "rating": "10",
    "author": "sury****",
    "review_id": "9230314",
    "movie_id": "44997"
  },
  {
    "review": "사랑하는 지구, 지구는 우리를 사랑하지 않는다.",
    "date": "14.06.15",
    "rating": "10",
    "author": "kkh2****",
    "review_id": "8832185",
    "movie_id": "44997"
  },
  {
    "review": "행복을 향한 동물들의 서사시, 이제 더 나은 생태계를 위해 우리의 여정이 필요할 때이다",
    "date": "14.03.31",
    "rating": "7",
    "author": "tumb****",
    "review_id": "8620809",
    "movie_id": "44997"
  },
  {
    "review": "굳이다굳이다굳이다굳이다",
    "date": "14.01.12",
    "rating": "10",
    "author": "7788****",
    "review_id": "8374148",
    "movie_id": "44997"
  },
  {
    "review": "ㅋㅋ  이런 다큐멘터리///",
    "date": "13.12.29",
    "rating": "1",
    "author": "lyw3****",
    "review_id": "8321263",
    "movie_id": "44997"
  },
  {
    "review": "지구가 예술이다.  소중한 것이 소멸되고 있는 안타까움. 티슈한장 쓰는데도 마음이 걸린다.",
    "date": "13.10.03",
    "rating": "9",
    "author": "5292****",
    "review_id": "8029425",
    "movie_id": "44997"
  },
  {
    "review": "이 다큐영화는 무조건 10점 이상이며  10점 이하를 주는 사람은 똑같은 힘든 세상을 경험해 봐야 한다.",
    "date": "13.09.08",
    "rating": "10",
    "author": "owls****",
    "review_id": "7958684",
    "movie_id": "44997"
  },
  {
    "review": "지구가 우리 인간들것뿐이 아니란 것을 일깨워주고, 또한 소중한 생명의 터전인 지구를 지켜야 되겠다는 마음가짐을 가지게 해주는 영화이다ㅠㅠ 감동적이다.... 2030년 이후까지도 북극곰을 볼 수 있었으면 좋겠다.",
    "date": "13.02.11",
    "rating": "10",
    "author": "gpwj****",
    "review_id": "7252031",
    "movie_id": "44997"
  },
  {
    "review": "감동 그 자체입니다. 100만점 주고 싶은 영화입니다. 아름다운 지구의 모습과 생명의 감동..환경의 불편한 진실과 함께 심지어 재미있게 담아내었습니다. 어떻게 이런 걸 촬영해낼 수 있는지 감동 또 감동입니다. 감사합니다!!!!!",
    "date": "12.10.14",
    "rating": "10",
    "author": "onhe****",
    "review_id": "6799544",
    "movie_id": "44997"
  },
  {
    "review": "환경을 위해 노력해야 겠네요",
    "date": "12.08.19",
    "rating": "10",
    "author": "berr****",
    "review_id": "6625889",
    "movie_id": "44997"
  },
  {
    "review": "인간들이 이런것 좀 보고 자연보호 좀 실천했음 좋긋다",
    "date": "12.08.03",
    "rating": "10",
    "author": "tnfu****",
    "review_id": "6567523",
    "movie_id": "44997"
  },
  {
    "review": "더이상 지구온난화가 진행되면 이제 인간의 위기를 다룬 다큐멘터리가 등장할 것이다.",
    "date": "12.07.09",
    "rating": "10",
    "author": "daha****",
    "review_id": "6464144",
    "movie_id": "44997"
  },
  {
    "review": "인간이라면 꼭 한 번 봐야하는 영화입니다. 새끼 북극곰의 모습이 아직도 눈에 아른거립니다.. ㅠ",
    "date": "12.06.25",
    "rating": "10",
    "author": "wldm****",
    "review_id": "6416034",
    "movie_id": "44997"
  },
  {
    "review": "very good",
    "date": "12.06.06",
    "rating": "10",
    "author": "lead****",
    "review_id": "6369800",
    "movie_id": "44997"
  },
  {
    "review": "이 영화 땜에 숙제가 늘었어, 그리고 전설의 자장가 캍은 영화",
    "date": "12.06.06",
    "rating": "1",
    "author": "gksd****",
    "review_id": "6368619",
    "movie_id": "44997"
  },
  {
    "review": "잔잔하고 신비롭고 슬펐습니다!",
    "date": "12.03.19",
    "rating": "10",
    "author": "ysh5****",
    "review_id": "6154208",
    "movie_id": "44997"
  },
  {
    "review": "지구를 다시 살리기 위한 노력이 엿보이는 작품입니다 슬프고 신비로웠습니다 좋은 영화입니다!!",
    "date": "12.03.18",
    "rating": "10",
    "author": "no19****",
    "review_id": "6152464",
    "movie_id": "44997"
  },
  {
    "review": "지구가 인간에게 보내는, 어쩌면 마지막일지도 모르는 메시지",
    "date": "12.03.14",
    "rating": "7",
    "author": "mygr****",
    "review_id": "6143003",
    "movie_id": "44997"
  },
  {
    "review": "북극곰 너무 불쌍하다 ㅠㅠ",
    "date": "12.02.09",
    "rating": "10",
    "author": "gusv****",
    "review_id": "6063869",
    "movie_id": "44997"
  },
  {
    "review": "영화관에서 보기엔..",
    "date": "12.01.11",
    "rating": "9",
    "author": "tn99****",
    "review_id": "5979131",
    "movie_id": "44997"
  },
  {
    "review": "옛날에 되게 보고싶었던거 이제서야 봤는데.. 좀 지루했음.",
    "date": "11.12.19",
    "rating": "7",
    "author": "1894****",
    "review_id": "5914812",
    "movie_id": "44997"
  },
  {
    "review": "넘 지미있고 신비했어요.ㅅuㅅ",
    "date": "11.12.15",
    "rating": "10",
    "author": "sall****",
    "review_id": "5907792",
    "movie_id": "44997"
  },
  {
    "review": "경이로움 그 자체. 그리고 위기의식. 지구의균형=지구의미래",
    "date": "11.12.08",
    "rating": "10",
    "author": "jjaj****",
    "review_id": "5895060",
    "movie_id": "44997"
  },
  {
    "review": "동물의왕국을 영화버젼으로 본 느낌",
    "date": "11.12.02",
    "rating": "7",
    "author": "rudd****",
    "review_id": "5882863",
    "movie_id": "44997"
  },
  {
    "review": "정말 멋진 다큐입니다. 보는 내내 경이로운 자연에 감동했어요",
    "date": "11.11.21",
    "rating": "10",
    "author": "vlft****",
    "review_id": "5864158",
    "movie_id": "44997"
  },
  {
    "review": "반성하게 만드는 자연의 위대함. 내일부터 환경을 위해 조금이라도 노력해야지",
    "date": "11.10.23",
    "rating": "10",
    "author": "kca7****",
    "review_id": "5804221",
    "movie_id": "44997"
  },
  {
    "review": "신이 인간에게 주신 아름다운 선물 순수 자연 그 자체.",
    "date": "11.10.20",
    "rating": "9",
    "author": "tjdg****",
    "review_id": "5798764",
    "movie_id": "44997"
  },
  {
    "review": "재미있네요~",
    "date": "11.10.17",
    "rating": "10",
    "author": "cuki****",
    "review_id": "5794197",
    "movie_id": "44997"
  },
  {
    "review": "개봉할 때 극장가서 봤는데 감명깊어서 이제야 리뷰써봅니다.^^",
    "date": "11.10.07",
    "rating": "10",
    "author": "ydam****",
    "review_id": "5776027",
    "movie_id": "44997"
  },
  {
    "review": "인간잘못 환경오염이 피해를 주는 것이 속상했고 개선의 중요성을 깨달은 영화입니다.",
    "date": "11.09.18",
    "rating": "10",
    "author": "429z****",
    "review_id": "5739724",
    "movie_id": "44997"
  },
  {
    "review": "재밌다",
    "date": "11.09.14",
    "rating": "10",
    "author": "hama****",
    "review_id": "5731175",
    "movie_id": "44997"
  },
  {
    "review": "자연스러운 다큐!",
    "date": "11.09.14",
    "rating": "10",
    "author": "yyn9****",
    "review_id": "5730504",
    "movie_id": "44997"
  },
  {
    "review": "재미",
    "date": "11.08.09",
    "rating": "10",
    "author": "ckdt****",
    "review_id": "5626210",
    "movie_id": "44997"
  },
  {
    "review": "인간이 제일 편하게 살고있었네요. 정말 경이로운 영화였습니다!",
    "date": "11.08.09",
    "rating": "10",
    "author": "ksy9****",
    "review_id": "5624373",
    "movie_id": "44997"
  },
  {
    "review": "우와 진심..대박!!!",
    "date": "11.07.06",
    "rating": "10",
    "author": "sfws****",
    "review_id": "5526117",
    "movie_id": "44997"
  },
  {
    "review": "그냥 꼭 봐야합니다. 그런 영화입니다.",
    "date": "11.07.01",
    "rating": "10",
    "author": "sore****",
    "review_id": "5511776",
    "movie_id": "44997"
  },
  {
    "review": "지구는 우리만의 것이 아니다. 다 함께 살 수 있으면 좋겠다 ㅠㅠ",
    "date": "11.06.29",
    "rating": "10",
    "author": "hzmi****",
    "review_id": "5506939",
    "movie_id": "44997"
  },
  {
    "review": "슬프게 봤습니다.",
    "date": "11.06.17",
    "rating": "10",
    "author": "5cc9****",
    "review_id": "5485929",
    "movie_id": "44997"
  },
  {
    "review": "경이롭네요...원작 다큐를 보면 더욱 더 큰 감동입니다.",
    "date": "11.04.08",
    "rating": "10",
    "author": "orph****",
    "review_id": "5362435",
    "movie_id": "44997"
  },
  {
    "review": "우리가 아는 단 하나의, 생명이 살아 숨 쉬는 축복의 땅 지구. 이제는 지켜야한다.",
    "date": "11.04.03",
    "rating": "10",
    "author": "stre****",
    "review_id": "5351398",
    "movie_id": "44997"
  },
  {
    "review": "미안하다, 인간이 너에게 인위적인 불편과 재앙을 주는구나.",
    "date": "11.03.03",
    "rating": "9",
    "author": "cafe****",
    "review_id": "5291381",
    "movie_id": "44997"
  },
  {
    "review": "좋다",
    "date": "11.02.21",
    "rating": "10",
    "author": "humi****",
    "review_id": "5265071",
    "movie_id": "44997"
  },
  {
    "review": "내가 사는 지구라는 별이 이렇게 아름답고 위태로운 줄은 몰랐네.",
    "date": "11.02.08",
    "rating": "7",
    "author": "hadl****",
    "review_id": "5229360",
    "movie_id": "44997"
  },
  {
    "review": "자연은 위대하고 아름답고 감동적이고 한편으론 슬프다. 저 애들 어쩌누....",
    "date": "11.01.29",
    "rating": "10",
    "author": "heod****",
    "review_id": "5194332",
    "movie_id": "44997"
  },
  {
    "review": "꼭 사람들이 봤으면 하는 영화..  전하는 메세지를 잘 읽었으면 좋겠네요..",
    "date": "11.01.28",
    "rating": "10",
    "author": "1plu****",
    "review_id": "5191816",
    "movie_id": "44997"
  },
  {
    "review": "이 영화로 지구를 바라보고 우리가 얼마나 노력해야 하는지 알게 되었다.",
    "date": "11.01.23",
    "rating": "10",
    "author": "hsh6****",
    "review_id": "5177755",
    "movie_id": "44997"
  },
  {
    "review": "꽤 재미있었다. 하지만 만점을 주고싶다",
    "date": "10.12.05",
    "rating": "10",
    "author": "sohl****",
    "review_id": "5024955",
    "movie_id": "44997"
  },
  {
    "review": "정말로 재미있었습니다",
    "date": "10.11.27",
    "rating": "10",
    "author": "mok0****",
    "review_id": "4996697",
    "movie_id": "44997"
  },
  {
    "review": "푸른 빛의 아름다운 지구의 모습... 정말 아름답고 멋있었다.",
    "date": "10.11.24",
    "rating": "10",
    "author": "poly****",
    "review_id": "4984476",
    "movie_id": "44997"
  },
  {
    "review": "아름다운지구,그속의 경의로운동물들",
    "date": "10.10.17",
    "rating": "10",
    "author": "sons****",
    "review_id": "4907526",
    "movie_id": "44997"
  },
  {
    "review": "경이롭다. 세상의 모든 사람들이 꼭 봐야할 영화.",
    "date": "10.10.03",
    "rating": "10",
    "author": "mete****",
    "review_id": "4882597",
    "movie_id": "44997"
  },
  {
    "review": "잔잔하지만 강한 임팩트가 있다",
    "date": "10.09.19",
    "rating": "8",
    "author": "meta****",
    "review_id": "4849032",
    "movie_id": "44997"
  },
  {
    "review": "지구",
    "date": "10.09.05",
    "rating": "10",
    "author": "kevi****",
    "review_id": "4817896",
    "movie_id": "44997"
  },
  {
    "review": "다큐멘터리의 기본",
    "date": "10.09.02",
    "rating": "9",
    "author": "tscm****",
    "review_id": "4811552",
    "movie_id": "44997"
  },
  {
    "review": "최고",
    "date": "10.08.23",
    "rating": "10",
    "author": "choi****",
    "review_id": "4783876",
    "movie_id": "44997"
  },
  {
    "review": "오션스보다  잼  있네요",
    "date": "10.08.03",
    "rating": "7",
    "author": "spid****",
    "review_id": "4701722",
    "movie_id": "44997"
  },
  {
    "review": "어떻게 이런영화를 만들수 있지? 본지 5분만에 잔건 처음이네 어이가없어섴ㅋㅋㅋㅋㅋ",
    "date": "10.08.03",
    "rating": "1",
    "author": "wse2****",
    "review_id": "4700782",
    "movie_id": "44997"
  },
  {
    "review": "정말멋진지구다큐맨터리 화질정말끝내주네 ㅋㅋ",
    "date": "10.07.28",
    "rating": "9",
    "author": "ejrd****",
    "review_id": "4679767",
    "movie_id": "44997"
  },
  {
    "review": "정말 좋은 다큐맨터리 인것같아요 최고..!",
    "date": "10.06.26",
    "rating": "10",
    "author": "kig3****",
    "review_id": "4593118",
    "movie_id": "44997"
  },
  {
    "review": "정말 좋은 다큐맨터리 인것같아요 최고..!",
    "date": "10.06.17",
    "rating": "10",
    "author": "skrk****",
    "review_id": "4570448",
    "movie_id": "44997"
  },
  {
    "review": "영화까는분들있는데 니들은 이영화볼자격없어 집에가서 한낱액션영화나봐라",
    "date": "10.06.06",
    "rating": "10",
    "author": "figh****",
    "review_id": "4548292",
    "movie_id": "44997"
  },
  {
    "review": "보는데 잠와요",
    "date": "10.05.15",
    "rating": "3",
    "author": "mi19****",
    "review_id": "4501099",
    "movie_id": "44997"
  },
  {
    "review": "좋다...좋아",
    "date": "10.04.12",
    "rating": "10",
    "author": "pp99****",
    "review_id": "4428305",
    "movie_id": "44997"
  },
  {
    "review": "최고다 다큐계의 왕자",
    "date": "10.03.15",
    "rating": "10",
    "author": "only****",
    "review_id": "4358803",
    "movie_id": "44997"
  },
  {
    "review": "생각할 거리를 많이 안겨준 영화.. 이런다큐영화가 좀더 늘어나야한다..",
    "date": "10.02.18",
    "rating": "9",
    "author": "wind****",
    "review_id": "4298702",
    "movie_id": "44997"
  },
  {
    "review": "정말 잘만든 영화... 다큐 영화의 가능성을 입증해 줬다고 감히말한다",
    "date": "10.02.09",
    "rating": "9",
    "author": "capg****",
    "review_id": "4263238",
    "movie_id": "44997"
  },
  {
    "review": "정말 나레이션 목소리도 멋지고... 대자연을 살리자는것도 아름다워 최고!!",
    "date": "10.01.11",
    "rating": "10",
    "author": "gjfk****",
    "review_id": "4158266",
    "movie_id": "44997"
  },
  {
    "review": "우리 모두가 보기에 아주 좋은 주제인것 같아요^^",
    "date": "10.01.08",
    "rating": "10",
    "author": "bsjq****",
    "review_id": "4147811",
    "movie_id": "44997"
  },
  {
    "review": "최고. 매번들리는소리였지만 이영화때문에 꼭지켜야하는 교훈을얻음",
    "date": "10.01.08",
    "rating": "10",
    "author": "rkel****",
    "review_id": "4147725",
    "movie_id": "44997"
  },
  {
    "review": "마냥 자연의 아름다움을 넋놓고 바라볼 수 만은 없을듯 하네요~",
    "date": "09.12.20",
    "rating": "10",
    "author": "wuwu****",
    "review_id": "4059733",
    "movie_id": "44997"
  },
  {
    "review": "아름다운 대자연의 시스템",
    "date": "09.12.12",
    "rating": "10",
    "author": "hsoo****",
    "review_id": "4038431",
    "movie_id": "44997"
  },
  {
    "review": "대자연의위엄",
    "date": "09.11.22",
    "rating": "9",
    "author": "0tae****",
    "review_id": "3982724",
    "movie_id": "44997"
  },
  {
    "review": "아름답고 화려한 영상",
    "date": "09.11.13",
    "rating": "10",
    "author": "bkm1****",
    "review_id": "3958207",
    "movie_id": "44997"
  },
  {
    "review": "지구를 이렇게 아름답게 표현될수가..",
    "date": "09.11.03",
    "rating": "10",
    "author": "bkm1****",
    "review_id": "3934871",
    "movie_id": "44997"
  },
  {
    "review": "멋진 다큐영화. 다만 46억년전 23.5도로 기울어졌다는 말은 믿기 힘듬.",
    "date": "09.11.01",
    "rating": "10",
    "author": "skss****",
    "review_id": "3930431",
    "movie_id": "44997"
  },
  {
    "review": "촬영, 음악, 내용 손색없는 감동과 교훈의 다큐영화. 최고의영화입니다.",
    "date": "09.10.18",
    "rating": "10",
    "author": "choz****",
    "review_id": "3900393",
    "movie_id": "44997"
  },
  {
    "review": "너무좋은영화에요 교훈을주는영화인것같네여",
    "date": "09.09.02",
    "rating": "10",
    "author": "vldz****",
    "review_id": "3807609",
    "movie_id": "44997"
  },
  {
    "review": "와우 뷰티풜",
    "date": "09.08.29",
    "rating": "9",
    "author": "jks2****",
    "review_id": "3795446",
    "movie_id": "44997"
  },
  {
    "review": "good~  펭귄보다 재밌다.",
    "date": "09.08.27",
    "rating": "8",
    "author": "gmin****",
    "review_id": "3792486",
    "movie_id": "44997"
  },
  {
    "review": "감동적이기도 하지만 쫌 지겨운..영화 ㅎㅎ",
    "date": "09.08.25",
    "rating": "2",
    "author": "asdf****",
    "review_id": "3786590",
    "movie_id": "44997"
  },
  {
    "review": "감동입니다. ^_^",
    "date": "09.08.21",
    "rating": "10",
    "author": "kukm****",
    "review_id": "3773563",
    "movie_id": "44997"
  },
  {
    "review": "전설의 잠오는 영화",
    "date": "09.08.21",
    "rating": "1",
    "author": "kidk****",
    "review_id": "3773085",
    "movie_id": "44997"
  },
  {
    "review": "이제까지 길거리에 아무생각없이 버리던 쓰레기가 생각나네요...",
    "date": "09.08.20",
    "rating": "10",
    "author": "ya31****",
    "review_id": "3769903",
    "movie_id": "44997"
  },
  {
    "review": "감동!",
    "date": "09.08.19",
    "rating": "10",
    "author": "1111****",
    "review_id": "3767956",
    "movie_id": "44997"
  },
  {
    "review": "이렇게 멋진 풍경을 담아낼수 있다는것에 감동먹었습니다.",
    "date": "09.08.18",
    "rating": "10",
    "author": "chou****",
    "review_id": "3763096",
    "movie_id": "44997"
  },
  {
    "review": "에어컨꺼야지",
    "date": "09.08.18",
    "rating": "10",
    "author": "swon****",
    "review_id": "3762399",
    "movie_id": "44997"
  },
  {
    "review": "좋네",
    "date": "09.08.14",
    "rating": "10",
    "author": "limb****",
    "review_id": "3746953",
    "movie_id": "44997"
  },
  {
    "review": "영어 내레이션 으로 듣는게 훨씬 듣기도 편하다 거부감 전혀 없다",
    "date": "09.08.05",
    "rating": "10",
    "author": "wooj****",
    "review_id": "3711664",
    "movie_id": "44997"
  },
  {
    "review": "이 별은, 지구입니다!",
    "date": "09.07.30",
    "rating": "9",
    "author": "prin****",
    "review_id": "3683306",
    "movie_id": "44997"
  }
]