[
  {
    "review": "완전재밌음!!! 도둑들보는느낌ㅋㅋㅋ",
    "date": "15.08.24",
    "rating": "10",
    "author": "eb58****",
    "review_id": "10270847",
    "movie_id": "44994"
  },
  {
    "review": "겁나 지루함...왤케 평점이 높지?",
    "date": "15.07.20",
    "rating": "1",
    "author": "aldj****",
    "review_id": "10122701",
    "movie_id": "44994"
  },
  {
    "review": "솔직히 지루함의 연속이다..",
    "date": "15.07.12",
    "rating": "5",
    "author": "do11****",
    "review_id": "10098244",
    "movie_id": "44994"
  },
  {
    "review": "끝은 좀 힘이 빠지지만 시작부터 클라이막스로 치닿는 과정의 긴장감이 좋고 흡인력도 상당하다. 시종일관 궁금증 유발...",
    "date": "15.05.27",
    "rating": "10",
    "author": "heod****",
    "review_id": "9953289",
    "movie_id": "44994"
  },
  {
    "review": "뒤로 갈 수록 재밌어진다...",
    "date": "15.03.12",
    "rating": "7",
    "author": "nine****",
    "review_id": "9774986",
    "movie_id": "44994"
  },
  {
    "review": "단순하지만 재밌습니다.",
    "date": "15.02.18",
    "rating": "9",
    "author": "tinm****",
    "review_id": "9710571",
    "movie_id": "44994"
  },
  {
    "review": "고전의 향기가 나는 영화. 쇼생크 탈출 같은 스릴은 아니지만 그에 못지 않은 냄새가 난다.",
    "date": "15.02.17",
    "rating": "7",
    "author": "yong****",
    "review_id": "9704480",
    "movie_id": "44994"
  },
  {
    "review": "간혹 섬세한 부분이 돋보이긴 하지만 전체적으로 진부한 화면이 너무 많고 구성 자체도 고전영화를 보는 착각에 빠질 정도로 고리타분하다. 시나리오는 좋은데 연출력이 정말 아쉬운 영화. 의도파악은 되는데 표현이 못받혀줌.",
    "date": "14.12.01",
    "rating": "5",
    "author": "solz****",
    "review_id": "9438440",
    "movie_id": "44994"
  },
  {
    "review": "데미무어의 연기는 괜찮지만 영화자체는 그렇게 오래 기억될거 같진 않다.",
    "date": "14.11.21",
    "rating": "7",
    "author": "sinb****",
    "review_id": "9405527",
    "movie_id": "44994"
  },
  {
    "review": "개인적으로 정말 재밌게 봤어요! 영화 끝나니까 막 덥네요 ㅋㅋㅋ 데미무어 나와서 봤는데 마이클 케인도 정말굳!",
    "date": "14.07.10",
    "rating": "10",
    "author": "wg0w****",
    "review_id": "8900254",
    "movie_id": "44994"
  },
  {
    "review": "아무생각없이 티비서하길래봤는데ㅡ재밌음!마지막 데미무어씬이 식상할 수는있으나 배뤼터칭",
    "date": "13.12.29",
    "rating": "10",
    "author": "fhsl****",
    "review_id": "8321392",
    "movie_id": "44994"
  },
  {
    "review": "많이 본듯한 식상한 영화",
    "date": "13.10.28",
    "rating": "5",
    "author": "vkav****",
    "review_id": "8096300",
    "movie_id": "44994"
  },
  {
    "review": "나쁘지않다ㅋㄱ재밋음",
    "date": "13.10.23",
    "rating": "9",
    "author": "limj****",
    "review_id": "8081582",
    "movie_id": "44994"
  },
  {
    "review": "반전이 있는 영화. 중년의 데미무어를 볼 수 있는 영화. 나름 재미있음.",
    "date": "13.07.02",
    "rating": "8",
    "author": "noun****",
    "review_id": "7698594",
    "movie_id": "44994"
  },
  {
    "review": "Not Flawless but Not bad",
    "date": "13.06.05",
    "rating": "7",
    "author": "ykdi****",
    "review_id": "7580511",
    "movie_id": "44994"
  },
  {
    "review": "'어떻게 옮겼을까?' '그랬구나.' 이게 다다.",
    "date": "13.04.06",
    "rating": "6",
    "author": "cont****",
    "review_id": "7437666",
    "movie_id": "44994"
  },
  {
    "review": "나쁘진 않지만, 사건이 너무 1차원적이다. 부가적인 요소들이 가미되었다면 좋을뻔 했다.",
    "date": "13.03.07",
    "rating": "6",
    "author": "timh****",
    "review_id": "7329116",
    "movie_id": "44994"
  },
  {
    "review": "오오~ 기대 안하고 봤는데 시간가는줄 모르고 빠져들었네요..",
    "date": "13.02.14",
    "rating": "8",
    "author": "ykm3****",
    "review_id": "7264225",
    "movie_id": "44994"
  },
  {
    "review": "OOO중에 OOO",
    "date": "13.02.06",
    "rating": "1",
    "author": "dusq****",
    "review_id": "7229872",
    "movie_id": "44994"
  },
  {
    "review": "킬링타임용으로 적절하군",
    "date": "13.01.29",
    "rating": "6",
    "author": "guev****",
    "review_id": "7191671",
    "movie_id": "44994"
  },
  {
    "review": "재밌다!",
    "date": "13.01.25",
    "rating": "8",
    "author": "newl****",
    "review_id": "7173503",
    "movie_id": "44994"
  },
  {
    "review": "최고의영화",
    "date": "13.01.21",
    "rating": "10",
    "author": "ekgn****",
    "review_id": "7140046",
    "movie_id": "44994"
  },
  {
    "review": "차라리 소설로 만났다면 꽤 흥미로웠을 소재가, 영화로 나오면서 관객들로 하여금 지루하고 지루한 단1분도 안되는 흥미로 관객들로 하여금 외면받는 영화다. 상상을 초월할 정도로 지루하다",
    "date": "13.01.12",
    "rating": "1",
    "author": "drea****",
    "review_id": "7107332",
    "movie_id": "44994"
  },
  {
    "review": "마지막장면이 특히 인상적..",
    "date": "13.01.12",
    "rating": "9",
    "author": "gree****",
    "review_id": "7105890",
    "movie_id": "44994"
  },
  {
    "review": "아니 이 영화가 왜 이런 평점이져?!?!?! 진심 이해불가.. 마지막 마무리가 너무 급했지만 너무 좋았어요",
    "date": "13.01.11",
    "rating": "10",
    "author": "bbb2****",
    "review_id": "7103000",
    "movie_id": "44994"
  },
  {
    "review": "범죄영화라 스릴을기대했는데 그냥 감동 다큐같았다. 상당히 지루했다",
    "date": "13.01.08",
    "rating": "5",
    "author": "tmdq****",
    "review_id": "7092066",
    "movie_id": "44994"
  },
  {
    "review": "전혀 상상할 수 없었던 마지막  장면들...기억에 남을 명화입니다.",
    "date": "13.01.02",
    "rating": "10",
    "author": "heys****",
    "review_id": "7075942",
    "movie_id": "44994"
  },
  {
    "review": "스토리자체는 흥미롭긴한데 지루하게 만들었다.",
    "date": "12.12.31",
    "rating": "6",
    "author": "a109****",
    "review_id": "7066998",
    "movie_id": "44994"
  },
  {
    "review": "재미 더럽게없다..지루하다..",
    "date": "12.12.28",
    "rating": "1",
    "author": "yang****",
    "review_id": "7057512",
    "movie_id": "44994"
  },
  {
    "review": "잘 모르겠음요..",
    "date": "12.12.23",
    "rating": "7",
    "author": "pajy****",
    "review_id": "7035799",
    "movie_id": "44994"
  },
  {
    "review": "아 재밌다..",
    "date": "12.12.21",
    "rating": "10",
    "author": "free****",
    "review_id": "7025800",
    "movie_id": "44994"
  },
  {
    "review": "스릴 만점",
    "date": "12.12.19",
    "rating": "10",
    "author": "i715****",
    "review_id": "7016697",
    "movie_id": "44994"
  },
  {
    "review": "오랜만에 재미있었다. 정말 잘 만들었다고 생각함 굿",
    "date": "12.12.17",
    "rating": "10",
    "author": "qla7****",
    "review_id": "7013025",
    "movie_id": "44994"
  },
  {
    "review": "잘만든 영화임은 확실함. 데미무어 연기의 재발견임",
    "date": "12.12.14",
    "rating": "10",
    "author": "immu****",
    "review_id": "6999322",
    "movie_id": "44994"
  },
  {
    "review": "에헤이 기대했는데 걍 그래요 조금지루하기도하고",
    "date": "12.12.10",
    "rating": "6",
    "author": "sptl****",
    "review_id": "6991519",
    "movie_id": "44994"
  },
  {
    "review": "솔직히 기대안하고봤는데 보는 내내 스릴 있었다! 그리고 마지막 엔딩장면 멋진 듯",
    "date": "12.12.09",
    "rating": "10",
    "author": "daji****",
    "review_id": "6986478",
    "movie_id": "44994"
  },
  {
    "review": "마이클 케인의 연기가 아까운 영화",
    "date": "12.12.08",
    "rating": "6",
    "author": "ysk5****",
    "review_id": "6985307",
    "movie_id": "44994"
  },
  {
    "review": "간만에 본 제대로된 영화, 정말 추천",
    "date": "12.12.07",
    "rating": "10",
    "author": "iolk****",
    "review_id": "6982177",
    "movie_id": "44994"
  },
  {
    "review": "완젼짱",
    "date": "12.12.07",
    "rating": "10",
    "author": "hanj****",
    "review_id": "6982115",
    "movie_id": "44994"
  },
  {
    "review": "잼없음",
    "date": "12.12.06",
    "rating": "1",
    "author": "visi****",
    "review_id": "6977960",
    "movie_id": "44994"
  },
  {
    "review": "zzzzzzzzzzzzzzz",
    "date": "12.12.06",
    "rating": "1",
    "author": "sort****",
    "review_id": "6976905",
    "movie_id": "44994"
  }
]