[
  {
    "review": "지ㅐ밌응!! 뭔가 해적단 애들끼리의  친한것들이 잘 드러나는거 같아서 좋았움",
    "date": "15.07.31",
    "rating": "8",
    "author": "goek****",
    "review_id": "10167178",
    "movie_id": "45033"
  },
  {
    "review": "쵸파목소리 왜 이따위야",
    "date": "15.07.30",
    "rating": "7",
    "author": "kill****",
    "review_id": "10163371",
    "movie_id": "45033"
  },
  {
    "review": "기어세컨드의 발견..ㅋㅋ",
    "date": "15.05.20",
    "rating": "10",
    "author": "jhh9****",
    "review_id": "9933789",
    "movie_id": "45033"
  },
  {
    "review": "전설속에 숨겨진 신비한 보물을 찾아 우리가 간다!",
    "date": "15.05.09",
    "rating": "10",
    "author": "huit****",
    "review_id": "9905290",
    "movie_id": "45033"
  },
  {
    "review": "진짜잼썻음굿굿!!다시보고싶네요",
    "date": "14.12.20",
    "rating": "10",
    "author": "blac****",
    "review_id": "9491024",
    "movie_id": "45033"
  },
  {
    "review": "원피스 극장판치고 재미가없음...오래된거라서 그런가최근에 나온 극장판들은 재밌던데 흠",
    "date": "14.09.27",
    "rating": "6",
    "author": "sall****",
    "review_id": "9244898",
    "movie_id": "45033"
  },
  {
    "review": "원피스의 매력은 초인들끼리의 액션인데 이번 편은 너무 모험위주가 아니었나 싶다.",
    "date": "14.07.22",
    "rating": "6",
    "author": "stem****",
    "review_id": "8939177",
    "movie_id": "45033"
  },
  {
    "review": "원피스 극장판 기계태엽성의 메카 거병",
    "date": "14.01.24",
    "rating": "10",
    "author": "jeon****",
    "review_id": "8421941",
    "movie_id": "45033"
  },
  {
    "review": "기어 세컨드 첫장면이다",
    "date": "14.01.22",
    "rating": "10",
    "author": "sdji****",
    "review_id": "8412918",
    "movie_id": "45033"
  },
  {
    "review": "원피스는 한국성우들 괜찮던데ㅋ",
    "date": "13.12.23",
    "rating": "7",
    "author": "raze****",
    "review_id": "8285739",
    "movie_id": "45033"
  },
  {
    "review": "헐ㅋㅋ 더빙ㅋㅋㅋ 미치겠땈ㅋㅋ 어뜨카냐;;;;",
    "date": "13.12.09",
    "rating": "8",
    "author": "vjff****",
    "review_id": "8200722",
    "movie_id": "45033"
  },
  {
    "review": "어울릴듯 안어울릴듯 목소리 좋았어요",
    "date": "13.10.27",
    "rating": "10",
    "author": "qkxm****",
    "review_id": "8092689",
    "movie_id": "45033"
  },
  {
    "review": "10점",
    "date": "13.06.23",
    "rating": "10",
    "author": "klov****",
    "review_id": "7672861",
    "movie_id": "45033"
  },
  {
    "review": "좋ㅎ아요 ㅎㅋ",
    "date": "13.05.01",
    "rating": "10",
    "author": "somi****",
    "review_id": "7498275",
    "movie_id": "45033"
  },
  {
    "review": "재밋음",
    "date": "13.03.08",
    "rating": "10",
    "author": "yyuu****",
    "review_id": "7332255",
    "movie_id": "45033"
  },
  {
    "review": "ㅠㅠ",
    "date": "13.03.05",
    "rating": "10",
    "author": "vpfm****",
    "review_id": "7326515",
    "movie_id": "45033"
  },
  {
    "review": "완전 재미있게 참 즐겨 잘 봤데이너무 좋아 최고제 ㅋㅋ",
    "date": "13.03.02",
    "rating": "10",
    "author": "yyho****",
    "review_id": "7318492",
    "movie_id": "45033"
  },
  {
    "review": "좀 실망했;; 허접한스토리랄까..",
    "date": "13.01.31",
    "rating": "3",
    "author": "hun3****",
    "review_id": "7203716",
    "movie_id": "45033"
  },
  {
    "review": "재밌엇따",
    "date": "13.01.15",
    "rating": "10",
    "author": "lbkb****",
    "review_id": "7118951",
    "movie_id": "45033"
  },
  {
    "review": "재미뜸요!!!!",
    "date": "12.06.30",
    "rating": "10",
    "author": "rhde****",
    "review_id": "6431445",
    "movie_id": "45033"
  },
  {
    "review": "싸움 씬이 좀 부족한데 재밌음",
    "date": "12.05.26",
    "rating": "10",
    "author": "rlag****",
    "review_id": "6335832",
    "movie_id": "45033"
  },
  {
    "review": "정말 실망 스러웟음..",
    "date": "12.04.28",
    "rating": "4",
    "author": "tsp0****",
    "review_id": "6252170",
    "movie_id": "45033"
  },
  {
    "review": "재미있네",
    "date": "12.01.25",
    "rating": "8",
    "author": "dlrh****",
    "review_id": "6019336",
    "movie_id": "45033"
  },
  {
    "review": "좋습니다.",
    "date": "12.01.04",
    "rating": "10",
    "author": "nimb****",
    "review_id": "5958277",
    "movie_id": "45033"
  },
  {
    "review": "원피스 극장판중 최고의 졸작. 진짜 7기는 너무 실망스럽다.",
    "date": "12.01.01",
    "rating": "6",
    "author": "paul****",
    "review_id": "5951825",
    "movie_id": "45033"
  },
  {
    "review": "대박대박",
    "date": "11.10.14",
    "rating": "10",
    "author": "rytn****",
    "review_id": "5788548",
    "movie_id": "45033"
  },
  {
    "review": "이것도 역시 개잼ㅋㅋ",
    "date": "11.08.28",
    "rating": "10",
    "author": "eakx****",
    "review_id": "5694212",
    "movie_id": "45033"
  },
  {
    "review": "재밋어요 ㅎ",
    "date": "11.08.07",
    "rating": "10",
    "author": "sksm****",
    "review_id": "5615864",
    "movie_id": "45033"
  },
  {
    "review": "모닝글로리의 노래밖에 건진 것이 없었다.",
    "date": "11.02.09",
    "rating": "6",
    "author": "dkas****",
    "review_id": "5229957",
    "movie_id": "45033"
  },
  {
    "review": "지금껏 적이 이렇게 재미없을 수가...",
    "date": "11.01.05",
    "rating": "5",
    "author": "ichi****",
    "review_id": "5132019",
    "movie_id": "45033"
  },
  {
    "review": "그냥 저냥",
    "date": "10.12.04",
    "rating": "8",
    "author": "srid****",
    "review_id": "5020217",
    "movie_id": "45033"
  },
  {
    "review": "극장판중 최악의 졸작... 가히쓰레기 ㅡㅡ",
    "date": "10.12.03",
    "rating": "1",
    "author": "roal****",
    "review_id": "5017167",
    "movie_id": "45033"
  },
  {
    "review": "대박",
    "date": "10.10.10",
    "rating": "10",
    "author": "mjmj****",
    "review_id": "4895507",
    "movie_id": "45033"
  },
  {
    "review": "광고보고 겁나기대했지만 좀 많이 달라..그래도 원피스니까 10점",
    "date": "10.09.17",
    "rating": "10",
    "author": "wjdd****",
    "review_id": "4843350",
    "movie_id": "45033"
  },
  {
    "review": "이미 4년전에 개봉한걸 괜히 악평늘어놓는 밑의 글보고 빵터짐 푸하하 할일도 없나봐",
    "date": "10.08.24",
    "rating": "10",
    "author": "toco****",
    "review_id": "4787884",
    "movie_id": "45033"
  },
  {
    "review": "초딩들한테는 수준 떨어지는 이게 딱이지? ㅉㅉ 정말 은근히 유치했던 스토리...",
    "date": "10.08.24",
    "rating": "4",
    "author": "kyck****",
    "review_id": "4786413",
    "movie_id": "45033"
  },
  {
    "review": "역시 재미있다! 쵝오다!",
    "date": "10.08.11",
    "rating": "10",
    "author": "yong****",
    "review_id": "4733223",
    "movie_id": "45033"
  },
  {
    "review": "capguy님 짜증날것까지잇나? 그렇게 짜증나면 애초부터 보지말든가 ㅋㅋ",
    "date": "10.07.31",
    "rating": "10",
    "author": "ejdn****",
    "review_id": "4692006",
    "movie_id": "45033"
  },
  {
    "review": "그럭저럭 별도부록같은 재미를 주었다.",
    "date": "10.04.28",
    "rating": "7",
    "author": "kami****",
    "review_id": "4461283",
    "movie_id": "45033"
  },
  {
    "review": "재미있다!!!!",
    "date": "10.04.02",
    "rating": "10",
    "author": "yuhn****",
    "review_id": "4404671",
    "movie_id": "45033"
  },
  {
    "review": "극장판 10기 보기가 겁이날 정도",
    "date": "10.03.24",
    "rating": "4",
    "author": "psp2****",
    "review_id": "4384273",
    "movie_id": "45033"
  },
  {
    "review": "난솔직히...너무 짜증나더라...감동이 전혀 없다고랄까...?동물보호라기보다는 억지",
    "date": "10.02.28",
    "rating": "5",
    "author": "capg****",
    "review_id": "4322983",
    "movie_id": "45033"
  },
  {
    "review": "세계정복뭐본판에서도 조로한테 수십명 발리는 아론일당이 세계정복한다고 ㅈㄹ이던데",
    "date": "10.02.16",
    "rating": "10",
    "author": "leed****",
    "review_id": "4287812",
    "movie_id": "45033"
  },
  {
    "review": "역시원피스",
    "date": "10.01.30",
    "rating": "10",
    "author": "dnab****",
    "review_id": "4223688",
    "movie_id": "45033"
  },
  {
    "review": "ㅇㅇ짱",
    "date": "10.01.24",
    "rating": "10",
    "author": "ghdw****",
    "review_id": "4204481",
    "movie_id": "45033"
  },
  {
    "review": "원피스니까",
    "date": "10.01.13",
    "rating": "10",
    "author": "tlsw****",
    "review_id": "4166181",
    "movie_id": "45033"
  },
  {
    "review": "재밌기만 한데 기어세컨드도 모르는 사람들 쩝",
    "date": "10.01.08",
    "rating": "10",
    "author": "rnrs****",
    "review_id": "4148901",
    "movie_id": "45033"
  },
  {
    "review": "별루....",
    "date": "10.01.06",
    "rating": "1",
    "author": "otz0****",
    "review_id": "4141507",
    "movie_id": "45033"
  },
  {
    "review": "루피 회전채찍인가 그걸로 섬하나 날려버림 ㄷㄷ 그다지재밋지는않음",
    "date": "10.01.05",
    "rating": "7",
    "author": "wyyo****",
    "review_id": "4138784",
    "movie_id": "45033"
  },
  {
    "review": "유쾌유쾌",
    "date": "10.01.01",
    "rating": "8",
    "author": "kcj1****",
    "review_id": "4115202",
    "movie_id": "45033"
  },
  {
    "review": "기어 세컨드!!",
    "date": "09.12.29",
    "rating": "10",
    "author": "pros****",
    "review_id": "4103867",
    "movie_id": "45033"
  },
  {
    "review": "작화는 좋아졌지만 대사도 좀 유치하고 전체적으로 이야기가 늘어지는 느낌이에요..",
    "date": "09.12.26",
    "rating": "7",
    "author": "kisu****",
    "review_id": "4086621",
    "movie_id": "45033"
  },
  {
    "review": "기어 세컨드(기어2) 얼뗠껼에 나오네 ㅋㅋㅋ",
    "date": "09.12.03",
    "rating": "10",
    "author": "rltn****",
    "review_id": "4010997",
    "movie_id": "45033"
  },
  {
    "review": "시리즈중 최하",
    "date": "09.09.19",
    "rating": "6",
    "author": "jkh0****",
    "review_id": "3838080",
    "movie_id": "45033"
  },
  {
    "review": "처음엔 재밌었는데 마지막 부분에 졸려서 조금...(새벽 쯤에 봤음)",
    "date": "09.08.10",
    "rating": "9",
    "author": "toto****",
    "review_id": "3733879",
    "movie_id": "45033"
  },
  {
    "review": "못난놈.",
    "date": "09.08.02",
    "rating": "3",
    "author": "tori****",
    "review_id": "3697058",
    "movie_id": "45033"
  },
  {
    "review": "별로..",
    "date": "09.07.29",
    "rating": "6",
    "author": "bkm1****",
    "review_id": "3681639",
    "movie_id": "45033"
  },
  {
    "review": "고무고무 펀치~~~ 원피스는 매우 좋아하지만 이건 좀 별로.",
    "date": "09.07.15",
    "rating": "4",
    "author": "iss2****",
    "review_id": "3633266",
    "movie_id": "45033"
  },
  {
    "review": "재밌던대",
    "date": "09.05.21",
    "rating": "10",
    "author": "cktl****",
    "review_id": "3510341",
    "movie_id": "45033"
  },
  {
    "review": "이번 극장판은 정말로 나미와 로빈의 살아 움직이는 듯한 가슴 최고다 스토리는 약간",
    "date": "09.05.02",
    "rating": "7",
    "author": "deff****",
    "review_id": "3457243",
    "movie_id": "45033"
  },
  {
    "review": "꼬마들이 역시이런걸좋아하는구나 ㅡㅡ 6기보다 평점이높다니..",
    "date": "09.04.30",
    "rating": "1",
    "author": "dlwh****",
    "review_id": "3451065",
    "movie_id": "45033"
  },
  {
    "review": "이 만화영화 좋네요.",
    "date": "09.03.29",
    "rating": "10",
    "author": "0527****",
    "review_id": "3393766",
    "movie_id": "45033"
  },
  {
    "review": "나미와 로빈 가슴만 잘 표현했네요 스토리 정말 욕나옴",
    "date": "09.03.25",
    "rating": "1",
    "author": "youn****",
    "review_id": "3386381",
    "movie_id": "45033"
  },
  {
    "review": "마음에 듭니다. 원피스 정말 좋습니다.",
    "date": "09.03.22",
    "rating": "10",
    "author": "dong****",
    "review_id": "3380610",
    "movie_id": "45033"
  },
  {
    "review": "거북이로 세계정복.. ㅋㅋㅋ",
    "date": "09.02.27",
    "rating": "8",
    "author": "tjeh****",
    "review_id": "3336535",
    "movie_id": "45033"
  },
  {
    "review": "역시 재밌다 ㅇㅇ",
    "date": "09.02.07",
    "rating": "8",
    "author": "mins****",
    "review_id": "3285106",
    "movie_id": "45033"
  },
  {
    "review": "대 실망이야",
    "date": "08.12.19",
    "rating": "1",
    "author": "lone****",
    "review_id": "3130919",
    "movie_id": "45033"
  },
  {
    "review": "루피의 신기술이 소개되는 장면",
    "date": "08.10.18",
    "rating": "8",
    "author": "jeeb****",
    "review_id": "3006390",
    "movie_id": "45033"
  },
  {
    "review": "원피스 쵝오! ^^",
    "date": "08.10.03",
    "rating": "10",
    "author": "poin****",
    "review_id": "2979726",
    "movie_id": "45033"
  },
  {
    "review": "허술한 스토리에 싱거움...",
    "date": "08.09.25",
    "rating": "6",
    "author": "notn****",
    "review_id": "2968969",
    "movie_id": "45033"
  },
  {
    "review": "원피스 극장판은 가면 갈수록 이상해지네....",
    "date": "08.09.17",
    "rating": "4",
    "author": "nba1****",
    "review_id": "2954814",
    "movie_id": "45033"
  },
  {
    "review": "이게 재미 없었으면 그냥 만화나 봐라.괜히 극장용 장편 보지말고.",
    "date": "08.08.25",
    "rating": "10",
    "author": "baks****",
    "review_id": "2901118",
    "movie_id": "45033"
  },
  {
    "review": "액션좋고 캐릭터도 나름 잘 살린듯 근데 적이 너무 약하고 스토리가 쫌ㅋㅋ",
    "date": "08.08.12",
    "rating": "9",
    "author": "kues****",
    "review_id": "2864347",
    "movie_id": "45033"
  },
  {
    "review": "정말별로다...",
    "date": "08.08.10",
    "rating": "1",
    "author": "guds****",
    "review_id": "2859407",
    "movie_id": "45033"
  },
  {
    "review": "저요 저요 저요 이 영화 추천 합니다.",
    "date": "08.07.28",
    "rating": "10",
    "author": "qkdr****",
    "review_id": "2811256",
    "movie_id": "45033"
  },
  {
    "review": "허술한 스토리 별로 싸우지도 않는다...다 싱겁게 끝나버린다",
    "date": "08.07.22",
    "rating": "6",
    "author": "myje****",
    "review_id": "2792837",
    "movie_id": "45033"
  },
  {
    "review": "왤케 시시하지..",
    "date": "08.06.15",
    "rating": "8",
    "author": "as65****",
    "review_id": "2701191",
    "movie_id": "45033"
  },
  {
    "review": "잼따ㅋㅋ",
    "date": "08.06.15",
    "rating": "10",
    "author": "pms5****",
    "review_id": "2699592",
    "movie_id": "45033"
  },
  {
    "review": "스토리가 퀄리티를 따라가질 못한다. 슴가서비스샷은 굿.",
    "date": "08.04.30",
    "rating": "8",
    "author": "thfb****",
    "review_id": "2607734",
    "movie_id": "45033"
  },
  {
    "review": "재밌던데..ㅋㅋ 마지막 캐멋짐 ㅋㅋ",
    "date": "08.02.19",
    "rating": "10",
    "author": "mrfu****",
    "review_id": "2462476",
    "movie_id": "45033"
  },
  {
    "review": "그나마 극장판중에서는 제일낫다",
    "date": "08.02.19",
    "rating": "10",
    "author": "wlsd****",
    "review_id": "2462457",
    "movie_id": "45033"
  },
  {
    "review": "적이 너무 시시하게 나가떨어진듯?",
    "date": "08.01.13",
    "rating": "7",
    "author": "boys****",
    "review_id": "2327877",
    "movie_id": "45033"
  },
  {
    "review": "확실히 스토리 등은 좋았다 하지만 오덕후의 시선에 너무 치중했다",
    "date": "08.01.04",
    "rating": "9",
    "author": "wond****",
    "review_id": "2296159",
    "movie_id": "45033"
  },
  {
    "review": "본래 원피스를 좋아했지만, 이거보고 더욱 재밌어졌다.",
    "date": "07.12.26",
    "rating": "10",
    "author": "choo****",
    "review_id": "2269006",
    "movie_id": "45033"
  },
  {
    "review": "나미하고 로빈 가슴때문에 10점",
    "date": "07.10.01",
    "rating": "10",
    "author": "codu****",
    "review_id": "2064510",
    "movie_id": "45033"
  },
  {
    "review": "지루할 틈이 없는 원피스 시리즈 ^^",
    "date": "07.09.19",
    "rating": "8",
    "author": "kukm****",
    "review_id": "2031658",
    "movie_id": "45033"
  },
  {
    "review": "로빈 쵝오!",
    "date": "07.09.11",
    "rating": "10",
    "author": "kira****",
    "review_id": "2013875",
    "movie_id": "45033"
  },
  {
    "review": "하...원피스가 이런 처참한꼴이 되다니...",
    "date": "07.08.26",
    "rating": "1",
    "author": "dudg****",
    "review_id": "1981128",
    "movie_id": "45033"
  },
  {
    "review": "TV용보다 재미없었던 극장판..",
    "date": "07.08.12",
    "rating": "2",
    "author": "qork****",
    "review_id": "1928930",
    "movie_id": "45033"
  },
  {
    "review": "왜 전투씬이 없어..액션만화에 전투씬이 왜 없어..왜 적들이 다 발려..",
    "date": "07.08.05",
    "rating": "4",
    "author": "wnsa****",
    "review_id": "1882103",
    "movie_id": "45033"
  },
  {
    "review": "로빈상의개쩌러 ㅋㅋ",
    "date": "07.08.05",
    "rating": "10",
    "author": "mape****",
    "review_id": "1881715",
    "movie_id": "45033"
  },
  {
    "review": "원피스보면 어찌 누님들몸매에만 눈이가네",
    "date": "07.08.03",
    "rating": "5",
    "author": "dark****",
    "review_id": "1862988",
    "movie_id": "45033"
  },
  {
    "review": "재미있는 애니메이션~ 극장판중 최저..",
    "date": "07.08.02",
    "rating": "5",
    "author": "seok****",
    "review_id": "1850577",
    "movie_id": "45033"
  },
  {
    "review": "음음 적이 너무 초라해보이네;;;",
    "date": "07.07.31",
    "rating": "6",
    "author": "blac****",
    "review_id": "1830358",
    "movie_id": "45033"
  },
  {
    "review": "귀여운 느낌. 쵸파성우가 다르다는게 흠이랄까",
    "date": "07.05.29",
    "rating": "9",
    "author": "cjon****",
    "review_id": "1671146",
    "movie_id": "45033"
  },
  {
    "review": "초반에 나미.... 당황.....ㄱ-;;",
    "date": "07.05.24",
    "rating": "10",
    "author": "ehdd****",
    "review_id": "1655246",
    "movie_id": "45033"
  },
  {
    "review": "원피스는 무조건 재미있다",
    "date": "07.05.14",
    "rating": "10",
    "author": "vict****",
    "review_id": "1637641",
    "movie_id": "45033"
  },
  {
    "review": "돈내고 안보니 다행이었다 좀만 더깎을까?",
    "date": "07.05.06",
    "rating": "1",
    "author": "alex****",
    "review_id": "1624561",
    "movie_id": "45033"
  },
  {
    "review": "살짝 재미는 있었지만 너무 모든걸 루피가 해결한다는;;;",
    "date": "07.05.01",
    "rating": "4",
    "author": "swh7****",
    "review_id": "1614695",
    "movie_id": "45033"
  },
  {
    "review": "즐겁게 감상했습니다^^// 결말도 멋지고.",
    "date": "07.04.11",
    "rating": "10",
    "author": "haga****",
    "review_id": "1583771",
    "movie_id": "45033"
  }
]