[
  {
    "review": "재미짱",
    "date": "13.04.03",
    "rating": "10",
    "author": "ksyx****",
    "review_id": "7433168",
    "movie_id": "45113"
  },
  {
    "review": "가필드 짱~><",
    "date": "13.01.23",
    "rating": "10",
    "author": "djsc****",
    "review_id": "7159350",
    "movie_id": "45113"
  },
  {
    "review": "팀힐 감독의 애니매이션도 이제 단물기가 빠진다",
    "date": "11.12.22",
    "rating": "1",
    "author": "dnst****",
    "review_id": "5923297",
    "movie_id": "45113"
  },
  {
    "review": "귀엽네. 재미는 없다",
    "date": "11.02.16",
    "rating": "4",
    "author": "blai****",
    "review_id": "5248308",
    "movie_id": "45113"
  },
  {
    "review": "이런 동물영화는 참 좋다.가족이 다같이 보기 딱 좋은영화.",
    "date": "11.02.09",
    "rating": "10",
    "author": "odjs****",
    "review_id": "5230600",
    "movie_id": "45113"
  },
  {
    "review": "재밌어요!!",
    "date": "11.01.26",
    "rating": "10",
    "author": "rams****",
    "review_id": "5185671",
    "movie_id": "45113"
  },
  {
    "review": "완전 대박!! 이거울엄마도 재밌단닼ㅋㅋㅋㅋㅋㅋ",
    "date": "10.12.24",
    "rating": "10",
    "author": "wuri****",
    "review_id": "5081883",
    "movie_id": "45113"
  },
  {
    "review": "애니에서 끝내야했을 가필드.",
    "date": "10.08.12",
    "rating": "1",
    "author": "mr05****",
    "review_id": "4737434",
    "movie_id": "45113"
  },
  {
    "review": "완전 동물영화로 전락했다 애들웃음코드로 도배한 영화",
    "date": "10.07.26",
    "rating": "2",
    "author": "si2p****",
    "review_id": "4674347",
    "movie_id": "45113"
  },
  {
    "review": "ㅇㅇ 봐도봐도질리지않네 ㅋ.ㅋ  나도 라자니아먹고싶어",
    "date": "10.01.16",
    "rating": "10",
    "author": "tjsa****",
    "review_id": "4177391",
    "movie_id": "45113"
  },
  {
    "review": "넘넘넘~~ 재미있습니다.. 꼭! 보세요...",
    "date": "09.12.11",
    "rating": "10",
    "author": "whit****",
    "review_id": "4034851",
    "movie_id": "45113"
  },
  {
    "review": "유쾌하고 따뜻한 영화..",
    "date": "09.10.09",
    "rating": "7",
    "author": "blue****",
    "review_id": "3882775",
    "movie_id": "45113"
  },
  {
    "review": "가필드같은 고양이 한마리 기르고 싶다.",
    "date": "09.04.05",
    "rating": "6",
    "author": "2601****",
    "review_id": "3406143",
    "movie_id": "45113"
  },
  {
    "review": "동물들 목소리 좀 더 신경써줬스면 유치하단 생각이 안들 것이다.",
    "date": "08.12.29",
    "rating": "8",
    "author": "seun****",
    "review_id": "3164986",
    "movie_id": "45113"
  },
  {
    "review": "내가봤던영화중에서제일재미있었던영화",
    "date": "08.11.02",
    "rating": "10",
    "author": "skid****",
    "review_id": "3031568",
    "movie_id": "45113"
  },
  {
    "review": "이건 10점 만점에 10점 더 줘도 되!! 왜냐하면 재미있으니까 ㅋㅋ",
    "date": "08.10.14",
    "rating": "10",
    "author": "lena****",
    "review_id": "3000162",
    "movie_id": "45113"
  },
  {
    "review": "재미있을듯 하면서도 밋밋하다.",
    "date": "08.10.09",
    "rating": "7",
    "author": "nono****",
    "review_id": "2990093",
    "movie_id": "45113"
  },
  {
    "review": "\"가족의 따뜻함과 웃긴 것들을 함께 경험할 수 있는, 가필드2!\"다.",
    "date": "08.09.18",
    "rating": "10",
    "author": "ann0****",
    "review_id": "2956032",
    "movie_id": "45113"
  },
  {
    "review": "엄청 잼잇어요~!",
    "date": "08.09.04",
    "rating": "10",
    "author": "dnjs****",
    "review_id": "2921212",
    "movie_id": "45113"
  },
  {
    "review": "이 영화는 너무 재미있었다..",
    "date": "08.06.11",
    "rating": "10",
    "author": "jiyo****",
    "review_id": "2693205",
    "movie_id": "45113"
  },
  {
    "review": "OST만 좋았다.",
    "date": "08.04.20",
    "rating": "8",
    "author": "sayt****",
    "review_id": "2590300",
    "movie_id": "45113"
  },
  {
    "review": "이거 나중에 나오는 노래 알고 싶은데ㅠㅠ 그래도 영화는 재밋게보았습니다",
    "date": "08.04.05",
    "rating": "10",
    "author": "ehd5****",
    "review_id": "2561006",
    "movie_id": "45113"
  },
  {
    "review": "학교 에서봤는데다시껐다켜서 못봤어요 그레도  데스데스데스데데스이게재밌었는데",
    "date": "08.02.20",
    "rating": "10",
    "author": "rhkd****",
    "review_id": "2466355",
    "movie_id": "45113"
  },
  {
    "review": "어릴때 보던 4컷만화로 보는 가필드가 더 나았지.",
    "date": "08.02.14",
    "rating": "5",
    "author": "evil****",
    "review_id": "2444511",
    "movie_id": "45113"
  },
  {
    "review": "5번 봤다ㅎㅎ 김용만 목소리가 아닌게 아쉽다ㅜㅜ",
    "date": "08.01.05",
    "rating": "10",
    "author": "ky30****",
    "review_id": "2300593",
    "movie_id": "45113"
  },
  {
    "review": "ㅋㅋ 요것두 보는동안 즐거웠다..",
    "date": "08.01.02",
    "rating": "7",
    "author": "revo****",
    "review_id": "2290154",
    "movie_id": "45113"
  },
  {
    "review": "동물조련과 상황연출을 위해 애쓰신 '동물사랑회' 여러분들의 노고를 치하하며...",
    "date": "07.12.23",
    "rating": "7",
    "author": "goma****",
    "review_id": "2258880",
    "movie_id": "45113"
  },
  {
    "review": "전편보다 낫지만 그래도 뭔가 부족하다",
    "date": "07.11.30",
    "rating": "6",
    "author": "uds0****",
    "review_id": "2193788",
    "movie_id": "45113"
  },
  {
    "review": "제니퍼 밖에 볼게 없네.",
    "date": "07.11.16",
    "rating": "6",
    "author": "clou****",
    "review_id": "2155912",
    "movie_id": "45113"
  },
  {
    "review": "정말 재밌었어요..^^ 웃겨서ㅎㅎ",
    "date": "07.11.15",
    "rating": "10",
    "author": "wnsd****",
    "review_id": "2154340",
    "movie_id": "45113"
  },
  {
    "review": "글쎄... 그저 단순한 유치원생 영화",
    "date": "07.11.05",
    "rating": "5",
    "author": "v292****",
    "review_id": "2135966",
    "movie_id": "45113"
  },
  {
    "review": "1편이 훨씬잼있당;; 그래더 나름잼있었어욤 ㅋ",
    "date": "07.09.15",
    "rating": "5",
    "author": "ebbu****",
    "review_id": "2022235",
    "movie_id": "45113"
  },
  {
    "review": "무난한 수준의 가족영화",
    "date": "07.08.25",
    "rating": "7",
    "author": "kkw1****",
    "review_id": "1976842",
    "movie_id": "45113"
  },
  {
    "review": "봤는데 어렴풋이 기억자체도 안나는 영화.",
    "date": "07.08.13",
    "rating": "5",
    "author": "eeod****",
    "review_id": "1930091",
    "movie_id": "45113"
  },
  {
    "review": "완전 재미있었습니다>.신고",
    "date": "07.08.04",
    "rating": "10",
    "author": "leeh****",
    "review_id": "1873833",
    "movie_id": "45113"
  },
  {
    "review": "유치하지만, 나쁘지는 않네",
    "date": "07.05.04",
    "rating": "5",
    "author": "east****",
    "review_id": "1618937",
    "movie_id": "45113"
  },
  {
    "review": "키워보고싶어 뻔한내용이긴하지만 그래도 재미난걸",
    "date": "07.03.05",
    "rating": "8",
    "author": "yrbo****",
    "review_id": "1520251",
    "movie_id": "45113"
  },
  {
    "review": "그냥 첨은 그런데 뒤부터 쫌 재밌음 ㅋㅋㅋㅋ",
    "date": "07.03.03",
    "rating": "7",
    "author": "klip****",
    "review_id": "1516424",
    "movie_id": "45113"
  },
  {
    "review": "그냥.. 귀엽고 잼있어-ㅋ",
    "date": "07.02.27",
    "rating": "6",
    "author": "nohy****",
    "review_id": "1505858",
    "movie_id": "45113"
  },
  {
    "review": "적당히 재밌네요./귀여워요",
    "date": "07.02.26",
    "rating": "7",
    "author": "jeso****",
    "review_id": "1503436",
    "movie_id": "45113"
  },
  {
    "review": "워... 한국판 더빙을 보라...",
    "date": "07.02.12",
    "rating": "6",
    "author": "kumc****",
    "review_id": "1464954",
    "movie_id": "45113"
  },
  {
    "review": "원작만큼(1)편만큼은아직이야그레도볼만",
    "date": "07.02.07",
    "rating": "10",
    "author": "owjs****",
    "review_id": "1452006",
    "movie_id": "45113"
  },
  {
    "review": "원작만화만큼 못살렸다.",
    "date": "07.02.06",
    "rating": "2",
    "author": "ghkd****",
    "review_id": "1449142",
    "movie_id": "45113"
  },
  {
    "review": "토실토실 한게 좋네",
    "date": "07.01.25",
    "rating": "10",
    "author": "lvsh****",
    "review_id": "1413094",
    "movie_id": "45113"
  },
  {
    "review": ">_",
    "date": "07.01.13",
    "rating": "9",
    "author": "minj****",
    "review_id": "1381815",
    "movie_id": "45113"
  },
  {
    "review": "참 재밌내용~~~",
    "date": "06.12.26",
    "rating": "10",
    "author": "sue5****",
    "review_id": "1330158",
    "movie_id": "45113"
  },
  {
    "review": "新왕자와 거지 ㅎㅎ, 동물들이 연기를 참 잘하네요",
    "date": "06.12.16",
    "rating": "6",
    "author": "ysrp****",
    "review_id": "1297608",
    "movie_id": "45113"
  },
  {
    "review": "그럭저럭 볼만함 군데군데 피식 웃기기도하고",
    "date": "06.12.11",
    "rating": "7",
    "author": "civa****",
    "review_id": "1284636",
    "movie_id": "45113"
  },
  {
    "review": "기대하지 않고 봐서인지는 몰라도 정말 재미있게 봤음^^",
    "date": "06.12.07",
    "rating": "10",
    "author": "sori****",
    "review_id": "1273066",
    "movie_id": "45113"
  },
  {
    "review": "이제 더이상 가필드 시리즈는 기대하지 않음",
    "date": "06.11.05",
    "rating": "5",
    "author": "gall****",
    "review_id": "1216830",
    "movie_id": "45113"
  },
  {
    "review": "귀여운 고양이와 적절한 주제 그리고 지루함",
    "date": "06.11.05",
    "rating": "6",
    "author": "khs9****",
    "review_id": "1216498",
    "movie_id": "45113"
  },
  {
    "review": "나쁘지 않은 그냥 시간보내는데...보편적 교훈을 주는...",
    "date": "06.10.27",
    "rating": "5",
    "author": "ikel****",
    "review_id": "1200999",
    "movie_id": "45113"
  },
  {
    "review": "1편에 비해 너무 아동용으로 변했어; CG는 많이 좋아졌네",
    "date": "06.10.26",
    "rating": "6",
    "author": "mjmm****",
    "review_id": "1199872",
    "movie_id": "45113"
  },
  {
    "review": "가필드만봤네..지루하고 따분하다..",
    "date": "06.10.15",
    "rating": "5",
    "author": "8123****",
    "review_id": "1182725",
    "movie_id": "45113"
  },
  {
    "review": "너무 지루하다",
    "date": "06.10.08",
    "rating": "5",
    "author": "kimd****",
    "review_id": "1169427",
    "movie_id": "45113"
  },
  {
    "review": "그냥.....런던 좋아보여서",
    "date": "06.10.08",
    "rating": "7",
    "author": "dudd****",
    "review_id": "1169337",
    "movie_id": "45113"
  },
  {
    "review": "주제를 못살렸다",
    "date": "06.10.07",
    "rating": "6",
    "author": "skss****",
    "review_id": "1167790",
    "movie_id": "45113"
  },
  {
    "review": "가필드의 3번째 이야기가 기대된다!!^^",
    "date": "06.10.07",
    "rating": "9",
    "author": "tucr****",
    "review_id": "1166588",
    "movie_id": "45113"
  },
  {
    "review": "1편이 낫다",
    "date": "06.09.27",
    "rating": "8",
    "author": "seoh****",
    "review_id": "1144932",
    "movie_id": "45113"
  },
  {
    "review": "재밋네 ㅋㅋㅋㅋㅋㅋㅋㅋㅋㅋㅋㅋㅋㅋㅋㅋㅋ",
    "date": "06.09.08",
    "rating": "10",
    "author": "rrla****",
    "review_id": "1110370",
    "movie_id": "45113"
  },
  {
    "review": "재밌었다",
    "date": "06.08.27",
    "rating": "10",
    "author": "oitm****",
    "review_id": "1085354",
    "movie_id": "45113"
  },
  {
    "review": "재미는 있었지만 소재가 새로운 맛이 안난다",
    "date": "06.08.27",
    "rating": "9",
    "author": "sala****",
    "review_id": "1083036",
    "movie_id": "45113"
  },
  {
    "review": "재미있었고 흥미로웠던 가필드~ 2",
    "date": "06.08.21",
    "rating": "10",
    "author": "jjoo****",
    "review_id": "1064628",
    "movie_id": "45113"
  },
  {
    "review": "머...재미있었으면됫지",
    "date": "06.08.17",
    "rating": "10",
    "author": "123d****",
    "review_id": "1045055",
    "movie_id": "45113"
  },
  {
    "review": "더빙이라보기 꺼렸지만 웃겼다..더 뭘기대하겠어?",
    "date": "06.08.14",
    "rating": "6",
    "author": "dofk****",
    "review_id": "1028531",
    "movie_id": "45113"
  },
  {
    "review": "가필드를 좋아한다면 두마리의 가필드가 종횡무진해서.",
    "date": "06.08.13",
    "rating": "10",
    "author": "nanu****",
    "review_id": "1023756",
    "movie_id": "45113"
  },
  {
    "review": "어릴때비디오로빌려봤던가필드가그리워요",
    "date": "06.08.13",
    "rating": "5",
    "author": "reds****",
    "review_id": "1016417",
    "movie_id": "45113"
  },
  {
    "review": "저새키는 왜 눈 2/3을 감고있지...넥슨이 저거보고 배찌를",
    "date": "06.08.11",
    "rating": "1",
    "author": "qkrr****",
    "review_id": "998049",
    "movie_id": "45113"
  },
  {
    "review": "가필드 너무 귀여워",
    "date": "06.08.11",
    "rating": "10",
    "author": "qazz****",
    "review_id": "997262",
    "movie_id": "45113"
  },
  {
    "review": "괴물이나보는건데 괴물보셈",
    "date": "06.08.07",
    "rating": "1",
    "author": "asdf****",
    "review_id": "981321",
    "movie_id": "45113"
  },
  {
    "review": "꾀 많고 명랑한 가필드와 프린스",
    "date": "06.08.06",
    "rating": "10",
    "author": "sand****",
    "review_id": "978342",
    "movie_id": "45113"
  },
  {
    "review": "내 동심은 어디로 사라진걸까...",
    "date": "06.08.05",
    "rating": "7",
    "author": "cool****",
    "review_id": "974517",
    "movie_id": "45113"
  },
  {
    "review": "편안하고 재밌게 볼 수 있었던 영화.",
    "date": "06.08.04",
    "rating": "10",
    "author": "tamy****",
    "review_id": "969735",
    "movie_id": "45113"
  },
  {
    "review": "가필드 정말 건방지다는 -_-",
    "date": "06.08.04",
    "rating": "10",
    "author": "jera****",
    "review_id": "969334",
    "movie_id": "45113"
  },
  {
    "review": "재밌다",
    "date": "06.08.04",
    "rating": "10",
    "author": "tldh****",
    "review_id": "968459",
    "movie_id": "45113"
  },
  {
    "review": "재밌다!!!",
    "date": "06.08.04",
    "rating": "10",
    "author": "pjs2****",
    "review_id": "968455",
    "movie_id": "45113"
  },
  {
    "review": "재미있어요!!",
    "date": "06.08.04",
    "rating": "10",
    "author": "wnwn****",
    "review_id": "968451",
    "movie_id": "45113"
  },
  {
    "review": "진짜 재미있어욧~",
    "date": "06.08.04",
    "rating": "10",
    "author": "yooj****",
    "review_id": "968260",
    "movie_id": "45113"
  },
  {
    "review": "고양이가 되게 귀엽던데..ㅋㅋ",
    "date": "06.08.04",
    "rating": "10",
    "author": "tope****",
    "review_id": "967650",
    "movie_id": "45113"
  },
  {
    "review": "비디오나오면 봐야지.가필드 전편은 재밋게 봤는데",
    "date": "06.08.04",
    "rating": "5",
    "author": "snre****",
    "review_id": "967137",
    "movie_id": "45113"
  },
  {
    "review": "불쌍한 가필드 개봉날짜 잘못잡아서.. 그나저나 역시 어린이영화",
    "date": "06.08.04",
    "rating": "7",
    "author": "yui0****",
    "review_id": "966158",
    "movie_id": "45113"
  },
  {
    "review": "재밌던데",
    "date": "06.08.03",
    "rating": "10",
    "author": "dong****",
    "review_id": "960237",
    "movie_id": "45113"
  },
  {
    "review": "고양이 귀여웠어......",
    "date": "06.08.02",
    "rating": "10",
    "author": "ssoy****",
    "review_id": "957513",
    "movie_id": "45113"
  },
  {
    "review": "덕분에 푹 잤다. 그점에선 쌩유~",
    "date": "06.08.02",
    "rating": "2",
    "author": "wise****",
    "review_id": "955166",
    "movie_id": "45113"
  },
  {
    "review": "장난하는 듯",
    "date": "06.08.01",
    "rating": "2",
    "author": "tolb****",
    "review_id": "952020",
    "movie_id": "45113"
  },
  {
    "review": "그냥 어린이영화.제니퍼휴잇누나땜에봤음.",
    "date": "06.07.31",
    "rating": "6",
    "author": "munh****",
    "review_id": "950177",
    "movie_id": "45113"
  },
  {
    "review": "고양이 귀엽던데요...",
    "date": "06.07.31",
    "rating": "9",
    "author": "zill****",
    "review_id": "948002",
    "movie_id": "45113"
  },
  {
    "review": "그냥, 귀여웠어, ㅋㅋ",
    "date": "06.07.30",
    "rating": "8",
    "author": "foop****",
    "review_id": "946261",
    "movie_id": "45113"
  },
  {
    "review": "영화 귀엽던데?",
    "date": "06.07.30",
    "rating": "8",
    "author": "lbor****",
    "review_id": "946185",
    "movie_id": "45113"
  },
  {
    "review": "1편 본사람은 완전실망.비디오용도 고려. 울아거들도 무표정.",
    "date": "06.07.29",
    "rating": "3",
    "author": "l7s6****",
    "review_id": "940451",
    "movie_id": "45113"
  },
  {
    "review": "잠오는 영화, 너무 집중해서 보면 재미없는 영화",
    "date": "06.07.29",
    "rating": "5",
    "author": "4329****",
    "review_id": "940224",
    "movie_id": "45113"
  },
  {
    "review": "동생이 좋아하던데요.프린스......  가필드의 인생대역전(??)",
    "date": "06.07.29",
    "rating": "9",
    "author": "kg31****",
    "review_id": "939065",
    "movie_id": "45113"
  },
  {
    "review": "애니메이션도 아닌 그렇다고 제대로 된 영화도 아닌...",
    "date": "06.07.29",
    "rating": "4",
    "author": "visi****",
    "review_id": "938318",
    "movie_id": "45113"
  },
  {
    "review": "잼없어요",
    "date": "06.07.29",
    "rating": "1",
    "author": "jeg1****",
    "review_id": "936991",
    "movie_id": "45113"
  },
  {
    "review": "최고",
    "date": "06.07.29",
    "rating": "10",
    "author": "25da****",
    "review_id": "936273",
    "movie_id": "45113"
  },
  {
    "review": "너무 재밌어서 한바탕 폭소가,,, ㅋㅋ",
    "date": "06.07.28",
    "rating": "10",
    "author": "ozeu****",
    "review_id": "933027",
    "movie_id": "45113"
  },
  {
    "review": "진짜진짜 재미있어요",
    "date": "06.07.28",
    "rating": "10",
    "author": "kmsu****",
    "review_id": "931034",
    "movie_id": "45113"
  },
  {
    "review": "아이들이 좋아할만한 영화",
    "date": "06.07.27",
    "rating": "6",
    "author": "wwoo****",
    "review_id": "928712",
    "movie_id": "45113"
  },
  {
    "review": "진짜 진짜 재밌당^^",
    "date": "06.07.27",
    "rating": "10",
    "author": "jsdy****",
    "review_id": "928106",
    "movie_id": "45113"
  },
  {
    "review": "잼다",
    "date": "06.07.27",
    "rating": "10",
    "author": "juns****",
    "review_id": "926246",
    "movie_id": "45113"
  }
]