[
  {
    "review": "삼국지 팬으로서 이건 아니다...",
    "date": "15.07.30",
    "rating": "3",
    "author": "gunh****",
    "review_id": "10159351",
    "movie_id": "45129"
  },
  {
    "review": "실제 스토리랑은 차이가 있지만 액션씬이나 내용은 괜찮았는데 평점이 구리네 역시 스토리차이 때문인가",
    "date": "15.07.24",
    "rating": "8",
    "author": "osh9****",
    "review_id": "10136816",
    "movie_id": "45129"
  },
  {
    "review": "난 그럭저럭 볼만했는데.. 생각보다 평점이 낮네 ㅇㅇ",
    "date": "15.07.04",
    "rating": "8",
    "author": "kang****",
    "review_id": "10068894",
    "movie_id": "45129"
  },
  {
    "review": "여운이 꽤 오래가는 영화...개봉했을 때 봤는데 오늘 갑자기 이 영화 장면이 스치듯 지나가더라..",
    "date": "15.05.13",
    "rating": "10",
    "author": "yuns****",
    "review_id": "9914957",
    "movie_id": "45129"
  },
  {
    "review": "악에 바친 여인과 충성에 죽고사는 남주. 300제국의부활과 여러모로 비슷",
    "date": "15.05.07",
    "rating": "10",
    "author": "woof****",
    "review_id": "9902027",
    "movie_id": "45129"
  },
  {
    "review": "조운이 주인공이라 기대했는데 이건뭔... 아무리 영화라지만 이건 아니다.",
    "date": "15.04.01",
    "rating": "3",
    "author": "kiki****",
    "review_id": "9819216",
    "movie_id": "45129"
  },
  {
    "review": "유덕화 짱 멋짐 셩샨쬬윰쟈료오오오옹",
    "date": "15.02.02",
    "rating": "10",
    "author": "free****",
    "review_id": "9659631",
    "movie_id": "45129"
  },
  {
    "review": "삼국지 배경으로 한 영화중에 제일 괜찮던데, 다른 삼국지 영화들이랑 다르게 이 영화는 자체적 메시지가 있는 느낌이고 연출도 맘에 듬. 10점짜린 아닌데 평점 너무 낮아서 10점",
    "date": "15.01.22",
    "rating": "10",
    "author": "chao****",
    "review_id": "9622937",
    "movie_id": "45129"
  },
  {
    "review": "급전개 때문에 엉성하긴 하지만 격투액션은 다른 삼국지영화보다훨괜찮음 ㅋㅋ",
    "date": "15.01.10",
    "rating": "8",
    "author": "sjaf****",
    "review_id": "9579856",
    "movie_id": "45129"
  },
  {
    "review": "새로운 시각으러 보면 재미있게 볼수있다.  평점이 낮은 이유는 역사적 사실을 반영 하지 못한 인물 구도 관계가 낯설어서 그런듯...  그래도 최소 7점이상은 받을수 있는 영화라 난 만점준다~",
    "date": "15.01.10",
    "rating": "10",
    "author": "nevi****",
    "review_id": "9579711",
    "movie_id": "45129"
  },
  {
    "review": "마지막에 감동적이어서 저도 모르게 눈물이ㅠㅋㅋ 삼국지 영웅중에 조운이 최고예요ㅜㅠ;;",
    "date": "14.11.15",
    "rating": "8",
    "author": "wodl****",
    "review_id": "9385015",
    "movie_id": "45129"
  },
  {
    "review": "카리스마 없는 조자룡과 사악한 제갈양.. 졸작.",
    "date": "14.10.10",
    "rating": "4",
    "author": "pont****",
    "review_id": "9279889",
    "movie_id": "45129"
  },
  {
    "review": "가장 재밋게본 삼국지영화",
    "date": "14.09.10",
    "rating": "10",
    "author": "trms****",
    "review_id": "9201465",
    "movie_id": "45129"
  },
  {
    "review": "최고의영화였음진심추천",
    "date": "14.08.04",
    "rating": "10",
    "author": "teri****",
    "review_id": "9027894",
    "movie_id": "45129"
  },
  {
    "review": "삼국지매니아로써 색다른 시각으로 잘 봤습니다 .영웅의심리가잘묘사되어있어서 정말 눈물났네요",
    "date": "14.07.28",
    "rating": "10",
    "author": "troh****",
    "review_id": "8972099",
    "movie_id": "45129"
  },
  {
    "review": "우리가 흔히 아는 스토리와 다르다고 하는데 영화는영화일뿐. 마지막에 나평안이 '숱한 영웅들의 무용담은 전설로 전해질뿐' 개감동..",
    "date": "14.06.04",
    "rating": "9",
    "author": "hg19****",
    "review_id": "8795464",
    "movie_id": "45129"
  },
  {
    "review": "조자룡시점으로 나온거는 좋았는데  스토리가 빠른데 일단 지루함 그리고 편집도 좀 이상하고",
    "date": "14.04.15",
    "rating": "5",
    "author": "xx41****",
    "review_id": "8651933",
    "movie_id": "45129"
  },
  {
    "review": "똥폼 되게 잡네.. 그리고 조자룡은 전사하지않았었는데?",
    "date": "14.03.17",
    "rating": "6",
    "author": "tn99****",
    "review_id": "8584925",
    "movie_id": "45129"
  },
  {
    "review": "조자룡이 유비부인과  아들을 구하러 갈 당시 전혀 이름없던 병졸로 나오는게 말도 안된다! 조자룡은 그당시 이미 유명한 장수였는데...작품을 너무 틀었다!",
    "date": "14.03.14",
    "rating": "1",
    "author": "katy****",
    "review_id": "8575577",
    "movie_id": "45129"
  },
  {
    "review": "엄청난영화눈물이난다존경스럽다",
    "date": "14.02.16",
    "rating": "10",
    "author": "subi****",
    "review_id": "8513052",
    "movie_id": "45129"
  },
  {
    "review": "삼국지의 이름만 뒤집어쓴 괴작.",
    "date": "14.01.14",
    "rating": "3",
    "author": "kxvt****",
    "review_id": "8381260",
    "movie_id": "45129"
  },
  {
    "review": "잼있는데?!???!",
    "date": "13.12.30",
    "rating": "7",
    "author": "gusn****",
    "review_id": "8323414",
    "movie_id": "45129"
  },
  {
    "review": "유덕화 때문에 본다... 나머지는 별로",
    "date": "13.11.30",
    "rating": "6",
    "author": "dait****",
    "review_id": "8178349",
    "movie_id": "45129"
  },
  {
    "review": "대놓고 팩션을 노리며 역사를 비틀었으면 재미라도 있든가, 결국 이도 저도 아닌 괴작이 되어버림.",
    "date": "13.11.07",
    "rating": "4",
    "author": "skip****",
    "review_id": "8120387",
    "movie_id": "45129"
  },
  {
    "review": "그럭저럭 볼만은 했던 영화",
    "date": "13.10.20",
    "rating": "7",
    "author": "sira****",
    "review_id": "8076085",
    "movie_id": "45129"
  },
  {
    "review": "평이 거지같아서 늦게 보기 시작했는데, 유비군에 제갈량에 있는 시점에 조운이 왜 병사야...",
    "date": "13.10.18",
    "rating": "1",
    "author": "scas****",
    "review_id": "8067823",
    "movie_id": "45129"
  },
  {
    "review": "삼국지와 정확하게 들어맞진 않겠지만 전장의 분위기.. 홍금보의 감초연기가 좋다. 영웅과 범인 이라고 할까... 영화 완성도는 높다.",
    "date": "13.10.17",
    "rating": "9",
    "author": "chav****",
    "review_id": "8065690",
    "movie_id": "45129"
  },
  {
    "review": "유덕화의 눈빛연기가  진짜 극중인물같은 느낌을 받았습니다..그눈빛 왠지 모르게  유대감이생기네요 ..영화좋아하시는분이라면 추천!!",
    "date": "13.10.01",
    "rating": "7",
    "author": "sayi****",
    "review_id": "8025009",
    "movie_id": "45129"
  },
  {
    "review": "삼국지를 배경으로한 영화중 최고의 영화",
    "date": "13.09.15",
    "rating": "10",
    "author": "shcl****",
    "review_id": "7982485",
    "movie_id": "45129"
  },
  {
    "review": "괜찬은데",
    "date": "13.08.29",
    "rating": "10",
    "author": "appe****",
    "review_id": "7933387",
    "movie_id": "45129"
  },
  {
    "review": "홍금보 때메 봤드만영 파이네...",
    "date": "13.07.20",
    "rating": "3",
    "author": "yyho****",
    "review_id": "7767280",
    "movie_id": "45129"
  },
  {
    "review": "스토리를 이렇게 늘어지게 해야만 했을까",
    "date": "13.07.14",
    "rating": "4",
    "author": "lees****",
    "review_id": "7742611",
    "movie_id": "45129"
  },
  {
    "review": "이럴려면 제목을 왜 삼국지라고 한거냐 조자룡도 완전 딴사람으로 만들어놓고 그렇다고 재미도 감동도 없고",
    "date": "13.07.11",
    "rating": "1",
    "author": "kgm7****",
    "review_id": "7725259",
    "movie_id": "45129"
  },
  {
    "review": "욕나온다 별하나 더 기부한다",
    "date": "13.06.03",
    "rating": "2",
    "author": "ajik****",
    "review_id": "7575907",
    "movie_id": "45129"
  },
  {
    "review": "무술이 화려하기는 하나.. 조금 지루했던 영화",
    "date": "13.05.10",
    "rating": "5",
    "author": "aeaw****",
    "review_id": "7518934",
    "movie_id": "45129"
  },
  {
    "review": "시간이 흘러 다시 보면 또 다른 것들이 보인다. 영웅의 출전.",
    "date": "13.04.30",
    "rating": "5",
    "author": "samg****",
    "review_id": "7496694",
    "movie_id": "45129"
  },
  {
    "review": "우리가 알고있는 삼국지를 기대하고 본다면 실망스러운 영화.",
    "date": "13.02.15",
    "rating": "4",
    "author": "tjdw****",
    "review_id": "7269174",
    "movie_id": "45129"
  },
  {
    "review": "연의의 애독자들 충성도가 보통 강한 게 아니다. 원작을 훼손 했을 때 따르는 반발감의 차원이 다르지. 탁월하게 재해석 할 자신이 없으면 아예 세계관을 달리했어야 한다. 친숙함을 위해 맹덕과 자룡을 들먹인 건 감독의 안일함이 아닐지? 상업적 실패다.",
    "date": "13.02.11",
    "rating": "3",
    "author": "gabr****",
    "review_id": "7250638",
    "movie_id": "45129"
  },
  {
    "review": "매기큐 관능적이고 매력있네요",
    "date": "13.02.05",
    "rating": "2",
    "author": "kime****",
    "review_id": "7228521",
    "movie_id": "45129"
  },
  {
    "review": "각색이 새로웠다 재미 있음 난 볼만한데 평점이 낮네? ㅋ",
    "date": "13.02.05",
    "rating": "10",
    "author": "dkdh****",
    "review_id": "7228431",
    "movie_id": "45129"
  },
  {
    "review": "짱",
    "date": "13.01.27",
    "rating": "10",
    "author": "mira****",
    "review_id": "7182308",
    "movie_id": "45129"
  },
  {
    "review": "그냥  무난하게 볼만했음.",
    "date": "12.12.27",
    "rating": "7",
    "author": "kis5****",
    "review_id": "7052241",
    "movie_id": "45129"
  },
  {
    "review": "일상에 지처 잠시 잊고 지내다 문득 생각나 다시 본 영화중 하나..정말 괜찬은  영화인데..평점이 왜 이렇게 낮은지..",
    "date": "12.12.26",
    "rating": "10",
    "author": "k777****",
    "review_id": "7051265",
    "movie_id": "45129"
  },
  {
    "review": "명예와 허명을 관조하는 유덕화의 눈빛이 지워지지 않는?",
    "date": "12.12.25",
    "rating": "9",
    "author": "iris****",
    "review_id": "7045850",
    "movie_id": "45129"
  },
  {
    "review": "3번째본다.",
    "date": "12.12.22",
    "rating": "10",
    "author": "dkrf****",
    "review_id": "7030820",
    "movie_id": "45129"
  },
  {
    "review": "중국의 삼국 시대 삼국지 연의를 배경으로 한 삼국지-용의 부활 그닥 감흥이 없다",
    "date": "12.11.30",
    "rating": "1",
    "author": "hana****",
    "review_id": "6942778",
    "movie_id": "45129"
  },
  {
    "review": "야이!! 밥팅들아!!  이건 삼국지역사소설이 아니야ㅜㅜ 이영화는 삼국지는 단지 배경일 뿐이고ㅡㅡ 인생의 무상함과 인간의 한계적 존재를 말하는 거잖아!!  적벽대전보다 훨 낫다 ㅡㅡ",
    "date": "12.11.17",
    "rating": "9",
    "author": "ayan****",
    "review_id": "6898494",
    "movie_id": "45129"
  },
  {
    "review": "괜찬은데;;이거;;;;;왜이러지 평점",
    "date": "12.11.10",
    "rating": "7",
    "author": "akat****",
    "review_id": "6874764",
    "movie_id": "45129"
  },
  {
    "review": "도데체 원작을 어떻게 하면 저렇게됨???",
    "date": "12.11.10",
    "rating": "1",
    "author": "yusn****",
    "review_id": "6873286",
    "movie_id": "45129"
  },
  {
    "review": "3번째봤는데도 재밋네요",
    "date": "12.11.03",
    "rating": "10",
    "author": "teah****",
    "review_id": "6849640",
    "movie_id": "45129"
  },
  {
    "review": "이 영화를 삼국지의 사실 그대로 본다면 정말 잘못 본것이다. 영화에서 그려내려는 것은 인간 조자룡이 평생을 느꼈던 삶의 감정들인데 그걸 봐야 한다. 옆에서 지켜보는 나평안이 참신했고  난 정말 재밌게 봤다. 마지막 ost는 전율이 왔다. 정말 최고!!",
    "date": "12.10.24",
    "rating": "10",
    "author": "gurw****",
    "review_id": "6824866",
    "movie_id": "45129"
  },
  {
    "review": "저는 정말 감동깊게 봣습니다 재밋게 봣으니 저는 긴말없이 10점",
    "date": "12.10.24",
    "rating": "10",
    "author": "rkdd****",
    "review_id": "6824660",
    "movie_id": "45129"
  },
  {
    "review": "어두침침한 화면에 별 다른 전투장면도 없이 죽어 없어지는 조운 외의 명장들을 보고 있으면 절로 우울해진다. 자룡의 마지막 분투가 쓸쓸하고 덧 없어 보인다. 전쟁과 정벌의 무의미함이 강하게 와닿는 영화",
    "date": "12.10.21",
    "rating": "6",
    "author": "tjtj****",
    "review_id": "6817867",
    "movie_id": "45129"
  },
  {
    "review": "조자룡 찬양질로 시작해서 조자룡만 빨다 끝나네..나머지 캐릭터들은 그냥 조자룡을 빛내는 허수아비들...삼국지가 문제가 아니라 스토리도 긴장감이 없고 감동도 제대로 못살림..",
    "date": "12.10.01",
    "rating": "2",
    "author": "pipe****",
    "review_id": "6750843",
    "movie_id": "45129"
  },
  {
    "review": "홍금보 캐릭이 아쉬운게 많으나 개인적으로 재밌게 봤다. 특히 흰머리 유덕화는 남자가 봐도 멋있드라.",
    "date": "12.08.28",
    "rating": "9",
    "author": "kkan****",
    "review_id": "6651969",
    "movie_id": "45129"
  },
  {
    "review": "뭐  그냥 그래",
    "date": "12.08.06",
    "rating": "6",
    "author": "kara****",
    "review_id": "6575668",
    "movie_id": "45129"
  },
  {
    "review": "유비군과의 만남 자체가 원작과 너무나도 다르네요 공손찬 시절부터 친했는데...아두 구출작전도 너무 축소됐고 하후은도 안죽이네요 이건 참....연기자들이 뛰어났으나 각본이 시망",
    "date": "12.07.01",
    "rating": "6",
    "author": "moon****",
    "review_id": "6435345",
    "movie_id": "45129"
  },
  {
    "review": "상산 조자룡(유덕화) 액션신도 정말 예술이고, 대사/장면 하나하나 감동이네요~",
    "date": "12.06.19",
    "rating": "10",
    "author": "webp****",
    "review_id": "6403397",
    "movie_id": "45129"
  },
  {
    "review": "기대와는 매우 다른 모습을 보여주었다.",
    "date": "12.06.10",
    "rating": "6",
    "author": "yser****",
    "review_id": "6382447",
    "movie_id": "45129"
  },
  {
    "review": "이걸왜봤지",
    "date": "12.06.05",
    "rating": "4",
    "author": "namj****",
    "review_id": "6365702",
    "movie_id": "45129"
  },
  {
    "review": "유덕화만 좋음..그리고 허구인물 대체 왜 넣었음..??",
    "date": "12.05.27",
    "rating": "6",
    "author": "hdon****",
    "review_id": "6338105",
    "movie_id": "45129"
  },
  {
    "review": "썩볼만하지만 조영을 넣었어야할까",
    "date": "12.05.27",
    "rating": "6",
    "author": "como****",
    "review_id": "6338015",
    "movie_id": "45129"
  },
  {
    "review": "등지,한덕 용되고 관흥장포나온지10분만에전사소식 삼국지로보지말고 조자룡전으로보는게",
    "date": "12.04.21",
    "rating": "5",
    "author": "hks1****",
    "review_id": "6235666",
    "movie_id": "45129"
  },
  {
    "review": "재미 있습니다.",
    "date": "12.03.24",
    "rating": "10",
    "author": "nimb****",
    "review_id": "6164793",
    "movie_id": "45129"
  },
  {
    "review": "어렸을때 봤으면 재밌게 봤을텐데...조금은 완성도가 부족함 적벽대전에밀릴수밖에",
    "date": "12.03.17",
    "rating": "7",
    "author": "hooj****",
    "review_id": "6149667",
    "movie_id": "45129"
  },
  {
    "review": "이게왜이렇게평점이낮지? 난진짜재밌게봤는데",
    "date": "12.03.17",
    "rating": "10",
    "author": "ipmr****",
    "review_id": "6149642",
    "movie_id": "45129"
  },
  {
    "review": "조영만 아니었음 수작이 될 수 있었던 영화 꼭 조영을 넣었어야만 했을까 아쉬운 영화",
    "date": "12.03.07",
    "rating": "7",
    "author": "hyde****",
    "review_id": "6129427",
    "movie_id": "45129"
  },
  {
    "review": "픽션을 기미한 사극이잖아 ㅂㅅ들아 이정도면 볼만하지 ㅉㅉ",
    "date": "12.03.07",
    "rating": "10",
    "author": "cya9****",
    "review_id": "6129342",
    "movie_id": "45129"
  },
  {
    "review": "망작 유덕화 연기만 돗보임 좆망.. 스토리 쓰레기 이게 머야 대체ㅡㅡ..",
    "date": "12.03.02",
    "rating": "3",
    "author": "kbd6****",
    "review_id": "6118256",
    "movie_id": "45129"
  },
  {
    "review": "잼있음",
    "date": "12.02.24",
    "rating": "10",
    "author": "jkql****",
    "review_id": "6100682",
    "movie_id": "45129"
  },
  {
    "review": "그나마 유덕화가 조자룡연기 잘해서 3점. 조영은 쓰레기. 이건 삼국지도아냐.",
    "date": "12.02.22",
    "rating": "3",
    "author": "ddan****",
    "review_id": "6094805",
    "movie_id": "45129"
  },
  {
    "review": "우리가 알고 있는 삼국지연의도 결국 역사적 사실을 가미한 픽션입니다 조금만 관대해지면 볼만함",
    "date": "12.02.18",
    "rating": "8",
    "author": "zb23****",
    "review_id": "6083574",
    "movie_id": "45129"
  },
  {
    "review": "그지 같으다. 시르다. 의상이 쪽발 흉내내고 싶었나 부다.",
    "date": "12.01.29",
    "rating": "3",
    "author": "zizq****",
    "review_id": "6032121",
    "movie_id": "45129"
  },
  {
    "review": "굿",
    "date": "12.01.28",
    "rating": "8",
    "author": "joro****",
    "review_id": "6030841",
    "movie_id": "45129"
  },
  {
    "review": "캐스팅 + OST가 정말로 대박, 개인적으로 추천",
    "date": "12.01.14",
    "rating": "8",
    "author": "fren****",
    "review_id": "5985006",
    "movie_id": "45129"
  },
  {
    "review": "그래도 유덕화가 조자룡의 연기는 더 잘했었다고 생각한다",
    "date": "12.01.13",
    "rating": "9",
    "author": "seun****",
    "review_id": "5983905",
    "movie_id": "45129"
  },
  {
    "review": "조금만 더 다듬었다면 명화가 될 수 있었던 영화",
    "date": "11.12.14",
    "rating": "8",
    "author": "mano****",
    "review_id": "5904431",
    "movie_id": "45129"
  },
  {
    "review": "스케일만",
    "date": "11.11.24",
    "rating": "6",
    "author": "cine****",
    "review_id": "5868213",
    "movie_id": "45129"
  },
  {
    "review": "의상도 호러수준이며 조영은 또 누구입니까? 적벽대전이 이거보다 훨씬재밌다. 쓰레기같은영화",
    "date": "11.10.09",
    "rating": "1",
    "author": "divi****",
    "review_id": "5779334",
    "movie_id": "45129"
  },
  {
    "review": "대박임",
    "date": "11.09.03",
    "rating": "10",
    "author": "pipi****",
    "review_id": "5706424",
    "movie_id": "45129"
  },
  {
    "review": "와 한덕 역으로 나오는 사람이 OOO전에 설천심을 끌어안았던 그 우영광일 줄은 참;;",
    "date": "11.08.28",
    "rating": "6",
    "author": "phhb****",
    "review_id": "5694252",
    "movie_id": "45129"
  },
  {
    "review": "뭐이",
    "date": "11.08.19",
    "rating": "10",
    "author": "kmpl****",
    "review_id": "5670692",
    "movie_id": "45129"
  },
  {
    "review": "볼만해",
    "date": "11.08.19",
    "rating": "10",
    "author": "rkd9****",
    "review_id": "5670684",
    "movie_id": "45129"
  },
  {
    "review": "ost가 영화의 반을 살렸다",
    "date": "11.08.03",
    "rating": "7",
    "author": "movi****",
    "review_id": "5595944",
    "movie_id": "45129"
  },
  {
    "review": "그래도 이번에 개봉했던 명장 관우보다 어찌보면 이게더 재밌었지.",
    "date": "11.07.03",
    "rating": "5",
    "author": "foun****",
    "review_id": "5517758",
    "movie_id": "45129"
  },
  {
    "review": "중국놈들이 자신들의 역사도 어떻게 진행됬는지 모르나..한심하네ㅉㅉ",
    "date": "11.06.25",
    "rating": "1",
    "author": "zxzx****",
    "review_id": "5498686",
    "movie_id": "45129"
  },
  {
    "review": "삼국지를 빌려서 다른 이야기를 하고 있는 영화.",
    "date": "11.06.14",
    "rating": "8",
    "author": "mada****",
    "review_id": "5480863",
    "movie_id": "45129"
  },
  {
    "review": "삼국지와는 무관하고 보기에 심심하다.",
    "date": "11.06.13",
    "rating": "3",
    "author": "pria****",
    "review_id": "5479688",
    "movie_id": "45129"
  },
  {
    "review": "극장에서 보고 또 봐도 9.0  여기 1점 준놈들은 뭔지 ㅎㅎ 대작 액션",
    "date": "11.06.12",
    "rating": "9",
    "author": "lano****",
    "review_id": "5478728",
    "movie_id": "45129"
  },
  {
    "review": "난 엄청재밌게 봤는데 왜케 평점이 낮은지 ㅡㅡ;ㅋ",
    "date": "11.06.01",
    "rating": "10",
    "author": "tlsg****",
    "review_id": "5459579",
    "movie_id": "45129"
  },
  {
    "review": "이거 영화관에서 혼자서만 있었음 ㅠㅠㅋ",
    "date": "11.05.29",
    "rating": "1",
    "author": "sky5****",
    "review_id": "5455464",
    "movie_id": "45129"
  },
  {
    "review": "실력이 안되면 삼국지에 아예 손을 대지마라. 정말 실망",
    "date": "11.05.28",
    "rating": "1",
    "author": "mcha****",
    "review_id": "5452649",
    "movie_id": "45129"
  },
  {
    "review": "조자룡을 이렇게 밖에 표현못하다니... 그리고 재미가 없다.",
    "date": "11.05.22",
    "rating": "1",
    "author": "sooi****",
    "review_id": "5444644",
    "movie_id": "45129"
  },
  {
    "review": "시간이 아깝다.기대하고 봤는데 개실망이다. 그냥 '억지로' 봤습니다.",
    "date": "11.05.22",
    "rating": "3",
    "author": "qqfa****",
    "review_id": "5443055",
    "movie_id": "45129"
  },
  {
    "review": "난 엄청 재밌게 봣는데 ㅋ 짱깨가 역시 이런영화는 헐리우드보다 잘만듬",
    "date": "11.05.21",
    "rating": "10",
    "author": "kore****",
    "review_id": "5441260",
    "movie_id": "45129"
  },
  {
    "review": "스토리는 좋았다. 하지만 내용이 조금은 아쉽다.",
    "date": "11.05.21",
    "rating": "7",
    "author": "wlsd****",
    "review_id": "5440682",
    "movie_id": "45129"
  },
  {
    "review": "스토리는 잘 각색했으나, 뭔가 좀 허전한 느낌이었다.",
    "date": "11.05.21",
    "rating": "8",
    "author": "smrm****",
    "review_id": "5440247",
    "movie_id": "45129"
  },
  {
    "review": "자딸치는 삼국지 픽션영화 스토리 전개부터 삼류",
    "date": "11.05.12",
    "rating": "3",
    "author": "bin_****",
    "review_id": "5424399",
    "movie_id": "45129"
  },
  {
    "review": "ㅋㅋㅋㅋㅋㅋ허미",
    "date": "11.05.10",
    "rating": "5",
    "author": "choi****",
    "review_id": "5419169",
    "movie_id": "45129"
  },
  {
    "review": "유덕화의 조자룡 싱크로율 120% 그러나 영화는 조금 지루하다,",
    "date": "11.05.10",
    "rating": "8",
    "author": "mave****",
    "review_id": "5418703",
    "movie_id": "45129"
  }
]