[
  {
    "review": "인도영화 사랑해♥♥♥",
    "date": "14.06.30",
    "rating": "9",
    "author": "mari****",
    "review_id": "8870877",
    "movie_id": "45202"
  },
  {
    "review": "이야기는 뻔하지만 눈과 귀를 사로잡는 인도 영화만의 매력이 있는 작품",
    "date": "14.06.11",
    "rating": "7",
    "author": "nine****",
    "review_id": "8821096",
    "movie_id": "45202"
  },
  {
    "review": "독특한 환타지 스토리..그리고 그들만의 맛살 무용..볼리우드(힌디)쪽의 거대 배우들의 카메오 출연..눈이 호강하고 국민배우 샤룩과 디피카의 주연호흡만으로도이슈를 만든다.보는내내 즐거움에 웃음을 머금게 하는 영화.",
    "date": "14.01.21",
    "rating": "8",
    "author": "irul****",
    "review_id": "8406627",
    "movie_id": "45202"
  },
  {
    "review": "이 영화를 보지 않고 인도영화를 봤다고 논하지 말라!음악, 무용, 구성과 내용에서 영화가 왜 종합예술인지, 영화 속.. 영화와 배우와 관객을 함께 느끼게 해 주는... 우리가 왜 배우이고, 관객인지를 즐겁게 느낄 수 있는 정말 최고의 영화!",
    "date": "14.01.11",
    "rating": "10",
    "author": "lamu****",
    "review_id": "8370422",
    "movie_id": "45202"
  },
  {
    "review": "우리나라 관객이 보기에 영화로써는 좀 많이 유치한면도 있고 인도영화 특유의 긴 러닝타임이 다소 부담스러울수도 있다만, 여신 샨티프리야의 엄청난 미모에 난 이 점수를 안 줄수가 없다",
    "date": "14.01.06",
    "rating": "7",
    "author": "haha****",
    "review_id": "8354244",
    "movie_id": "45202"
  },
  {
    "review": "우리나라 고전소설 같다",
    "date": "13.11.15",
    "rating": "5",
    "author": "soqu****",
    "review_id": "8140504",
    "movie_id": "45202"
  },
  {
    "review": "여배우가 예뻐서 계속 볼 수 있었음. 샤룩 칸이라길래 기대하고 봤는데 내용 자체는 박진감이 별로 없어서ㅜ 전생(?)이야기는 짧게 하고 금방 복수씬으로 넘어가서 통쾌한 이야기를 진행할 줄 알았는데... 앞부분의 옴이 죽는 씬까지의 설명시간이 매우 김.",
    "date": "13.09.21",
    "rating": "8",
    "author": "qkgp****",
    "review_id": "8005402",
    "movie_id": "45202"
  },
  {
    "review": "존1나 재미있어요^^ 두번보셈",
    "date": "13.09.11",
    "rating": "1",
    "author": "lth6****",
    "review_id": "7966396",
    "movie_id": "45202"
  },
  {
    "review": "발리우드란 이런거다 라고 보여주는 영환데, 그런 컨셉트라 그런지.. 진짜 발리우드 느낌이 영...",
    "date": "13.07.26",
    "rating": "6",
    "author": "wres****",
    "review_id": "7786917",
    "movie_id": "45202"
  },
  {
    "review": "이야기가 스펙타클 ㅎㅎ 죽고 환생하고 완전 오페라 유령같아요",
    "date": "13.06.08",
    "rating": "10",
    "author": "sorc****",
    "review_id": "7608811",
    "movie_id": "45202"
  },
  {
    "review": "노래가 정말 좋았고 인도영화 특유의 화려한 색감과 약간은 과장된연기도 좋았다.그리고 인도국민배우인 샤룩칸과여주인공의 미모는 최고였다.",
    "date": "13.04.20",
    "rating": "10",
    "author": "dwc0****",
    "review_id": "7471178",
    "movie_id": "45202"
  },
  {
    "review": "역시 샤룩 칸   역시 인도영화",
    "date": "13.03.24",
    "rating": "10",
    "author": "san1****",
    "review_id": "7407858",
    "movie_id": "45202"
  },
  {
    "review": "인도영화의 매력과 여주인공의 미모에 흠뻑 빠져듭니다",
    "date": "13.03.07",
    "rating": "10",
    "author": "adrh****",
    "review_id": "7329024",
    "movie_id": "45202"
  },
  {
    "review": "삭제된 부분이 너무나도 아쉬운 영화... 나름 편집은 잘 해서 유명한 부분들을 전체적으로 볼 수 있던게 너무 좋았다... 무편집으로 개봉했으면 더 좋았을듯",
    "date": "13.03.02",
    "rating": "10",
    "author": "gkak****",
    "review_id": "7316724",
    "movie_id": "45202"
  },
  {
    "review": "상당부분 삭제된 버전이긴 하지만, 그래도 최고!",
    "date": "13.02.28",
    "rating": "10",
    "author": "ggae****",
    "review_id": "7311072",
    "movie_id": "45202"
  },
  {
    "review": "정말 재미있음",
    "date": "13.02.26",
    "rating": "10",
    "author": "chun****",
    "review_id": "7305264",
    "movie_id": "45202"
  },
  {
    "review": "최고!",
    "date": "13.02.25",
    "rating": "10",
    "author": "tina****",
    "review_id": "7299979",
    "movie_id": "45202"
  },
  {
    "review": "인도영화의 매력을 모르다니....",
    "date": "13.02.24",
    "rating": "10",
    "author": "kirb****",
    "review_id": "7298770",
    "movie_id": "45202"
  },
  {
    "review": "인도영화 특유의 흥미로움과 볼거리는 있다. 하지만 지나치게 유치한 캐릭터들과 드라마적 요소의 불화합으로 턱없이 부족한 완성도를 보인다. 코믹캐릭터와 드라마구조와의 믹스에 실패했다.",
    "date": "13.02.24",
    "rating": "7",
    "author": "oman****",
    "review_id": "7297038",
    "movie_id": "45202"
  },
  {
    "review": "샤룩칸 영황 최고네요^^",
    "date": "13.02.22",
    "rating": "10",
    "author": "cjst****",
    "review_id": "7291366",
    "movie_id": "45202"
  },
  {
    "review": "샤룩칸이 다시보이는 영화, 인도영화는 정말 볼매!!",
    "date": "13.02.21",
    "rating": "8",
    "author": "mid3****",
    "review_id": "7288434",
    "movie_id": "45202"
  },
  {
    "review": "재미없다..1점준거중 한국영화는 10점준 매미OO있네",
    "date": "13.02.20",
    "rating": "1",
    "author": "yang****",
    "review_id": "7285203",
    "movie_id": "45202"
  },
  {
    "review": "아름다운 여배우. 코믹한 남자배우. 신비스런인도느낌과 음악. 2시간이 넘는 시간이 지루하지 않았어요. 엔딩크레딧까지 유쾌한 영화!인도에 또 한번 빠지게 됐어요~",
    "date": "13.02.20",
    "rating": "8",
    "author": "suyo****",
    "review_id": "7283716",
    "movie_id": "45202"
  },
  {
    "review": "재미있을것같다 인도 영화도 재미가있다~!",
    "date": "13.02.19",
    "rating": "10",
    "author": "qkrr****",
    "review_id": "7282896",
    "movie_id": "45202"
  },
  {
    "review": "딱 인도 영화 특유의 요소들이 다 있는데...오글거림도 재밌는데...ㅋㅋㅋㅋ샤룩이 연기를 잘해서...ㅋㅋㅋ너무 웃겨~~~  다른영화도 계속 개봉하믄 좋겠당...",
    "date": "13.02.19",
    "rating": "10",
    "author": "diva****",
    "review_id": "7282158",
    "movie_id": "45202"
  },
  {
    "review": "인도의 윤회사상이 들어있는 영화 ~ 볼만 했습니다. 여주인공이 너무 이뻐 몰입도가 ㅠㅡ 극장에서 보게 되어 굳  ! ! ㅋ CGV 무비꼴라쥬여 영원하라 ~",
    "date": "13.02.19",
    "rating": "9",
    "author": "aqsd****",
    "review_id": "7281968",
    "movie_id": "45202"
  },
  {
    "review": "인도영화 특유의 음악감성이 돋보이는 영화였어요 영화시간이 길긴 했지만 볼만 역시 인도영화는 볼꺼리가 많아서 볼만 했던것 같아요",
    "date": "13.02.19",
    "rating": "8",
    "author": "sxcv****",
    "review_id": "7281948",
    "movie_id": "45202"
  },
  {
    "review": "이제서야 개봉하는 건가요? 이 영화는 꼭 극장에서 봐야 하는 것 같아요. 현란한 춤, 노래 등등 이 영화는 집에서 보기에는 아깝죠. 저는 부천판타스틱 때 이 영화를 보게 되었는데  너무 재미있게 잘 봤어요. 또 보고 싶네요 :)",
    "date": "13.02.19",
    "rating": "9",
    "author": "sly2****",
    "review_id": "7281818",
    "movie_id": "45202"
  },
  {
    "review": "옴 붙었냐 옴붙은 샨티 샨티 카레 카레야 재수 옴 붙었네",
    "date": "13.02.19",
    "rating": "1",
    "author": "dbru****",
    "review_id": "7281504",
    "movie_id": "45202"
  },
  {
    "review": "인도영화는 진짜 이상해 ㅋㅋ",
    "date": "13.02.19",
    "rating": "1",
    "author": "hech****",
    "review_id": "7281452",
    "movie_id": "45202"
  },
  {
    "review": "초반 내용이 좀 무서워서 당황했던 영화. 샤룩칸을 좋아한다면 신이 맺어준 커플과 함께 꼭 한 번 봐야 할 영화~ 하지만 내 생애 첫번째 인도영화로 선택하기에는 적절하지 않은 듯.",
    "date": "13.02.19",
    "rating": "9",
    "author": "io25****",
    "review_id": "7281439",
    "movie_id": "45202"
  },
  {
    "review": "역쉬 샤룩칸은 연기를 잘해... 웃으면서 즐겁게 볼수있는영화",
    "date": "13.02.19",
    "rating": "10",
    "author": "spac****",
    "review_id": "7281276",
    "movie_id": "45202"
  },
  {
    "review": "윤회를 다룬 영화로 그럭저럭 볼만합니다. 여주인공인 디피카 파두콘이 너무 예뻐서 한동안 그녀를 좋아하던 기억도 나네요.",
    "date": "13.02.19",
    "rating": "7",
    "author": "stor****",
    "review_id": "7281258",
    "movie_id": "45202"
  },
  {
    "review": "개연성이 부족하고 넘오글거려서 따분했음 유령은 왜나와서 무섭게만듬? ㅡ ㅡ 인도영화 처음봤는데 한국 비급영화보다 더한듯...",
    "date": "13.02.19",
    "rating": "3",
    "author": "kogo****",
    "review_id": "7280606",
    "movie_id": "45202"
  },
  {
    "review": "샤룩칸이 출연한 최고에 영화 한편 메마른 현실을 잊고 감동에 산으로 간다~~~~",
    "date": "13.02.18",
    "rating": "10",
    "author": "sunm****",
    "review_id": "7279352",
    "movie_id": "45202"
  },
  {
    "review": "메마른 현실을 잊게 해주는 감동이 넘치는 영화 ~",
    "date": "13.02.18",
    "rating": "9",
    "author": "skyb****",
    "review_id": "7278892",
    "movie_id": "45202"
  },
  {
    "review": "발리우드 영화에 완전 반했음ㅎㅎ",
    "date": "13.02.18",
    "rating": "10",
    "author": "theo****",
    "review_id": "7278862",
    "movie_id": "45202"
  },
  {
    "review": "샤룩칸이 출연하는 영화최고의 영화",
    "date": "13.02.18",
    "rating": "10",
    "author": "feel****",
    "review_id": "7277388",
    "movie_id": "45202"
  },
  {
    "review": "헐... 1점주고 평점 내리고 시작하자는 미친것들은 뭐지? 옴샨티옴이 인도영화 최고봉인데...",
    "date": "13.02.17",
    "rating": "10",
    "author": "jisu****",
    "review_id": "7277257",
    "movie_id": "45202"
  },
  {
    "review": "평점이 왜이렇게 낮지;;",
    "date": "13.02.17",
    "rating": "10",
    "author": "huss****",
    "review_id": "7276955",
    "movie_id": "45202"
  },
  {
    "review": "아 이게 이제 개봉하는 구나. 재미있었고 여주가 겁나 이뻤던 영화",
    "date": "13.02.16",
    "rating": "8",
    "author": "go74****",
    "review_id": "7271487",
    "movie_id": "45202"
  },
  {
    "review": "나에겐 최고의 발리우드 작품!! 하지만.. 발리우드란게 한국인에겐 복불복이란게 함정인 것이었나?? 여튼 발리우드 입문작으로도 추천",
    "date": "13.02.16",
    "rating": "9",
    "author": "happ****",
    "review_id": "7270878",
    "movie_id": "45202"
  },
  {
    "review": "인도 가구당 지참금1인당 6000만원이상...딸 둘이면1억2천만원...딸내미 시집보내다,기둥뿌리 뽑히게 생겼다.7공주면,갑부도 알거지 신세...영화만은 발달(?)했지,모든 것을 춤으로 표현하는,이상스러운 영화들.그거 다보고,제발 성범죄발생율 좀 낮춰라",
    "date": "13.02.16",
    "rating": "7",
    "author": "baks****",
    "review_id": "7270431",
    "movie_id": "45202"
  },
  {
    "review": "실망이다",
    "date": "13.02.16",
    "rating": "1",
    "author": "sosd****",
    "review_id": "7270292",
    "movie_id": "45202"
  },
  {
    "review": "완전 재미있었어요 ^^",
    "date": "13.02.15",
    "rating": "10",
    "author": "kbb9****",
    "review_id": "7267123",
    "movie_id": "45202"
  },
  {
    "review": "보는 내내 눈이 즐겁다.. 글고 파두콘이라는 여주인공 어쩜 저렇게 이쁠수가 태어나서 저리 이쁜얼굴은 본적이 없는거 같은데 최고다..",
    "date": "13.02.15",
    "rating": "10",
    "author": "kmhh****",
    "review_id": "7266642",
    "movie_id": "45202"
  },
  {
    "review": "보는 내내 신나고 감동적인 영화 ^^",
    "date": "13.02.14",
    "rating": "10",
    "author": "amat****",
    "review_id": "7263609",
    "movie_id": "45202"
  },
  {
    "review": "아까 10점이엇던게 어이없음",
    "date": "13.02.14",
    "rating": "1",
    "author": "qkrg****",
    "review_id": "7263577",
    "movie_id": "45202"
  },
  {
    "review": "그래프가 아래로 쭉쭉쭉 ~~",
    "date": "13.02.14",
    "rating": "1",
    "author": "skyp****",
    "review_id": "7263576",
    "movie_id": "45202"
  },
  {
    "review": "내리고시작하자",
    "date": "13.02.14",
    "rating": "1",
    "author": "t412****",
    "review_id": "7263573",
    "movie_id": "45202"
  },
  {
    "review": "뭐 ? 10점 평점내리고 시작하자",
    "date": "13.02.14",
    "rating": "1",
    "author": "skyp****",
    "review_id": "7263506",
    "movie_id": "45202"
  },
  {
    "review": "옴샨티옴을 극장에서 보다니 영광입니다.",
    "date": "13.02.14",
    "rating": "10",
    "author": "nova****",
    "review_id": "7263168",
    "movie_id": "45202"
  },
  {
    "review": "이게 개봉하나요? 와 완전 재밌었는데",
    "date": "13.02.14",
    "rating": "10",
    "author": "qkrt****",
    "review_id": "7261280",
    "movie_id": "45202"
  }
]