[
  {
    "review": "우아한 역사 속에 자리한 남남 + 남녀 상열지사",
    "date": "15.08.17",
    "rating": "7",
    "author": "syoc****",
    "review_id": "10244658",
    "movie_id": "45232"
  },
  {
    "review": "베드신이 방해가 됐다는 평에 너무도 공감된다 스토리나 배우들 연기는 진짜 좋은데 모두 그 놈의 베드신에 묻혀버린 영화 너무 과했다",
    "date": "15.07.29",
    "rating": "7",
    "author": "alan****",
    "review_id": "10158976",
    "movie_id": "45232"
  },
  {
    "review": "그냥 더럽고 찝찝하다. 0점 없어서 1점",
    "date": "15.07.26",
    "rating": "1",
    "author": "lost****",
    "review_id": "10144354",
    "movie_id": "45232"
  },
  {
    "review": "좋아요-! 송지효 주진모 조인성배우 ㅠㅠ 연기최고 ㅠㅠ눈물나게 슬프네요",
    "date": "15.07.25",
    "rating": "10",
    "author": "milk****",
    "review_id": "10140132",
    "movie_id": "45232"
  },
  {
    "review": "주진모 연기 압권인영화눈빛으로 연기하는 배우다시봤음",
    "date": "15.07.17",
    "rating": "10",
    "author": "kimm****",
    "review_id": "10111448",
    "movie_id": "45232"
  },
  {
    "review": "보는내내 정말 답답했습니다. 님들 그냥 야1동 보세요.  edd-202",
    "date": "15.07.05",
    "rating": "1",
    "author": "kym6****",
    "review_id": "10071631",
    "movie_id": "45232"
  },
  {
    "review": "주진모가 제일불쌍함..ㅠㅠ",
    "date": "15.06.23",
    "rating": "10",
    "author": "sano****",
    "review_id": "10023427",
    "movie_id": "45232"
  },
  {
    "review": "왠만한 야한영화다봤지만 진짜 쌍화점만큼 재밌는게 없는듯. 자랑스럽다. 야하면서 재밌구. 배우들도 연기잘했구 매력도있다. 이렇게 스토리가있구 배우가 그걸 잘연기해내야 더 야하게느껴지지 단지벗는다고해서 다가아님. 결혼은 미친짓도 진짜 수작이라생각함",
    "date": "15.06.22",
    "rating": "10",
    "author": "cyki****",
    "review_id": "10020888",
    "movie_id": "45232"
  },
  {
    "review": "보고 나서 여운이 남기 쉽지않은데..주진모 대단하다",
    "date": "15.06.16",
    "rating": "10",
    "author": "tlse****",
    "review_id": "10004363",
    "movie_id": "45232"
  },
  {
    "review": "슬프다. 그리고 배우들이 너무 이쁘고 잘생김",
    "date": "15.06.14",
    "rating": "10",
    "author": "m960****",
    "review_id": "10000992",
    "movie_id": "45232"
  },
  {
    "review": "영화는 재밌었다만 나머지에서 기억하는건 송지효 껌딱지...",
    "date": "15.06.06",
    "rating": "10",
    "author": "nujo****",
    "review_id": "9978692",
    "movie_id": "45232"
  },
  {
    "review": "첨 볼땐 충격적인 결말과 베드신만 기억했는데 두번째로 보니 마지막장면에 눈물이 난다...눈빛하나로 모든걸 표현한 주진모 연기가 압도적인영화 ~",
    "date": "15.05.30",
    "rating": "9",
    "author": "inam****",
    "review_id": "9961156",
    "movie_id": "45232"
  },
  {
    "review": "굳 야한것 보다도 스토리 전개가 굳!!!",
    "date": "15.05.30",
    "rating": "10",
    "author": "eldk****",
    "review_id": "9961143",
    "movie_id": "45232"
  },
  {
    "review": "조인성 쌀때 표정연기 최고",
    "date": "15.05.22",
    "rating": "10",
    "author": "ngda****",
    "review_id": "9939376",
    "movie_id": "45232"
  },
  {
    "review": "한 다섯번 본듯. 한국영화로서는 상당히 잘 만든 안타까운 멜로. 배우들의 연기 역시 돋보였다 특히 주진모",
    "date": "15.05.20",
    "rating": "7",
    "author": "imgh****",
    "review_id": "9932870",
    "movie_id": "45232"
  },
  {
    "review": "여-남 베드신보다 남-남 베드신이 더 강렬했던 영화",
    "date": "15.05.01",
    "rating": "7",
    "author": "psy6****",
    "review_id": "9884656",
    "movie_id": "45232"
  },
  {
    "review": "이게 7점대라고?? 10점 비율봐",
    "date": "15.04.27",
    "rating": "9",
    "author": "ivan****",
    "review_id": "9874603",
    "movie_id": "45232"
  },
  {
    "review": "주진모 본인  왕 역할을 매우 잘 소화 하는듯.. 신들린 연기 .. 영화 재미있어요.",
    "date": "15.04.25",
    "rating": "8",
    "author": "jd01****",
    "review_id": "9864795",
    "movie_id": "45232"
  },
  {
    "review": "요즘 사극영화에 빠졌다...사극영화는 다재밌네 이것참...",
    "date": "15.04.23",
    "rating": "10",
    "author": "tptk****",
    "review_id": "9857631",
    "movie_id": "45232"
  },
  {
    "review": "베드신이 너무 강렬해서  주 내용이 좀 묻힌감이 있긴하지만 주진모 조인성 송지효 3명의 안타까운 사랑 이야기정말 잘 봤습니다",
    "date": "15.04.20",
    "rating": "7",
    "author": "sure****",
    "review_id": "9854067",
    "movie_id": "45232"
  },
  {
    "review": "주진모 ㅎ ㅕㅂ ㅂ ㅏ닥....",
    "date": "15.03.20",
    "rating": "8",
    "author": "ljh8****",
    "review_id": "9794467",
    "movie_id": "45232"
  },
  {
    "review": "셋 다 안타깝다. 불쌍 ㅜㅜ",
    "date": "15.03.16",
    "rating": "10",
    "author": "domi****",
    "review_id": "9787919",
    "movie_id": "45232"
  },
  {
    "review": "지금도 보고싶을때 찾아봄 재밌어요   와,,이게벌써 2008년이라니;;",
    "date": "15.03.13",
    "rating": "10",
    "author": "k_o_****",
    "review_id": "9777277",
    "movie_id": "45232"
  },
  {
    "review": "새로운 소재와 배우들의 연기는 이 영화에 충분히 매료되게 한다. 비극적이지만  영화의 여운까지 너무  재미있다.  한국영화의 수작이라고 해도 무방하다.",
    "date": "15.03.08",
    "rating": "10",
    "author": "pros****",
    "review_id": "9764770",
    "movie_id": "45232"
  },
  {
    "review": "정말 재미없다. 흉내만 내다 만 영화. 발연기 조인성과 송지효 때문에 끝까지 참고 보기 힘들었다. 조인성씨 연기 연습좀 하세요. 그렇게 섹시하지 않은 베드신은 내 생애 처음이다. 주진모의 연기만 훌륭. 연출,대본 다 허접하다.",
    "date": "15.03.06",
    "rating": "2",
    "author": "vene****",
    "review_id": "9759666",
    "movie_id": "45232"
  },
  {
    "review": "쓸데없이 야해서 더럽기까지 합디다. 굳이 이렇게까지 만든이유가 뭐요 69가 웬말이냐..  감독은 차라리 포르노를 만드세요. 과한 베드신에 비극은 온데간데 없고  배우들 데리고 뭐하는 짓인지. 이영화땜에 조인성까지 싫어졌더랬소",
    "date": "15.02.16",
    "rating": "6",
    "author": "dcts****",
    "review_id": "9701374",
    "movie_id": "45232"
  },
  {
    "review": "송지효 고마워(10자)",
    "date": "15.02.12",
    "rating": "10",
    "author": "gcks****",
    "review_id": "9689535",
    "movie_id": "45232"
  },
  {
    "review": "유하감독 다시봤음. 내용도 좋았겠지만 주진모 연기 대박 영화 살림",
    "date": "15.02.10",
    "rating": "10",
    "author": "gift****",
    "review_id": "9685227",
    "movie_id": "45232"
  },
  {
    "review": "중후반에 약간 갈피를 못 잡은 느낌. 나쁘진 않았음.",
    "date": "15.02.05",
    "rating": "5",
    "author": "toto****",
    "review_id": "9668799",
    "movie_id": "45232"
  },
  {
    "review": "정말 재미있게 본 영화. 오래 기억에 남을 듯.",
    "date": "15.02.02",
    "rating": "10",
    "author": "qurd****",
    "review_id": "9659917",
    "movie_id": "45232"
  },
  {
    "review": "원래 야하다고 평이 많은 영화들이 스토리가 별로인게 많았는데 쌍화점은 스토리가 썩 괜찮았다 배우들이 연기를 잘해서 꽤나 몰입감 있게 볼 수 있었음",
    "date": "15.01.24",
    "rating": "10",
    "author": "sork****",
    "review_id": "9628941",
    "movie_id": "45232"
  },
  {
    "review": "이거 어릴때 걍 야한영화인줄 알고 엑기스만 봤었는데 지금 와서 보니까 완전 재밌네 그리고 결말까지 좋고",
    "date": "15.01.19",
    "rating": "10",
    "author": "rna3****",
    "review_id": "9612082",
    "movie_id": "45232"
  },
  {
    "review": "배드신 굳. 솔직히 지루할 줄 알았는데 기대이상으로 볼만했다.",
    "date": "15.01.17",
    "rating": "8",
    "author": "kyn9****",
    "review_id": "9605262",
    "movie_id": "45232"
  },
  {
    "review": "자극적이라고 할 수 있는 소재들, 이를테면 동성애와 치정, 불륜을 동시에 다루었음에도 불구하고 영화는 전체적으로 무난했다",
    "date": "15.01.05",
    "rating": "7",
    "author": "toto****",
    "review_id": "9563877",
    "movie_id": "45232"
  },
  {
    "review": "그냥  야한영화인줄 알았는데,,  생각보다 재밌다,,,",
    "date": "14.12.30",
    "rating": "8",
    "author": "fghy****",
    "review_id": "9537423",
    "movie_id": "45232"
  },
  {
    "review": "평점낮게준 사람글읽엇을땐 그런가 하고뜸들이며 봣는데 생각보다 재밋게봄 나는. 코믹누드집?쓴새끼 조지고싶어짐 꼭저런 정신나간애 한명씩은잇다만 이해안간다",
    "date": "14.12.17",
    "rating": "10",
    "author": "sssy****",
    "review_id": "9482250",
    "movie_id": "45232"
  },
  {
    "review": "하나의 작품이 내게 이런 수백가지의 충격을 주다니... 이제부터 내게 연기파 배우는 조인성.주진모 다",
    "date": "14.11.27",
    "rating": "10",
    "author": "tmdv****",
    "review_id": "9425435",
    "movie_id": "45232"
  },
  {
    "review": "한국 에로영화의 레전드.",
    "date": "14.11.25",
    "rating": "10",
    "author": "kikk****",
    "review_id": "9421825",
    "movie_id": "45232"
  },
  {
    "review": "재밌었음 연출도 훌륭하고 주연들의 연기력도 좋았고",
    "date": "14.11.16",
    "rating": "10",
    "author": "tmvh****",
    "review_id": "9389969",
    "movie_id": "45232"
  },
  {
    "review": "주진모, 조인성 베드씬은 속이 울렁거렸다. 송지효 예뻐서 10점ㅋ",
    "date": "14.11.09",
    "rating": "10",
    "author": "icep****",
    "review_id": "9358966",
    "movie_id": "45232"
  },
  {
    "review": "스토리도 영상도 다 맘에 드네요!",
    "date": "14.10.30",
    "rating": "8",
    "author": "clou****",
    "review_id": "9329296",
    "movie_id": "45232"
  },
  {
    "review": "송지효의 배드신은 10점. 주진모의 외사랑은 만점!!!",
    "date": "14.10.24",
    "rating": "10",
    "author": "sky0****",
    "review_id": "9311658",
    "movie_id": "45232"
  },
  {
    "review": "넌 나를 단 한번도 정인이라고 생각한적 없느냐라는 물음에 홍림이 없습니다라고 하는 마지막 대사에 점수를 주고 싶다",
    "date": "14.10.20",
    "rating": "8",
    "author": "hsis****",
    "review_id": "9305299",
    "movie_id": "45232"
  },
  {
    "review": "꽤나 괜찮은 영환데 혹평받는게 아쉽다.  평점조절조금이라도 되길 바라는 마음에서 10점 놓고감",
    "date": "14.10.16",
    "rating": "10",
    "author": "winn****",
    "review_id": "9295218",
    "movie_id": "45232"
  },
  {
    "review": "엑기스만 봐오다가 오늘에서야 보는데 재밌네여.여기있는 자들이 다 나를 죽이려고 한 자들인가? 세상에 믿을 사람 하나 없구나!",
    "date": "14.10.15",
    "rating": "9",
    "author": "jong****",
    "review_id": "9293637",
    "movie_id": "45232"
  },
  {
    "review": "아지매들한테 정말 좋은데..뭐라 표현할 방법이 없네.",
    "date": "14.10.12",
    "rating": "4",
    "author": "pont****",
    "review_id": "9285797",
    "movie_id": "45232"
  },
  {
    "review": "작품성보다 베드신이 더 화제여서 아쉬운 영화. 재밌다",
    "date": "14.09.23",
    "rating": "10",
    "author": "0728****",
    "review_id": "9236085",
    "movie_id": "45232"
  },
  {
    "review": "역사를 이토록 심히 왜곡해도 된단 말인가",
    "date": "14.09.11",
    "rating": "5",
    "author": "ykdi****",
    "review_id": "9205590",
    "movie_id": "45232"
  },
  {
    "review": "놀라운 몰입감과 긴장감, 조인성과 송지효. 무슨말이 더 필요하리",
    "date": "14.09.06",
    "rating": "8",
    "author": "ailn****",
    "review_id": "9171774",
    "movie_id": "45232"
  },
  {
    "review": "수위가 아닌 스토리 때문에 감동먹었다. 아쉽게도 배드씬에서의 눈빛이 더욱 살아있어야 하는데 송지효가 조인성 머리를 잡고 키스하는 장면 빼고는 그저 그랬다. 내용이 조금 뻔하다는 것도 조금 흠으로 잡히나 주진모의 연기실력 덕택에 감탄밖에 안나온다.",
    "date": "14.08.31",
    "rating": "9",
    "author": "abc7****",
    "review_id": "9148503",
    "movie_id": "45232"
  },
  {
    "review": "왜  주진모 이야기가 없지 이 영화는 주진모의 연기력이 돋보이는 영화... 눈빛 하나로 배신, 아련, 연모, 고민, 집착 모든것을 표현한다...  하... 너무불쌍하다 왕... 홍림이 나쁜티끼ㅠㅠ",
    "date": "14.08.29",
    "rating": "10",
    "author": "nugi****",
    "review_id": "9142381",
    "movie_id": "45232"
  },
  {
    "review": "베드신 넘 야하네요 ㅎㅎ  조인성.체위 독특하네 다리 부분중점으로 보세요 ㅎ 송지효 좋았겠다.ㅋㅋㅋ",
    "date": "14.08.27",
    "rating": "10",
    "author": "july****",
    "review_id": "9138951",
    "movie_id": "45232"
  },
  {
    "review": "이제서야 봣는데도 재미있었음",
    "date": "14.08.21",
    "rating": "10",
    "author": "wina****",
    "review_id": "9118515",
    "movie_id": "45232"
  },
  {
    "review": "싫어하는 송지효 슴가 나온다길레 케이블에서 나오길레 봤다~ 작다~찌찌~ 한국영화 배드신 슴가노출하면 다들 연예계에서 사라지는데 노출하고 예능에 계속 나오는거 보면 뭔가있다 송지효~ 얼굴도 많이 고쳤네",
    "date": "14.08.21",
    "rating": "1",
    "author": "yunj****",
    "review_id": "9117720",
    "movie_id": "45232"
  },
  {
    "review": "하두봐서 장면다외움 특히 야한장면ㅋ",
    "date": "14.08.21",
    "rating": "10",
    "author": "bgm5****",
    "review_id": "9116427",
    "movie_id": "45232"
  },
  {
    "review": "이 영화를 왜 이제야봤을까 싶어요 조인성 눈빛연기 너무 멋지고 연기력 좋아요 송지효는 런닝맨볼때랑 목소리가 너무 달라서 놀랬지만 그래서 오히려 더 어울렸던거같아요 주진모도 연기력 너무 좋구요 정사신이 결코 많다고 느끼지 못했을 정도로 여운이 많이남네요",
    "date": "14.08.18",
    "rating": "10",
    "author": "srsr****",
    "review_id": "9106515",
    "movie_id": "45232"
  },
  {
    "review": "사극치고 재밌는데 평점이 낮네",
    "date": "14.08.11",
    "rating": "8",
    "author": "chom****",
    "review_id": "9069550",
    "movie_id": "45232"
  },
  {
    "review": "주진모 연기잘하든데...영화관 전체가 웃으면서 본 영화인듯!",
    "date": "14.08.07",
    "rating": "10",
    "author": "blac****",
    "review_id": "9045391",
    "movie_id": "45232"
  },
  {
    "review": "정말 재밌게 잘봤습니다.",
    "date": "14.07.28",
    "rating": "10",
    "author": "wkdr****",
    "review_id": "8975543",
    "movie_id": "45232"
  },
  {
    "review": "세사람의  모두가 이해가 되었던 가슴 아픈 사랑.",
    "date": "14.07.27",
    "rating": "10",
    "author": "koro****",
    "review_id": "8967387",
    "movie_id": "45232"
  },
  {
    "review": "정사신때문에 주목받지 못 해서 그렇지 연출이랑 배우들 감정연기 좋았음. 마지막 장면은 정말 기억에 오래 남고 있음",
    "date": "14.07.27",
    "rating": "9",
    "author": "1026****",
    "review_id": "8966571",
    "movie_id": "45232"
  },
  {
    "review": "마지막 장면이 참 애잔하네..혹평들 때문에 안봤는데 꽤 괜찮은 영화였음",
    "date": "14.07.15",
    "rating": "9",
    "author": "llzl****",
    "review_id": "8919031",
    "movie_id": "45232"
  },
  {
    "review": "소재 흥미성 없음. 내용 별로. 조인성 연기가 아쉬웠으나 역할과 어느정도 어울렸으며 주진모가 역할과 아주 어울리며 연기를 아주 잘 소화해서 +1점 줌",
    "date": "14.07.06",
    "rating": "2",
    "author": "ari1****",
    "review_id": "8888099",
    "movie_id": "45232"
  },
  {
    "review": "진짜 재미있었어요 마지막에 너무 슬퍼서 울었음 이런결말 맘에듦ㅠㅠ송지효가 마지막에 홍림을 찾는것보다 주진모가 눈물흘리면서 죽을때가 더 슬펐어요..홍림이 주진모를 연모했을거라 믿을게요ㅠㅠ아진짜 짱짱!",
    "date": "14.07.02",
    "rating": "8",
    "author": "9303****",
    "review_id": "8874888",
    "movie_id": "45232"
  },
  {
    "review": "재밌던데 ^^멋지고 슬펐어요 ㅜㅠ",
    "date": "14.07.02",
    "rating": "8",
    "author": "skda****",
    "review_id": "8874641",
    "movie_id": "45232"
  },
  {
    "review": "생각했던것보다 너무재미있었음 초반은 지루했는데 중반이후로 초집중하면서 보게되네요옛 부터 여자를 잘못들이면 집안이 망한다는말이 그말이 맞는말같군요 ㅎㅎ",
    "date": "14.06.28",
    "rating": "10",
    "author": "shai****",
    "review_id": "8866144",
    "movie_id": "45232"
  },
  {
    "review": "여러 악평이 많아 기대를 전혀 안하고 봤는데,상당히 잘 만들었다.하지만 감독이  말하고자  하는것이 뭔지 모르겠다.",
    "date": "14.06.26",
    "rating": "8",
    "author": "ikpy****",
    "review_id": "8859429",
    "movie_id": "45232"
  },
  {
    "review": "감독이 표현하고 싶은 건 충분히 알겠다싶다. 그런데 그 표현 방식이 좀 진부하다. 빤하달까? 그냥 스토리 튼실한 야동같은 느낌",
    "date": "14.06.10",
    "rating": "6",
    "author": "ogns****",
    "review_id": "8817978",
    "movie_id": "45232"
  },
  {
    "review": "사람들 다 정사씬이많았다하는데 난 괜찮았음 홍림이 왕후에게로 마음이 변하는 이유가 그거니까 ..몰래 사랑을 나누는걸 표현하는덴 좋았다. 재밌게봤음",
    "date": "14.06.08",
    "rating": "8",
    "author": "ekdz****",
    "review_id": "8811156",
    "movie_id": "45232"
  },
  {
    "review": "한5번본것같음 송지효 배드신찍은거밖에 기억안나네",
    "date": "14.06.06",
    "rating": "5",
    "author": "boyt****",
    "review_id": "8803486",
    "movie_id": "45232"
  },
  {
    "review": "주진모의 아련한사랑...이 너무 슬펐음ㅜ ㅜ",
    "date": "14.06.03",
    "rating": "10",
    "author": "shin****",
    "review_id": "8790894",
    "movie_id": "45232"
  },
  {
    "review": "주진모의 연기가 아련하다",
    "date": "14.05.12",
    "rating": "8",
    "author": "vnfm****",
    "review_id": "8727089",
    "movie_id": "45232"
  },
  {
    "review": "어디갔다 이제오는게냐~ 주진모 영화네.. 셋 다 짠하다",
    "date": "14.05.12",
    "rating": "7",
    "author": "namp****",
    "review_id": "8726290",
    "movie_id": "45232"
  },
  {
    "review": "걍 난잡하다는 느낌만든다. 고작 섹.스몇번한거가지고 정인이라느니 하는것보면 참; 오히려 주진모가 더 애틋한듯 물론 동성애는 나도 싫지만",
    "date": "14.04.26",
    "rating": "6",
    "author": "sxek****",
    "review_id": "8675269",
    "movie_id": "45232"
  },
  {
    "review": "순수해서 더 위험하고 가슴 아픈 사랑 이야기",
    "date": "14.04.17",
    "rating": "6",
    "author": "tnis****",
    "review_id": "8655080",
    "movie_id": "45232"
  },
  {
    "review": "영상미+액션씬+연기력에  베드신, 그러나 무엇보다 좋았던 것은 스토리 구도이다. 남자인 조인성을 사랑하는 왕(주진모)이 조인성을  닮은 아이를 갖고 싶어 그에게  왕후와 의 대리 합방을 명한 거라 생각하면 매우 슬프다. 마지막 순간까지도 그를 사랑한.",
    "date": "14.04.15",
    "rating": "10",
    "author": "grac****",
    "review_id": "8652194",
    "movie_id": "45232"
  },
  {
    "review": "불필요한 정사 장면은 없었다. 너무 야하게만 보지말길. 처음엔 원하지 않는 관계라서, 나중엔 몰래하는 사랑으로 슬픈 장면임. 스토리도 좋고, 연기력이 뛰어난 배우들이 나오고, 사랑과 분노 질투 애착 등 미묘한 감정을 잘 섞어서 그려낸 영화.",
    "date": "14.04.03",
    "rating": "9",
    "author": "fine****",
    "review_id": "8624505",
    "movie_id": "45232"
  },
  {
    "review": "허무주의로 끝나지만 주연 배우들의 연기로 시간가는줄 모르고 봤음",
    "date": "14.03.29",
    "rating": "7",
    "author": "adiv****",
    "review_id": "8614768",
    "movie_id": "45232"
  },
  {
    "review": "슬프지만 참 깊이있는 내용이다 특히 조인성이 가장 갑이다",
    "date": "14.03.23",
    "rating": "10",
    "author": "88ha****",
    "review_id": "8601341",
    "movie_id": "45232"
  },
  {
    "review": "슬프다 .. ㅠ 복잡한 마음을 잘 보여주네요 ..",
    "date": "14.03.18",
    "rating": "9",
    "author": "hamo****",
    "review_id": "8586003",
    "movie_id": "45232"
  },
  {
    "review": "야하지 않고 아름답습니다.",
    "date": "14.03.13",
    "rating": "10",
    "author": "tbfk****",
    "review_id": "8572963",
    "movie_id": "45232"
  },
  {
    "review": "이건 머리(메시지)의 문제가 아니라 아래곳만 움직이는 전달의 문제.",
    "date": "14.02.25",
    "rating": "4",
    "author": "tear****",
    "review_id": "8535868",
    "movie_id": "45232"
  },
  {
    "review": "떡으로 부터 나오는 연심 ,떡심. 사랑이란 것도 결국 떡으로부터 나온다.",
    "date": "14.02.16",
    "rating": "10",
    "author": "xeno****",
    "review_id": "8512030",
    "movie_id": "45232"
  },
  {
    "review": "첫장면 조인성 배드씬은 역대 가장 깜놀한 배드씬이 아닐까 싶다",
    "date": "14.02.12",
    "rating": "7",
    "author": "lkyl****",
    "review_id": "8499725",
    "movie_id": "45232"
  },
  {
    "review": "조인성불쌍해요ㅠㅠ 내용은 아주 재밋는거까진 모르겟음",
    "date": "14.02.09",
    "rating": "7",
    "author": "gmja****",
    "review_id": "8492481",
    "movie_id": "45232"
  },
  {
    "review": "69장면은 진짜 ㄷㄷ; 조인성이랑 송지효 ㄷㄷ",
    "date": "14.02.08",
    "rating": "10",
    "author": "byun****",
    "review_id": "8488256",
    "movie_id": "45232"
  },
  {
    "review": "생각보다 완전 괜찮은데? 베드씬 드립에 가려져 있던 작품성",
    "date": "14.01.31",
    "rating": "9",
    "author": "esth****",
    "review_id": "8455985",
    "movie_id": "45232"
  },
  {
    "review": "ㅋㅋㅋ10대 참여 5%",
    "date": "14.01.14",
    "rating": "10",
    "author": "kdy3****",
    "review_id": "8383029",
    "movie_id": "45232"
  },
  {
    "review": "영화 내용도 전반적으로 좋고송지효의 가슴 노출도 좋은 편이다.",
    "date": "14.01.03",
    "rating": "10",
    "author": "abcm****",
    "review_id": "8345044",
    "movie_id": "45232"
  },
  {
    "review": "다들 조인성 엉덩이 밖에 기억에 안남는대서 안보고 있었는데 우연찮게 보고나니 그렇게 나쁜 영화는 아니었어요. 단지 부분부분 웃음이 터지면 안되는 상황에서 웃음이 나긴했어요ㅋㅋㅋㅋ대사쓴사람나와!ㅋㅋㅋ",
    "date": "14.01.03",
    "rating": "9",
    "author": "wjst****",
    "review_id": "8344361",
    "movie_id": "45232"
  },
  {
    "review": "야한거 다 떠나서 작품성만 보면 그렇게 크게 나쁘지 않은 듯하다. 스토리도 괜찮고 연기력도 좋고.. 근데 정사신이 많이 나오고  수위도 높아서 작품성이 떨어진듯한 영화",
    "date": "14.01.03",
    "rating": "8",
    "author": "shut****",
    "review_id": "8341918",
    "movie_id": "45232"
  },
  {
    "review": "한국영화에서 간만의 수작!!! 여운이 많이 남는 영화.",
    "date": "14.01.02",
    "rating": "10",
    "author": "zela****",
    "review_id": "8341007",
    "movie_id": "45232"
  },
  {
    "review": "조인성은 원래 동성애자가 아니면 왕에게 어떻게 키워진걸까.",
    "date": "13.12.27",
    "rating": "5",
    "author": "huve****",
    "review_id": "8310413",
    "movie_id": "45232"
  },
  {
    "review": "홍림과 공민왕의 사랑, 노국공주와의 사랑이 너무 아름다운 영화였습니다",
    "date": "13.12.13",
    "rating": "10",
    "author": "ohas****",
    "review_id": "8211697",
    "movie_id": "45232"
  },
  {
    "review": "동성연애 예방 영화 너무 좋았음...같은 성끼리 하다가 이성에 눈뜨는 과정을 그린  올바른 성문화 계몽영화",
    "date": "13.12.12",
    "rating": "10",
    "author": "defk****",
    "review_id": "8207826",
    "movie_id": "45232"
  },
  {
    "review": "시간이 지나면 분명히 재평가 받을 날이 올 것. 선정성 시비에 묻힌 수작.",
    "date": "13.12.06",
    "rating": "10",
    "author": "phs6****",
    "review_id": "8193294",
    "movie_id": "45232"
  },
  {
    "review": "조금 아쉽지만 재밌는 영화였다",
    "date": "13.12.05",
    "rating": "9",
    "author": "mpbr****",
    "review_id": "8190660",
    "movie_id": "45232"
  },
  {
    "review": "뭦?하고보다가 감독의도대로 그냥 거기에 몰입되서..영화끝나면 여운이 강하다..흡입력강한 영화ㅠ 주진모조인성씨 연기잘한다 ㅠ지효씨는 발성과..연기력이 ㅠ",
    "date": "13.11.28",
    "rating": "9",
    "author": "jmjw****",
    "review_id": "8172570",
    "movie_id": "45232"
  },
  {
    "review": "주진모와 송지효의 연기력이 돋보인다. 배우들의 몸을 아끼지 않는 연기와 적당한 연출로 형편없는 각본을 커버한 영화",
    "date": "13.11.20",
    "rating": "7",
    "author": "coco****",
    "review_id": "8155688",
    "movie_id": "45232"
  },
  {
    "review": "물론 ... 흥행을 위해 어느정도 베드신도 중요하지만 .. 전체적인 영화 아주 괜찮았다 .. 아아 ... 주진모 불쌍 .. ㅠㅠ 3명전부 연기가 좋았음.. 내용도 좋고 10점 드립니다",
    "date": "13.11.18",
    "rating": "10",
    "author": "9812****",
    "review_id": "8149963",
    "movie_id": "45232"
  }
]