[
  {
    "review": "평점선택 0점 선택됨1점2점3점4점5점6점7점8점9점10점 평점ㅇㄴㅁㄴ이ㅏㅡㅁ니ㅏ뒴ㅇㄴ",
    "date": "15.08.26",
    "rating": "10",
    "author": "bsm2****",
    "review_id": "10277067",
    "movie_id": "45290"
  },
  {
    "review": "내가 본 영화 중 최고다... 진심 걸작임",
    "date": "15.08.26",
    "rating": "10",
    "author": "yeg0****",
    "review_id": "10277005",
    "movie_id": "45290"
  },
  {
    "review": "이거 재미없다하는 사람이면 진짜 정떨어질 정도.",
    "date": "15.08.26",
    "rating": "10",
    "author": "taew****",
    "review_id": "10276643",
    "movie_id": "45290"
  },
  {
    "review": "영화보고 이틀넘게 머리가 윙윙거리는건 OO만인듯...핸드폰으로 보고나도 이런데...영화관에서 보면 한 일주일은 정신없겠다.",
    "date": "15.08.26",
    "rating": "9",
    "author": "oyat****",
    "review_id": "10275953",
    "movie_id": "45290"
  },
  {
    "review": "rrrfdfdfdfd",
    "date": "15.08.26",
    "rating": "8",
    "author": "daer****",
    "review_id": "10275858",
    "movie_id": "45290"
  },
  {
    "review": "이 장르마저 경이롭게 만들어버리는 놀란의 수작",
    "date": "15.08.26",
    "rating": "9",
    "author": "thdq****",
    "review_id": "10275752",
    "movie_id": "45290"
  },
  {
    "review": "우주의 광활함과 자연의 위대함을 볼 수 있는 영화였다. 다소 길었던 상영시간이었지만 전혀 지루함을 느끼지 못했다.",
    "date": "15.08.25",
    "rating": "10",
    "author": "ange****",
    "review_id": "10274172",
    "movie_id": "45290"
  },
  {
    "review": "말이 굳이 필요할까? 영화관에서 본건 기적이였다.",
    "date": "15.08.25",
    "rating": "10",
    "author": "ahi_****",
    "review_id": "10273927",
    "movie_id": "45290"
  },
  {
    "review": "영화지만 사실적이라고 느낄 만큼 넋 놓고 본 영화 중 하나",
    "date": "15.08.25",
    "rating": "10",
    "author": "lila****",
    "review_id": "10273402",
    "movie_id": "45290"
  },
  {
    "review": "무슨말인지 이해못하겠는 문과생의 후기솔직하거라 니가 살아온만큼던져두거라 저 어둠속 하늘에그리 흐르다 다시 만나거든손 꽉 잡고 떠나거라 저 어둠속 하늘에",
    "date": "15.08.25",
    "rating": "9",
    "author": "1mm1****",
    "review_id": "10273174",
    "movie_id": "45290"
  },
  {
    "review": "영화가 진짜 대단한 건 알겠는데.. 솔직히 지루하고 인셉션이 더 재미있음 몰론 인터스텔라가 스토리 자체나 설정, 연출력등은 한수위지만 한없이 지루했다",
    "date": "15.08.25",
    "rating": "2",
    "author": "jung****",
    "review_id": "10273080",
    "movie_id": "45290"
  },
  {
    "review": "ㅎㅎㅎㅎ 또한번 보구싶네용",
    "date": "15.08.24",
    "rating": "9",
    "author": "tose****",
    "review_id": "10272029",
    "movie_id": "45290"
  },
  {
    "review": "정말 재밌게봤습니다.",
    "date": "15.08.24",
    "rating": "10",
    "author": "spdl****",
    "review_id": "10272010",
    "movie_id": "45290"
  },
  {
    "review": "인터스텔라 말이필요한가?",
    "date": "15.08.24",
    "rating": "10",
    "author": "rudx****",
    "review_id": "10271774",
    "movie_id": "45290"
  },
  {
    "review": "과연 내가 이 영화를 평가할 수나 있을까..",
    "date": "15.08.24",
    "rating": "10",
    "author": "wodm****",
    "review_id": "10271486",
    "movie_id": "45290"
  },
  {
    "review": "보기 전의 기대가 너무 거대했던 영화. 그래비티에서 받은 감동이상을 기대한 나에겐 아쉬움이 섞인 영화.",
    "date": "15.08.24",
    "rating": "6",
    "author": "drea****",
    "review_id": "10271343",
    "movie_id": "45290"
  },
  {
    "review": "몇번을 돌려봐도 재밌는 영화.. 대신 공부좀 하고 봐야하는 영화~^^ 사람들이 그들에 대해 이해를 못 해...ㅋ....",
    "date": "15.08.24",
    "rating": "10",
    "author": "hk47****",
    "review_id": "10270550",
    "movie_id": "45290"
  },
  {
    "review": "번뜩이는 상상력이 돋보이는 영화",
    "date": "15.08.24",
    "rating": "9",
    "author": "dpae****",
    "review_id": "10270441",
    "movie_id": "45290"
  },
  {
    "review": "브라보 좋았습니닿ㅎㅎ",
    "date": "15.08.23",
    "rating": "9",
    "author": "cmr7****",
    "review_id": "10269659",
    "movie_id": "45290"
  },
  {
    "review": "처음으로 2번 돈주고본영화",
    "date": "15.08.23",
    "rating": "10",
    "author": "chw8****",
    "review_id": "10269459",
    "movie_id": "45290"
  },
  {
    "review": "어렵지만 재미있게 봤습니다",
    "date": "15.08.23",
    "rating": "9",
    "author": "eogu****",
    "review_id": "10268957",
    "movie_id": "45290"
  },
  {
    "review": "마케팅은 이렇게 해야한다라는것을 보여준영화네요..",
    "date": "15.08.23",
    "rating": "1",
    "author": "kan0****",
    "review_id": "10268378",
    "movie_id": "45290"
  },
  {
    "review": "영화 진짜 재미있더라구여",
    "date": "15.08.23",
    "rating": "10",
    "author": "231s****",
    "review_id": "10267431",
    "movie_id": "45290"
  },
  {
    "review": "개인적으로 다시보고 싶은 영화다경이롭다 덕분에 우주의 세계에 대한 관심이 더욱 높아졌다크리스토퍼 놀란 감독은 천재다",
    "date": "15.08.23",
    "rating": "10",
    "author": "ar24****",
    "review_id": "10266909",
    "movie_id": "45290"
  },
  {
    "review": "3번정도는 봐야지 영화가 어떤걸 의미하는지 알수있다 웜홀 블랙홀 차원을 따지는 감동영화...진짜 일어날수 있는 일들이다",
    "date": "15.08.23",
    "rating": "10",
    "author": "avon****",
    "review_id": "10265532",
    "movie_id": "45290"
  },
  {
    "review": "정말 명작이다. 영화 라는 것을 뛰어넘어선 것 같다.",
    "date": "15.08.23",
    "rating": "10",
    "author": "mayz****",
    "review_id": "10265241",
    "movie_id": "45290"
  },
  {
    "review": "약간의 허점들과 결말 부분에 알 수 없는 공허함이 조금 아쉽다 밑고 보는 크리스토퍼 놀란 감독 영화",
    "date": "15.08.22",
    "rating": "9",
    "author": "bsg0****",
    "review_id": "10264635",
    "movie_id": "45290"
  },
  {
    "review": "ㅠㅠㅠ드드드드스스스즈즈즈",
    "date": "15.08.22",
    "rating": "6",
    "author": "girm****",
    "review_id": "10264165",
    "movie_id": "45290"
  },
  {
    "review": "블루레이 구매해서 가끔씩 보지만, 봐도 봐도 감동/소름",
    "date": "15.08.21",
    "rating": "10",
    "author": "kaze****",
    "review_id": "10260007",
    "movie_id": "45290"
  },
  {
    "review": "영화로 느낄 수 있는 가장 특별한 감동",
    "date": "15.08.21",
    "rating": "10",
    "author": "dldn****",
    "review_id": "10259337",
    "movie_id": "45290"
  },
  {
    "review": "대단한 영화이다 놀란의 능력에 또한번놀란다",
    "date": "15.08.21",
    "rating": "9",
    "author": "alst****",
    "review_id": "10258538",
    "movie_id": "45290"
  },
  {
    "review": "＋연출이 수준급이다. 음악선정도 잘됐다. －앞뒤가 안맞는 스토리. 어중간하고 찜찜한 엔딩.",
    "date": "15.08.21",
    "rating": "7",
    "author": "dark****",
    "review_id": "10258474",
    "movie_id": "45290"
  },
  {
    "review": "재밋어용ㅋㅋ신기해영ㅋㅋ",
    "date": "15.08.21",
    "rating": "10",
    "author": "o_oc****",
    "review_id": "10258338",
    "movie_id": "45290"
  },
  {
    "review": "괜찮은듯 지루한부분이 좀 있긴하지만 볼만했음",
    "date": "15.08.21",
    "rating": "8",
    "author": "syc8****",
    "review_id": "10258139",
    "movie_id": "45290"
  },
  {
    "review": "작년에 영화관에서 봤던게 계속 여운이 남아 캠버전이고 뭐고 죄다 다운받아서 몇번씩이나 더 봤습니다..하 방금 또 보고나서 작년에 썼던 평점 지우고 다시 쓰는건데... 이건 봐도봐도 안질리는,절대 못질리는 영화입니다..너무 감동이에요(눈물)",
    "date": "15.08.21",
    "rating": "10",
    "author": "glam****",
    "review_id": "10257143",
    "movie_id": "45290"
  },
  {
    "review": "말이 필요없다 정말  ...",
    "date": "15.08.21",
    "rating": "10",
    "author": "copy****",
    "review_id": "10256893",
    "movie_id": "45290"
  },
  {
    "review": "꼭봐야하는영화 진짜 감독은 천재 인간은..먼지같구만 우주 의 비례하면..",
    "date": "15.08.21",
    "rating": "10",
    "author": "minz****",
    "review_id": "10256830",
    "movie_id": "45290"
  },
  {
    "review": "인생 최고의 영화. 어릴적에 나왔다면 꿈을 바꿀만한 영화",
    "date": "15.08.20",
    "rating": "10",
    "author": "snow****",
    "review_id": "10255945",
    "movie_id": "45290"
  },
  {
    "review": "Fantastic SF movie.. ~ Wow",
    "date": "15.08.20",
    "rating": "10",
    "author": "ligh****",
    "review_id": "10255362",
    "movie_id": "45290"
  },
  {
    "review": "인생영화! 한 네번 본거같네",
    "date": "15.08.20",
    "rating": "10",
    "author": "hawa****",
    "review_id": "10254403",
    "movie_id": "45290"
  },
  {
    "review": "재밌는데 난 너무 심오하게보지마삼",
    "date": "15.08.20",
    "rating": "10",
    "author": "dydg****",
    "review_id": "10253287",
    "movie_id": "45290"
  },
  {
    "review": "장난지탸겨나도나더나나나아엳",
    "date": "15.08.20",
    "rating": "10",
    "author": "dydg****",
    "review_id": "10253014",
    "movie_id": "45290"
  },
  {
    "review": "놀란이다 무슨말이 더 필요한가",
    "date": "15.08.19",
    "rating": "10",
    "author": "madh****",
    "review_id": "10252282",
    "movie_id": "45290"
  },
  {
    "review": "후반부가 말아먹은 영화",
    "date": "15.08.19",
    "rating": "8",
    "author": "szlo****",
    "review_id": "10251868",
    "movie_id": "45290"
  },
  {
    "review": "ertuertertert",
    "date": "15.08.19",
    "rating": "5",
    "author": "ab25****",
    "review_id": "10251433",
    "movie_id": "45290"
  },
  {
    "review": "완전신세계 재미있어요",
    "date": "15.08.19",
    "rating": "10",
    "author": "smsg****",
    "review_id": "10251406",
    "movie_id": "45290"
  },
  {
    "review": "정말 스케일도 크고 무엇보다 스토리가 탄탄한 것이 볼만한 영화 이였습니다.",
    "date": "15.08.19",
    "rating": "9",
    "author": "nost****",
    "review_id": "10251364",
    "movie_id": "45290"
  },
  {
    "review": "재밋네요 결론은 사랑의힘인가 ....",
    "date": "15.08.19",
    "rating": "10",
    "author": "good****",
    "review_id": "10251220",
    "movie_id": "45290"
  },
  {
    "review": "최고의 여운이 남는 최고의 최고.",
    "date": "15.08.19",
    "rating": "10",
    "author": "iexp****",
    "review_id": "10251079",
    "movie_id": "45290"
  },
  {
    "review": "너무 길어서 호불호가 확실히 갈리는데 그래도 볼만한듯",
    "date": "15.08.19",
    "rating": "8",
    "author": "dwle****",
    "review_id": "10250882",
    "movie_id": "45290"
  },
  {
    "review": "내 인생 최고의 영화 영화관에서 또 보고싶다",
    "date": "15.08.19",
    "rating": "10",
    "author": "my37****",
    "review_id": "10250044",
    "movie_id": "45290"
  },
  {
    "review": "우주 영화를 가장한 가족애에 관한 영화.",
    "date": "15.08.18",
    "rating": "7",
    "author": "urek****",
    "review_id": "10249745",
    "movie_id": "45290"
  },
  {
    "review": "굿 대박영화 개 꿀 잼 진심 이렇게재밋는거 처음",
    "date": "15.08.18",
    "rating": "10",
    "author": "vkdn****",
    "review_id": "10249495",
    "movie_id": "45290"
  },
  {
    "review": "재미따 꾸르뀨르 재미다",
    "date": "15.08.18",
    "rating": "1",
    "author": "ohk1****",
    "review_id": "10249286",
    "movie_id": "45290"
  },
  {
    "review": "재밌게 보고오긴 했지만 댓글에서 사람들이 저렇게 호들갑 떨 정도는 아니라고 생각한다.",
    "date": "15.08.18",
    "rating": "8",
    "author": "iwww****",
    "review_id": "10248567",
    "movie_id": "45290"
  },
  {
    "review": "이 영화는 일단 호불호가 존재할 수가 없다. 적어도 3~4번 이상은 봐야지 영화의 모든 것들이 보이기 시작한다. 필자는 9번 보면서도 감동과 여운이 가시질 않는다. 내 두 쪽을 걸고 인셉션 이래로 최고의 경이로운 걸작이 틀림없다.",
    "date": "15.08.18",
    "rating": "10",
    "author": "jsky****",
    "review_id": "10248414",
    "movie_id": "45290"
  },
  {
    "review": "재밌음재밌음재미씀재밌음",
    "date": "15.08.18",
    "rating": "8",
    "author": "dldu****",
    "review_id": "10248180",
    "movie_id": "45290"
  },
  {
    "review": "과학을 알아야 재미있는점을 알 수 았을듯.. 그리고 마지막 앤딩이 정말.. 평점한 사람으로 이햐가 안댐ㅡㅡ 많은 미지수를 남긴 영화..",
    "date": "15.08.18",
    "rating": "4",
    "author": "onyo****",
    "review_id": "10247635",
    "movie_id": "45290"
  },
  {
    "review": "ㅈㄴ길기만한영화..",
    "date": "15.08.18",
    "rating": "1",
    "author": "ssji****",
    "review_id": "10247483",
    "movie_id": "45290"
  },
  {
    "review": "와 진짜 재미있다.. 과학과 상상력의 총망라... 정말 놀란감독은 대단하다...! 스토리도 재미있고 ㅋㅋㅋㅋ 이 영화는 평점 15점을 받아야한다.",
    "date": "15.08.18",
    "rating": "10",
    "author": "rudl****",
    "review_id": "10247227",
    "movie_id": "45290"
  },
  {
    "review": "현대 과학의 우주에 대한 설명력을 영화 한 편으로 볼 수 있었다는 점만으로도 10점",
    "date": "15.08.17",
    "rating": "10",
    "author": "skyi****",
    "review_id": "10246345",
    "movie_id": "45290"
  },
  {
    "review": "재밌겠네요 재밌겠네요",
    "date": "15.08.17",
    "rating": "9",
    "author": "toma****",
    "review_id": "10246310",
    "movie_id": "45290"
  },
  {
    "review": "마치 성서 같았던 영화. 과거의 흔적이 우주 공간 아주 깊은 곳과 연결되어 있었다는 경이로운 마법. 그리고 반전. 마치 봉준호의 (마더)를 본 그때의 전율과 비슷한 감동이었다.",
    "date": "15.08.17",
    "rating": "9",
    "author": "play****",
    "review_id": "10246263",
    "movie_id": "45290"
  },
  {
    "review": "produced be Christopher Nolan",
    "date": "15.08.17",
    "rating": "10",
    "author": "garm****",
    "review_id": "10246086",
    "movie_id": "45290"
  },
  {
    "review": "블렉홀 속으로 들어가면 죽는데...",
    "date": "15.08.17",
    "rating": "10",
    "author": "rltj****",
    "review_id": "10245990",
    "movie_id": "45290"
  },
  {
    "review": "역시 크리스토퍼 논란ㅋㅋ",
    "date": "15.08.17",
    "rating": "10",
    "author": "skyj****",
    "review_id": "10245404",
    "movie_id": "45290"
  },
  {
    "review": "좋은 영화. 말그대로 좋은영화.",
    "date": "15.08.17",
    "rating": "8",
    "author": "sxy2****",
    "review_id": "10245183",
    "movie_id": "45290"
  },
  {
    "review": "재밌었습니다! 처음은 지루한데 끝으로갈수록 스릴넘침 재밌음",
    "date": "15.08.17",
    "rating": "10",
    "author": "ckdr****",
    "review_id": "10244629",
    "movie_id": "45290"
  },
  {
    "review": "오랜만에 몰입했습니다.^^",
    "date": "15.08.17",
    "rating": "9",
    "author": "cs71****",
    "review_id": "10244103",
    "movie_id": "45290"
  },
  {
    "review": "Do not go gentle into that good night. Rage, rage against dying of the light. (영화 인터스텔라의 시의 한 부분)",
    "date": "15.08.17",
    "rating": "10",
    "author": "xogh****",
    "review_id": "10243709",
    "movie_id": "45290"
  },
  {
    "review": "놓칠장면이 하나도 없다..",
    "date": "15.08.17",
    "rating": "10",
    "author": "car9****",
    "review_id": "10243680",
    "movie_id": "45290"
  },
  {
    "review": "굿굿구슥?슥?습?ㅅㄷ슷?ㄱㅅㄷㄱ?굿굿ㄱㄷㅅ?",
    "date": "15.08.16",
    "rating": "10",
    "author": "rla9****",
    "review_id": "10242962",
    "movie_id": "45290"
  },
  {
    "review": "감동적인영화였어요!",
    "date": "15.08.16",
    "rating": "10",
    "author": "kkdd****",
    "review_id": "10241388",
    "movie_id": "45290"
  },
  {
    "review": "쉬운얘기를 어렵게 풀어쓴 그게 매력있는 영화",
    "date": "15.08.16",
    "rating": "7",
    "author": "skan****",
    "review_id": "10241239",
    "movie_id": "45290"
  },
  {
    "review": "그냥보통이에요 재미없진않은거같구요",
    "date": "15.08.16",
    "rating": "5",
    "author": "tjdd****",
    "review_id": "10240705",
    "movie_id": "45290"
  },
  {
    "review": "이걸 영화관에서 본 나는 정말 복이 터진 사람이다ㅠ",
    "date": "15.08.16",
    "rating": "10",
    "author": "jye9****",
    "review_id": "10240552",
    "movie_id": "45290"
  },
  {
    "review": "영화가 진짜 대단한 건 알겠는데.. 솔직히 지루하고 인셉션이 더 재미있음 몰론 인터스텔라가 스토리 자체나 설정, 연출력등은 오지는데 한없이 지루했다,,.",
    "date": "15.08.16",
    "rating": "1",
    "author": "kms8****",
    "review_id": "10240118",
    "movie_id": "45290"
  },
  {
    "review": "굿굿넘넘재밌었습니다 촤고여요",
    "date": "15.08.16",
    "rating": "10",
    "author": "yasy****",
    "review_id": "10239873",
    "movie_id": "45290"
  },
  {
    "review": "머리털 나고서 네이버에 평점해보긴 첨이네",
    "date": "15.08.16",
    "rating": "10",
    "author": "iam3****",
    "review_id": "10238866",
    "movie_id": "45290"
  },
  {
    "review": "믿을수가없어요...아인슈타인이 책장뒤에서 놀란에게 신호로 각본을 알려준건지도...",
    "date": "15.08.16",
    "rating": "10",
    "author": "dpat****",
    "review_id": "10238738",
    "movie_id": "45290"
  },
  {
    "review": "그냥 그렇다...ㅋㅋㅋ",
    "date": "15.08.16",
    "rating": "5",
    "author": "cowb****",
    "review_id": "10237952",
    "movie_id": "45290"
  },
  {
    "review": "인터스텔라는 진짜 인생에서 최고!!끝나고 나서 생각하게 만든다..마지막 장면..",
    "date": "15.08.15",
    "rating": "10",
    "author": "ohse****",
    "review_id": "10237468",
    "movie_id": "45290"
  },
  {
    "review": "정말 좋은영화bbbb",
    "date": "15.08.15",
    "rating": "10",
    "author": "jiwo****",
    "review_id": "10236417",
    "movie_id": "45290"
  },
  {
    "review": "완전완전 잼있어요~~유승환감독님 이번엔 해 내셨네요.",
    "date": "15.08.15",
    "rating": "10",
    "author": "supi****",
    "review_id": "10234077",
    "movie_id": "45290"
  },
  {
    "review": "헐리웃 블록버스터가 이렇게 優美할  수 있다니!",
    "date": "15.08.15",
    "rating": "10",
    "author": "cele****",
    "review_id": "10232953",
    "movie_id": "45290"
  },
  {
    "review": "끝없는 시간과 세상에 대한 찌릿함을 준다. 모험심을 자극 하며.. 환경 가족애 모험 스릴 인간의 감정 sf적 웅장함 모든걸 갖춰 놨다. 찌릿",
    "date": "15.08.14",
    "rating": "9",
    "author": "skys****",
    "review_id": "10231102",
    "movie_id": "45290"
  },
  {
    "review": "간단한 물리학 배우기엔 좋은 영화",
    "date": "15.08.14",
    "rating": "10",
    "author": "sdew****",
    "review_id": "10231075",
    "movie_id": "45290"
  },
  {
    "review": "감동 그 자체다..ㅎㅎㅎㅎ",
    "date": "15.08.14",
    "rating": "10",
    "author": "jang****",
    "review_id": "10229981",
    "movie_id": "45290"
  },
  {
    "review": "소재도 신선하고 재미있었음",
    "date": "15.08.14",
    "rating": "9",
    "author": "2m2y****",
    "review_id": "10229717",
    "movie_id": "45290"
  },
  {
    "review": "영상미가 아주 좋아요 ㅎㅎ",
    "date": "15.08.14",
    "rating": "10",
    "author": "dber****",
    "review_id": "10228966",
    "movie_id": "45290"
  },
  {
    "review": "너무나도 아름다운 작품",
    "date": "15.08.14",
    "rating": "10",
    "author": "ujip****",
    "review_id": "10228932",
    "movie_id": "45290"
  },
  {
    "review": "기대했던만큼 재밌어요!",
    "date": "15.08.14",
    "rating": "9",
    "author": "zuzu****",
    "review_id": "10227746",
    "movie_id": "45290"
  },
  {
    "review": "단순히 sf분야를 넘어서 우리 우주를 물리학으로 따분하게 본 것이 아니라 기발한 상상력으로 표현했네요 솔직히 다른 영화가 이가에 상대가 되나?",
    "date": "15.08.13",
    "rating": "10",
    "author": "kec2****",
    "review_id": "10225603",
    "movie_id": "45290"
  },
  {
    "review": "인터스텔라는 3시간 동안의 긴 러닝타임에도 시간이  어떻게 지나가는지 모를 정도로 몰입해서 보았던 영화이다. 시간과 공간을 초월하는, 불가능하다고 생각했던 우주 공간을 과학적으로 설득력있게그려낸 감독의 역량에 감탄을 금하지 못한다. 정말 대단하다~~!",
    "date": "15.08.13",
    "rating": "10",
    "author": "smba****",
    "review_id": "10225158",
    "movie_id": "45290"
  },
  {
    "review": "정말 정말 경이롭고 말로는 표현 못한다.",
    "date": "15.08.13",
    "rating": "10",
    "author": "zxc4****",
    "review_id": "10224627",
    "movie_id": "45290"
  },
  {
    "review": "일반 영화로 봐도 지릴 뻔 했는데 4D로 봤다면 진짜...ㄷㄷ",
    "date": "15.08.13",
    "rating": "10",
    "author": "shfo****",
    "review_id": "10224585",
    "movie_id": "45290"
  },
  {
    "review": "정말재밌게봤습니다. 음악도좋고 잔잔하면서 재밌었어요^^",
    "date": "15.08.13",
    "rating": "10",
    "author": "lyr0****",
    "review_id": "10223766",
    "movie_id": "45290"
  },
  {
    "review": "말이 핑요 없지... 그냥 보세요",
    "date": "15.08.13",
    "rating": "10",
    "author": "akrr****",
    "review_id": "10222611",
    "movie_id": "45290"
  },
  {
    "review": "진짜 인상깊은 영화였다 아이맥스나 4dx로 극장에서 다시 한번 보고싶다",
    "date": "15.08.13",
    "rating": "10",
    "author": "boku****",
    "review_id": "10222279",
    "movie_id": "45290"
  },
  {
    "review": "환희와 경이의 절정, 우주 sf영화의 정점",
    "date": "15.08.13",
    "rating": "10",
    "author": "kkks****",
    "review_id": "10221721",
    "movie_id": "45290"
  }
]