[
  {
    "review": "그녀는 정말 소년을 사랑했을까? 남자의 사랑은 공감이 가지만, 여자의 사랑은 이해안되는 부분이 좀 있다. 여운이 많이 남는 작품.",
    "date": "15.08.27",
    "rating": "8",
    "author": "kjk9****",
    "review_id": "10277960",
    "movie_id": "45298"
  },
  {
    "review": "제목만 보고 무슨 독서모임 영환줄 알았더니 / 나치시대 가해자가 된 여자, 이리도 저리도 하지 못하고 원망과 응어리로 내려앉은 사랑, 이야기네. 연인이었다 고백할 수 없을만큼의 중죄의 그녀에 대한 원망. 쿨하게 이해해준 유태인, 독일식 면죄부구하기",
    "date": "15.08.23",
    "rating": "8",
    "author": "mida****",
    "review_id": "10269198",
    "movie_id": "45298"
  },
  {
    "review": "로맨스를 시대에 맞춰서....뭔가 부조리한것에..늙음을 원망할수밖에 없는 절박함같은...여주인공의 눈빛이 많은걸 말해주는 영화",
    "date": "15.08.22",
    "rating": "8",
    "author": "spcj****",
    "review_id": "10261632",
    "movie_id": "45298"
  },
  {
    "review": "일본인들에게 이 영화를 추천한다 한나는 모든죄를 질머지고 종신형을 선고받았다",
    "date": "15.08.16",
    "rating": "9",
    "author": "kpor****",
    "review_id": "10238562",
    "movie_id": "45298"
  },
  {
    "review": "오스카 여우주연상에 빛나는 영화. 감동적.",
    "date": "15.08.06",
    "rating": "10",
    "author": "lsh5****",
    "review_id": "10192099",
    "movie_id": "45298"
  },
  {
    "review": "깊고 깊은 울림 잔잔한 호수의 물방울",
    "date": "15.08.04",
    "rating": "10",
    "author": "mvmt****",
    "review_id": "10182667",
    "movie_id": "45298"
  },
  {
    "review": "명작이라 일컬어지는 잔잔한 문학작품이 전해주는 여운을 영화에 그대로..",
    "date": "15.08.02",
    "rating": "10",
    "author": "baih****",
    "review_id": "10173840",
    "movie_id": "45298"
  },
  {
    "review": "분명 사랑이었다. . .",
    "date": "15.07.23",
    "rating": "10",
    "author": "dkfk****",
    "review_id": "10132162",
    "movie_id": "45298"
  },
  {
    "review": "무심코 내어준 선물이 부메랑이 되어 나에게 돌아오기까지",
    "date": "15.07.20",
    "rating": "7",
    "author": "syoc****",
    "review_id": "10123269",
    "movie_id": "45298"
  },
  {
    "review": "너무 좋은 영화이다. 감수성이 풍부해진다",
    "date": "15.07.17",
    "rating": "10",
    "author": "yosi****",
    "review_id": "10111806",
    "movie_id": "45298"
  },
  {
    "review": "이런 영화를 앞으로 또 볼 수 있을까",
    "date": "15.07.13",
    "rating": "10",
    "author": "sksd****",
    "review_id": "10102406",
    "movie_id": "45298"
  },
  {
    "review": "느껴지는 무력함때문에 가슴이 답답하다..  보는내내 답답해서 얼른 끝나기를 빌었다.",
    "date": "15.07.03",
    "rating": "5",
    "author": "myha****",
    "review_id": "10063232",
    "movie_id": "45298"
  },
  {
    "review": "끝나고 먹먹해져보긴 처음이다...성당에서 그녀를 바라보는 남자의 눈빛을 잊을수가없다",
    "date": "15.06.27",
    "rating": "10",
    "author": "miph****",
    "review_id": "10044932",
    "movie_id": "45298"
  },
  {
    "review": "주인공 이름이 한나 슈미츠인게 인상적이었다. 전체주의를 비판하며 '악의 평범성' 을 이야기한 철학자 한나 아렌츠. 그녀가 이야기한 아이히만이 한나 슈미츠같았다.. 독재체제아래 무지한채로 성실하게 톱니바퀴처럼 움직였던 죄.. 멋진영화다 ㅠ",
    "date": "15.06.27",
    "rating": "10",
    "author": "thei****",
    "review_id": "10041267",
    "movie_id": "45298"
  },
  {
    "review": "보면서 눈물이 났고 가슴이 먹먹했다.",
    "date": "15.06.25",
    "rating": "9",
    "author": "letm****",
    "review_id": "10031762",
    "movie_id": "45298"
  },
  {
    "review": "시간이 아까울 정도로 최악...",
    "date": "15.06.19",
    "rating": "1",
    "author": "clea****",
    "review_id": "10010584",
    "movie_id": "45298"
  },
  {
    "review": "이거 보고 다른영화도 볼려고 했는데 이 먹먹한 느낌을 무시할 수없네...이런 사랑 할수 있을까?",
    "date": "15.06.13",
    "rating": "9",
    "author": "kali****",
    "review_id": "9997368",
    "movie_id": "45298"
  },
  {
    "review": "영화관에서 못 봐서 아쉽다",
    "date": "15.06.08",
    "rating": "9",
    "author": "rldj****",
    "review_id": "9984339",
    "movie_id": "45298"
  },
  {
    "review": "와 기대안하고봤는데....디게 여운이남는다ㅠㅠㅠ",
    "date": "15.06.03",
    "rating": "9",
    "author": "eimi****",
    "review_id": "9972948",
    "movie_id": "45298"
  },
  {
    "review": "너무슬프다재밌다짱이다",
    "date": "15.05.26",
    "rating": "10",
    "author": "5823****",
    "review_id": "9952431",
    "movie_id": "45298"
  },
  {
    "review": "여운이 남는 영화...",
    "date": "15.05.21",
    "rating": "10",
    "author": "qoea****",
    "review_id": "9934463",
    "movie_id": "45298"
  },
  {
    "review": "다운받아서 봣는데 처음에는 솔직히 야한장면이 많이나와서 약간거부감들엇는데 뒤로가면갈수록 진짜 몰입도쩔고 가슴먹먹해진다 보고나서 멍해지고 여러생각이드는 영화다. 최고. 1년뒤 2년뒤 5년뒤 계속 보고또봐도 그때마다 느끼는게 달라질거같다",
    "date": "15.05.17",
    "rating": "10",
    "author": "dlag****",
    "review_id": "9927793",
    "movie_id": "45298"
  },
  {
    "review": "눈꼽만큼도 이해가 되지 않는 여주의 행동과 불쌍한 남주",
    "date": "15.05.17",
    "rating": "1",
    "author": "gend****",
    "review_id": "9924257",
    "movie_id": "45298"
  },
  {
    "review": "감히 내가 별을 주고 말고 해도 되나 싶다...이런게 영화다...",
    "date": "15.05.09",
    "rating": "10",
    "author": "pook****",
    "review_id": "9905456",
    "movie_id": "45298"
  },
  {
    "review": "아프고 그 여운이 깊다. 먹먹해지네..",
    "date": "15.05.09",
    "rating": "10",
    "author": "nono****",
    "review_id": "9905139",
    "movie_id": "45298"
  },
  {
    "review": "남자였으면 범죄인데..",
    "date": "15.05.05",
    "rating": "6",
    "author": "ehrk****",
    "review_id": "9896210",
    "movie_id": "45298"
  },
  {
    "review": "책읽어 주는남자 ...",
    "date": "15.04.25",
    "rating": "10",
    "author": "119d****",
    "review_id": "9865975",
    "movie_id": "45298"
  },
  {
    "review": "이 영화를 지금에서야 본 것이 다행인지 불행인지.. 눈물이 멈추질 않는다....",
    "date": "15.04.25",
    "rating": "10",
    "author": "spst****",
    "review_id": "9865671",
    "movie_id": "45298"
  },
  {
    "review": "이 영화 극장에서 보고 엄청 울었다...",
    "date": "15.04.24",
    "rating": "10",
    "author": "zool****",
    "review_id": "9863185",
    "movie_id": "45298"
  },
  {
    "review": "간만에 괜찮은 멜로영화를 본것같다",
    "date": "15.04.24",
    "rating": "10",
    "author": "mond****",
    "review_id": "9862341",
    "movie_id": "45298"
  },
  {
    "review": "말이 필요없는거같다 평점 댓글 처음써보는데 그정도로 대단했다...",
    "date": "15.04.24",
    "rating": "10",
    "author": "tlzl****",
    "review_id": "9862209",
    "movie_id": "45298"
  },
  {
    "review": "별생각 없이 봤는데 보고나니 가슴이 먹먹하다.",
    "date": "15.04.18",
    "rating": "10",
    "author": "bn23****",
    "review_id": "9850970",
    "movie_id": "45298"
  },
  {
    "review": "케이트 윈슬렛 같은 여자 있으면 죽을때까지 책 읽어 줄 수 있음.",
    "date": "15.04.18",
    "rating": "9",
    "author": "sing****",
    "review_id": "9850499",
    "movie_id": "45298"
  },
  {
    "review": "소년과 여인의 똑같이 거짓없이 순수한사랑 눈빛 미소 하나하나 너무 깨끗해서 뇌리에박혀버렸다ㅜ끝까지 엇갈린듯 가슴아프지만ㅜ 고통이었으나 축복일 그런사랑 ㅜㅜ",
    "date": "15.04.11",
    "rating": "10",
    "author": "irre****",
    "review_id": "9839531",
    "movie_id": "45298"
  },
  {
    "review": "도대체 어디서 눈물이나고 먹먹해진다는건지... 먹먹해질려고봤는데 후... 평점글들이 크게 와닿지않네",
    "date": "15.04.01",
    "rating": "5",
    "author": "phjc****",
    "review_id": "9819342",
    "movie_id": "45298"
  },
  {
    "review": "케이트 윈슬렛 몸 잘봤다",
    "date": "15.03.29",
    "rating": "1",
    "author": "mara****",
    "review_id": "9814351",
    "movie_id": "45298"
  },
  {
    "review": "후반 갈수록 루즈해 지는건 사실. 그래도 볼만했다. 원작 책이 있다기에 꼭 찾아봐야겠다",
    "date": "15.03.29",
    "rating": "7",
    "author": "wnst****",
    "review_id": "9814115",
    "movie_id": "45298"
  },
  {
    "review": "처음엔 남자와 여자가 이해되지 않았다. 하지만 그것이 그들만의 사랑이었음을 알게 되었다. 무엇이 사랑인지, 내가 무얼 할 수 있고 없는지, 왜이렇게 가슴이 먹먹하고 아프지....아...마음이 저린다...",
    "date": "15.03.18",
    "rating": "10",
    "author": "mean****",
    "review_id": "9790893",
    "movie_id": "45298"
  },
  {
    "review": "거의 일주일동안 먹먹했음... 왜 진작에 보지 않았지? ㅠㅠ",
    "date": "15.03.07",
    "rating": "10",
    "author": "bamt****",
    "review_id": "9762887",
    "movie_id": "45298"
  },
  {
    "review": "악의 평범성, 시대의 과오, 말 그대로의 사랑",
    "date": "15.02.27",
    "rating": "9",
    "author": "cabi****",
    "review_id": "9742838",
    "movie_id": "45298"
  },
  {
    "review": "군대에서 이등병때 이 영화를 처음 접하게 되었는데 ; 선임들은 야한 영화라고 틀었지만 .. 나중에는 다 눈물 찔끔찔끔 흘리고 있었다.. 나는 당시 이등병이라서 제대로 보지못했고.. 지금에야 생각나서 봤지만.. 내가 평소에 찾던 여운남는 영화가 이거였다",
    "date": "15.02.26",
    "rating": "10",
    "author": "jino****",
    "review_id": "9738887",
    "movie_id": "45298"
  },
  {
    "review": "왜 이걸 오늘에서야 봤을까 마음이 너무 아린다. 분명 이런사랑도 있겠지 내가 겪어보지 못했을뿐",
    "date": "15.02.22",
    "rating": "10",
    "author": "xyon****",
    "review_id": "9726748",
    "movie_id": "45298"
  },
  {
    "review": "미래에 대한 어설픈 기대,혹은 불안한 희망이 없었다면 둘다 그렇게 절망하지 않아도 됐을텐데....좀 만 노력하면 배울 수 있는 글을 못배워 인생이 무지 꼬인 할매젖 윈슬랫의 미성년자 유린죄를 벌하노라.",
    "date": "15.02.16",
    "rating": "8",
    "author": "uexc****",
    "review_id": "9701132",
    "movie_id": "45298"
  },
  {
    "review": "마이클을 보며 정말 이런 사랑이 있을까? 몇번이고 중얼거리며 봤다. 한나는 그에게 사랑이 아닌 과거에 대한 죄책감이 가득하다. 장면 최고조는 직접 그의 몸을 씻겨주는 장면이 아닐까. 또 한나 본인의 무지에 대한 자존심이 스스로 불행을 자초한 것 같다.",
    "date": "15.02.13",
    "rating": "10",
    "author": "fjql****",
    "review_id": "9692569",
    "movie_id": "45298"
  },
  {
    "review": "다른영화들처럼 주인공들이 눈물을 펑펑쏟지않음에도  불구하고 계속해서 눈물이난다.. 여자의인생과 남자의사랑이 너무불쌍하고 안타깝고 미련이남는다. 진짜여태껏본 영화중 가장몰입해서 본영화..",
    "date": "15.02.08",
    "rating": "9",
    "author": "mklr****",
    "review_id": "9680028",
    "movie_id": "45298"
  },
  {
    "review": "몇년이 지났는데 아직도 모든장면들과 대사가 기억날정도록 여운이깊게남은영화",
    "date": "15.02.06",
    "rating": "10",
    "author": "cyn3****",
    "review_id": "9673049",
    "movie_id": "45298"
  },
  {
    "review": "나를 있는 그대로 받아주지 못할 바에야 차라리 안면몰수하는 것이 낫다.",
    "date": "15.02.04",
    "rating": "8",
    "author": "csmo****",
    "review_id": "9666917",
    "movie_id": "45298"
  },
  {
    "review": "단순한 로맨스물과는 차원이 다름. 전범이자 첫사랑인 그녀를 지켜볼 수밖에 없던 한 소년과 아름다운 기억만을 간직했던 한 여인의 사랑. 배우들의 연기와 잔잔한 분위기 속에서 느껴지는 뭉클함. 그들의 선택들에 대해 이해하는 것이 포인트인 듯",
    "date": "15.02.01",
    "rating": "8",
    "author": "jjaj****",
    "review_id": "9656605",
    "movie_id": "45298"
  },
  {
    "review": "그당시 문맹인이라는건 어떤 부정적 이미지길래, 인생을 바꿨을까? 문득 궁금해진다 ..",
    "date": "15.01.22",
    "rating": "8",
    "author": "saed****",
    "review_id": "9621571",
    "movie_id": "45298"
  },
  {
    "review": "완전 슬펐던 이야기였다...",
    "date": "15.01.13",
    "rating": "10",
    "author": "hans****",
    "review_id": "9589583",
    "movie_id": "45298"
  },
  {
    "review": "이런영화를이제야알게되네요. 너무가슴이먹먹합니다.. 많은생각이드네요..",
    "date": "15.01.13",
    "rating": "10",
    "author": "becu****",
    "review_id": "9589457",
    "movie_id": "45298"
  },
  {
    "review": "블루레이 사서 또 봄...소년은 갑자기 떠난 그녀를 원망하면서도 끝내 영원히 사랑했다. 하지만 법조인으로 이성이 훌쩍 커버린 자신이 마음껏 사랑을 쏟기엔 그 시대를 짊어진 그녀의 죄가 너무 두려웠다. 오히려 그녀는 자기자신에게 너무 서투르고 순진했다.",
    "date": "15.01.12",
    "rating": "10",
    "author": "na53****",
    "review_id": "9586744",
    "movie_id": "45298"
  },
  {
    "review": "먹먹하고 아프고 또 아프다",
    "date": "15.01.07",
    "rating": "10",
    "author": "ipne****",
    "review_id": "9569952",
    "movie_id": "45298"
  },
  {
    "review": "말이필요없다 미친듯이 눈물샘 자극.. 최고로 감동적임",
    "date": "14.12.31",
    "rating": "10",
    "author": "yie7****",
    "review_id": "9539607",
    "movie_id": "45298"
  },
  {
    "review": "내가사랑하는 배우 랄프 파인즈‥ 더 말이 필요없는 연기자‥",
    "date": "14.12.30",
    "rating": "10",
    "author": "lena****",
    "review_id": "9538722",
    "movie_id": "45298"
  },
  {
    "review": "2차 세계대전 당시 세대와 전후 세대간의 대립과 갈등 그리고 용서와 화해에 대한 이야기가 꼭 오늘날 우리의 현실과 너무나 흡사한 것 같아서 마음이 먹먹했다.",
    "date": "14.12.26",
    "rating": "10",
    "author": "sept****",
    "review_id": "9519652",
    "movie_id": "45298"
  },
  {
    "review": "처음부터 끝까지 몰입해서 본 영화. 눈물이 난다ㅜㅜ",
    "date": "14.12.24",
    "rating": "10",
    "author": "plat****",
    "review_id": "9505946",
    "movie_id": "45298"
  },
  {
    "review": "하아아... 케이트윈슬릿...",
    "date": "14.12.15",
    "rating": "10",
    "author": "nunu****",
    "review_id": "9476862",
    "movie_id": "45298"
  },
  {
    "review": "영화보고울어보기정말오랫만.한나가감옥에서글을깨우쳐서마이클에게편지쓸때정말넘가슴이아파서ㅠ답장한번안한마이클이넘미웠지만.이런사랑이...이런감동이...완전강추^^",
    "date": "14.12.07",
    "rating": "10",
    "author": "slow****",
    "review_id": "9453943",
    "movie_id": "45298"
  },
  {
    "review": "사랑하는 사람이 원하는 것을 지켜준다는 것의 어려움이 절실히 와닿는다.",
    "date": "14.12.01",
    "rating": "10",
    "author": "zxck****",
    "review_id": "9437620",
    "movie_id": "45298"
  },
  {
    "review": "먹먹하다. 안타깝다. 하지만 마이클이 법정에서 진실을 말하지 않는 부분은 이해가 되지 않았고 너무한단 생각을 했다. 과연 문맹임을 밝히고 싶지않은 한나를 생각해서 였을까? 어린 나이에 모든이 앞에서 죄인의 편을 못드는 용기없음이 아니였을까..?",
    "date": "14.11.29",
    "rating": "8",
    "author": "chld****",
    "review_id": "9431898",
    "movie_id": "45298"
  },
  {
    "review": "그냥 마니 울었네요 먹먹하고 안타까움에,,,남주의 감정을 고스란히 느껴지고,,,여운이 길게 남네요,,,  너무 잘 만든 영화네요 최고예요!",
    "date": "14.11.22",
    "rating": "10",
    "author": "jjuj****",
    "review_id": "9408790",
    "movie_id": "45298"
  },
  {
    "review": "20년만에  만나는 두사람 어땠을까....가슴이 미어진다.",
    "date": "14.11.07",
    "rating": "10",
    "author": "sglo****",
    "review_id": "9350646",
    "movie_id": "45298"
  },
  {
    "review": "후유증 오래가네요... 앞으로 일상생활에 지장이 있을정도인 이런 후유증 남는 영화는 자제해야 할듯.. 울컥하네요..",
    "date": "14.10.26",
    "rating": "10",
    "author": "7070****",
    "review_id": "9317473",
    "movie_id": "45298"
  },
  {
    "review": "단순한 사랑얘기 인줄 알았는데 전혀 아닌....정말 감동적으로봤다.사람의 감정을 엄청나게 잘표현했다.후에 나이먹고 보면 또다른 감정을 느끼며 볼수있을듯하다",
    "date": "14.10.07",
    "rating": "10",
    "author": "muse****",
    "review_id": "9271132",
    "movie_id": "45298"
  },
  {
    "review": "시작은 미약하였으나 그 끝은 창대 하리라! 내 기억속에 영원히 잊혀지지 않을 명작영화 어린소년과 연상의 여인과의 한순간의 쾌락이 아닌 평생 이 남자가 그 사랑했던 감정과 함께였을때는 몰랐던 그녀를 이해하는 과정을 너무 아름답게 잘 그렸어",
    "date": "14.10.04",
    "rating": "10",
    "author": "jinw****",
    "review_id": "9261868",
    "movie_id": "45298"
  },
  {
    "review": "오랫만에 보는 명작   세상에 이런 사랑이 있기는 한걸까? 어리지만 찐하고 지고지순한 마이클의 성숙한 사랑...",
    "date": "14.10.01",
    "rating": "10",
    "author": "so_c****",
    "review_id": "9251892",
    "movie_id": "45298"
  },
  {
    "review": "우연히 고른 영화였는데 참 좋은 선택이었구나..생각하게 해주었습니다. 책으로도 다시 읽어봐야 되겠죠?",
    "date": "14.09.28",
    "rating": "10",
    "author": "impe****",
    "review_id": "9247590",
    "movie_id": "45298"
  },
  {
    "review": "이해가 쉽진 않지만 서로를 존중해주는 먹먹한 영화",
    "date": "14.09.27",
    "rating": "8",
    "author": "doo3****",
    "review_id": "9243223",
    "movie_id": "45298"
  },
  {
    "review": "가슴 먹먹한영화 .  .ㅠㅠ",
    "date": "14.09.25",
    "rating": "10",
    "author": "tomy****",
    "review_id": "9239966",
    "movie_id": "45298"
  },
  {
    "review": "사랑은 변하지않고 영원했다..그걸 알시간이 주어졌다면..",
    "date": "14.09.19",
    "rating": "10",
    "author": "dari****",
    "review_id": "9226927",
    "movie_id": "45298"
  },
  {
    "review": "그래, 이런 게 사랑이지.",
    "date": "14.09.18",
    "rating": "10",
    "author": "ange****",
    "review_id": "9223628",
    "movie_id": "45298"
  },
  {
    "review": "남자배우의 연기가 너무 인상적이고 전체적으로 스토리도 좋음.",
    "date": "14.09.10",
    "rating": "10",
    "author": "llkk****",
    "review_id": "9199366",
    "movie_id": "45298"
  },
  {
    "review": "왜 이 영화를 이제 봤을까.. 죽기 전에 이런 사랑 해 볼 수 있을까?",
    "date": "14.09.10",
    "rating": "10",
    "author": "admi****",
    "review_id": "9198987",
    "movie_id": "45298"
  },
  {
    "review": "-@인생최고의영화@-",
    "date": "14.09.09",
    "rating": "10",
    "author": "hane****",
    "review_id": "9188310",
    "movie_id": "45298"
  },
  {
    "review": "최고다. 케이트 윈슬렛.",
    "date": "14.08.30",
    "rating": "10",
    "author": "mool****",
    "review_id": "9144745",
    "movie_id": "45298"
  },
  {
    "review": "머지?  멀까?  왜그랬지?",
    "date": "14.08.27",
    "rating": "10",
    "author": "luwo****",
    "review_id": "9136620",
    "movie_id": "45298"
  },
  {
    "review": "예전에 극장에서도 재밌게 봤지만. .오늘 티비로 다시봤는데..처음 볼때보다 눈물이 더 많이흘렀다.사랑은 나이가 없다라는걸 느낀다..",
    "date": "14.08.25",
    "rating": "10",
    "author": "foxt****",
    "review_id": "9131156",
    "movie_id": "45298"
  },
  {
    "review": "케이트윈슬렛의 연기가 좋아 믿고 다운받아봤다1년이 지난영화인데도 불구하고 전혀 촌스럽지도 지루하지도않은이야기로 보는내내 마음이아팠다 비오는 오늘같은날 정말 먹먹해지고 여운남는 영화로 왜내가이걸이제야밧을까 할정도로 , 몇일 밤생각나고 또생각날것이다",
    "date": "14.08.24",
    "rating": "10",
    "author": "cjst****",
    "review_id": "9129195",
    "movie_id": "45298"
  },
  {
    "review": "짙은 여운이 남는 영화...",
    "date": "14.08.24",
    "rating": "10",
    "author": "heya****",
    "review_id": "9127604",
    "movie_id": "45298"
  },
  {
    "review": "원작과 같지만은 않은 작품. 원작은 원작대로, 영화는 영화대로 매력적",
    "date": "14.08.24",
    "rating": "8",
    "author": "dan_****",
    "review_id": "9127524",
    "movie_id": "45298"
  },
  {
    "review": "아...여주 답답...",
    "date": "14.08.22",
    "rating": "7",
    "author": "tidg****",
    "review_id": "9120361",
    "movie_id": "45298"
  },
  {
    "review": "애정 멜로 안 조아하는데여 영화 초반 남주아역 연기가 참...ㅠ 다섯번봤는데 봐두 봐두 첫사랑을 대하는 소년의 솔직한 내면 외면.. 대사 하나하나 쏙쏙 아련히... 법정에서 눈물... 감동입니다. 이런 애잔한 사랑두 있구나 잉그리쉬페이션트 후 감동~",
    "date": "14.08.17",
    "rating": "10",
    "author": "aoi1****",
    "review_id": "9099500",
    "movie_id": "45298"
  },
  {
    "review": "와진짜 잔잔한감동..슬프네요 여운도많이남고",
    "date": "14.08.16",
    "rating": "10",
    "author": "wndh****",
    "review_id": "9092946",
    "movie_id": "45298"
  },
  {
    "review": "이런 로맨스 영화도 있다...",
    "date": "14.08.13",
    "rating": "8",
    "author": "nine****",
    "review_id": "9075937",
    "movie_id": "45298"
  },
  {
    "review": "정말 잘만들었다.. 감동 그자체 아련하고 한없이 안타깝고슬프다",
    "date": "14.08.05",
    "rating": "10",
    "author": "iihj****",
    "review_id": "9028987",
    "movie_id": "45298"
  },
  {
    "review": "영화를 보고 난 뒤 하염없이 가슴이 아려온다. 영화속 이런 저런 장면들이 몇 일간 오랜 여운을 남긴다. 감성적인 영화를 찾는 사람들에게 강력추천.",
    "date": "14.07.27",
    "rating": "10",
    "author": "aaro****",
    "review_id": "8967435",
    "movie_id": "45298"
  },
  {
    "review": "요즘 스티븐달드리 감독 영화 열심히 찾아보고 있는데 좀 늘어지는 전개만 빼면 볼만하다.",
    "date": "14.07.20",
    "rating": "7",
    "author": "jere****",
    "review_id": "8932679",
    "movie_id": "45298"
  },
  {
    "review": "개인의 아픔, 시대의 아픔 그저 먹먹해지는 영화.. 그나저나 케이트 윈슬렛은 나이를 먹어도 예쁘구나..",
    "date": "14.07.19",
    "rating": "10",
    "author": "hanr****",
    "review_id": "8931688",
    "movie_id": "45298"
  },
  {
    "review": "케이트 가슴이 많이쳐졌드라 그것만기억남",
    "date": "14.07.19",
    "rating": "8",
    "author": "wlst****",
    "review_id": "8929523",
    "movie_id": "45298"
  },
  {
    "review": "초반에 19금 장면만 계속 나와서 몰입이 안 됐는데, 작품 후반부로 갈수록 둘의 사랑을 이해하게 되었고, 오히려 순수함을 느낄 수 있었습니다. 가슴 아픈 영화였어요.",
    "date": "14.07.16",
    "rating": "8",
    "author": "busb****",
    "review_id": "8922032",
    "movie_id": "45298"
  },
  {
    "review": "정말 영화같은 영화를 봤다 라는느낌.. 조금도 억지스럽지도, 불편하지도 않았다. 이게 영화였지? 라는생각도 안들었다. 영화를 보고난후 깊게남는 여운을 감당하기 위해서라도 꼭 소설로 주인공들의 심리를 정확하 알고싶게 만드는 영화. 거듭생각나는 영화.",
    "date": "14.07.14",
    "rating": "9",
    "author": "dyd7****",
    "review_id": "8915400",
    "movie_id": "45298"
  },
  {
    "review": "10점을 주지않을 이유가 생각나지 않는다",
    "date": "14.07.09",
    "rating": "10",
    "author": "rela****",
    "review_id": "8898271",
    "movie_id": "45298"
  },
  {
    "review": "꼭봐야할영화입니다!!",
    "date": "14.07.09",
    "rating": "10",
    "author": "wogu****",
    "review_id": "8897245",
    "movie_id": "45298"
  },
  {
    "review": "단순히 연상연하의 사랑이야기일줄 알았지만, 인간의 모든 감정을 건드리는 영화...",
    "date": "14.07.07",
    "rating": "9",
    "author": "asom****",
    "review_id": "8893493",
    "movie_id": "45298"
  },
  {
    "review": "아 케이트 연기 너무ㅠ 환상적 남자배우도요ㅡㅜㅡ 아슬퍼마이클이 한나 데리러갈ㄸㅐ 꽃다발 ㅠ눈물나",
    "date": "14.07.02",
    "rating": "10",
    "author": "ej27****",
    "review_id": "8877167",
    "movie_id": "45298"
  },
  {
    "review": "얽히고 설킨 순수한 가해자",
    "date": "14.06.28",
    "rating": "10",
    "author": "gbwl****",
    "review_id": "8863056",
    "movie_id": "45298"
  },
  {
    "review": "오랫동안 그리워했던 첫사랑을 OO만에 법정에서 만난 그 복잡했을 감정들과 그 후 그가 그녀를 위해 한 모든 행동들이 먹먹해서 눈물이 났다. 그리고 마지막에 그녀의 선택은 어떤 이유였는지 많은 생각을 하게했다.",
    "date": "14.06.25",
    "rating": "10",
    "author": "gpal****",
    "review_id": "8854977",
    "movie_id": "45298"
  },
  {
    "review": "간만에 예술성 있는 작품하나 봤네요. 저가 수준이 좀 떨어져서 할리우드쪽 아니면 재미를 못 느끼는데 멍 때리고 자막 끝날 때까지 지켜봤습니다. 호불호가 나뉠 수는 있으나 흥행 위주의 작품은 아니지만 볼만은 합니다. 추천이요~",
    "date": "14.06.25",
    "rating": "9",
    "author": "ocki****",
    "review_id": "8853678",
    "movie_id": "45298"
  },
  {
    "review": "한나의 자격지심과 마이클의 애증의 모습이 모두 나 같아서..엇갈리는 진심이 아픈 수작이네요.",
    "date": "14.06.24",
    "rating": "10",
    "author": "yblu****",
    "review_id": "8851361",
    "movie_id": "45298"
  }
]