[
  {
    "review": "인공지능의 내각전복이 ...지 의견을 무시하고 오인폭탄 날린거라고는 게 웃기지만.. 그런 논리빼고는 충분히 가능한 빅브라더시대를 보는 것...액션..프레데터 보는 맛에 좋다",
    "date": "15.08.25",
    "rating": "8",
    "author": "ayan****",
    "review_id": "10274182",
    "movie_id": "45292"
  },
  {
    "review": "몰입도 있는 영화에 소재도 재밌음",
    "date": "15.08.23",
    "rating": "10",
    "author": "tick****",
    "review_id": "10268670",
    "movie_id": "45292"
  },
  {
    "review": "소재와 스토리가 상당히 마음에 든다. 화면을 무진장 흔들어서 정신없다는 단점만 빼면 상당한 수작. 나중엔 터미네이터처럼 기계가 지배하지 않고 허수아비를 내세워 간접적으로 통치할지도.",
    "date": "15.08.18",
    "rating": "7",
    "author": "jiyu****",
    "review_id": "10249120",
    "movie_id": "45292"
  },
  {
    "review": "중반까지 봤을때만해도 대작이 탄생할 수도 있겠다싶었는데 갈수록 짜맞추기하는듯한 느낌이 살짝 졸리기까지 했다..",
    "date": "15.08.16",
    "rating": "8",
    "author": "rotj****",
    "review_id": "10237820",
    "movie_id": "45292"
  },
  {
    "review": "이건 아닌데~ 점수가 이럴리가~",
    "date": "15.08.14",
    "rating": "10",
    "author": "skal****",
    "review_id": "10230504",
    "movie_id": "45292"
  },
  {
    "review": "긴장감 있고 재미있어요. 말 되는 거 보려면 뉴스나 다큐보세요.",
    "date": "15.08.06",
    "rating": "9",
    "author": "jumm****",
    "review_id": "10192679",
    "movie_id": "45292"
  },
  {
    "review": "진심 다시 봐도 존잼!!!! 중딩때 보고 다시 본건데 알고봐도 재밌다 ㅋㅋ 평점이 왜이리 낮아",
    "date": "15.08.04",
    "rating": "10",
    "author": "he_9****",
    "review_id": "10182770",
    "movie_id": "45292"
  },
  {
    "review": "컴퓨터는 나쁜것이 아니다 폭력적인 인간이 잘못한거지",
    "date": "15.07.29",
    "rating": "10",
    "author": "ratr****",
    "review_id": "10158119",
    "movie_id": "45292"
  },
  {
    "review": "ㅁ말도안되는데 잼있다 ㅁ몰입도 굳",
    "date": "15.07.26",
    "rating": "9",
    "author": "wjav****",
    "review_id": "10146277",
    "movie_id": "45292"
  },
  {
    "review": "중간부터 힘이 빠지는 건 어쩔 수 없는 킬링타임의 숙명",
    "date": "15.07.12",
    "rating": "6",
    "author": "soqu****",
    "review_id": "10097798",
    "movie_id": "45292"
  },
  {
    "review": "킬링타임 용으로는 제격.",
    "date": "15.05.24",
    "rating": "10",
    "author": "lsh5****",
    "review_id": "9945058",
    "movie_id": "45292"
  },
  {
    "review": "너무나 뻔한 영화다 그러하다",
    "date": "15.05.21",
    "rating": "7",
    "author": "hath****",
    "review_id": "9936028",
    "movie_id": "45292"
  },
  {
    "review": "스릴있게 잘 봤다.ㅋㅋ",
    "date": "15.05.16",
    "rating": "9",
    "author": "sdad****",
    "review_id": "9924012",
    "movie_id": "45292"
  },
  {
    "review": "뻔한 헐리웃식 전개와 결말이지만 보는 내내 흥미진진하고 무섭기까지 함.현재 소셜네트워크 생각하면 ..더 소름끼침.",
    "date": "15.05.16",
    "rating": "9",
    "author": "luvu****",
    "review_id": "9922157",
    "movie_id": "45292"
  },
  {
    "review": "스토리가 신선해서 너무좋았어요 재밌고긴장감있게 너무잘봤어요 그리고 앞으로 2019년이후로 미래에 저런날들이 왔으면 좋겠네요 앞으로도 이런 액션스릴러영화 많이나왔음좋겠어요",
    "date": "15.05.16",
    "rating": "10",
    "author": "shin****",
    "review_id": "9922092",
    "movie_id": "45292"
  },
  {
    "review": "눈뗄 장면이 진짜 하나도없음.",
    "date": "15.05.16",
    "rating": "10",
    "author": "ydku****",
    "review_id": "9920697",
    "movie_id": "45292"
  },
  {
    "review": "진짜실제로도일어날수있지않을까",
    "date": "15.03.27",
    "rating": "10",
    "author": "xx41****",
    "review_id": "9809109",
    "movie_id": "45292"
  },
  {
    "review": "이런 스타일 영화 별로 안 좋아해서 그런가.. 소재는 참 좋았는데 힘이 부족한거 같다",
    "date": "15.03.20",
    "rating": "6",
    "author": "kweo****",
    "review_id": "9794937",
    "movie_id": "45292"
  },
  {
    "review": "평점 말도안되게 낮네 보세여 재밌음",
    "date": "15.03.19",
    "rating": "10",
    "author": "ohmk****",
    "review_id": "9794019",
    "movie_id": "45292"
  },
  {
    "review": "이정도면 8점은 되야지",
    "date": "15.03.17",
    "rating": "10",
    "author": "lees****",
    "review_id": "9789007",
    "movie_id": "45292"
  },
  {
    "review": "디지털에 대한 과도한 믿음이 초래할 수 있는 결과를 액션과 함께 잘 풀어 냈음.",
    "date": "15.03.14",
    "rating": "8",
    "author": "spee****",
    "review_id": "9782161",
    "movie_id": "45292"
  },
  {
    "review": "어려운건 아닌듯..내가 초딩때 봤는데 이해잘되더만",
    "date": "15.03.08",
    "rating": "10",
    "author": "ange****",
    "review_id": "9767457",
    "movie_id": "45292"
  },
  {
    "review": "이영화 좀재밋네 꾸르잼",
    "date": "15.02.15",
    "rating": "8",
    "author": "ekaq****",
    "review_id": "9698099",
    "movie_id": "45292"
  },
  {
    "review": "결말도 훈훈했고, 특정한 메시지를 담고 있지도 않은 것 같은데 뒤돌아서 생각해보면 꺼림칙하다.",
    "date": "15.01.24",
    "rating": "8",
    "author": "zack****",
    "review_id": "9628879",
    "movie_id": "45292"
  },
  {
    "review": "빠른 상황전개.쉴틈없는 퍼포먼스가 영화내내 이어진다.스토리 자체가 좀 억지스럽지만 그걸 감안하면서 보면 후회하지 않을 8점짜리 영화.평점 올리려10점",
    "date": "15.01.22",
    "rating": "10",
    "author": "meso****",
    "review_id": "9623874",
    "movie_id": "45292"
  },
  {
    "review": "ai가 인간을 뛰어넘는 소재.. 잘 만들었다",
    "date": "15.01.19",
    "rating": "7",
    "author": "binn****",
    "review_id": "9611846",
    "movie_id": "45292"
  },
  {
    "review": "그럭 저럭 보다가 그냥 꺼버렸다!",
    "date": "15.01.18",
    "rating": "7",
    "author": "katy****",
    "review_id": "9611186",
    "movie_id": "45292"
  },
  {
    "review": "그냥본다그냥보고있다정말정말그냥봤다",
    "date": "15.01.14",
    "rating": "7",
    "author": "2328****",
    "review_id": "9593630",
    "movie_id": "45292"
  },
  {
    "review": "와 너무 재미있는데 평정이 ㄷㄷ 9점대가 정상인데...",
    "date": "15.01.12",
    "rating": "10",
    "author": "dos2****",
    "review_id": "9588591",
    "movie_id": "45292"
  },
  {
    "review": "뭔말이필요하냐 쉴세없이긴장되게만들어",
    "date": "15.01.04",
    "rating": "10",
    "author": "dudz****",
    "review_id": "9563016",
    "movie_id": "45292"
  },
  {
    "review": "이렇게 쫄깃한 스릴러 몇 안되죠..",
    "date": "14.12.20",
    "rating": "10",
    "author": "haib****",
    "review_id": "9492509",
    "movie_id": "45292"
  },
  {
    "review": "인상 깊은 영화 인 것 같다",
    "date": "14.12.17",
    "rating": "10",
    "author": "dltk****",
    "review_id": "9483571",
    "movie_id": "45292"
  },
  {
    "review": "헛웃음이 나오는 전개,\"샤이아 라보프\"의 흑역사로 기억되지 않을까? 평점 1점도 아깝다.",
    "date": "14.12.02",
    "rating": "1",
    "author": "kill****",
    "review_id": "9440802",
    "movie_id": "45292"
  },
  {
    "review": "재밋어요 재밋어요굿굿",
    "date": "14.12.01",
    "rating": "8",
    "author": "lady****",
    "review_id": "9439834",
    "movie_id": "45292"
  },
  {
    "review": "긴장감 쩌는 전개!! 10점이다.  돌머리들이 이해를 못해서 평점 낮게주나??",
    "date": "14.11.30",
    "rating": "10",
    "author": "hanl****",
    "review_id": "9436983",
    "movie_id": "45292"
  },
  {
    "review": "살면서한번쯤은봐줘야하는영화",
    "date": "14.11.20",
    "rating": "10",
    "author": "wlsd****",
    "review_id": "9404008",
    "movie_id": "45292"
  },
  {
    "review": "화려한 액션과 상상력을 자극하는 소재는 좋았다.  금요일 밤에 퇴근하고 맥주 한캔 하면서 보기 좋은 영화. 별 기대 안하고 보면 적당히 재밌을 거 같다.",
    "date": "14.11.19",
    "rating": "6",
    "author": "sone****",
    "review_id": "9400954",
    "movie_id": "45292"
  },
  {
    "review": "평점낮게주고 OOO안돌아감보지마라ㅉ",
    "date": "14.11.19",
    "rating": "10",
    "author": "mira****",
    "review_id": "9400719",
    "movie_id": "45292"
  },
  {
    "review": "머여 왜 관람객 평점이 0이야 10점으로 만들어 주지",
    "date": "14.11.12",
    "rating": "10",
    "author": "08dn****",
    "review_id": "9374471",
    "movie_id": "45292"
  },
  {
    "review": "스피디한 전개가 킬링타임용으로 적절하군",
    "date": "14.10.27",
    "rating": "6",
    "author": "guev****",
    "review_id": "9322134",
    "movie_id": "45292"
  },
  {
    "review": "아이디어도 참신하고 주제도 무게감 있고 스케일도 화끈했다! ㅋㅋㅋ 오락용 할리우드 SF로 충분히 재밌었음",
    "date": "14.09.18",
    "rating": "10",
    "author": "0718****",
    "review_id": "9224554",
    "movie_id": "45292"
  },
  {
    "review": "식상하긴 하지만,  그냥저냥 볼만함",
    "date": "14.09.15",
    "rating": "7",
    "author": "fghy****",
    "review_id": "9216703",
    "movie_id": "45292"
  },
  {
    "review": "그냥 샤이아라보프의 필모그래피중 하나인 영화. 그냥 한번 보고 다시한번 생각해보지 않는 영화.",
    "date": "14.09.09",
    "rating": "5",
    "author": "whia****",
    "review_id": "9193400",
    "movie_id": "45292"
  },
  {
    "review": "재밌네요. 샤이아 라보프는 트랜스포머때문인지 국가 안보에 힘쓰는 캐릭터가 정말 잘어울림 ㅋㅋ",
    "date": "14.09.03",
    "rating": "10",
    "author": "star****",
    "review_id": "9156853",
    "movie_id": "45292"
  },
  {
    "review": "평이 별로 안좋지만 난 정말 재밌게 봤다..",
    "date": "14.08.16",
    "rating": "9",
    "author": "sty9****",
    "review_id": "9098529",
    "movie_id": "45292"
  },
  {
    "review": "이건 평점 올라가도 될듯 good",
    "date": "14.08.16",
    "rating": "10",
    "author": "nix2****",
    "review_id": "9096287",
    "movie_id": "45292"
  },
  {
    "review": "소재는 흥미로웠지만 중반까지 치밀했던 전개가 점차 무너져가는 건 아쉬웠다.",
    "date": "14.08.05",
    "rating": "8",
    "author": "ajtw****",
    "review_id": "9033568",
    "movie_id": "45292"
  },
  {
    "review": "지금수도없이 봤지만 계속볼수록 못했던 이해가 풀리니까 너무 수준급영화다. 최고의 액션",
    "date": "14.08.03",
    "rating": "10",
    "author": "tdkf****",
    "review_id": "9013442",
    "movie_id": "45292"
  },
  {
    "review": "결말이  꽤  아쉬운  작품인것 같음.",
    "date": "14.07.14",
    "rating": "7",
    "author": "rhdn****",
    "review_id": "8917013",
    "movie_id": "45292"
  },
  {
    "review": "평점10점짜리 영화가 8점도 안되다니...",
    "date": "14.07.06",
    "rating": "10",
    "author": "hkse****",
    "review_id": "8890358",
    "movie_id": "45292"
  },
  {
    "review": "최고로 치는 액션물 중 하나! 재미없다고 하는 사람들 이해가 안될 정도로... 몇 번이나 다시 본 줄 모르겠다",
    "date": "14.06.25",
    "rating": "10",
    "author": "harr****",
    "review_id": "8853314",
    "movie_id": "45292"
  },
  {
    "review": "별로던데. <퍼슨 오브 인터레스트> 랑 내용이 쬐끔 비슷함.",
    "date": "14.06.10",
    "rating": "6",
    "author": "dkdl****",
    "review_id": "8818132",
    "movie_id": "45292"
  },
  {
    "review": "아이로봇이랑 결말 똑같음.... 범인은 메인시스템....",
    "date": "14.06.05",
    "rating": "8",
    "author": "king****",
    "review_id": "8799145",
    "movie_id": "45292"
  },
  {
    "review": "마지막에 제리가 희생하는 장면은 진짜.... 소름이 쫙 돋음",
    "date": "14.06.05",
    "rating": "10",
    "author": "npwo****",
    "review_id": "8797750",
    "movie_id": "45292"
  },
  {
    "review": "말이되던안되던 스릴넘친다.",
    "date": "14.04.29",
    "rating": "10",
    "author": "cap1****",
    "review_id": "8682683",
    "movie_id": "45292"
  },
  {
    "review": "탄탄한 시나리오. 몰입도를 이끄는 수준급 연기력.",
    "date": "14.04.23",
    "rating": "9",
    "author": "taru****",
    "review_id": "8666633",
    "movie_id": "45292"
  },
  {
    "review": "재밌구만 ㅋㅋ 추천!!",
    "date": "14.04.08",
    "rating": "10",
    "author": "wogn****",
    "review_id": "8636459",
    "movie_id": "45292"
  },
  {
    "review": "SF영화의 단골소재중 하나인 위대한 인공지능의 반란 , 반역? 소재는 별것 없다. 하지만 속도감 넘치는 전개와 훌륭한 연기, 멋진 액션 ! 흠잡을때 없는 영화인듯하다. 절대 후회하지 않을듯",
    "date": "14.03.09",
    "rating": "10",
    "author": "pdia****",
    "review_id": "8563972",
    "movie_id": "45292"
  },
  {
    "review": "나쁘지 않네요 이영화 OST 안들어보신분 없으실듯 합니다",
    "date": "14.03.06",
    "rating": "8",
    "author": "gree****",
    "review_id": "8559653",
    "movie_id": "45292"
  },
  {
    "review": "별점한개도아까운영화. 이영화본지가 꽤오래되었지만 워낙에최악으로봤기에 아직도기억이난다",
    "date": "14.03.01",
    "rating": "1",
    "author": "scar****",
    "review_id": "8547695",
    "movie_id": "45292"
  },
  {
    "review": "감정이 없는 인공지능의 맹점",
    "date": "14.02.28",
    "rating": "8",
    "author": "broy****",
    "review_id": "8545814",
    "movie_id": "45292"
  },
  {
    "review": "초반에는 액션과 스토리가 흥미진진하지만 중반 이후로 갈 수록 무언가 억지스럽다. 영화 스토리 자체가 너무 앞서간 듯한 느낌이 없지 않아 있다.",
    "date": "14.02.26",
    "rating": "7",
    "author": "yong****",
    "review_id": "8539439",
    "movie_id": "45292"
  },
  {
    "review": "시간이 지날수록 몰입되고 빠져들었던것 같다",
    "date": "14.02.03",
    "rating": "8",
    "author": "dkdl****",
    "review_id": "8470076",
    "movie_id": "45292"
  },
  {
    "review": "매트릭스나 아이 로봇과 비슷한 느낌의 인공지능 로봇(시스템)의 문제로 인한 인류의 위험에 대한 소재. 샤이아 라보프가 이런 영화를 잘 살리는 듯. 액션 장르가 그렇듯 끝나고 나면 딱히 남는 건 없음.",
    "date": "14.01.27",
    "rating": "7",
    "author": "jjaj****",
    "review_id": "8434087",
    "movie_id": "45292"
  },
  {
    "review": "킬링타임용으로는 좋음 전형적인 할리우드영화",
    "date": "14.01.15",
    "rating": "8",
    "author": "rhfl****",
    "review_id": "8384119",
    "movie_id": "45292"
  },
  {
    "review": "지금쯤 어디선가 잘 지내고 있는 그녀와 첫테이트날 극장 맨앞줄에서 봤던 영화다 첫테이트의 설레임과 떨림으로 내용이 전혀 기억이 나질않아 최근에 다시봤던 영화...대작은 아니지만 꽤 재밌네요ㅎ",
    "date": "14.01.11",
    "rating": "9",
    "author": "shdu****",
    "review_id": "8370227",
    "movie_id": "45292"
  },
  {
    "review": "비인간적인 인공지능의 무서움",
    "date": "13.12.08",
    "rating": "9",
    "author": "cont****",
    "review_id": "8198389",
    "movie_id": "45292"
  },
  {
    "review": "댓글보니 이영화가 어렵다는데...이거처럼 쉬운영화가있나?? 처음부터끝까지 초딩도볼수준인데...이게어려우면 조폭마누라같은거봐야지 뭐ㅋㅋㅋ그리고 액션에 마지막엔딩도 이정도면됐지...",
    "date": "13.12.06",
    "rating": "9",
    "author": "fkek****",
    "review_id": "8193569",
    "movie_id": "45292"
  },
  {
    "review": "솔직히, 좀 만화같은 설정이다 싶으면서도 계속 생각을 못하게 만들 정도로 빠른 진행 박진감... 추격씬... 러닝타임이 꽤 긴데도 재미적인 요소만큼은 충실해서 좋다",
    "date": "13.11.03",
    "rating": "8",
    "author": "stze****",
    "review_id": "8113536",
    "movie_id": "45292"
  },
  {
    "review": "정말 끝까지 두근거리고 못놓칠것같은 장면들로 가득한...",
    "date": "13.10.28",
    "rating": "10",
    "author": "nyh9****",
    "review_id": "8097275",
    "movie_id": "45292"
  },
  {
    "review": "중반까지는 진짜 재밌었는데 마지막 전개가 아쉬운 작품.",
    "date": "13.10.22",
    "rating": "7",
    "author": "wlgh****",
    "review_id": "8080304",
    "movie_id": "45292"
  },
  {
    "review": "내스탈이다~~~ㅎㅎ",
    "date": "13.09.28",
    "rating": "10",
    "author": "zzat****",
    "review_id": "8021136",
    "movie_id": "45292"
  },
  {
    "review": "다소 과장되어 보이지만 언젠가는 그러한 세상이 오지 않을까. 사이버전쟁처럼.",
    "date": "13.09.28",
    "rating": "8",
    "author": "kos4****",
    "review_id": "8020921",
    "movie_id": "45292"
  },
  {
    "review": "평점조절용 이건 6~7.2 점 정도가 적당함  나름 흫미진진했고 액션도 좋았는데 개연성 절대부족. 말이안되는 디지털로 아날로그와 기계를 조정하는것은  과학적이치에 .............한마디로",
    "date": "13.09.02",
    "rating": "1",
    "author": "inde****",
    "review_id": "7942742",
    "movie_id": "45292"
  },
  {
    "review": "조금 급이 낮은 헐리우드 SF영화?",
    "date": "13.08.31",
    "rating": "7",
    "author": "dudf****",
    "review_id": "7936532",
    "movie_id": "45292"
  },
  {
    "review": "평점 머이리 낮아",
    "date": "13.08.28",
    "rating": "10",
    "author": "sibu****",
    "review_id": "7930089",
    "movie_id": "45292"
  },
  {
    "review": "소재가 아주 참신한 것은 아니지만, 이 정도면 스릴러 로선 충분히 재미있다.",
    "date": "13.08.27",
    "rating": "9",
    "author": "ktgg****",
    "review_id": "7927875",
    "movie_id": "45292"
  },
  {
    "review": "꿀잼 ㅋㅋㅋㅋㅋㅋㅋㅋㅋ",
    "date": "13.08.16",
    "rating": "10",
    "author": "xabo****",
    "review_id": "7890021",
    "movie_id": "45292"
  },
  {
    "review": "이것은 명작이다",
    "date": "13.07.25",
    "rating": "10",
    "author": "dh94****",
    "review_id": "7783342",
    "movie_id": "45292"
  },
  {
    "review": "몰입도나 스토리 자체의 신선함? 액션과 같은 느낌은 좋았지만 전개가 헛점이많이보임 허무하고 어이없이끗나는게 단점인영화 킬링타임용으로 굳",
    "date": "13.07.24",
    "rating": "6",
    "author": "jcry****",
    "review_id": "7779530",
    "movie_id": "45292"
  },
  {
    "review": "뭐, 가능성 있을거  같은 스토린데 왜이리 까이냐 그리고 스토리 이해 안간다는 사람은 대가리에 뇌가 없는듯 ㅋ",
    "date": "13.07.20",
    "rating": "10",
    "author": "gyw9****",
    "review_id": "7764850",
    "movie_id": "45292"
  },
  {
    "review": "영화가 말이 안된다는 평론가,네티즌들이 있는데 cia에는 우리가 못하는 도청은 없다라는 명언이 있듯이 괜히 미국이 천조국으로 불리는게 아니다.이미 자가인식 드론도 개발단계라는 언론의 보도는 오래 됐고 중국에 대항하는 사이버부대 편성도 공식 발표할 정도",
    "date": "13.07.19",
    "rating": "9",
    "author": "youh****",
    "review_id": "7764575",
    "movie_id": "45292"
  },
  {
    "review": "요즘 나오는 킬링타임 영화가 이거보다 재미없다...",
    "date": "13.07.18",
    "rating": "9",
    "author": "bro3****",
    "review_id": "7758273",
    "movie_id": "45292"
  },
  {
    "review": "정신없이 달리고 다 때려부수고 액션만큼은 시원해서 좋다 근데 왜일까...두번 보면 질린다. 남주가 레이첼 아줌마랑 눈맞아서 떡한번 쳐주면 오락성을 더 높일수 있었을텐데 결말에서 볼에다 뽀뽀한번 해주고 싱겁게 끝나버린다.지아들구해주었는데 은혜도 모르는년",
    "date": "13.07.14",
    "rating": "6",
    "author": "alph****",
    "review_id": "7741358",
    "movie_id": "45292"
  },
  {
    "review": "그러나까 철저하게 계획된 대통령암살 시도는 한 여자의 죽창질 한번과 한 남자의 총질로 끝났다.",
    "date": "13.07.06",
    "rating": "4",
    "author": "craf****",
    "review_id": "7711401",
    "movie_id": "45292"
  },
  {
    "review": "pretty good",
    "date": "13.06.27",
    "rating": "10",
    "author": "haur****",
    "review_id": "7684254",
    "movie_id": "45292"
  },
  {
    "review": "아무리 영화라지만  완전히 불가능하고 좀 황당한 스토리.",
    "date": "13.06.15",
    "rating": "1",
    "author": "choy****",
    "review_id": "7644944",
    "movie_id": "45292"
  },
  {
    "review": "설정이 정말 신선했다. 미루고 미루다 본건데 왜 미뤘을까 후회된다.",
    "date": "13.06.12",
    "rating": "10",
    "author": "kimy****",
    "review_id": "7628832",
    "movie_id": "45292"
  },
  {
    "review": "내용이 너무 어려움. 하지만 영화 즐기는데 문제는 없음. 영화는 진짜 재밌음. 다이하드4 느낌이..",
    "date": "13.06.02",
    "rating": "9",
    "author": "lada****",
    "review_id": "7573521",
    "movie_id": "45292"
  },
  {
    "review": "식상한데..영리하다",
    "date": "13.05.11",
    "rating": "7",
    "author": "wn01****",
    "review_id": "7520798",
    "movie_id": "45292"
  },
  {
    "review": "헐리우드 자본의 힘을 다시금 느끼게 해준 작품이다. 하지만 헐리우드 오락 영화의 내러티브는 가끔 이런 실수를 저지른다.",
    "date": "13.05.10",
    "rating": "6",
    "author": "suns****",
    "review_id": "7519592",
    "movie_id": "45292"
  },
  {
    "review": "재미있게 봤음요~ 추천!!!",
    "date": "13.05.10",
    "rating": "10",
    "author": "poke****",
    "review_id": "7518264",
    "movie_id": "45292"
  },
  {
    "review": "치밀하고 완벽한 시나리오! 뛰어난 감독의 연출력!!",
    "date": "13.04.29",
    "rating": "9",
    "author": "sinb****",
    "review_id": "7494350",
    "movie_id": "45292"
  },
  {
    "review": "이감독 좋은영화 잘만드네요 !! 주목할만한 감독!",
    "date": "13.04.25",
    "rating": "10",
    "author": "6912****",
    "review_id": "7479300",
    "movie_id": "45292"
  },
  {
    "review": "결말이 예상되는 영화였지만 끝까지 몰입해서 봤습니다. 정말 재밌었어요. 그리구 샤이아 별로 안좋아했었는데 이 영화덕분에 다시보게됐네요. 매력넘치넹..",
    "date": "13.04.17",
    "rating": "7",
    "author": "akam****",
    "review_id": "7464623",
    "movie_id": "45292"
  },
  {
    "review": "여타 헐리우드 영화에 비해 스토리가 너무 탄탄하다넘넘 재밌게 봄ㅎ",
    "date": "13.04.04",
    "rating": "10",
    "author": "star****",
    "review_id": "7433583",
    "movie_id": "45292"
  },
  {
    "review": "보는내내 시간가는줄 몰랐다..",
    "date": "13.03.30",
    "rating": "10",
    "author": "ohmk****",
    "review_id": "7421925",
    "movie_id": "45292"
  },
  {
    "review": "저런영화를 원했는데",
    "date": "13.03.23",
    "rating": "8",
    "author": "gree****",
    "review_id": "7402357",
    "movie_id": "45292"
  },
  {
    "review": "내 평점   10   게임 포탈과 터미네이터3, 다이하드4와 아이로봇을 믹스한 영화를 본 기분. 그래도 배우들 연기도 좋고 시간 떼우기용 이상으로 꽤나 재밌게봄. 물론 결말은 황당. 용두사미. 영화에겐 상영시간 10분이 더 필요했다.",
    "date": "13.03.21",
    "rating": "10",
    "author": "gsna****",
    "review_id": "7388228",
    "movie_id": "45292"
  },
  {
    "review": "참신한내용",
    "date": "13.03.20",
    "rating": "9",
    "author": "koko****",
    "review_id": "7373158",
    "movie_id": "45292"
  }
]