[
  {
    "review": "초반이랑 중반에는 뭐라 하는지 모르겠고 후반부에는 뭐..쓰나미왔네? 시람들이 죽었어,슬퍼한다. 끝. 뭐..뭐지?",
    "date": "15.08.27",
    "rating": "1",
    "author": "haye****",
    "review_id": "10278147",
    "movie_id": "45321"
  },
  {
    "review": "종합 평점은 4점 드립니다.",
    "date": "15.08.25",
    "rating": "4",
    "author": "terr****",
    "review_id": "10272747",
    "movie_id": "45321"
  },
  {
    "review": "난 괴물이랑 해운대가 왜 천만이 넘었는지 이해가 안가",
    "date": "15.08.24",
    "rating": "1",
    "author": "kdg1****",
    "review_id": "10270367",
    "movie_id": "45321"
  },
  {
    "review": "천만이 봤지만 천만을 눈멀게 한 영상이요,. 한 천년은 잊혀질 영상. 소장가치도 없고, 도대체 이런걸 만들면 딴따라 소리듣는거임. 뭐 어차피 광대지만 .,",
    "date": "15.08.23",
    "rating": "1",
    "author": "dma9****",
    "review_id": "10269616",
    "movie_id": "45321"
  },
  {
    "review": "솔직히 1점주기도 아까움  슬퍼서 몰입할라하면 cg가 쓰레기고 또 몰입좀 할라하면 너무 억지스럽고.,.  그냥 너무 억지스럽고 억지스럽고 억지스러움 보다가 짜증나서 티비 부실뻔",
    "date": "15.08.22",
    "rating": "1",
    "author": "ysse****",
    "review_id": "10264801",
    "movie_id": "45321"
  },
  {
    "review": "사투리 제대로 말해도 알아듣기 힘든 입장으로서 악지르게 절반인 영화라 뭐라하는지 하나도 모르겠음 시끄럽게만 들려요...",
    "date": "15.08.22",
    "rating": "1",
    "author": "inha****",
    "review_id": "10264784",
    "movie_id": "45321"
  },
  {
    "review": "수준이하 영화. 이런 영화에 천만관객 찍으니 비슷한 레파토리영화를 공장 찍어내듯이 찍는 한국영화의 한계가 보인다.",
    "date": "15.08.22",
    "rating": "2",
    "author": "deis****",
    "review_id": "10264665",
    "movie_id": "45321"
  },
  {
    "review": "개봉당시에 안보고 천만영화 유일하게 아직까지 못본 영화라 지금 봤지만 정말 너무하다 싶을정도로 영화가 허술함.. 천만영화 리스트중 가장 질떨어지는 영화..",
    "date": "15.08.22",
    "rating": "2",
    "author": "yoon****",
    "review_id": "10264443",
    "movie_id": "45321"
  },
  {
    "review": "ㅋㅋ이게 천만영화라니ㅋㅋㅋ",
    "date": "15.08.18",
    "rating": "10",
    "author": "good****",
    "review_id": "10249940",
    "movie_id": "45321"
  },
  {
    "review": "이거 첫개봉했을때 몇년간평점9점대였는데 4~5년 지나니까 7.5?? 뭐가 맘에안들어서 갑자기까는거지? 사람들이 갈수록 감수성이메말라가는건가 아니면 그냥 꼬투리가 잡고싶은건가...? 이당시에는 정말재밌게봤고 그후로도 몇번더봤었음.",
    "date": "15.08.18",
    "rating": "9",
    "author": "cmj8****",
    "review_id": "10248779",
    "movie_id": "45321"
  },
  {
    "review": "상영관을 쓰나미마냥 잡아놨는데 천만을 돌파못하면 그게 이상한거지",
    "date": "15.08.18",
    "rating": "1",
    "author": "rors****",
    "review_id": "10247242",
    "movie_id": "45321"
  },
  {
    "review": "가능할까 싶었던 재난 상황에 예측가능한 그들 각자의 드라마",
    "date": "15.08.16",
    "rating": "7",
    "author": "syoc****",
    "review_id": "10241849",
    "movie_id": "45321"
  },
  {
    "review": "흥행공식에 끼워 맞췄다.",
    "date": "15.08.15",
    "rating": "5",
    "author": "soqu****",
    "review_id": "10235951",
    "movie_id": "45321"
  },
  {
    "review": "닥치고 그냥 후반부만 보면 됨",
    "date": "15.08.14",
    "rating": "5",
    "author": "indo****",
    "review_id": "10229394",
    "movie_id": "45321"
  },
  {
    "review": "잼께밧으면 됫지 왜다설명충이로",
    "date": "15.08.14",
    "rating": "10",
    "author": "dn65****",
    "review_id": "10227088",
    "movie_id": "45321"
  },
  {
    "review": "너무 인위적인 슬픔을 강조한듯...",
    "date": "15.08.13",
    "rating": "1",
    "author": "rhwk****",
    "review_id": "10222299",
    "movie_id": "45321"
  },
  {
    "review": "이게몇년된영환데 씨지가어설프네어쩌네... 억지감동이라곤생각안하는데; 충분히 재미요소도있었고 감동요소도있었는데 왜저렇게까대는건지;;",
    "date": "15.08.11",
    "rating": "8",
    "author": "wnsl****",
    "review_id": "10216288",
    "movie_id": "45321"
  },
  {
    "review": "난 연가시든 해운대든 다재밌게봤는데..",
    "date": "15.08.11",
    "rating": "10",
    "author": "nsa0****",
    "review_id": "10216135",
    "movie_id": "45321"
  },
  {
    "review": "재밌게 봤는데.. 내가 네 아빠야 할때 눈물 흘렸고 철근피할때 섬뜩하면서 웃겼고 일어날 법한 일이라고 생각해서 흥미진진하게 봤음. 그런데 몰입도를 엄청나게 떨어뜨리는 게 뭐냐면 하지원의 사투리연기ㅠㅠ X (  너무 아쉽..",
    "date": "15.08.06",
    "rating": "7",
    "author": "yamm****",
    "review_id": "10194826",
    "movie_id": "45321"
  },
  {
    "review": "내가 웬만한 영화 평점 다 잘주는대 이런 빙닭같은 영화는 첨봄",
    "date": "15.08.06",
    "rating": "1",
    "author": "hsw9****",
    "review_id": "10194548",
    "movie_id": "45321"
  },
  {
    "review": "중간중간 개그도 재밌었고 배우들 사소한행동 포커싱으로 보여주는것도 좋았다. 그리고 배우들 연기도다 잘했던것 같은데. Cg도 뭐 볼만했고 재밌었다.",
    "date": "15.08.06",
    "rating": "10",
    "author": "gtde****",
    "review_id": "10194316",
    "movie_id": "45321"
  },
  {
    "review": "처음 볼 때만 재밌는 클리셰적인 킬링타임용 영화.",
    "date": "15.08.05",
    "rating": "4",
    "author": "inos****",
    "review_id": "10190585",
    "movie_id": "45321"
  },
  {
    "review": "한국영화수준 이딴영화가 1000만",
    "date": "15.08.04",
    "rating": "1",
    "author": "seon****",
    "review_id": "10185126",
    "movie_id": "45321"
  },
  {
    "review": "해운대 고2 여름방학때본영화.. 아직 6년전 그일이 떠오르네.. 추억 영화..",
    "date": "15.08.03",
    "rating": "10",
    "author": "holi****",
    "review_id": "10181856",
    "movie_id": "45321"
  },
  {
    "review": "씹선비들 ㅈㄴ게 많네    본 영화중엔 최고다 정말",
    "date": "15.08.02",
    "rating": "10",
    "author": "mgk3****",
    "review_id": "10177309",
    "movie_id": "45321"
  },
  {
    "review": "왜 이렇게 별점이렇게낮아..??전 이영화 개봉했을때부터 지금까지 일년에 한번은 꼭 보는 사람인데 끝나도 계속 눈물이납니다 꼭 보세요 여러분",
    "date": "15.08.02",
    "rating": "10",
    "author": "toy1****",
    "review_id": "10175909",
    "movie_id": "45321"
  },
  {
    "review": "소방관 고귀한희생구조대가 국민을 구하다가희생되는",
    "date": "15.07.28",
    "rating": "9",
    "author": "rlax****",
    "review_id": "10153752",
    "movie_id": "45321"
  },
  {
    "review": "죄송합니다.감수성이풍부해 질질 짯습니다",
    "date": "15.07.28",
    "rating": "5",
    "author": "ehdw****",
    "review_id": "10153721",
    "movie_id": "45321"
  },
  {
    "review": "아 정말 영화내내 배우들이 악만 쓰네영화도 3류같고 배우들도 악만 쓰면 연기력 쩌는줄아는거 같음정말 한국영화 질떨어 진다",
    "date": "15.07.28",
    "rating": "1",
    "author": "dual****",
    "review_id": "10153714",
    "movie_id": "45321"
  },
  {
    "review": "와~ 슈퍼액션에서하길래봤는데.... 이 저질스런영화는뭘까..천만이라는거보고더열받친다내가열낼일은아닌데ㅋㅋ사람들이수영도다못하고장애물잡을지모르고...정상인이몇명없다...문제는스토리를억지로짜내서만들려고사람들을정신병자로만든다..그래서병자집합소느낌나는영화다...",
    "date": "15.07.28",
    "rating": "1",
    "author": "dord****",
    "review_id": "10153696",
    "movie_id": "45321"
  },
  {
    "review": "재밌기만하구만 오ㅑ그래",
    "date": "15.07.28",
    "rating": "10",
    "author": "sr09****",
    "review_id": "10153672",
    "movie_id": "45321"
  },
  {
    "review": "사실 4점짜리 영화인데 관객수가 도저히 이해가 안가므로 -3을 한다.",
    "date": "15.07.27",
    "rating": "1",
    "author": "ruad****",
    "review_id": "10150850",
    "movie_id": "45321"
  },
  {
    "review": "서론이 긴것빼고는 꽤나 괜찮았다.",
    "date": "15.07.25",
    "rating": "9",
    "author": "ckc0****",
    "review_id": "10142757",
    "movie_id": "45321"
  },
  {
    "review": "돈주고안봐서다행인 영화 1위 !!",
    "date": "15.07.24",
    "rating": "1",
    "author": "00x0****",
    "review_id": "10138125",
    "movie_id": "45321"
  },
  {
    "review": "나참 이런 재난영화는 처음인듯ㅋㅋㅋ쓰나미일어나서 하지원 설경구 전봇대에 매달리구 그냥 쓰나미 끝ㅋㅋㅋ별웃긴영화 다봤네 내가이걸왜봤지",
    "date": "15.07.24",
    "rating": "1",
    "author": "solb****",
    "review_id": "10135577",
    "movie_id": "45321"
  },
  {
    "review": "에효...국가대표만볼걸...",
    "date": "15.07.23",
    "rating": "5",
    "author": "blac****",
    "review_id": "10134357",
    "movie_id": "45321"
  },
  {
    "review": "80%줄거리 뻘짓장면 20%줄거리 재난장면",
    "date": "15.07.22",
    "rating": "1",
    "author": "lsg2****",
    "review_id": "10131404",
    "movie_id": "45321"
  },
  {
    "review": "이게 어떻게 1000만명을 모았는지 궁굼하다.",
    "date": "15.07.22",
    "rating": "1",
    "author": "tbvj****",
    "review_id": "10127583",
    "movie_id": "45321"
  },
  {
    "review": "사람들우왕자왕하고 죽고죽는씬만 볼만함 다른건머 ...?",
    "date": "15.07.20",
    "rating": "5",
    "author": "qudc****",
    "review_id": "10124118",
    "movie_id": "45321"
  },
  {
    "review": "여기 별점이 왜이래요 ㅋㅋ? 재미있게 봤는데",
    "date": "15.07.19",
    "rating": "10",
    "author": "ym85****",
    "review_id": "10120783",
    "movie_id": "45321"
  },
  {
    "review": "정말 티비에서 해 주기에 찔끔찔끔 봤는데 cg가 개 같은 건 사실 억지 감동 주는 것도 사실 재난을 핑계 삼은 것도 사실 왜이리 평균 평점이 높지?",
    "date": "15.07.14",
    "rating": "3",
    "author": "godq****",
    "review_id": "10104995",
    "movie_id": "45321"
  },
  {
    "review": "난 두번 봤는데....",
    "date": "15.07.14",
    "rating": "10",
    "author": "you0****",
    "review_id": "10102727",
    "movie_id": "45321"
  },
  {
    "review": "스토리 엉망인건 둘째치고 CG 그딴식으로 할거면 그런 메가쓰나미 설정은 왜 한건지.. 그런 거대 쓰나미가 덮치는데 다리도 멀쩡 고층빌딩도 멀쩡 전봇대들도 멀쩡 근데 거대 화물선은 날아다니고... 재난영화라면 이런걸 좀 더 사실성있게 해야하는거 아닌가",
    "date": "15.07.11",
    "rating": "4",
    "author": "maeh****",
    "review_id": "10094044",
    "movie_id": "45321"
  },
  {
    "review": "그때는 사실 천박한 상업영화라 생각했다. 내가 천만관객에 속한게 다소 불만스러웠을 정도. 하지만 의외로 성실한 재난영화의 흐름을 따라갔고, 이후 재난영화들이 오히려 이영화를 차용한것이 아닌가 생각될정도니.. 투박하지만 속임수는 없었다. 그렇다.",
    "date": "15.07.07",
    "rating": "7",
    "author": "xnxl****",
    "review_id": "10077360",
    "movie_id": "45321"
  },
  {
    "review": "이거랑 국가대표 연속으로 봤었는데 국가대표 앞승",
    "date": "15.07.06",
    "rating": "5",
    "author": "qwq9****",
    "review_id": "10074359",
    "movie_id": "45321"
  },
  {
    "review": "천만이라 흠 대단하다 진짜!",
    "date": "15.07.05",
    "rating": "1",
    "author": "book****",
    "review_id": "10071369",
    "movie_id": "45321"
  },
  {
    "review": "진짜 쓰레기 영화...억지감동 자아내는 윤제균의 뻘짓",
    "date": "15.07.04",
    "rating": "1",
    "author": "limk****",
    "review_id": "10067567",
    "movie_id": "45321"
  },
  {
    "review": "뭐? 이영화보고 슬프면 감수성 풍부하다고?? 개소리 지껄이지마 ㅉ 마지막 부근에 남자가 엄마 사진부등켜 안고 우는장면같은게 안슬픈거냐?니 감수성이 ㅈ같은걸 모든사람들이 다 그렇다고 생각하지 마라",
    "date": "15.06.28",
    "rating": "8",
    "author": "tpwl****",
    "review_id": "10049305",
    "movie_id": "45321"
  },
  {
    "review": "억지 감동, 개연성 없는 스토리, 해외영화랑 비교 안 되는 CG",
    "date": "15.06.23",
    "rating": "5",
    "author": "gusg****",
    "review_id": "10024271",
    "movie_id": "45321"
  },
  {
    "review": "이거 찍을때 해운대 가서 구경했는데.. 물받아놓고 액스트라들 무더기로 뛰로 난리도 아니엇어. cg도 괞찬고, 스토리라인도 좋고,코믹도 있고, 감동도 있고. 한국형 재난영화의 한획을 그은작품.",
    "date": "15.06.21",
    "rating": "9",
    "author": "sj55****",
    "review_id": "10018576",
    "movie_id": "45321"
  },
  {
    "review": "영화본지 수년이 지났지만 아직도 생각하면 화나는 영화 이딴걸 수십억씩들여서 찍다니 하지원사투리 연기는 한국연기사에 남을 최악의 연기 박종훈의 내가 니 아빠야는 한국 영화사에 남을 최악의 대사",
    "date": "15.06.19",
    "rating": "1",
    "author": "eunb****",
    "review_id": "10011716",
    "movie_id": "45321"
  },
  {
    "review": "끈적한 눈물 파도가 몰아친다. 찝찝하다",
    "date": "15.06.16",
    "rating": "5",
    "author": "wnsq****",
    "review_id": "10004349",
    "movie_id": "45321"
  },
  {
    "review": "내가본 천만관객 영화중 단연 쓰레기 너무 창피해서 눈물나게하는 수준 대체 어떻게 천만이넘은건지 내가 영화관에서 봤으면 얼마나 화났을까 다행이다 정말",
    "date": "15.06.15",
    "rating": "1",
    "author": "my08****",
    "review_id": "10002926",
    "movie_id": "45321"
  },
  {
    "review": "전 짱 재밌게봤어요ㅎㅎ",
    "date": "15.06.14",
    "rating": "10",
    "author": "rntk****",
    "review_id": "9999245",
    "movie_id": "45321"
  },
  {
    "review": "난 재밌게 봤는데...물론 개인적인생각이지만저는 웃고 울면서 재밌게 봤는데요 ㅋㅋ",
    "date": "15.06.08",
    "rating": "10",
    "author": "erro****",
    "review_id": "9985589",
    "movie_id": "45321"
  },
  {
    "review": "진짜 한심한 영화 어느 한개 잡은게 없다 이런게 어떻게 천만 넘은건지 ㅡㅡ",
    "date": "15.06.08",
    "rating": "1",
    "author": "hsp6****",
    "review_id": "9985543",
    "movie_id": "45321"
  },
  {
    "review": "그렇게 까고싶으면 니네가 영화만들어봐라 넷상에서 떠들지말고",
    "date": "15.06.08",
    "rating": "10",
    "author": "seok****",
    "review_id": "9985455",
    "movie_id": "45321"
  },
  {
    "review": "윤제균식 블록버스터 '신파영화''",
    "date": "15.06.06",
    "rating": "4",
    "author": "hyuk****",
    "review_id": "9979206",
    "movie_id": "45321"
  },
  {
    "review": "헐리우드급 CG에서 웃으면 되는가?",
    "date": "15.06.02",
    "rating": "1",
    "author": "ske4****",
    "review_id": "9969829",
    "movie_id": "45321"
  },
  {
    "review": "외국 재난 영화와 별반 다를 게 없지만 특유의 유머는 존재한다.",
    "date": "15.05.31",
    "rating": "6",
    "author": "dlax****",
    "review_id": "9963975",
    "movie_id": "45321"
  },
  {
    "review": "허무한 영화이다.돈주고 봤으면 돈아까울듯.",
    "date": "15.05.28",
    "rating": "2",
    "author": "skys****",
    "review_id": "9956575",
    "movie_id": "45321"
  },
  {
    "review": "이것은 단순 1점이 아니다. 할리우드 죄송합니다.",
    "date": "15.05.23",
    "rating": "1",
    "author": "hjk0****",
    "review_id": "9941439",
    "movie_id": "45321"
  },
  {
    "review": "진짜 감동적이고 다 좋은데 부산사투리 연기 하지않는게 더 나을듯 너무 과한것 같네요",
    "date": "15.05.19",
    "rating": "10",
    "author": "pje7****",
    "review_id": "9932271",
    "movie_id": "45321"
  },
  {
    "review": "극장은 아니지만 재밌게 봤는데...",
    "date": "15.05.16",
    "rating": "10",
    "author": "zzz4****",
    "review_id": "9922493",
    "movie_id": "45321"
  },
  {
    "review": "결국 말도 안되는 신파극으로 가려고",
    "date": "15.05.10",
    "rating": "5",
    "author": "hamj****",
    "review_id": "9907962",
    "movie_id": "45321"
  },
  {
    "review": "개재미없고 유치하고 억지감동에 핵노잼 이영화가왜떳는지이해할수없다아직까지도...",
    "date": "15.05.08",
    "rating": "1",
    "author": "baby****",
    "review_id": "9904600",
    "movie_id": "45321"
  },
  {
    "review": "작품성만 따지는 사람에겐 1점이겠지만 그것만 있는건 아니잖아? 너무 감동적",
    "date": "15.05.07",
    "rating": "9",
    "author": "qwer****",
    "review_id": "9902196",
    "movie_id": "45321"
  },
  {
    "review": "cg수준이 정말... 로켓점프가 너 나을듯 김중훈? 김종훈? 연기 개못햌ㅋㅋㅋㅋ 주연배우들은 소리만 질러대고... 깨워맟추기식 억지 감동 오집니다",
    "date": "15.05.07",
    "rating": "1",
    "author": "prot****",
    "review_id": "9901577",
    "movie_id": "45321"
  },
  {
    "review": "난 좋은디...엄청 울음",
    "date": "15.04.25",
    "rating": "10",
    "author": "epdl****",
    "review_id": "9867537",
    "movie_id": "45321"
  },
  {
    "review": "이걸 보느니 차라리 그 시간에 명상을 하는 게 낫다 재난은 없고 신파만 가득. 천만 영화라니 참 놀랍다 우리나라 관객들 영화 보는 수준을 알려준다",
    "date": "15.04.04",
    "rating": "1",
    "author": "kimj****",
    "review_id": "9825446",
    "movie_id": "45321"
  },
  {
    "review": "연출 스토리는 부족한점이 많았지만..그냥 계속 눈물이 나왔다.보면서 가족들 친구들 나를생각해주는 사람들한테 하루하루 마지막인것처럼 잘 해줘야겠다는 생각이 들었다..사람은 언제 어디서 어떻게갈지 모르기 때문이다.",
    "date": "15.03.26",
    "rating": "10",
    "author": "psy7****",
    "review_id": "9807373",
    "movie_id": "45321"
  },
  {
    "review": "무대뽀 정신^^* 귀여워라",
    "date": "15.03.24",
    "rating": "10",
    "author": "qazj****",
    "review_id": "9804030",
    "movie_id": "45321"
  },
  {
    "review": "제가 사는 동네가 해운대라서요.",
    "date": "15.03.24",
    "rating": "10",
    "author": "trav****",
    "review_id": "9803632",
    "movie_id": "45321"
  },
  {
    "review": "설경구가 샴푸먹고 개거품 무는 장면에서 웃다 쓰러졌다 이장면 포함 솔솔한 웃음코드 때문에 영화가 그나마 살았다~~~",
    "date": "15.03.20",
    "rating": "8",
    "author": "pkcl****",
    "review_id": "9794760",
    "movie_id": "45321"
  },
  {
    "review": "이 영화를 재난 영화라 부를 수는 없겠지만 이 영화 자체는 재난수준이다.",
    "date": "15.03.15",
    "rating": "1",
    "author": "lees****",
    "review_id": "9784398",
    "movie_id": "45321"
  },
  {
    "review": "여기저기로 분산돼서 난잡하고 힘없는 전개. 상황에 맞지않는 뜬금 개그와 억지 눈물짜내기. 이래서 한국영화가 수준낮다고 다른 수작들까지 싸잡아서 욕먹음.",
    "date": "15.03.13",
    "rating": "5",
    "author": "yooj****",
    "review_id": "9776789",
    "movie_id": "45321"
  },
  {
    "review": "왜요 이영화가 뭔 죄가있다고",
    "date": "15.03.07",
    "rating": "10",
    "author": "aria****",
    "review_id": "9764118",
    "movie_id": "45321"
  },
  {
    "review": "솔직히 김일권 컨테이너신에서 웃었다 손 (진짜 웃으면 안되는데 ㅠㅠ)",
    "date": "15.03.05",
    "rating": "6",
    "author": "dann****",
    "review_id": "9758895",
    "movie_id": "45321"
  },
  {
    "review": "평점이 생각보다 많이 높네;;;",
    "date": "15.03.05",
    "rating": "1",
    "author": "wjrg****",
    "review_id": "9758744",
    "movie_id": "45321"
  },
  {
    "review": "지금보고있는데무서움 T.T",
    "date": "15.03.01",
    "rating": "5",
    "author": "qwer****",
    "review_id": "9749481",
    "movie_id": "45321"
  },
  {
    "review": "평점 1도 아깝다 돈주고 안본게 내 평생 가장 잘한일",
    "date": "15.03.01",
    "rating": "1",
    "author": "wedd****",
    "review_id": "9749014",
    "movie_id": "45321"
  },
  {
    "review": "와진짜 이건 봐야된다..진짜 재밌다",
    "date": "15.02.28",
    "rating": "10",
    "author": "00_c****",
    "review_id": "9747588",
    "movie_id": "45321"
  },
  {
    "review": "이대호가 캐리한 영화 ㅇㅇ",
    "date": "15.02.23",
    "rating": "2",
    "author": "qkrd****",
    "review_id": "9732992",
    "movie_id": "45321"
  },
  {
    "review": "제가 눈물이 없는건지 별로 슬프다던가 그렇진 않더라고요 외국영화는 별로 안좋아하는데 더임파서블?그영화가 더 사실적이고 좋았습니다...조금 실망스러워요",
    "date": "15.02.17",
    "rating": "1",
    "author": "tlsg****",
    "review_id": "9706436",
    "movie_id": "45321"
  },
  {
    "review": "윤제균감독의 코믹감동  진부하다 이젠",
    "date": "15.02.16",
    "rating": "6",
    "author": "akwl****",
    "review_id": "9702660",
    "movie_id": "45321"
  },
  {
    "review": "한국영화...한국영화..한국영화...",
    "date": "15.02.12",
    "rating": "5",
    "author": "toto****",
    "review_id": "9689330",
    "movie_id": "45321"
  },
  {
    "review": "7번방보단 천만배는 낫다",
    "date": "15.02.11",
    "rating": "10",
    "author": "mtmh****",
    "review_id": "9688019",
    "movie_id": "45321"
  },
  {
    "review": "네이버 댓글이나 후기보고 영화보지마라대부분이 부정적인 사람들이고 영화가 억지로 감동을 부여하는거지 그럼 진짜 사람하나 죽여서 감동받게해야하냐?뻔한스토리도 생각못해내는게 니들이다 깝치지좀 말고 그냥 재밋게좀 봐라",
    "date": "15.02.11",
    "rating": "8",
    "author": "ddos****",
    "review_id": "9687621",
    "movie_id": "45321"
  },
  {
    "review": "난 아직도 이 영화가 왜 천만이고  재미있다는지 모르겠다...",
    "date": "15.02.10",
    "rating": "4",
    "author": "bigt****",
    "review_id": "9685144",
    "movie_id": "45321"
  },
  {
    "review": "재난영화는 확실히 아니고, 멜로영화도 아니고, 가족애를 다룬 영화도 아니고, 코메디 영화도 아니고, 그렇다고 감동이 있는 영화도 아니고...무슨 80년대 재난영화냐? 쓰나미가 영화 다끝나갈때 10분 나오나? 컨테니어씬은. 코메디?",
    "date": "15.02.10",
    "rating": "1",
    "author": "uner****",
    "review_id": "9684245",
    "movie_id": "45321"
  },
  {
    "review": "난 적어도 90년대 영화인줄 알았다.. 근데 2009년이라니ㄷㄷ퀄리티가 너무 떨어진다 쓰나미올 때까지 졸려죽는줄알았다 오고 난 후도 졸리다 심지어 쓰나미도 졸리다",
    "date": "15.02.07",
    "rating": "1",
    "author": "drgw****",
    "review_id": "9674940",
    "movie_id": "45321"
  },
  {
    "review": "구조과정이 너무 짧지않나 솔직히 재난영화치곤 별로다",
    "date": "15.02.07",
    "rating": "5",
    "author": "dest****",
    "review_id": "9674208",
    "movie_id": "45321"
  },
  {
    "review": "영화관에서 봤는데 초반에 진짜 지루해서 잘뻔했고 이영화가 도대체 어떻게 천만인지 아직도 모르겠다",
    "date": "15.02.02",
    "rating": "5",
    "author": "fcba****",
    "review_id": "9661357",
    "movie_id": "45321"
  },
  {
    "review": "저 부산사람인데요... 부산에서 나고자란 어르신분들도 사투리를 그렇게 하지는 않습니다....",
    "date": "15.01.31",
    "rating": "1",
    "author": "ej77****",
    "review_id": "9655472",
    "movie_id": "45321"
  },
  {
    "review": "내가 살면서 평점이 이해안가는 영화가 2개가 있는데 이 영화랑 디워다 왜 그렇게 까는지 알 수가 없다 지들은 이렇게 만들 수 있나 한심한 것들 쯧쯧 반의 반도 못 만들거면서 작작좀 까대라 이정도면 수작이다 미천한 놈들 쯧쯧",
    "date": "15.01.30",
    "rating": "10",
    "author": "bbq0****",
    "review_id": "9652649",
    "movie_id": "45321"
  },
  {
    "review": "솔직히 이 영화는 설경구씨의 연기력 때문에 천만 돌파한것 같다",
    "date": "15.01.29",
    "rating": "7",
    "author": "rldn****",
    "review_id": "9649151",
    "movie_id": "45321"
  },
  {
    "review": "국제시장 윤제균감독님의 영화를 보고 감동받아  윤제균감독님의 다른영화들을 쭉 보았는데 제가 5년전에 엄청 감명깊게본 해운대라는 영화가 평점이 생각보다 낮아 이렇게 평점을 남깁니다.",
    "date": "15.01.27",
    "rating": "10",
    "author": "sh85****",
    "review_id": "9643086",
    "movie_id": "45321"
  },
  {
    "review": "흠.. 평점이 지나치게 박한것같은데 나름 잘 만든 영화라고 생각합니다. 무엇보다 불꽃놀이때 등장인물각각이 동시에불꽃놀이를 보는 그 짧은 장면에서 각각의 심리가드러난 장면은 압권이라고 생각합니다. 그리고 이정도면 부산사투리양호해요..범죄와의전쟁은뭐...",
    "date": "15.01.25",
    "rating": "10",
    "author": "atf8****",
    "review_id": "9637236",
    "movie_id": "45321"
  },
  {
    "review": "이제 와서 평점이 의미는 없지만 이 영화는 진짜 아니다",
    "date": "15.01.25",
    "rating": "1",
    "author": "ippo****",
    "review_id": "9634610",
    "movie_id": "45321"
  },
  {
    "review": "이건 좀 너무하잖아....",
    "date": "15.01.24",
    "rating": "1",
    "author": "besu****",
    "review_id": "9631927",
    "movie_id": "45321"
  }
]