[
  {
    "review": "김기덕 영화는 빈집,나쁜남자,봄여름... 등등 대사가 없을수록 매력적인데 이 영화도 그랬다.",
    "date": "15.08.11",
    "rating": "10",
    "author": "rmfs****",
    "review_id": "10217699",
    "movie_id": "45399"
  },
  {
    "review": "그냥 전하고 싶은 메시지가 있으면 아리랑에서 처럼 말로 하세요. 자꾸 아까운 필름과 많은 소품을 써서 험한 영화 좀 그만 만드시고요 ...미술적 표현력은 타고나신 천재.",
    "date": "15.06.15",
    "rating": "3",
    "author": "next****",
    "review_id": "10002544",
    "movie_id": "45399"
  },
  {
    "review": "김기덕각본의 조잡한 각본....이야기진행을 위해 등장하는 딱딱한 로봇같은 캐릭들이 꼭 그의 각본엔 등장한다....각본을 원안만써라~",
    "date": "15.06.12",
    "rating": "3",
    "author": "kara****",
    "review_id": "9992406",
    "movie_id": "45399"
  },
  {
    "review": "김기덕 감독 영화 엄청 좋아하는 사람인데도 이 영화는 정말 재미도 감동도 없다. 김기덕 작품중 최악인듯... 무명배우를 쓴 다른 작품들이 훨씬 재미있는것 같다. 왜 일본어를 쓰는 일본배우를 기용해서 몰입을 방해할까?",
    "date": "15.03.10",
    "rating": "5",
    "author": "kyle****",
    "review_id": "9770756",
    "movie_id": "45399"
  },
  {
    "review": "예술영화는 예술영화로 봐야죠..   재밌게 봤음. !!",
    "date": "15.01.19",
    "rating": "9",
    "author": "boga****",
    "review_id": "9611827",
    "movie_id": "45399"
  },
  {
    "review": "솔직히 이걸 한 번 보고 완벽히 이해하기는 힘들 것 같다 호불호의 극명한 차이가 이해가 됨",
    "date": "15.01.14",
    "rating": "8",
    "author": "ayun****",
    "review_id": "9591586",
    "movie_id": "45399"
  },
  {
    "review": "김기덕 영화 최고작. 하나가 되고 둘이 되고 넷이되고 결국엔 모두 이어지지 못하고 흩어진다. 현실과 꿈으로 이어진 자아와 자아의 대화.",
    "date": "14.12.14",
    "rating": "8",
    "author": "elen****",
    "review_id": "9472904",
    "movie_id": "45399"
  },
  {
    "review": "강렬한 이미지. 그리고 낯선 이야기의 연결. 김기덕영화의 난해함이자 동시에 그만이 선보일 수 있는 지점. 하지마 그곳에서 길을 헤메다. 고개를 갸웃거리게 하면서도 끄덕이게 하는 힘. 동의하기 힘들지만 이해할 수 있는 그들의 이야기.",
    "date": "14.10.19",
    "rating": "7",
    "author": "xnxl****",
    "review_id": "9302815",
    "movie_id": "45399"
  },
  {
    "review": "좋았어요^^ 이 영화만의 매력을 느낄수 있었어요",
    "date": "14.08.23",
    "rating": "8",
    "author": "hyou****",
    "review_id": "9123876",
    "movie_id": "45399"
  },
  {
    "review": "이해하기는 힘드나 이해하고나면 감탄하는 굿굿",
    "date": "14.06.19",
    "rating": "10",
    "author": "ibth****",
    "review_id": "8840703",
    "movie_id": "45399"
  },
  {
    "review": "김기덕 영화중에 잘된 영화",
    "date": "14.06.02",
    "rating": "10",
    "author": "iiii****",
    "review_id": "8787180",
    "movie_id": "45399"
  },
  {
    "review": "슬픈 꿈을 찾아 하염없이 날아가는 나비.",
    "date": "14.05.24",
    "rating": "8",
    "author": "ogr5****",
    "review_id": "8760623",
    "movie_id": "45399"
  },
  {
    "review": "종교와 사랑, 화해의 긴 고리!",
    "date": "14.05.05",
    "rating": "10",
    "author": "moon****",
    "review_id": "8703716",
    "movie_id": "45399"
  },
  {
    "review": "다시보고싶어요... 갑자기 생각나는 영화",
    "date": "14.05.04",
    "rating": "9",
    "author": "siro****",
    "review_id": "8698844",
    "movie_id": "45399"
  },
  {
    "review": "자기만의 상상을 떠오르는대로 아무렇게나 끄적거린 낙서장같은 일종의 습작",
    "date": "14.03.25",
    "rating": "3",
    "author": "sipj****",
    "review_id": "8606425",
    "movie_id": "45399"
  },
  {
    "review": "꿈과 현실이 하나로 합쳐지는 순간을 소망하다",
    "date": "14.03.11",
    "rating": "6",
    "author": "wkdd****",
    "review_id": "8569094",
    "movie_id": "45399"
  },
  {
    "review": "왔다갔다 이리저리 날뛰지만 결국엔 하나...결말장면이 좋으면 좋다고 할수 있지만...나비는 좀 그런거 같음...;;",
    "date": "14.02.21",
    "rating": "7",
    "author": "ymco****",
    "review_id": "8527114",
    "movie_id": "45399"
  },
  {
    "review": "너무난해하고 특이하단것뿐....모르겠다이해가안간다",
    "date": "14.02.21",
    "rating": "5",
    "author": "gksk****",
    "review_id": "8526529",
    "movie_id": "45399"
  },
  {
    "review": "전 모르겠어요.정말 최악이었어요",
    "date": "14.02.13",
    "rating": "1",
    "author": "rkdu****",
    "review_id": "8502464",
    "movie_id": "45399"
  },
  {
    "review": "이 영화에서 주인공들은 잠을 안 자려고 갖은 노력을 하는데, 나도 그랬다.",
    "date": "14.02.09",
    "rating": "4",
    "author": "park****",
    "review_id": "8492555",
    "movie_id": "45399"
  },
  {
    "review": "역시김기덕이란생각밖에는..",
    "date": "14.01.28",
    "rating": "10",
    "author": "youn****",
    "review_id": "8439316",
    "movie_id": "45399"
  },
  {
    "review": "사랑과 증오는 집착에서 시작된다. 이나영, 보광사 보니 반갑지만 나에겐 좀 벅차다.",
    "date": "13.12.16",
    "rating": "6",
    "author": "hagj****",
    "review_id": "8218019",
    "movie_id": "45399"
  },
  {
    "review": "최고의 배우를 가지고 이정도 밖에 못만들다니... 개떵철학은 아무나 다 가질수 있다고... 나비 지겹다 장자좀 그만 써먹어라. 뭐만 있으면 개나소나 나비야",
    "date": "13.11.03",
    "rating": "2",
    "author": "13al****",
    "review_id": "8113697",
    "movie_id": "45399"
  },
  {
    "review": "죽어서야 합쳐진 흑과백, 꿈은 과연 사라졌을까? 살아서 행복했어도 전할  메시지는 충분히 전했을 듯..  제목부터 '悲夢'을 깔고 들어간게 아쉽다. 하지만 이런 영화는 세계를 다 OO도 김기덕감독 한테서 밖에 못 얻어볼 듯.",
    "date": "13.11.01",
    "rating": "8",
    "author": "goot****",
    "review_id": "8108431",
    "movie_id": "45399"
  },
  {
    "review": "보고 있는데 넘 재미있어서 10점 드립니다. 비쥬얼 끝장이네요~^^ 딴 사람은 평생에 한편 만들 명화들을 거의 해마다 만들어내는 걸 보면 정말 뭐라 감탄하지 않을 수 없네요~ 동시대에 사는 걸 영광으로 생각합니다.",
    "date": "13.10.04",
    "rating": "10",
    "author": "umas****",
    "review_id": "8035177",
    "movie_id": "45399"
  },
  {
    "review": "난 이래서 김기덕감독님이 좋아",
    "date": "13.09.30",
    "rating": "9",
    "author": "lkyl****",
    "review_id": "8023208",
    "movie_id": "45399"
  },
  {
    "review": "독특 재미잇음",
    "date": "13.08.23",
    "rating": "10",
    "author": "mylo****",
    "review_id": "7915647",
    "movie_id": "45399"
  },
  {
    "review": "김기덕쉐키 영화좀 이해안가게ㅐ좀 만들지마라 아오 ㅡㅡ 이놈 영화는 하나같이 다 어지러워",
    "date": "13.06.09",
    "rating": "7",
    "author": "wjaw****",
    "review_id": "7617338",
    "movie_id": "45399"
  },
  {
    "review": "내가 꾸는 꿈은 타인에게 행동하게 만든다. 그것은 상대방과 나를 동시에 구속하는 수갑같은것. 흑과백이 동일한 색인것처럼 너와 나는 동일한 색이기에 내가 너에게 꾸는 꿈을 죽이면 꿈은 나비가 되어 날아가고  너와 나는 내가 된다.",
    "date": "13.06.02",
    "rating": "9",
    "author": "ssre****",
    "review_id": "7573888",
    "movie_id": "45399"
  },
  {
    "review": "영화 참 독특하네, 특이해도 설득력있게 특이했으면 하는 작은 바람이 있음.",
    "date": "13.05.30",
    "rating": "2",
    "author": "wise****",
    "review_id": "7562199",
    "movie_id": "45399"
  },
  {
    "review": "흑과 백은 같은 색이고 꿈과 현실도 같고 너와 나도 같고",
    "date": "13.05.09",
    "rating": "5",
    "author": "bbq2****",
    "review_id": "7516707",
    "movie_id": "45399"
  },
  {
    "review": "재미 없 다 ...",
    "date": "13.05.08",
    "rating": "1",
    "author": "x_me****",
    "review_id": "7515508",
    "movie_id": "45399"
  },
  {
    "review": "현실과 꿈, 사랑과 증오라는 이중성이 하나로 합쳐지는 과정은 독특하고 인상적이다. 내용에 설명을 좀 더 넣었다면 좋았을 것 같지만 지금도 괜찮다.",
    "date": "13.04.08",
    "rating": "7",
    "author": "zxc1****",
    "review_id": "7444603",
    "movie_id": "45399"
  },
  {
    "review": "내용 어렵다.죽어야 끝나는 더러운 인생관 맞네.",
    "date": "13.03.30",
    "rating": "7",
    "author": "hiha****",
    "review_id": "7424096",
    "movie_id": "45399"
  },
  {
    "review": "자고싶어도 못자는 영화를 만들어냈군 혹시나 가능할수도 있을까 신기하고 미스테리한 영화",
    "date": "13.03.13",
    "rating": "7",
    "author": "dlgo****",
    "review_id": "7343772",
    "movie_id": "45399"
  },
  {
    "review": "오다기리죠 섹시하다",
    "date": "13.02.25",
    "rating": "5",
    "author": "zmfh****",
    "review_id": "7301884",
    "movie_id": "45399"
  },
  {
    "review": "와 해탈과 구도를 꿈꾸시는 감독님 ~너무 재밌습니다.가을의 끝부분에서 고독하고 외로운 전 영화보면서 상상과 큰기쁨을 얻어갑니다.",
    "date": "13.02.22",
    "rating": "10",
    "author": "hihi****",
    "review_id": "7290484",
    "movie_id": "45399"
  },
  {
    "review": "분위기에취함",
    "date": "13.02.07",
    "rating": "10",
    "author": "cmk3****",
    "review_id": "7233949",
    "movie_id": "45399"
  },
  {
    "review": "너무 가슴아픈.",
    "date": "13.02.02",
    "rating": "10",
    "author": "maxx****",
    "review_id": "7211180",
    "movie_id": "45399"
  },
  {
    "review": "갈대밭 장면은 진짜 명장면이다..",
    "date": "13.01.28",
    "rating": "8",
    "author": "figh****",
    "review_id": "7187750",
    "movie_id": "45399"
  },
  {
    "review": "오다기리조 완전섹시하고 영화도 좋으네요 ㅎㅎ",
    "date": "13.01.16",
    "rating": "8",
    "author": "lyg1****",
    "review_id": "7121322",
    "movie_id": "45399"
  },
  {
    "review": "이나영봐서 후하게준다.",
    "date": "13.01.13",
    "rating": "6",
    "author": "kwm4****",
    "review_id": "7111851",
    "movie_id": "45399"
  },
  {
    "review": "좋다진짜",
    "date": "13.01.11",
    "rating": "10",
    "author": "park****",
    "review_id": "7102504",
    "movie_id": "45399"
  },
  {
    "review": "재밌음",
    "date": "13.01.07",
    "rating": "10",
    "author": "yb89****",
    "review_id": "7090433",
    "movie_id": "45399"
  },
  {
    "review": "김기덕!",
    "date": "12.12.12",
    "rating": "10",
    "author": "neoi****",
    "review_id": "6994597",
    "movie_id": "45399"
  },
  {
    "review": "소재는 독특하고 좋았는데... 모르겠다. 난해하고 극단적이었다.",
    "date": "12.11.22",
    "rating": "5",
    "author": "wodm****",
    "review_id": "6913677",
    "movie_id": "45399"
  },
  {
    "review": "왜 재밌었는데??? 너무 슬프게 처절했었던.. 오다기리의 그녀를 위해 잠을 자지 않으려고 노력하는 모습은 단연 최고..ㅠㅠ 슬프다정말 ㅠㅠ",
    "date": "12.11.20",
    "rating": "10",
    "author": "cute****",
    "review_id": "6907638",
    "movie_id": "45399"
  },
  {
    "review": "평점주기 전부 알바쓰나?? 이거 평점 6점이나 되는게 말이 안됨",
    "date": "12.10.31",
    "rating": "1",
    "author": "rsag****",
    "review_id": "6837842",
    "movie_id": "45399"
  },
  {
    "review": "나 아니면 너, 아니면 나비, 그것도 아니면 감독의 꿈.",
    "date": "12.09.26",
    "rating": "6",
    "author": "boyc****",
    "review_id": "6733317",
    "movie_id": "45399"
  },
  {
    "review": "아름답다",
    "date": "12.09.25",
    "rating": "10",
    "author": "dory****",
    "review_id": "6731587",
    "movie_id": "45399"
  },
  {
    "review": "솔직히 재미나 감동은 없는데..",
    "date": "12.09.20",
    "rating": "6",
    "author": "a109****",
    "review_id": "6714531",
    "movie_id": "45399"
  },
  {
    "review": "너무 아프다.",
    "date": "12.09.16",
    "rating": "4",
    "author": "dlar****",
    "review_id": "6703806",
    "movie_id": "45399"
  },
  {
    "review": "어떻게 우리나라에서 이런 영화를 만들 수 있는 감독이 존재할 수 있는지!  그저 천재라는 말밖에는 할말이없다. 김기덕 감독의 치밀하고 농밀한 천재성이 세련되고 감각적이게 진보되어 표현된 정말로 경이롭고 신비한 영화!사랑,이별,상처를 아는만큼 보인다!",
    "date": "12.09.14",
    "rating": "9",
    "author": "crys****",
    "review_id": "6695981",
    "movie_id": "45399"
  },
  {
    "review": "난해한 철학을 기묘한 상상력으로 풀이하다",
    "date": "12.09.13",
    "rating": "6",
    "author": "fon9****",
    "review_id": "6694216",
    "movie_id": "45399"
  },
  {
    "review": "희망은 어둠 속에서 시작된다. 일어나 옳은 일을 하려 할 때 고집스런 희망이 시작된다.",
    "date": "12.09.13",
    "rating": "7",
    "author": "kos4****",
    "review_id": "6692869",
    "movie_id": "45399"
  },
  {
    "review": "방금 꿈에서 깬것처럼 몽롱한 영화다. 뭐가 뭐였을까...",
    "date": "12.09.13",
    "rating": "6",
    "author": "seel****",
    "review_id": "6692652",
    "movie_id": "45399"
  },
  {
    "review": "후속작 왜 안나오지? 사몽..",
    "date": "12.09.13",
    "rating": "9",
    "author": "tall****",
    "review_id": "6692042",
    "movie_id": "45399"
  },
  {
    "review": "이별의 이면.. 사랑하는 마음과 증오하는 마음그것들 진과 란이다.이 둘은 진의 헤어진 여자친구로 나온 여자의 인격들이 아닐까 라는 생각이 듭니다결국에 마지막에 남은 그 미친여자, 범인이 누구냐고 물었을때 둘 모두 지목했던 그 여자... 그녀 자신",
    "date": "12.09.12",
    "rating": "9",
    "author": "sano****",
    "review_id": "6688985",
    "movie_id": "45399"
  },
  {
    "review": "신선하네요",
    "date": "12.09.11",
    "rating": "9",
    "author": "dmsg****",
    "review_id": "6686508",
    "movie_id": "45399"
  },
  {
    "review": "극장에서 정말 감명깊게 본영화.. 아랫님.. 애초에 김기덕 감독님은 이 영화내에 오다기리죠가 말하는거 자막 안 넣으려고 그랬는데 그러면 영화 개봉 안시켜준다그래서 넣었습니다.일본어와 한국어가 그냥 소통되는 비현실적인 공간을 그리려고 했습니다.",
    "date": "12.09.11",
    "rating": "9",
    "author": "mrju****",
    "review_id": "6686496",
    "movie_id": "45399"
  },
  {
    "review": "오다기리죠의 일본어가 몰입이 안된다...일본어로 말하는데 상대방은 알아듣고 한국말로 대화하는 식의 이런점...아쉬운영화다 오다기리죠와 이나영조합은 좋은데",
    "date": "12.09.09",
    "rating": "6",
    "author": "4lea****",
    "review_id": "6681386",
    "movie_id": "45399"
  },
  {
    "review": "장점만 담아 갈란다.",
    "date": "12.09.09",
    "rating": "9",
    "author": "heod****",
    "review_id": "6681218",
    "movie_id": "45399"
  },
  {
    "review": "이런 영화를, 나는 본 적이 없다. 그 어디에서도. 이것만큼 슬프고도 아름답다고, 그저 몇마디 수식어구나 빌려서 겨우 그 진가를 평해도 모자른 이 영화를, 나는 지금에서야 알게 됐다. 그냥 아름답다는 말로 평하기에는 이 영화를 과소평가한 셈이 된다.",
    "date": "12.09.08",
    "rating": "10",
    "author": "prik****",
    "review_id": "6677691",
    "movie_id": "45399"
  },
  {
    "review": "슬픈 사랑의 추억. 그 추억을 전달하는 잔인한 꿈. 그리고, 그 꿈에서 벗어날 수 없는 두 사람의 비극. 그 모든 것은 내게 마치 겨울나비의 잔약한 날개짓처럼, 실로 아프게 다가왔다. 이건 아름다운 이야기라는 무미건조한 말이 오히려 모독이 될 것이다.",
    "date": "12.09.08",
    "rating": "10",
    "author": "pris****",
    "review_id": "6677686",
    "movie_id": "45399"
  },
  {
    "review": "투명하리 만치 아름다운 영화. 흰색과 검은색은 같은 색입니다.",
    "date": "12.09.06",
    "rating": "10",
    "author": "rena****",
    "review_id": "6674393",
    "movie_id": "45399"
  },
  {
    "review": "솔직히 이영화는 7점후반대는 족히 되야하는 영화임...",
    "date": "12.09.02",
    "rating": "10",
    "author": "punk****",
    "review_id": "6665784",
    "movie_id": "45399"
  },
  {
    "review": "당신이 영화감독이라고 치고 자신의 의식과 무의식간(꿈)의 관계의 대립과 갈등, 화해 등의 과정을 영화속에 담아봐. 그 영화는 어때? 김기덕의 경우는 해피엔딩인듯",
    "date": "12.09.02",
    "rating": "10",
    "author": "korn****",
    "review_id": "6663312",
    "movie_id": "45399"
  },
  {
    "review": "사랑, 꿈, 인생, 죽음.. 모든 것이 그 자리에서 반복되고 또 반복되고... 벗어날 수 없는 슬픈 꿈..",
    "date": "12.08.12",
    "rating": "7",
    "author": "ahah****",
    "review_id": "6597038",
    "movie_id": "45399"
  },
  {
    "review": "정말 기이하면서 독특한 소재는 제 마음속의 영화로 남게 만들어주네요. 하지만 저도 다른 분의 리뷰를 보지 않고 보았더라면 욕만했을거같네요.. 이야기 풀어나가는 게 사람들이 이해하기 어렵다는 생각이 들었어요.",
    "date": "12.08.10",
    "rating": "8",
    "author": "egba****",
    "review_id": "6589539",
    "movie_id": "45399"
  },
  {
    "review": "김기덕은 이제 갈수록 화가가 되어간다.영화감독일이나 제대로 해라.임마...",
    "date": "12.08.07",
    "rating": "3",
    "author": "baks****",
    "review_id": "6578880",
    "movie_id": "45399"
  },
  {
    "review": "사랑, 질투, 결국에는 복수와 죽음으로 마무리..소재가  독특하고추상적인 표현방식은 마음에 든다.",
    "date": "12.08.06",
    "rating": "5",
    "author": "hepy****",
    "review_id": "6577445",
    "movie_id": "45399"
  },
  {
    "review": "백설공주나 이해할 사람들은 김감독 영화 안보는게 낫다 까내리지좀 마라",
    "date": "12.05.27",
    "rating": "10",
    "author": "nav3****",
    "review_id": "6337756",
    "movie_id": "45399"
  },
  {
    "review": "역시나 김기덕표 영화. 매우 싫다 - 정신건강에 매우 안좋음. 괜히 봤어",
    "date": "12.05.06",
    "rating": "2",
    "author": "hahu****",
    "review_id": "6275546",
    "movie_id": "45399"
  },
  {
    "review": "캐스팅만 믿고 보러갔다가 피토하면서 나왔던 영화",
    "date": "12.05.01",
    "rating": "1",
    "author": "smil****",
    "review_id": "6262485",
    "movie_id": "45399"
  },
  {
    "review": "김기덕 전필모감상완료.점점 추상.망상화 되어가는 김기덕영화.신물난다.바이 김기덕",
    "date": "12.03.27",
    "rating": "5",
    "author": "kis5****",
    "review_id": "6171924",
    "movie_id": "45399"
  },
  {
    "review": "날 유일하게 극장에서 뛰쳐나가게 만든 영화",
    "date": "12.03.25",
    "rating": "1",
    "author": "b_ot****",
    "review_id": "6166726",
    "movie_id": "45399"
  },
  {
    "review": "이나영씨 오다기리 조씨 좋아요. 영화는...",
    "date": "12.03.22",
    "rating": "7",
    "author": "dudg****",
    "review_id": "6160269",
    "movie_id": "45399"
  },
  {
    "review": "음악이랑 배경 다 이쁜데 내용 자체에 몰입을 못하겠음. 넘 극단적인건 아닌지",
    "date": "12.03.02",
    "rating": "10",
    "author": "yuni****",
    "review_id": "6117759",
    "movie_id": "45399"
  },
  {
    "review": "잠을 자면 나비를 볼수 있게된다",
    "date": "12.02.09",
    "rating": "10",
    "author": "wprk****",
    "review_id": "6062702",
    "movie_id": "45399"
  },
  {
    "review": "이나영씨 연기..^^ 개인적으로 정말 미추어버리겠네",
    "date": "12.01.31",
    "rating": "6",
    "author": "seen****",
    "review_id": "6040109",
    "movie_id": "45399"
  },
  {
    "review": "보기 힘들줄 알았는데 잼있네요",
    "date": "12.01.26",
    "rating": "9",
    "author": "nand****",
    "review_id": "6021310",
    "movie_id": "45399"
  },
  {
    "review": "처음부터 결말을 예상할수있는, 그냥 있어보이려하는 공포영화일뿐",
    "date": "12.01.12",
    "rating": "6",
    "author": "gree****",
    "review_id": "5981095",
    "movie_id": "45399"
  },
  {
    "review": "난해하다 우울해지는것만은 확실하다",
    "date": "11.12.25",
    "rating": "3",
    "author": "exco****",
    "review_id": "5933796",
    "movie_id": "45399"
  },
  {
    "review": "뭔지 모르겠다.",
    "date": "11.12.22",
    "rating": "6",
    "author": "heew****",
    "review_id": "5923114",
    "movie_id": "45399"
  },
  {
    "review": "극단적으로만 보여주어야 했을까.",
    "date": "11.12.10",
    "rating": "7",
    "author": "eowj****",
    "review_id": "5898027",
    "movie_id": "45399"
  },
  {
    "review": "거칠고 독특하면서 멋지네요",
    "date": "11.11.08",
    "rating": "8",
    "author": "mini****",
    "review_id": "5835738",
    "movie_id": "45399"
  },
  {
    "review": "감독의 상상력을 즐기자면 나쁘지 않은 영화. 하지만 우리 예쁜 나영씨의 연기력은..",
    "date": "11.10.17",
    "rating": "6",
    "author": "scha****",
    "review_id": "5794520",
    "movie_id": "45399"
  },
  {
    "review": "봄여름가을겨울 그리고 봄 과 일맥상통하는 자기자신의 구원에 대한 영화.",
    "date": "11.09.13",
    "rating": "9",
    "author": "magd****",
    "review_id": "5727788",
    "movie_id": "45399"
  },
  {
    "review": "엇갈린 언어로 의사소통한다는것부터가 넌센스다! 김기덕작품중 좀 빠지는느낌.",
    "date": "11.09.06",
    "rating": "4",
    "author": "dw99****",
    "review_id": "5711090",
    "movie_id": "45399"
  },
  {
    "review": "상처입은 존재가 집착으로부터 벗어나기까지를 굉장히 환상적으로 그려낸듯 멋지다!!",
    "date": "11.08.27",
    "rating": "10",
    "author": "codm****",
    "review_id": "5691588",
    "movie_id": "45399"
  },
  {
    "review": "거지같은 영화.. 이나영만 불쌍... 쓰레기작품..",
    "date": "11.08.02",
    "rating": "1",
    "author": "baed****",
    "review_id": "5590916",
    "movie_id": "45399"
  },
  {
    "review": "불교적 배경에 도교의 상징, 심지어 동학적 코드까지... 그야말로 도를 아십니까?",
    "date": "11.07.25",
    "rating": "8",
    "author": "magn****",
    "review_id": "5568754",
    "movie_id": "45399"
  },
  {
    "review": "김기덕 정말 좋아하는데 이 영화는 그지 같아요. 본 김기덕 중 최하",
    "date": "11.06.18",
    "rating": "3",
    "author": "dolp****",
    "review_id": "5486219",
    "movie_id": "45399"
  },
  {
    "review": "감독만의 것으로 확장되지 못한 사유는 이미지로 포장되고, 과잉되어 촌스러워진다.",
    "date": "11.06.04",
    "rating": "1",
    "author": "lkmm****",
    "review_id": "5463575",
    "movie_id": "45399"
  },
  {
    "review": "최고! 이해못하는 인간들! 느그들 머리를 탓하거라~",
    "date": "11.05.30",
    "rating": "10",
    "author": "july****",
    "review_id": "5456504",
    "movie_id": "45399"
  },
  {
    "review": "뭔가 의미를보여줄려고 노력한거같은데 결과적으론 지루한영화가됨 ㅋ",
    "date": "11.05.22",
    "rating": "5",
    "author": "picc****",
    "review_id": "5442961",
    "movie_id": "45399"
  },
  {
    "review": "재미없다",
    "date": "11.05.15",
    "rating": "1",
    "author": "adam****",
    "review_id": "5428809",
    "movie_id": "45399"
  },
  {
    "review": "글쎄 김기덕 작품중 가장 난해하고 김기덕 답지 않은 작품",
    "date": "11.04.02",
    "rating": "1",
    "author": "siba****",
    "review_id": "5348585",
    "movie_id": "45399"
  },
  {
    "review": "참신하려한 모든 시도가 인위적인 결과로 나타난다...",
    "date": "11.01.30",
    "rating": "4",
    "author": "wert****",
    "review_id": "5195520",
    "movie_id": "45399"
  },
  {
    "review": "죠때문에봤는데.. 너무어렵다.",
    "date": "11.01.24",
    "rating": "6",
    "author": "0107****",
    "review_id": "5180401",
    "movie_id": "45399"
  }
]