[
  {
    "review": "성인비디오영화치곤 스토리나 배우들의 연기가 매우 수준급이다",
    "date": "11.10.17",
    "rating": "7",
    "author": "mygr****",
    "review_id": "5794114",
    "movie_id": "45405"
  },
  {
    "review": "새벽에 우연히 본건데 의외로 재밌었음.",
    "date": "10.03.18",
    "rating": "8",
    "author": "dong****",
    "review_id": "4364687",
    "movie_id": "45405"
  },
  {
    "review": "줄거리는 별거 없지만 눈요기의 재미가 있다 .",
    "date": "09.12.02",
    "rating": "5",
    "author": "evil****",
    "review_id": "4010512",
    "movie_id": "45405"
  }
]