[
  {
    "review": "생각대로는 되지 않는 듯.",
    "date": "14.09.07",
    "rating": "4",
    "author": "dlwo****",
    "review_id": "9181385",
    "movie_id": "45403"
  },
  {
    "review": "발상이 흥미롭긴 하다만, 진심 재미는 꽝이다",
    "date": "11.05.07",
    "rating": "3",
    "author": "mygr****",
    "review_id": "5412414",
    "movie_id": "45403"
  },
  {
    "review": "우울하고 지루한 재미없는 에로물.",
    "date": "10.07.22",
    "rating": "3",
    "author": "evil****",
    "review_id": "4659357",
    "movie_id": "45403"
  },
  {
    "review": "난바안 좋지",
    "date": "09.11.26",
    "rating": "10",
    "author": "mist****",
    "review_id": "3991647",
    "movie_id": "45403"
  },
  {
    "review": "잔잔한 감동을 주는 제 마음을 정화시켜주는 영화였어요^^",
    "date": "09.10.22",
    "rating": "10",
    "author": "2qkr****",
    "review_id": "3908042",
    "movie_id": "45403"
  },
  {
    "review": "엄처나게 재미잇다느.",
    "date": "09.07.25",
    "rating": "10",
    "author": "m___****",
    "review_id": "3666956",
    "movie_id": "45403"
  },
  {
    "review": "에로와 코믹을 잔잔히 섞은 영화. 여운이 남는..",
    "date": "09.07.11",
    "rating": "9",
    "author": "pyxi****",
    "review_id": "3624588",
    "movie_id": "45403"
  },
  {
    "review": "그다지 재미없고 지루한,,",
    "date": "09.07.01",
    "rating": "3",
    "author": "tige****",
    "review_id": "3604475",
    "movie_id": "45403"
  }
]