[
  {
    "review": "진짜 어줍잖은 말장난. 예쁜 여주 얼굴, 탄탄한 남주의 연기력 죄다 아까움",
    "date": "15.08.11",
    "rating": "1",
    "author": "pobi****",
    "review_id": "10215440",
    "movie_id": "45416"
  },
  {
    "review": "0점도 아까운 쓰레기영화",
    "date": "15.08.11",
    "rating": "1",
    "author": "1103****",
    "review_id": "10215438",
    "movie_id": "45416"
  },
  {
    "review": "최악이다 진짜심심해서 봤는데 이거 본 시간이 아깝다",
    "date": "15.08.03",
    "rating": "1",
    "author": "jins****",
    "review_id": "10181704",
    "movie_id": "45416"
  },
  {
    "review": "제목을 보고 충격받고...영화보고 멘붕오고...1점도 아깝네요",
    "date": "15.08.02",
    "rating": "1",
    "author": "tami****",
    "review_id": "10173901",
    "movie_id": "45416"
  },
  {
    "review": "책들을 안봐서 그렇지 이 영화 원작인 책은 정말 재밌다 정말물론 내용이 일반 상식 밖이긴 하지만책을 보고 영화를 보잖아? 영화가 진짜 쓰레기같이 느껴져",
    "date": "15.07.31",
    "rating": "3",
    "author": "maga****",
    "review_id": "10167825",
    "movie_id": "45416"
  },
  {
    "review": "이 영화 이후로 손예진이 싫어짐",
    "date": "15.07.31",
    "rating": "1",
    "author": "fock****",
    "review_id": "10166965",
    "movie_id": "45416"
  },
  {
    "review": "아! 내가 결혼했다! 딲",
    "date": "15.07.31",
    "rating": "1",
    "author": "rhxh****",
    "review_id": "10166946",
    "movie_id": "45416"
  },
  {
    "review": "아! 내가 결혼 했다!!",
    "date": "15.07.31",
    "rating": "10",
    "author": "tylo****",
    "review_id": "10166853",
    "movie_id": "45416"
  },
  {
    "review": "와 이걸 축구랑 연관시키넼ㅋㅋ",
    "date": "15.07.31",
    "rating": "1",
    "author": "dlst****",
    "review_id": "10166531",
    "movie_id": "45416"
  },
  {
    "review": "아! 내가 결혼했다 야아 기분조타",
    "date": "15.07.31",
    "rating": "10",
    "author": "zotu****",
    "review_id": "10166229",
    "movie_id": "45416"
  },
  {
    "review": "남자들이 분노할 영화. 하지만 남녀 바람끼를 지닌 비율은 비슷하단걸 알까? 시대와 사회에 억눌린 일처다부제를 꿈꾸는 여자들은 조용히 열광할 영화.",
    "date": "15.07.27",
    "rating": "10",
    "author": "from****",
    "review_id": "10151867",
    "movie_id": "45416"
  },
  {
    "review": "이중적인 남자들의 사고방식과 이정도의 댓글과 평점이라니 ㅋㅋㅋㅋ사이다군그다지 센세이션하지도 놀랍지도안았소 연출과 스토리를 잘만들었순...하고 봤었는데",
    "date": "15.07.25",
    "rating": "10",
    "author": "dbwl****",
    "review_id": "10140584",
    "movie_id": "45416"
  },
  {
    "review": "이 세상 모든 여자는 남자와 손 붙잡고 길을 가다가도 스쳐지나는 그와 다른남자를 그윽한 눈길로 쳐다본다 여자란 그런 존재다 이 영화는 솔직하게 여자를 그렸을 뿐이다 쓰레기는 우리 주변에 있지않고 효자동 주변에 있다",
    "date": "15.07.21",
    "rating": "9",
    "author": "kang****",
    "review_id": "10125676",
    "movie_id": "45416"
  },
  {
    "review": "대부분의 나라에서 일부일처제를 강제하는 이유가 있다. 그리고 그것이 옳다. 다부다처제를 허용하다간 겉잡을 수 없다. 인간에겐 질서가 필요하다. 과거를 후회하지 않기 위해.",
    "date": "15.07.10",
    "rating": "2",
    "author": "leed****",
    "review_id": "10086474",
    "movie_id": "45416"
  },
  {
    "review": "영화가 이해되지 않는다고하시는 분들, 꼭 책을 읽으시길 바랍니다.",
    "date": "15.07.04",
    "rating": "10",
    "author": "fa_s****",
    "review_id": "10067829",
    "movie_id": "45416"
  },
  {
    "review": "생기발랄한 얼굴로 해맑은 척하는 퇴폐문란",
    "date": "15.07.04",
    "rating": "2",
    "author": "syoc****",
    "review_id": "10066637",
    "movie_id": "45416"
  },
  {
    "review": "보지마세요 시간 아까워요 ㅋ",
    "date": "15.06.11",
    "rating": "1",
    "author": "aozo****",
    "review_id": "9990228",
    "movie_id": "45416"
  },
  {
    "review": "왜케 평점이 낮지..전 재미있게봤어요사실 초반은 재미있는데 끝으로 갈 수록 내용이 산으로 가는듯합니다. 솔직히 한국 정서랑은 맞지 않지만.. 각자의 삶이있는듯, 각자의 사랑도 있는거라 생각이 듭니다.",
    "date": "15.06.05",
    "rating": "9",
    "author": "love****",
    "review_id": "9976960",
    "movie_id": "45416"
  },
  {
    "review": "사랑에 정해진 형태는 없다. 이 영화가 평점이 안좋은 이유는 자기네들의 사랑의 기준에 맞지 않기 때문이다. 마음을 열고 보면 아주 흥미로운 영화를 감상 할 수 있다. 자신의 사랑의 기준은 무엇인가 되짚으면서 보면 더욱 뜻 깊은 영화가 될 것이다",
    "date": "15.06.04",
    "rating": "10",
    "author": "kids****",
    "review_id": "9975234",
    "movie_id": "45416"
  },
  {
    "review": "정신이상자들이 공감할려나",
    "date": "15.06.04",
    "rating": "1",
    "author": "oh02****",
    "review_id": "9974374",
    "movie_id": "45416"
  },
  {
    "review": "아.. 머리아프다 보는내내 빡침",
    "date": "15.06.04",
    "rating": "2",
    "author": "jiwo****",
    "review_id": "9974285",
    "movie_id": "45416"
  },
  {
    "review": "감독 작가가 미처서 배우까지 싫어지게 만드는  영화0점은 없나?",
    "date": "15.06.04",
    "rating": "1",
    "author": "dbsw****",
    "review_id": "9974275",
    "movie_id": "45416"
  },
  {
    "review": "암걸린다. 손예진 주상욱 면상에 주먹을 꽂고 싶다.",
    "date": "15.06.04",
    "rating": "1",
    "author": "rlau****",
    "review_id": "9974267",
    "movie_id": "45416"
  },
  {
    "review": "진짜내가왜봤을까라는생각이드는영화",
    "date": "15.06.04",
    "rating": "1",
    "author": "baek****",
    "review_id": "9974216",
    "movie_id": "45416"
  },
  {
    "review": "난 이 영화... 좋았는데; '영화는 영화일 뿐' 이라는 흔한 잣대는 갑자기 어디로가고..다들 식당 할머니가 악역으로 나오는 배우 등짝 때리는 소리만 하는지?",
    "date": "15.05.21",
    "rating": "10",
    "author": "impi****",
    "review_id": "9935005",
    "movie_id": "45416"
  },
  {
    "review": "영화내용 진짜 이해가안됨... 근데 손예진너무이쁨ㅜㅜ감정이입해서 봤는데... 나였어도 그냥같이간다ㅜㅜ",
    "date": "15.05.19",
    "rating": "9",
    "author": "jhcs****",
    "review_id": "9931016",
    "movie_id": "45416"
  },
  {
    "review": "혈압올라서 끝까지못봄. 상대가싫다는데 본인이좋다고 이해만요구하는 이기적인여자. 양보와희생없이 하고싶은대로만할꺼먄 결혼안하는게 남인생에 피해안주는거다.",
    "date": "15.05.14",
    "rating": "1",
    "author": "wond****",
    "review_id": "9915417",
    "movie_id": "45416"
  },
  {
    "review": "재미있구만!!  난 공감되던데ㅋ",
    "date": "15.05.11",
    "rating": "10",
    "author": "iieu****",
    "review_id": "9911815",
    "movie_id": "45416"
  },
  {
    "review": "영화내용이 쓰레기라고 욕하며 고결한척 하는 사람들 중에 과연 연애중 마음속으로 다른사람을 욕망해보지 않은 사람이 한명이라도 있을까? 다만 사회적 시선때문에 표출하지 못할뿐이다 차라리 이 영화가 우리들 본질에 더 가깝다고 생각한다",
    "date": "15.04.20",
    "rating": "10",
    "author": "kkan****",
    "review_id": "9854456",
    "movie_id": "45416"
  },
  {
    "review": "영화 내용은 저런일 제목 그대로 남편이 있는 상태에서 사랑하는 사람이 또 생긴 부인이 현재남편에게 동의를 얻고 또 결혼을 하는 내용 그 과정에서 생기는 내용을 그린 영화 저런일 나에게도 생기면 어떨까? 하고 생각해 보지만 말도 안된다...",
    "date": "15.04.20",
    "rating": "6",
    "author": "with****",
    "review_id": "9854400",
    "movie_id": "45416"
  },
  {
    "review": "이거 판타지영화냐?  맙소사 ...뭘말하고싶은거냐 이건 여자도 공감이안가는 영화야...",
    "date": "15.04.20",
    "rating": "1",
    "author": "diei****",
    "review_id": "9854396",
    "movie_id": "45416"
  },
  {
    "review": "뭐지???뭐 이런 개 막장이 다 있는건지.. 아마 두 성별이 바뀌어져서 남자 하나에 여자 둘에 영화가 개봉되면 개봉이나 할 수 있으련지.... 이런것두 영화라구",
    "date": "15.04.20",
    "rating": "1",
    "author": "ocd0****",
    "review_id": "9854380",
    "movie_id": "45416"
  },
  {
    "review": "보는내내 기분이 더럽더라",
    "date": "15.04.20",
    "rating": "1",
    "author": "antp****",
    "review_id": "9854376",
    "movie_id": "45416"
  },
  {
    "review": "머냐 이 쓰레기 영화는..대한민국여자들이보면 큰일날영화임!안그래도 머리가 비어가는 대한민국 여자들인데!",
    "date": "15.04.20",
    "rating": "1",
    "author": "such****",
    "review_id": "9854333",
    "movie_id": "45416"
  },
  {
    "review": "내 아내가 결혼했다, 내 아내의 모든것두개의 영화의 연출력, 영화에서의 그림체 너무나도 마음에드는 제 인생 기억에 남아있는 영화입니다.마지막 경주에서 기차타고 따라가는 씬이 가장 기억에 남습니다. 감독님 차기작을 따로 찾을수 없어 아쉽네요.",
    "date": "15.04.14",
    "rating": "10",
    "author": "dlls****",
    "review_id": "9845166",
    "movie_id": "45416"
  },
  {
    "review": "너무나 충격적인 소재다. 분명 말이 안되는 이야긴데, 어느 순간 내가 김주혁이 되어 화내고 짜증내고, 붙잡고 애원하고 있더라.. 소재만으로 저평가 받기엔 영화의 참신한 재미와 과하지 않은 연출, 설득력 있는 연기가 너무나도 훌륭하지 않았나 싶다.",
    "date": "15.04.05",
    "rating": "9",
    "author": "ysjg****",
    "review_id": "9828589",
    "movie_id": "45416"
  },
  {
    "review": "뭐 이런 화딱지나는 영화가다있냐? 시간아깝다  미친영화 불륜의 정당화 ?연기하는 배우들이 꼴보기 싫을정도네 도저히 내 상식선에서 납득이안간다",
    "date": "15.03.25",
    "rating": "1",
    "author": "inkm****",
    "review_id": "9804155",
    "movie_id": "45416"
  },
  {
    "review": "글쎼 난 이런 색다른 관점의 영화도 있어야 된다고 생각하는데 별점들이 너무 짜네.. 영화 자체의 재미나 연출력은 좋은 편이다. 어이없는 배역을 그나마 사랑스럽게 만들어 주는 손예진 김주혁의 연기력도 괜찮은 편.어쨋든 5점보다는 높은 영화..",
    "date": "15.03.22",
    "rating": "8",
    "author": "like****",
    "review_id": "9798883",
    "movie_id": "45416"
  },
  {
    "review": "반전이 있을 거란 기대에 끝까지 봤건만 남은건 손예진 예쁘다",
    "date": "15.03.18",
    "rating": "1",
    "author": "daum****",
    "review_id": "9791434",
    "movie_id": "45416"
  },
  {
    "review": "여자친구랑 같이봤는데 저렇게 살고싶다고 한다..나는 어떻하나요...",
    "date": "15.03.14",
    "rating": "1",
    "author": "skyj****",
    "review_id": "9781706",
    "movie_id": "45416"
  },
  {
    "review": "영화보는 내내 무슨 이유가 있는줄알았다..사실 아픈거라 내색못하고 경주에서 치료중이라거나..진짜 끝까지 어이없어서 사람들 평가가 궁금했는데 나랑 똑같네..손예진은 예쁘나 역할이 정말..욕으로도 분이 안풀림.",
    "date": "15.03.12",
    "rating": "1",
    "author": "qwer****",
    "review_id": "9773603",
    "movie_id": "45416"
  },
  {
    "review": "기분좋은날봤다가 아열받아",
    "date": "15.03.10",
    "rating": "1",
    "author": "ludy****",
    "review_id": "9770576",
    "movie_id": "45416"
  },
  {
    "review": "결론부터 말하자면 재미는 별로 없다.국내 정서 아니 해외 정서에도 맞지 않을 발상이다. 하지만 한번 즈음 생각해볼 여지는 있는 발상이라고 생각한다. 1부 1처제의 틀에서만 생각하면 쓰레기라고 할 만하다.",
    "date": "15.03.08",
    "rating": "5",
    "author": "soyu****",
    "review_id": "9766007",
    "movie_id": "45416"
  },
  {
    "review": "마지막 작가남편의 \"한국축구는 모두가 하나되어 즐기지 못하잖아요. 적이 꼭 적인가?\" 이부분이 영화내용의 주제요약. 니편 내편 편가르고 내편이 아니면 냉혹하게 버리고 헐뜻는 사회를, 결혼이라는 다소 민감할수도 있는 주제로 풀어나가는 영화",
    "date": "15.02.28",
    "rating": "8",
    "author": "chap****",
    "review_id": "9747174",
    "movie_id": "45416"
  },
  {
    "review": "소재가  너무 독특하다.",
    "date": "15.02.25",
    "rating": "8",
    "author": "cnbe****",
    "review_id": "9736393",
    "movie_id": "45416"
  },
  {
    "review": "우리나라 예전부터 일부다처제 나라 아니엿나? 단지영화에서는 남자여자가 입장이 바뀐것뿐이다. 물론 주인아의 생각이 타당하다는것이 아니다.하지만 나는 이영화보면서 한편으론 여자입장에서 얼마나 속이 후련햇는지 모른다. 남자가 첩살이하는것과  뭐가다른가",
    "date": "15.02.24",
    "rating": "10",
    "author": "yund****",
    "review_id": "9734184",
    "movie_id": "45416"
  },
  {
    "review": "손예진이 짜증나는 영화는 처음 존나 ... 정신세계를 ....하... 말이 안나오고 이건 머리속에서 짜증 이란 단어밖에 생각안남 개빡쳐",
    "date": "15.02.16",
    "rating": "1",
    "author": "tnwl****",
    "review_id": "9701441",
    "movie_id": "45416"
  },
  {
    "review": "보면서 헛웃음 나오는영화ㅋㅋ이거 집필한 사람 백퍼 불륜경험 있는 새끼다",
    "date": "15.02.15",
    "rating": "1",
    "author": "jaey****",
    "review_id": "9698064",
    "movie_id": "45416"
  },
  {
    "review": "소재는 참신하지만 현실적으로 너무 불가능한 이야기라 공감하기 어렵다.",
    "date": "15.02.14",
    "rating": "5",
    "author": "sipj****",
    "review_id": "9693946",
    "movie_id": "45416"
  },
  {
    "review": "실제로 저렇게 받아주는 남자는 없겠지만.. 너 없이 못살아하는 사람이 있다면 그럴 수도 있을까? 현실적으로는 받아들이는게 아니라 아내를 죽일 확률이 높을 것 같다",
    "date": "15.02.11",
    "rating": "6",
    "author": "dkss****",
    "review_id": "9687746",
    "movie_id": "45416"
  },
  {
    "review": "..욕만나오는쓰레기영화",
    "date": "15.02.09",
    "rating": "1",
    "author": "nuna****",
    "review_id": "9681593",
    "movie_id": "45416"
  },
  {
    "review": "재밌었어요 발상이 독특하고. 하지만 저 역할은 오로지 손예진이기 때문에 가능한거겠죠ㅎㅎ",
    "date": "15.01.25",
    "rating": "10",
    "author": "kjh6****",
    "review_id": "9634012",
    "movie_id": "45416"
  },
  {
    "review": "무난하게 재미있게 봤는데. 현실성은 없지만 이해를 하려고 하면 이해도 되고. 결혼전부터의 여주의 성격이 나오고 그대로 영화가 진행되었다. 누구나 행복하지 않겠지만 불행하지도 않은 !",
    "date": "15.01.10",
    "rating": "6",
    "author": "hamm****",
    "review_id": "9579243",
    "movie_id": "45416"
  },
  {
    "review": "개같은 영화인데 재밌긴 하다.",
    "date": "15.01.10",
    "rating": "5",
    "author": "asdf****",
    "review_id": "9579011",
    "movie_id": "45416"
  },
  {
    "review": "왜 쓰레기이지? 감독의 상상력이  대단하다. 말도 안되는 이야기를 그럴싸하게 납득하게 말하는 손예진 캐릭터가 신비롭고 좋다.",
    "date": "15.01.02",
    "rating": "9",
    "author": "sage****",
    "review_id": "9552994",
    "movie_id": "45416"
  },
  {
    "review": "이런 암 유발 영화... 와... 아무리 영화라고하지만...",
    "date": "14.12.29",
    "rating": "1",
    "author": "myun****",
    "review_id": "9532737",
    "movie_id": "45416"
  },
  {
    "review": "ㅋㅋㅋ 1점준 사람중에  고귀한척 탈을쓴 이는과연 얼마나될까?",
    "date": "14.12.28",
    "rating": "10",
    "author": "suge****",
    "review_id": "9528182",
    "movie_id": "45416"
  },
  {
    "review": "원작소설 만큼이나 재미있게 봤음. 분통터지고 천불이 나지만 사랑하기에 공유할 수 밖에 없는 내 여자를 바라보는 남자의 입장을 잘 나타냄. 소재가 결혼이기에 말이 안된다 생각하지만 실제 연애에서도 무수히 발생할 수 있는 문제임.",
    "date": "14.12.26",
    "rating": "8",
    "author": "shou****",
    "review_id": "9519646",
    "movie_id": "45416"
  },
  {
    "review": "너무잔인한보면서 잔인한영화라고밖에는..쓰레기라고하면좋은것도아닌데 내용이재미없고 ..잔인하기만해 기분아주껄끄랏",
    "date": "14.12.09",
    "rating": "1",
    "author": "zxcv****",
    "review_id": "9459953",
    "movie_id": "45416"
  },
  {
    "review": "여기에나오는배역들다이해를못하겠네...끝까지본내가장하다",
    "date": "14.12.05",
    "rating": "1",
    "author": "xx41****",
    "review_id": "9447952",
    "movie_id": "45416"
  },
  {
    "review": "생각을 유연하게 해주네요~",
    "date": "14.12.04",
    "rating": "10",
    "author": "rapm****",
    "review_id": "9446567",
    "movie_id": "45416"
  },
  {
    "review": "왜 0점은 없는건가 ㅋㅋ 보는내내 인상쓰면서 봤다 손예진 까지 덩달아 싫어질 것 같음ㅠㅠ",
    "date": "14.12.03",
    "rating": "1",
    "author": "kill****",
    "review_id": "9443000",
    "movie_id": "45416"
  },
  {
    "review": "아무리 영화라고 하지만, 영화가 아무리 자유로운 포맷이라고 하지만 이건 한 마디로 쓰 ㄹ ㅔ 기다.",
    "date": "14.11.24",
    "rating": "1",
    "author": "1202****",
    "review_id": "9419157",
    "movie_id": "45416"
  },
  {
    "review": "쓰레기다 이 영화는... 버려라",
    "date": "14.11.23",
    "rating": "1",
    "author": "lott****",
    "review_id": "9413324",
    "movie_id": "45416"
  },
  {
    "review": "불편하지만 바람직하다.",
    "date": "14.11.09",
    "rating": "9",
    "author": "dawn****",
    "review_id": "9360748",
    "movie_id": "45416"
  },
  {
    "review": "원작은 더 이상함! 마초가 그린 일부다처.",
    "date": "14.11.06",
    "rating": "1",
    "author": "elle****",
    "review_id": "9344736",
    "movie_id": "45416"
  },
  {
    "review": "더럽다 이게 영화냐???",
    "date": "14.11.06",
    "rating": "1",
    "author": "j672****",
    "review_id": "9344369",
    "movie_id": "45416"
  },
  {
    "review": "최악의영화시간이아깝다",
    "date": "14.11.06",
    "rating": "1",
    "author": "yun7****",
    "review_id": "9344152",
    "movie_id": "45416"
  },
  {
    "review": "도발적인 영화. 자극적인 제목에 비해 의외로 담백하게 풀어낸 황당하지만 공감가는 그 갈등의 실타래. [클래식]때와 정반대의 지점에서, 손예진이란 배우의 매력을 잘 뽑아낸 작품. 이해하려 하지마라 그것조차 선입견과 편견일것이다.",
    "date": "14.10.29",
    "rating": "8",
    "author": "xnxl****",
    "review_id": "9326607",
    "movie_id": "45416"
  },
  {
    "review": "어렸을때볼땐 그냥 단순히 재미였는데 최근 다시보니 완전 이기주의 적반하장 합리화 등 짜증나는 영화 사고의 전환이 아니라 이건 그냥 이기주의 영화",
    "date": "14.10.26",
    "rating": "1",
    "author": "tkdg****",
    "review_id": "9319477",
    "movie_id": "45416"
  },
  {
    "review": "색감,남자주인공연기는 훌륭했다.하지만 상식선에있지않는 내용때문에 연기내공 빵빵한 주인공들이 관객에게 바람을 미화, 정당화시킨다는 느낌이 다른어떤 좋은점보다 크다. 다 보고 난뒤 불쾌감이드는 영화. 객관적으로 소재는 신선했고 영상미는 완성도 있었다.",
    "date": "14.10.25",
    "rating": "5",
    "author": "peb3****",
    "review_id": "9315395",
    "movie_id": "45416"
  },
  {
    "review": "이리저리해서 한 5번은 봤는데 볼때마다 이영화는 정말 잘만들었다는 생각이 들어요 연기도 좋고 영상미도 이쁘고 내용도 저는 잘각색한거 같아서 보기좋던데요 처음에는 김주혁씨한테 감정이입이 됬는데 보다보니까 손예진씨의 마음도 이해되던데영",
    "date": "14.10.18",
    "rating": "10",
    "author": "68_c****",
    "review_id": "9299234",
    "movie_id": "45416"
  },
  {
    "review": "쓰레기같음 1점도앜깝디ㅡ",
    "date": "14.10.11",
    "rating": "1",
    "author": "jeje****",
    "review_id": "9285403",
    "movie_id": "45416"
  },
  {
    "review": "보는 내내 이걸 설마 훈훈하게 마무리 하려나 했는데.. 진짜로...",
    "date": "14.10.09",
    "rating": "1",
    "author": "wsp0****",
    "review_id": "9276629",
    "movie_id": "45416"
  },
  {
    "review": "0점을 줄수 없는게 아쉬운 영화는 처음이다. 감독은 도데체 무엇을 말하고 싶었던 것인가? 사람이 개돼지 짐승들 처럼 사는 세상을 진보적이라 말하고 싶었던 것인가? 손예진이 왜 이런역을 흔쾌히 맡았는지 의문이다.",
    "date": "14.10.08",
    "rating": "1",
    "author": "ktsk****",
    "review_id": "9275581",
    "movie_id": "45416"
  },
  {
    "review": "이런새로운  개념...내가 사랑하고 싶은 사람들을 사랑하고싶어내가 실천할게아니라서 그냥 구경거리로는 흥미롭다사람들이 받아들이지못하는것도 이해한다영화가 상영할당시 난 미성년이었는데 그때 제목만보고도쓰레기라 했던 내가 생각난다ㅎㅎ",
    "date": "14.10.03",
    "rating": "5",
    "author": "jare****",
    "review_id": "9256954",
    "movie_id": "45416"
  },
  {
    "review": "더럽네 그네나 타고 보면 볼수 있을듯",
    "date": "14.09.18",
    "rating": "1",
    "author": "a948****",
    "review_id": "9222620",
    "movie_id": "45416"
  },
  {
    "review": "배우들연기만..5점..",
    "date": "14.09.13",
    "rating": "5",
    "author": "rfv9****",
    "review_id": "9210582",
    "movie_id": "45416"
  },
  {
    "review": "손예진이라서 좋았다. 다른 여배우였다면 글쎄..",
    "date": "14.09.12",
    "rating": "10",
    "author": "wbdj****",
    "review_id": "9206574",
    "movie_id": "45416"
  },
  {
    "review": "오랜만에 만난, 가슴이 먹먹해지는 영화. 원작이 따로 있는데 내용이 쓰레기라고 욕하는 사람들은 뭐지? 현실성 여부를 떠나서, 사랑에 대한 색다른 관점을 통해 현재의 나에 대해 고민해 볼 수 있어서 좋았다. Foolish Blues 들으면서 센티 씹는중",
    "date": "14.09.09",
    "rating": "10",
    "author": "lets****",
    "review_id": "9187873",
    "movie_id": "45416"
  },
  {
    "review": "정서 상 분노를 불러 오고 이해하기 어렵고 욕도 나온다. 하지만 언젠가 이런 영화를 이해하게 될 날이 올지 모른다. 이 영화는 도전이다.",
    "date": "14.09.06",
    "rating": "10",
    "author": "qlcn****",
    "review_id": "9172144",
    "movie_id": "45416"
  },
  {
    "review": "그녀가아니면누가저리완벽했을꼬",
    "date": "14.09.05",
    "rating": "10",
    "author": "koji****",
    "review_id": "9167776",
    "movie_id": "45416"
  },
  {
    "review": "너무재미없다 쓰레기같은 영화 쓰레기같은 내용",
    "date": "14.08.24",
    "rating": "1",
    "author": "suko****",
    "review_id": "9128997",
    "movie_id": "45416"
  },
  {
    "review": "내가하면 로맨스요 남이하면 불륜이니라",
    "date": "14.08.24",
    "rating": "1",
    "author": "hiro****",
    "review_id": "9127020",
    "movie_id": "45416"
  },
  {
    "review": "영화 보는 시간이 아까울 정도다. 쓰레기 어브 쓰레기 영화.",
    "date": "14.08.18",
    "rating": "1",
    "author": "skdl****",
    "review_id": "9107870",
    "movie_id": "45416"
  },
  {
    "review": "배우들이 아니면 보지않는게 상책인 영화 아무리 판타지라고 사랑이라고 포장은 하나 절대 말도 안되는소리연애는 둘이서 할지언정 결혼은 말도 안되는거 배우들에게는 미안하지만 정말 쓰레기 영화임",
    "date": "14.08.17",
    "rating": "1",
    "author": "flee****",
    "review_id": "9099933",
    "movie_id": "45416"
  },
  {
    "review": "예전에 보고 평점을 안남겼구나..",
    "date": "14.08.16",
    "rating": "7",
    "author": "wind****",
    "review_id": "9098137",
    "movie_id": "45416"
  },
  {
    "review": "정말 재미있음, 책과는 다른 결말.",
    "date": "14.08.13",
    "rating": "10",
    "author": "jhj9****",
    "review_id": "9078464",
    "movie_id": "45416"
  },
  {
    "review": "볼만한 쓰레기 ㅋㅋ내용이 속터짐",
    "date": "14.08.10",
    "rating": "5",
    "author": "leej****",
    "review_id": "9065061",
    "movie_id": "45416"
  },
  {
    "review": "누캄프 가고 싶다..연기는 참 좋다 다만 너무 현실성이..",
    "date": "14.08.03",
    "rating": "7",
    "author": "4529****",
    "review_id": "9014638",
    "movie_id": "45416"
  },
  {
    "review": "한국정서에는안맞지만신선한역발상...옛날남자들첩여럿두고살지않았나...중동은지금도그렇고...남자는되고여자는안된다는편견이문제..",
    "date": "14.07.31",
    "rating": "10",
    "author": "k991****",
    "review_id": "8994599",
    "movie_id": "45416"
  },
  {
    "review": "다른 건 난 모르겠고 시댁에 치여사는 나에겐양쪽 시댁 모두에게 경조사 다 챙기고 돌잔치 2번 한다는 자체가 대단하다고 생각했다. 시댁때문에 이혼생각 하고 있어서 그런지 두명 남편 준다해도 안해.",
    "date": "14.07.26",
    "rating": "10",
    "author": "mini****",
    "review_id": "8964768",
    "movie_id": "45416"
  },
  {
    "review": "유부녀로서 이 영화가 이해가 안된다. 공유할게 따로있지 어떻게 아내를 공유하지?..  작가도 감독도 멘탈에 이상있는듯.. 보는내내 사랑과전쟁보는줄 알아따. 짜증유발영화.",
    "date": "14.07.19",
    "rating": "1",
    "author": "uokm****",
    "review_id": "8929082",
    "movie_id": "45416"
  },
  {
    "review": "남편이 결혼했다 찍어보세요",
    "date": "14.07.15",
    "rating": "1",
    "author": "lemo****",
    "review_id": "8918109",
    "movie_id": "45416"
  },
  {
    "review": "근데 그거 알아요. 이거 원작소설 세계문학상 받음.",
    "date": "14.07.13",
    "rating": "6",
    "author": "huri****",
    "review_id": "8913587",
    "movie_id": "45416"
  },
  {
    "review": "한 마디로 쓰레기....남편이 한명 더 필요한 이유가 뭘까?  정신세계가 이상한 여주의 성격으로봐선 라스트씬에 3번째 남편이 생겨야  될것 같은데,  그건 아니네...이것도 아니고 저것도 아니고 그냥 두집 살림하는 여자와 정신질환 두 남자 이야기",
    "date": "14.07.12",
    "rating": "1",
    "author": "ch00****",
    "review_id": "8909762",
    "movie_id": "45416"
  },
  {
    "review": "빵점 짜리 저질  쓰레기 영화",
    "date": "14.07.04",
    "rating": "1",
    "author": "dlek****",
    "review_id": "8881931",
    "movie_id": "45416"
  },
  {
    "review": "ㅋㅋㅋ 아무리 구라를 치는 영화라지만, 이건 머 밑도 끝도 없음,,  그럴만한 상황설정도 없이 다짜고짜 결혼하겠다고 난리,, 이 무슨 개판인가",
    "date": "14.06.30",
    "rating": "1",
    "author": "fghy****",
    "review_id": "8870489",
    "movie_id": "45416"
  },
  {
    "review": "그냥 섹씬만 없는거지 그냥 저급 포르노영화..",
    "date": "14.06.28",
    "rating": "1",
    "author": "mgjs****",
    "review_id": "8864116",
    "movie_id": "45416"
  },
  {
    "review": "그냥  생각없이 보면 재밌던데 ㅋㅋㅋ 뭘 그렇게 진지하셔재밌어요 ㅋㅋ 신서하고 실화도 아니니까 뭐 ㅋㅋㅋ",
    "date": "14.06.27",
    "rating": "7",
    "author": "omsa****",
    "review_id": "8861986",
    "movie_id": "45416"
  }
]