[
  {
    "review": "의상이나 궁전 등 눈요깃거리로는 좋지만..이미 알려진 역사적 사실안에서 움직이기때문에 ㅡ그조차도 여기에선설명하지않고 건너뛴다.ㅡ 이야기를 기대했다면 굉장히 지루한 영화인듯..",
    "date": "15.08.22",
    "rating": "7",
    "author": "5fkd****",
    "review_id": "10261364",
    "movie_id": "45477"
  },
  {
    "review": "역사적 사실을 기반으로 하기 보다는 한 개인의 감성을 보여주고자 했다는 생각이 든다. 이게 다큐멘터리나 역사적 기록물이었다면 불편했겠지만, 영화니까 그래도...",
    "date": "15.06.19",
    "rating": "8",
    "author": "sckc****",
    "review_id": "10011053",
    "movie_id": "45477"
  },
  {
    "review": "당신은 당신이 만든 라임오렌지나무거릴보고 감탄하나요? ..아뇨,작별인사를 하고 있어요.. 헐..이건 너무 우스워요, 아뇨,이게 베르사유 방식입니다.. 빵이없으면 케익이나 먹으라지 라는 말 난 한적 없는뎅.. 커스틴 보다 실제 마리가 더 이쁠듯하다",
    "date": "15.06.07",
    "rating": "7",
    "author": "danz****",
    "review_id": "9983124",
    "movie_id": "45477"
  },
  {
    "review": "너무 재미있게 봤어요..!!^-^;",
    "date": "15.04.07",
    "rating": "10",
    "author": "ouji****",
    "review_id": "9833148",
    "movie_id": "45477"
  },
  {
    "review": "화려하구만. 여자들이 좋아할 영화네.",
    "date": "15.04.04",
    "rating": "7",
    "author": "newl****",
    "review_id": "9826553",
    "movie_id": "45477"
  },
  {
    "review": "눈말즐거워지는영화~",
    "date": "15.03.04",
    "rating": "6",
    "author": "xx41****",
    "review_id": "9755499",
    "movie_id": "45477"
  },
  {
    "review": "철부지 고등학생이 분수에 맞지 않는 프랑스 황후의 자리에 올라사치/ 도박/ 원나잇/ 헌팅/ 무능 등등그 것을 심각하게 표현하지 않고 음악과 영상미로 진부한 내용을 밝게 표현한듯. 서민입장에선 최악의 정치인. 하지만 마리입장에선 억지결혼.",
    "date": "15.02.28",
    "rating": "7",
    "author": "kppo****",
    "review_id": "9747364",
    "movie_id": "45477"
  },
  {
    "review": "이건 제목이 이름이듯 이 사람에 대해 알고싶어서 본 영화. 괜찮은듯. 하나하나 신경쓴거같고",
    "date": "15.02.26",
    "rating": "9",
    "author": "gpdh****",
    "review_id": "9741905",
    "movie_id": "45477"
  },
  {
    "review": "눈이 즐거운 영화. 다섯번은 본듯 ^^",
    "date": "15.02.20",
    "rating": "10",
    "author": "euns****",
    "review_id": "9719276",
    "movie_id": "45477"
  },
  {
    "review": "이거보면진짜로감동적이야",
    "date": "15.02.05",
    "rating": "10",
    "author": "alsg****",
    "review_id": "9669062",
    "movie_id": "45477"
  },
  {
    "review": "정말 화려한 유럽식 볼거리(궁전,화원,그릇,의상),지위에 관계없는 사랑에 관한 이야기, 마리앙투아는 외관상으로는 화려했지만 내면은 너무 외로운 여자. 좋은 즐감했네요.",
    "date": "15.01.20",
    "rating": "10",
    "author": "pmh5****",
    "review_id": "9616050",
    "movie_id": "45477"
  },
  {
    "review": "잔잔하면서도 깊은 영화",
    "date": "15.01.19",
    "rating": "10",
    "author": "chhr****",
    "review_id": "9613828",
    "movie_id": "45477"
  },
  {
    "review": "역사적이고 서사적인 관점이아닌 한사람의 일생을그리듯 만든 영화. 화려한 이미지로 궁전의 모습을 현실적으로 보여주고, 왕비의 사치스러운삶의 정당성에대한 변명의 시각으로 보여준다. 잘만들었다",
    "date": "15.01.14",
    "rating": "8",
    "author": "hyo0****",
    "review_id": "9591717",
    "movie_id": "45477"
  },
  {
    "review": "화려하기'만' 한 영화.",
    "date": "15.01.14",
    "rating": "4",
    "author": "cofl****",
    "review_id": "9591328",
    "movie_id": "45477"
  },
  {
    "review": "화려함만이 전부이다.",
    "date": "14.12.29",
    "rating": "7",
    "author": "yser****",
    "review_id": "9532441",
    "movie_id": "45477"
  },
  {
    "review": "드레스보려고튼영화.. 드레스넘좋아ㅎㅎ영화지루... 이영화가말해주려는느낌은 ... 일본애니베르사유의장미가더잘표현한듯...",
    "date": "14.12.21",
    "rating": "5",
    "author": "rudl****",
    "review_id": "9499165",
    "movie_id": "45477"
  },
  {
    "review": "뭐 어쩌라는건지...스토리가 생기다 맘",
    "date": "14.12.15",
    "rating": "3",
    "author": "bora****",
    "review_id": "9476858",
    "movie_id": "45477"
  },
  {
    "review": "영상미 말곤 별로... 루이16세의 다른 면모의 좀 놀랐다",
    "date": "14.11.21",
    "rating": "8",
    "author": "jang****",
    "review_id": "9408364",
    "movie_id": "45477"
  },
  {
    "review": "음.. 약간 화려한 인간극장..",
    "date": "14.11.17",
    "rating": "6",
    "author": "sang****",
    "review_id": "9396870",
    "movie_id": "45477"
  },
  {
    "review": "재밌다 커스틴던스트에게 몰입 됨.",
    "date": "14.10.27",
    "rating": "10",
    "author": "alsd****",
    "review_id": "9322479",
    "movie_id": "45477"
  },
  {
    "review": "엔도 슈사쿠가 쓴 '왕비 마리 앙투아네트' 책 읽고 이 영화 보니  이건 그냥 프랑스 드레스 입고 하이틴물 찍는 것처럼 보이네요-_-",
    "date": "14.10.13",
    "rating": "1",
    "author": "smil****",
    "review_id": "9290045",
    "movie_id": "45477"
  },
  {
    "review": "화려함이 내적인 갈증을 만족시켜주진 못한다. 큰 기대를 하지않고 미술적 관점으로 접근한다면 괜찮은 영화",
    "date": "14.09.22",
    "rating": "4",
    "author": "like****",
    "review_id": "9234322",
    "movie_id": "45477"
  },
  {
    "review": "화려한 외면으로 부실한 내면을 가린다. just like real history.",
    "date": "14.08.28",
    "rating": "6",
    "author": "tear****",
    "review_id": "9141992",
    "movie_id": "45477"
  },
  {
    "review": "미국 하이틴 로맨스를 보는 듯한 음악과 진행, 때깔 좋은 의상과 소품 등은 독특한 매력이 있지만 역사적으로 중요한 인물을 다루면서 캐릭터를 전혀 살리지 못한 점은 너무나 큰 흠이다.",
    "date": "14.07.25",
    "rating": "4",
    "author": "zxc1****",
    "review_id": "8958939",
    "movie_id": "45477"
  },
  {
    "review": "화려함 속에 감춰진 고독... 그녀에게 필요한 건 돈이 아닌 사랑과 이해",
    "date": "14.07.04",
    "rating": "6",
    "author": "yzak****",
    "review_id": "8883700",
    "movie_id": "45477"
  },
  {
    "review": "결국 여자들의 사치와 탑욕 때문에 나라가 망하고 왕실이 몰락하는구나 이래서 여자들은 안된다니깐",
    "date": "14.06.23",
    "rating": "7",
    "author": "kpor****",
    "review_id": "8849459",
    "movie_id": "45477"
  },
  {
    "review": "한장면 한장면이 정말 이쁜영화.",
    "date": "14.06.14",
    "rating": "10",
    "author": "0430****",
    "review_id": "8827913",
    "movie_id": "45477"
  },
  {
    "review": "마리 앙투와네트의 진짜 이야기에 집중한 영화. 영화적인 반전이나 스릴을 바라고 보는거라면 ㄴㄴ 정말 그 당시의 모습을 현실감있게 그려내서 완성도는 굿!!",
    "date": "14.05.02",
    "rating": "8",
    "author": "mkmk****",
    "review_id": "8691209",
    "movie_id": "45477"
  },
  {
    "review": "정말 눈은 즐거웠지만 스토리가 부족한거같다 마지막에 끝났을땐 .. 뭐지?라고 느꼈던 영화",
    "date": "14.03.23",
    "rating": "7",
    "author": "dora****",
    "review_id": "8598445",
    "movie_id": "45477"
  },
  {
    "review": "영상미는 대단하다고 할 수 있지만 스토리가 너무 빈약한 영화. 초점을 당연히 역사적 의미에 맞춘 것 같지는 않고, 마리 앙투아네트 개인의 삶에 초점을 맞춘 것 같으나 그 또한 아쉽다. 수박 겉핥기 식의 보여주기는 그녀의 삶보다는 화려함에 집중되게 한다",
    "date": "14.03.19",
    "rating": "7",
    "author": "whdo****",
    "review_id": "8587877",
    "movie_id": "45477"
  },
  {
    "review": "뭘 말하고 싶은건지 애매한 영화.. 소품만 볼만했다.",
    "date": "14.02.23",
    "rating": "3",
    "author": "pora****",
    "review_id": "8532864",
    "movie_id": "45477"
  },
  {
    "review": "마리 앙트와네트도 그저 평범한 여자였음을",
    "date": "14.02.09",
    "rating": "8",
    "author": "sylo****",
    "review_id": "8494089",
    "movie_id": "45477"
  },
  {
    "review": "그시대 문화와 미로 승부하는 영화. 소품의상배경색감은 정말 예쁘다 그 쪽에 중점뒀으니 스토리나 감정이 약한건 괜찮은게 흐름도없고 주인공의 상황이나 감정을 그냥 겉핥기함 배우들얼굴이 시대나 역할에 안맞아서 비쥬얼도 백점 아님 오로지 소품배경으로 2점",
    "date": "14.02.08",
    "rating": "2",
    "author": "to_p****",
    "review_id": "8487575",
    "movie_id": "45477"
  },
  {
    "review": "그냥 포스터만 보고서 영화를 보았는데 정말 눈만즐겁네요.. 좀 아쉽고 스토리도 뭔가 하다말은것같은 느낌???",
    "date": "14.02.03",
    "rating": "3",
    "author": "shn0****",
    "review_id": "8471082",
    "movie_id": "45477"
  },
  {
    "review": "스토리의 깊이가 얕아서, 영화를 보고 있음에도 불구하고, 그림을 감상하는 기분이 들었다. 우리가 흔히 아는 역사의 이면을 좀 더 깊게 파고들거나, 혹은 완전히 색다르게 각색했다면 어땠을까 하는 아쉬움이 남는다.",
    "date": "14.01.21",
    "rating": "7",
    "author": "dubu****",
    "review_id": "8408456",
    "movie_id": "45477"
  },
  {
    "review": "눈은 호사스럽고 달콤한 캔디 향에 코와 혀가 녹아내릴 것 같으나, 그 속에 숨어 있던 쓰디쓴 운명의 맛. 역사의 흐름 속에서 제 역할을 알지 못하는 자, 심판 받게 되리라.",
    "date": "14.01.20",
    "rating": "7",
    "author": "cksn****",
    "review_id": "8402142",
    "movie_id": "45477"
  },
  {
    "review": "연기라든지 스토리라든지 상관 없다. '색감'이 정말 예쁨보잘 것 없는 장면에서도 드레스와 머리색,악세사리,메이크업,배경과 커텐,가구와 음식,조명까지도 섬세하게 신경쓴듯.나처럼 아름다운것에 목마른 사람들에겐 매우 특별한 영화일듯 싶다.",
    "date": "14.01.12",
    "rating": "10",
    "author": "dkzk****",
    "review_id": "8372817",
    "movie_id": "45477"
  },
  {
    "review": "눈은 되게 즐거운 영화. 영상 때문에 내용을 잊게 된다",
    "date": "13.12.03",
    "rating": "7",
    "author": "rnr1****",
    "review_id": "8187115",
    "movie_id": "45477"
  },
  {
    "review": "남주별로에요여주도좀어색한부분이많은거같애요",
    "date": "13.11.10",
    "rating": "4",
    "author": "jmj_****",
    "review_id": "8128875",
    "movie_id": "45477"
  },
  {
    "review": "비주얼 적인 면에서는 10점 만점에 10점 커스틴 던스트의 연기도 나쁘지 않지만 아무래도 스토리가 역사적인 내용을 바탕으로 하다보니 진부",
    "date": "13.10.31",
    "rating": "8",
    "author": "jooa****",
    "review_id": "8105611",
    "movie_id": "45477"
  },
  {
    "review": "아무리 주인공의 매력과 영상미가 영화고르는데 중요한 나지만 이 영화 맘에안든다 정말 철없고 멍청한 여자애가 왕비가 됬었구나하는 생각뿐 모든걸 있는그대로나열할뿐 제작하면서 시청각적 아름다움 외엔 별생각없었는듯  모르는게죄인데 비난은커녕 옹호하려는의도인지",
    "date": "13.10.01",
    "rating": "4",
    "author": "jinj****",
    "review_id": "8024859",
    "movie_id": "45477"
  },
  {
    "review": "화려한 영상으로만 가득",
    "date": "13.09.15",
    "rating": "6",
    "author": "kamj****",
    "review_id": "7984001",
    "movie_id": "45477"
  },
  {
    "review": "미술때문에 8점.",
    "date": "13.08.25",
    "rating": "8",
    "author": "hert****",
    "review_id": "7922764",
    "movie_id": "45477"
  },
  {
    "review": "뭘 말하는 영화인지 소품에 신경쓴만큼 너용에도 신경썻다면 좋았을듯 개망작",
    "date": "13.08.22",
    "rating": "1",
    "author": "jjun****",
    "review_id": "7911418",
    "movie_id": "45477"
  },
  {
    "review": "마리 앙투와네트가지고 이정도 영화밖에 못 만드나?? 물론 실제인물이 그리 미녀가 아니란 말도 있지만 좀 더 이쁜 주인공을 썼으면 좋았을걸!!",
    "date": "13.07.20",
    "rating": "3",
    "author": "sinj****",
    "review_id": "7765528",
    "movie_id": "45477"
  },
  {
    "review": "배경,색감 그리고 의상 등 너무좋은데 ..스토리가짜짱하지못하단것이단점,,",
    "date": "13.07.14",
    "rating": "7",
    "author": "and0****",
    "review_id": "7743007",
    "movie_id": "45477"
  },
  {
    "review": "번역이 참...",
    "date": "13.07.02",
    "rating": "4",
    "author": "song****",
    "review_id": "7697522",
    "movie_id": "45477"
  },
  {
    "review": "눈 정화됨...",
    "date": "13.06.29",
    "rating": "7",
    "author": "jj68****",
    "review_id": "7689970",
    "movie_id": "45477"
  },
  {
    "review": "여자가 보기엔 눈이 즐거운 영화. 그 이상도 이하도아닌. 사실상 캐릭터의 내적 표현은 부족한것같다.",
    "date": "13.06.13",
    "rating": "7",
    "author": "yerm****",
    "review_id": "7634975",
    "movie_id": "45477"
  },
  {
    "review": "어디까지나 미학적 관점에서 조명한 마리앙투아네트의 삶. 혁명의 역사가 아닌 미학이나 궁정생활사에 관심있었던 사람이라면 만족할만하다. 감독이 조명코자 한 부분이 역사의 흐름이 아니기 때문에 그만으로 충분하다고 느껴진다.",
    "date": "13.06.09",
    "rating": "8",
    "author": "yooj****",
    "review_id": "7614839",
    "movie_id": "45477"
  },
  {
    "review": "의상,배경등이 화려하고 잘 표현된데반해, 스토리도 별로고 마리앙투아네트의 심정을 잘 표현하지는 못한것같네요",
    "date": "13.04.15",
    "rating": "4",
    "author": "magi****",
    "review_id": "7461790",
    "movie_id": "45477"
  },
  {
    "review": "최대한 요즘 여자애들에게 공감을 불러 일으키려고 한 것 같다. 골빈 악녀도 비극의 성녀도 아닌 현대의 멋내는거 좋아하는 좀 노는 여자애들과 똑같은 사람이었다는 걸 보여주려고 한 것 같다.(종종 나오는 락 음악 같은걸 보면) 현대인의 눈으로 봐라 이런?",
    "date": "13.04.12",
    "rating": "9",
    "author": "tkrl****",
    "review_id": "7453181",
    "movie_id": "45477"
  },
  {
    "review": "커스틴 때문에 좋겠다",
    "date": "13.03.22",
    "rating": "10",
    "author": "shis****",
    "review_id": "7393226",
    "movie_id": "45477"
  },
  {
    "review": "외국 영화 중 영상미가 뛰어난 영화인 것 같아요. 의상이나 소품도 보는내내 눈이 즐거웠어요. 그래서 아카데미식에서 의상상을 받았나봐요. 그 시대의 프랑스혁명을 비롯한 역사 위주라기보단 앙투아네트를 중점한 소녀의 감성같은 인생을 보여주는 것 같네요.",
    "date": "13.03.20",
    "rating": "10",
    "author": "i_05****",
    "review_id": "7380744",
    "movie_id": "45477"
  },
  {
    "review": "미스캐스팅에 연기가 좀 안좋다",
    "date": "13.02.21",
    "rating": "1",
    "author": "mey4****",
    "review_id": "7286619",
    "movie_id": "45477"
  },
  {
    "review": "내용은 별고 없어도 영상이 좋움",
    "date": "13.02.04",
    "rating": "10",
    "author": "smar****",
    "review_id": "7224916",
    "movie_id": "45477"
  },
  {
    "review": "완전 졸작이다",
    "date": "13.01.31",
    "rating": "1",
    "author": "shsh****",
    "review_id": "7203067",
    "movie_id": "45477"
  },
  {
    "review": "영화계의 손에 꼽을 미스 캐스팅..",
    "date": "13.01.20",
    "rating": "1",
    "author": "rein****",
    "review_id": "7138563",
    "movie_id": "45477"
  },
  {
    "review": "내용이나 연출은 사실 좀 지루했지만, 눈이 너무너무 즐거운 영화. 상당히 중립적인 시선으로 바라본 이 영화를 통해서 마리 앙투아네트에 대한 오해도 조금 풀렸다. 영화보고나서 프랑스 역사에 대해 알아봄..",
    "date": "13.01.13",
    "rating": "9",
    "author": "moon****",
    "review_id": "7108483",
    "movie_id": "45477"
  },
  {
    "review": "마리앙투와네트 에 대한 역사적 내용에 대한 고증 보다는 한 여자, 인간 으로 서의 모습과 생애를 충실히 담으려 했던 영화.무엇보다도 영상미와 현대의 10대 소녀들에게 어울리는 락 음악들을 곳곳에 배치시킨 센스감이 돋보인 영화.",
    "date": "12.12.16",
    "rating": "8",
    "author": "ksi7****",
    "review_id": "7011022",
    "movie_id": "45477"
  },
  {
    "review": "소품과 의상에 쓰인 노력만큼 앙투아네트의 삶과 내면에 신경을 썼더라면",
    "date": "12.12.07",
    "rating": "7",
    "author": "hdso****",
    "review_id": "6982395",
    "movie_id": "45477"
  },
  {
    "review": "소피아  코폴라..<대부 3>에서 알파치노의 명연기에 집중 할 수 없을  정도의 그 희대의 발연기자....여기서  이렇게 연출을 하고 있었군요....ㅡ.ㅡ",
    "date": "12.12.06",
    "rating": "3",
    "author": "rnjs****",
    "review_id": "6976655",
    "movie_id": "45477"
  },
  {
    "review": "너무 낮은 평점 때문에 10점줌 알바들 왤케 많냐 이성적으로 평가좀;;",
    "date": "12.12.03",
    "rating": "10",
    "author": "adc6****",
    "review_id": "6966268",
    "movie_id": "45477"
  },
  {
    "review": "지나친 생략으로 인한 내용단절과 보여주기에 치중한 나머지 지루해지는 단점이 너무 크다ㅣ.",
    "date": "12.12.02",
    "rating": "2",
    "author": "jiyu****",
    "review_id": "6958844",
    "movie_id": "45477"
  },
  {
    "review": "왕비의 개인사를 보여 준 영화. 빵 없으면 케익 먹으라고 한 건 사람들이 지어낸 말이라는데 어쨌든..색감, 소품, 분위기가 굉장히 예쁘고 아기자기하다.",
    "date": "12.11.30",
    "rating": "10",
    "author": "carp****",
    "review_id": "6946720",
    "movie_id": "45477"
  },
  {
    "review": "이거 의미가 뭘까?",
    "date": "12.11.01",
    "rating": "1",
    "author": "sh15****",
    "review_id": "6841721",
    "movie_id": "45477"
  },
  {
    "review": "마리 앙투아네트에 대해 감독은 뭘 말하고 싶었는가?",
    "date": "12.10.01",
    "rating": "5",
    "author": "ouic****",
    "review_id": "6749989",
    "movie_id": "45477"
  },
  {
    "review": "지루하고 졸작",
    "date": "12.09.21",
    "rating": "1",
    "author": "iiii****",
    "review_id": "6717656",
    "movie_id": "45477"
  },
  {
    "review": "이건뭐죠..뭘 이야기하는거죠..ㅠㅠ",
    "date": "12.09.17",
    "rating": "5",
    "author": "lala****",
    "review_id": "6708532",
    "movie_id": "45477"
  },
  {
    "review": "저는 상당히 좋게 봤는데 평점이 안  좋네요... 평소 생각했던 마리 앙투아네트의 이미지와는 다른 모습을 봐서 좋았습니다. 그리고 키얼스틴이 천진난만한  어린 황태자비를  참 잘 연기했다는 생각이 들었습니다.",
    "date": "12.09.09",
    "rating": "10",
    "author": "read****",
    "review_id": "6681606",
    "movie_id": "45477"
  },
  {
    "review": "혁명전야의 격동의 시기, 뭘 끼워넣어도 흥미로울 시대와 인물들을 가지고 이리도 지루하게 표현하다니..'.천일의 스캔들'에서 맞본 연민의 정같은 것 조차 못느낄 정도의 평범했던 마리의 일생.",
    "date": "12.09.01",
    "rating": "5",
    "author": "kony****",
    "review_id": "6661987",
    "movie_id": "45477"
  },
  {
    "review": "섬세함을 요하는 영화 인데 섬세함이 없는 영화;;",
    "date": "12.08.19",
    "rating": "4",
    "author": "c_k1****",
    "review_id": "6627206",
    "movie_id": "45477"
  },
  {
    "review": "개 졸작",
    "date": "12.08.01",
    "rating": "1",
    "author": "tcp0****",
    "review_id": "6560732",
    "movie_id": "45477"
  },
  {
    "review": "이 영화는 패션을 위한 영화인가? 마리앙투아네트의 여왕으로서의 삶을 이렇게 지루하게 보여줄 수 있다는 것에 감탄할 따름이다! 안타깝고 안타까운 영화. 차라리 <다세포소녀>가 미덕으로 보일 정도.",
    "date": "12.07.26",
    "rating": "1",
    "author": "chi1****",
    "review_id": "6535062",
    "movie_id": "45477"
  },
  {
    "review": "너무 재미없는 구성에 보면서 도대체 뭐하자는 영화인지 인내하면서 끝까지 보고는 화가 나서 평점까지 주고 있네... 이 멋진 배경에 의상에 이런 내용이라니, 속빈 강정이다.",
    "date": "12.07.17",
    "rating": "1",
    "author": "viva****",
    "review_id": "6488441",
    "movie_id": "45477"
  },
  {
    "review": "의상들과 배경만 본다면 만점짜리 영화",
    "date": "12.07.16",
    "rating": "6",
    "author": "fash****",
    "review_id": "6486405",
    "movie_id": "45477"
  },
  {
    "review": "영상은 아름답다.",
    "date": "12.06.19",
    "rating": "2",
    "author": "hoi1****",
    "review_id": "6401710",
    "movie_id": "45477"
  },
  {
    "review": "마리앙투아네트에게 공감할 수 있는영화",
    "date": "12.05.19",
    "rating": "9",
    "author": "zkdk****",
    "review_id": "6313155",
    "movie_id": "45477"
  },
  {
    "review": "당신이 어느 문화권이냐에 따라, 이 영화는 수작이 되거나 졸작이 되거나.",
    "date": "12.05.10",
    "rating": "10",
    "author": "asws****",
    "review_id": "6287493",
    "movie_id": "45477"
  },
  {
    "review": "화려하듯 쓸쓸한 베르사유의 황혼. 마리는 그럴 수 밖에 없었음에 수긍이 간다..",
    "date": "12.05.02",
    "rating": "9",
    "author": "best****",
    "review_id": "6264456",
    "movie_id": "45477"
  },
  {
    "review": "이 영화는 수작중의 수작이지만, 서구문화에 대해 아는 바가 없는 사람들은 모른다.",
    "date": "12.04.28",
    "rating": "10",
    "author": "lovg****",
    "review_id": "6253697",
    "movie_id": "45477"
  },
  {
    "review": "화려함의 극치를 보다~근데 내가 뭘봤지? 으응? 소피아코폴라였다고?",
    "date": "12.04.16",
    "rating": "4",
    "author": "whia****",
    "review_id": "6225195",
    "movie_id": "45477"
  },
  {
    "review": "이건 무슨 하이틴 영화도 아니고..",
    "date": "12.04.11",
    "rating": "2",
    "author": "forz****",
    "review_id": "6209085",
    "movie_id": "45477"
  },
  {
    "review": "나는 본다 로코코를. 그 이외는 없다.",
    "date": "12.04.02",
    "rating": "3",
    "author": "janu****",
    "review_id": "6188182",
    "movie_id": "45477"
  },
  {
    "review": "'순진한 아가씨'가 나오는 순수한 영화",
    "date": "12.03.08",
    "rating": "10",
    "author": "farf****",
    "review_id": "6130851",
    "movie_id": "45477"
  },
  {
    "review": "역사적인 마리 앙투아네트가 아닌 여자 마리앙투아네트를 보여준 영화라고 봅니다.",
    "date": "12.02.26",
    "rating": "9",
    "author": "gloo****",
    "review_id": "6104816",
    "movie_id": "45477"
  },
  {
    "review": "눈만 즐겁고 예술성이나 깊은 뜻은 감독이 말아 먹은 것 같은 영화.",
    "date": "12.02.21",
    "rating": "5",
    "author": "gotk****",
    "review_id": "6094136",
    "movie_id": "45477"
  },
  {
    "review": "차라리 좀 더 사실적으로 표현했으면 음악이 기괴하고 특별하게 들렸을지도...",
    "date": "12.02.06",
    "rating": "5",
    "author": "quex****",
    "review_id": "6055367",
    "movie_id": "45477"
  },
  {
    "review": "생각보다 너무 달콤한영화 난 인물묘사도 충분히 되었다고 생각하는데",
    "date": "12.01.25",
    "rating": "9",
    "author": "gmld****",
    "review_id": "6021260",
    "movie_id": "45477"
  },
  {
    "review": "평점이 너무 낮길래 기대 안하고 봤는데 생각보다 재밌음",
    "date": "12.01.21",
    "rating": "10",
    "author": "non_****",
    "review_id": "6005994",
    "movie_id": "45477"
  },
  {
    "review": "생각도 없고 깊이도 없고 진정성도 없고... 어떻게든 그림이나 잘찍으려 안달복달",
    "date": "12.01.16",
    "rating": "1",
    "author": "asov****",
    "review_id": "5988965",
    "movie_id": "45477"
  },
  {
    "review": "모욕감까지 느껴지는 쓰레기영화. 아무리 프란시스 코폴라의 딸이라도 용서할수 없다",
    "date": "12.01.16",
    "rating": "1",
    "author": "whit****",
    "review_id": "5988958",
    "movie_id": "45477"
  },
  {
    "review": "전기 영화가 재밌는 경우가 손에 꼽긴하지만.. 정말 심하다.",
    "date": "12.01.12",
    "rating": "1",
    "author": "adn3****",
    "review_id": "5980555",
    "movie_id": "45477"
  },
  {
    "review": "Very good!",
    "date": "11.11.21",
    "rating": "9",
    "author": "nost****",
    "review_id": "5864446",
    "movie_id": "45477"
  },
  {
    "review": "화려한 베르사유궁과 드레스며 장신구며 블링블링한게많네요.눈요기하기 좋음",
    "date": "11.09.04",
    "rating": "8",
    "author": "anna****",
    "review_id": "5707249",
    "movie_id": "45477"
  },
  {
    "review": "전 중세시대에 관심이 잇어서 여러번 봐왔는데 볼거리가 많아 좋은영화같습니다.",
    "date": "11.08.28",
    "rating": "9",
    "author": "lsm0****",
    "review_id": "5693670",
    "movie_id": "45477"
  },
  {
    "review": "실망 실망...영상, 음악(ost), 연기 등 어느것 하나 맘에 들지 않았던 영화.",
    "date": "11.08.21",
    "rating": "1",
    "author": "ubch****",
    "review_id": "5676146",
    "movie_id": "45477"
  },
  {
    "review": "너무 희극적으로만 각색된 슬픈역사",
    "date": "11.07.20",
    "rating": "6",
    "author": "kth3****",
    "review_id": "5556484",
    "movie_id": "45477"
  },
  {
    "review": "여자라면 볼만한 영화...의상,배경,스토리 저는 재밌게봤네요",
    "date": "11.06.20",
    "rating": "9",
    "author": "mina****",
    "review_id": "5490953",
    "movie_id": "45477"
  },
  {
    "review": "날 졸게만든 영화는 처음..영상미가 좋았다고 해도 내용은 정말 최악이었다",
    "date": "11.06.09",
    "rating": "4",
    "author": "sims****",
    "review_id": "5473348",
    "movie_id": "45477"
  }
]