[
  {
    "review": "공감되는 내용...  주인공들 연기도 좋았어요...",
    "date": "15.04.24",
    "rating": "8",
    "author": "smpt****",
    "review_id": "9862270",
    "movie_id": "45491"
  },
  {
    "review": "어딘가 모르게 유치해서 아쉽다. 공감 팍팍 오는 30대들만의 그 어떤 스토리를 기대했는데,",
    "date": "14.12.30",
    "rating": "4",
    "author": "kill****",
    "review_id": "9536929",
    "movie_id": "45491"
  },
  {
    "review": "휴일에 부담없이 볼 수 있는 잔잔한 영화",
    "date": "14.11.21",
    "rating": "9",
    "author": "jyn8****",
    "review_id": "9405834",
    "movie_id": "45491"
  },
  {
    "review": "결말은 별로고 일단 현실을 직시하라고 그런 대사가 나오는데 참 와닿는다..",
    "date": "14.06.27",
    "rating": "6",
    "author": "kyn9****",
    "review_id": "8861226",
    "movie_id": "45491"
  },
  {
    "review": "현실을 너무 닮아 영화를 본것같지않은 기분. 잘봤습니다",
    "date": "14.06.16",
    "rating": "8",
    "author": "actm****",
    "review_id": "8834558",
    "movie_id": "45491"
  },
  {
    "review": "그래 인생 뭐 있나~ 즐기면서 살아야쥐~",
    "date": "14.05.04",
    "rating": "6",
    "author": "mirj****",
    "review_id": "8699801",
    "movie_id": "45491"
  },
  {
    "review": "재밌게 봤다. 배우들 참 적재적소에 캐스팅 하셨네.. 김준성이란 배우를 발견한 영화.",
    "date": "13.11.01",
    "rating": "8",
    "author": "come****",
    "review_id": "8106286",
    "movie_id": "45491"
  },
  {
    "review": "역시 여자감독이 쓰는 여자란 너무나도 현실적이며 공감적이다",
    "date": "13.04.03",
    "rating": "10",
    "author": "nd33****",
    "review_id": "7431539",
    "movie_id": "45491"
  },
  {
    "review": "난 23세 남자지만 이게 현실이다 감독 너무솔찍해서 당황스럽네요 물론그렇지안을남자도 있다...고 믿고싶겠죠? 남자는 여자가 의지하면 할수록 그 책임감을 말할수없죠 여성님들 자신의능력을 기르셔야합니다 올인하는순간 남자의마음은 떠나니깐요",
    "date": "13.03.26",
    "rating": "9",
    "author": "awkj****",
    "review_id": "7412415",
    "movie_id": "45491"
  },
  {
    "review": "극장에서 봤는데 또 찾게되는 영화입니다. 공감.",
    "date": "13.02.28",
    "rating": "9",
    "author": "hell****",
    "review_id": "7311549",
    "movie_id": "45491"
  },
  {
    "review": "이미연 19 금영화에 쓴다는 자체가 잘못된거야 노출도 별로 없을거 같네",
    "date": "12.12.19",
    "rating": "1",
    "author": "junh****",
    "review_id": "7017066",
    "movie_id": "45491"
  },
  {
    "review": "tv로보는데 전기세가 아깝더라",
    "date": "12.10.11",
    "rating": "1",
    "author": "ske4****",
    "review_id": "6781859",
    "movie_id": "45491"
  },
  {
    "review": "처음에,섹스가,어쩌고 대사칠때,내레이터인 이미연도 쑥스럽고,쪽팔려서,발음이 꼬임.그게 너무나 웃김.차라리 대사를 치지 말든가...이미연을 쓰지 말든가...이태란은 물고기가 물을 만났네.그랴~까진년역할에 이토록 적역이라니...언니?메릴 스트립같애(웃음)",
    "date": "12.10.11",
    "rating": "2",
    "author": "baks****",
    "review_id": "6781438",
    "movie_id": "45491"
  },
  {
    "review": "별루 공감이 안간다.그다지 재미도없고..",
    "date": "12.08.15",
    "rating": "6",
    "author": "a109****",
    "review_id": "6608378",
    "movie_id": "45491"
  },
  {
    "review": "보는 내내 공감. 이미연과 그 남자 사이의 관계 얘기가 좀 흐지부지 끝난거랑 마르코얘기가 너무 뜬금없이 나와 거슬리긴했지만. 괜찮은 시도. 좋은영화인건 분명. 흥행 실패한건 남자들이 좋아하지않을영화라서...",
    "date": "12.07.02",
    "rating": "10",
    "author": "suea****",
    "review_id": "6438128",
    "movie_id": "45491"
  },
  {
    "review": "남자들 보지 마세요 전라 안나옴",
    "date": "12.04.06",
    "rating": "1",
    "author": "mey4****",
    "review_id": "6196629",
    "movie_id": "45491"
  },
  {
    "review": "오래전 보려던 영화가 시간대가 맞지 않아 우연히 보게 되었던 영화. 추천!!",
    "date": "11.11.10",
    "rating": "9",
    "author": "mylo****",
    "review_id": "5839584",
    "movie_id": "45491"
  },
  {
    "review": "케이블에서 우연히 봤는데 생각보다 재밌었음",
    "date": "11.03.09",
    "rating": "7",
    "author": "rudd****",
    "review_id": "5302213",
    "movie_id": "45491"
  },
  {
    "review": "좋은데",
    "date": "11.02.18",
    "rating": "10",
    "author": "mr_b****",
    "review_id": "5253252",
    "movie_id": "45491"
  },
  {
    "review": "20대 후반되어 가장 먼저 든 후회는 ' 많은 연애를 해보지 못한 것'이었다.",
    "date": "11.01.31",
    "rating": "9",
    "author": "hyde****",
    "review_id": "5199370",
    "movie_id": "45491"
  },
  {
    "review": "평점 왜이리낮지...이런사랑도 저런사랑도...그리고 유부남은 아니다!!",
    "date": "10.11.18",
    "rating": "8",
    "author": "7jag****",
    "review_id": "4969934",
    "movie_id": "45491"
  },
  {
    "review": "만들어지는 영화가 매번 명작일수는 있나, 같은 여자로써 괜찮게 볼만한 영화",
    "date": "10.09.13",
    "rating": "10",
    "author": "red_****",
    "review_id": "4833502",
    "movie_id": "45491"
  },
  {
    "review": ".....현실적이면서도 지루하지가않다",
    "date": "10.07.02",
    "rating": "10",
    "author": "ssal****",
    "review_id": "4604390",
    "movie_id": "45491"
  },
  {
    "review": "청소년불가인데 늙은여배우들이 벗지도 않아 그러니까 망하지",
    "date": "10.05.03",
    "rating": "1",
    "author": "mizi****",
    "review_id": "4474220",
    "movie_id": "45491"
  },
  {
    "review": "두 여자의 이야기...공감대 그 이상의 뭔가를 기대한다는 것이 우습다....",
    "date": "10.04.13",
    "rating": "6",
    "author": "nsbn****",
    "review_id": "4431213",
    "movie_id": "45491"
  },
  {
    "review": "20대 후반 여성분들은 꽤 재밌게 볼 듯. 8점!!",
    "date": "10.02.22",
    "rating": "8",
    "author": "cele****",
    "review_id": "4308232",
    "movie_id": "45491"
  },
  {
    "review": "좋네요..",
    "date": "10.01.08",
    "rating": "10",
    "author": "roda****",
    "review_id": "4148018",
    "movie_id": "45491"
  },
  {
    "review": "공감대 형성이나 몰입감, 재미 모든면에서 부족한부분이 많이 보였다..",
    "date": "09.11.04",
    "rating": "6",
    "author": "wind****",
    "review_id": "3936735",
    "movie_id": "45491"
  },
  {
    "review": "원작을 전혀 살리지 못했다.",
    "date": "09.11.01",
    "rating": "3",
    "author": "lina****",
    "review_id": "3930136",
    "movie_id": "45491"
  },
  {
    "review": "진짜 재미있다....",
    "date": "09.10.30",
    "rating": "10",
    "author": "tmdd****",
    "review_id": "3925100",
    "movie_id": "45491"
  },
  {
    "review": "별 한개도 아깝다 최악",
    "date": "09.10.24",
    "rating": "1",
    "author": "rlar****",
    "review_id": "3913165",
    "movie_id": "45491"
  },
  {
    "review": "9점은 줄수있겠다... 장르없는 현실속의 삶...",
    "date": "09.09.01",
    "rating": "9",
    "author": "bon1****",
    "review_id": "3804222",
    "movie_id": "45491"
  },
  {
    "review": "완성도는 낮지만 괜찮은 주제인 것 같군요",
    "date": "09.08.18",
    "rating": "7",
    "author": "hj78****",
    "review_id": "3763439",
    "movie_id": "45491"
  },
  {
    "review": "현실적인 입장에서 여성의 입장을 대변하였다.",
    "date": "09.07.16",
    "rating": "7",
    "author": "nalj****",
    "review_id": "3638654",
    "movie_id": "45491"
  },
  {
    "review": "방향이 너무 꼬아져있다. 어쨌건 현실성이 솔직히 너무 없다.",
    "date": "09.07.14",
    "rating": "6",
    "author": "ekdm****",
    "review_id": "3631610",
    "movie_id": "45491"
  },
  {
    "review": "여자감독 영화는 임순례, 이정향 감독 빼고는 다 XXX",
    "date": "09.07.10",
    "rating": "1",
    "author": "serg****",
    "review_id": "3621808",
    "movie_id": "45491"
  },
  {
    "review": "버려야 할 영화.",
    "date": "09.07.02",
    "rating": "1",
    "author": "dlwo****",
    "review_id": "3605849",
    "movie_id": "45491"
  },
  {
    "review": "여자를위해 만든 영화같은데도.. 공감도안가고 쫓고싶지도않은 라이프스타일..",
    "date": "09.06.19",
    "rating": "2",
    "author": "tole****",
    "review_id": "3574809",
    "movie_id": "45491"
  },
  {
    "review": "하고 싶었던 말들이 제대로 전달되지 못한 아쉬움..",
    "date": "09.05.31",
    "rating": "8",
    "author": "ivy4****",
    "review_id": "3535125",
    "movie_id": "45491"
  },
  {
    "review": "현실을 바라 보는 시각?",
    "date": "09.05.22",
    "rating": "10",
    "author": "kim8****",
    "review_id": "3512586",
    "movie_id": "45491"
  },
  {
    "review": "이미연, 이태란 두 좋은 배우를 가지고 왜 이것밖에는 안되는 걸까? 실망했다 너무..",
    "date": "09.05.21",
    "rating": "6",
    "author": "dwri****",
    "review_id": "3510056",
    "movie_id": "45491"
  },
  {
    "review": "아무 정보없이 영화를 봤다..결론 뭐냐 이건? 무슨얘기를 하고 싶었는가",
    "date": "09.05.08",
    "rating": "2",
    "author": "jjke****",
    "review_id": "3478978",
    "movie_id": "45491"
  },
  {
    "review": "소설 어깨너머의연인을 읽고 이 영화도 봤지만 정말 재미있는 영화란 생각이드네요",
    "date": "09.05.03",
    "rating": "10",
    "author": "atsh****",
    "review_id": "3462874",
    "movie_id": "45491"
  },
  {
    "review": "윌앤그레이스한국판을만드는것만큼이나무모함 일드좋았고절판된원작도헌책방에서살것",
    "date": "09.05.02",
    "rating": "2",
    "author": "lhd2****",
    "review_id": "3460251",
    "movie_id": "45491"
  },
  {
    "review": "볼거리가없는영화 의상미술배경 답답하다 이런것도페미니즘이라 말하겠지 연기도그저",
    "date": "09.04.22",
    "rating": "1",
    "author": "chri****",
    "review_id": "3434673",
    "movie_id": "45491"
  },
  {
    "review": "겪어보지 않으면 모를 영화. ㅎㅎ 그들만의 현실을 고스란히 반영",
    "date": "09.03.02",
    "rating": "10",
    "author": "ysy8****",
    "review_id": "3343947",
    "movie_id": "45491"
  },
  {
    "review": "여자들을 위한 영화 그렇지만 재미없다..",
    "date": "09.02.24",
    "rating": "5",
    "author": "bkm1****",
    "review_id": "3329765",
    "movie_id": "45491"
  },
  {
    "review": "말하고 싶은게 뭐냐",
    "date": "09.02.17",
    "rating": "3",
    "author": "07we****",
    "review_id": "3312241",
    "movie_id": "45491"
  },
  {
    "review": "이태란과 이미연을 합쳐놓은 여자가 더 좋네~",
    "date": "09.01.29",
    "rating": "10",
    "author": "pkjj****",
    "review_id": "3260730",
    "movie_id": "45491"
  },
  {
    "review": "졌같은영화  OO들이 OO을한다....",
    "date": "09.01.28",
    "rating": "1",
    "author": "bacc****",
    "review_id": "3256450",
    "movie_id": "45491"
  },
  {
    "review": "괜찮든데^^",
    "date": "09.01.16",
    "rating": "10",
    "author": "rich****",
    "review_id": "3224517",
    "movie_id": "45491"
  },
  {
    "review": "남자와 여자의 상생에 관한 보고서.  더 집요했더라면 한국판 <클로저>가 됐을 수도.",
    "date": "09.01.16",
    "rating": "8",
    "author": "skat****",
    "review_id": "3224080",
    "movie_id": "45491"
  },
  {
    "review": "내 나이가 조금더 들어서 봤다면 더 공감했을것 같은",
    "date": "09.01.05",
    "rating": "8",
    "author": "keaj****",
    "review_id": "3194973",
    "movie_id": "45491"
  },
  {
    "review": "나름 괜찮은데?",
    "date": "09.01.05",
    "rating": "10",
    "author": "dcpc****",
    "review_id": "3189482",
    "movie_id": "45491"
  },
  {
    "review": "한국영화의한계를 여전히 느끼게하는 벗 불륜의 스토리전개는 나름 쿨했다 전반부는,,",
    "date": "09.01.02",
    "rating": "4",
    "author": "tocc****",
    "review_id": "3177138",
    "movie_id": "45491"
  },
  {
    "review": "이것도 영화가?",
    "date": "08.12.23",
    "rating": "3",
    "author": "ahnh****",
    "review_id": "3142833",
    "movie_id": "45491"
  },
  {
    "review": "마르코는 한국여성판타지의 종합캐릭터..여자감독,작가 정신차려라!",
    "date": "08.12.21",
    "rating": "1",
    "author": "sall****",
    "review_id": "3135529",
    "movie_id": "45491"
  },
  {
    "review": "여자같은 영화. 혼자 재밌게 본영화.평점 너무 심하네? 난좋았는데...",
    "date": "08.12.19",
    "rating": "10",
    "author": "true****",
    "review_id": "3130083",
    "movie_id": "45491"
  },
  {
    "review": "영화판 사랑과 전쟁. 델마와 루이스는 아무나 하나",
    "date": "08.12.17",
    "rating": "1",
    "author": "visk****",
    "review_id": "3123799",
    "movie_id": "45491"
  },
  {
    "review": "이해안되는 부분들이 있었다",
    "date": "08.11.30",
    "rating": "6",
    "author": "auge****",
    "review_id": "3081719",
    "movie_id": "45491"
  },
  {
    "review": "재밌었고 태란언니 좋아졌다..",
    "date": "08.11.04",
    "rating": "9",
    "author": "dell****",
    "review_id": "3034240",
    "movie_id": "45491"
  },
  {
    "review": "짜증나는 영화...",
    "date": "08.10.15",
    "rating": "1",
    "author": "soul****",
    "review_id": "3001179",
    "movie_id": "45491"
  },
  {
    "review": "이보다 더 나쁠 수는 없다",
    "date": "08.10.12",
    "rating": "1",
    "author": "kg81****",
    "review_id": "2996278",
    "movie_id": "45491"
  },
  {
    "review": "이보다 더 나쁠 수는 없다",
    "date": "08.10.11",
    "rating": "1",
    "author": "milk****",
    "review_id": "2994703",
    "movie_id": "45491"
  },
  {
    "review": "평점 너무 낮네? 나름 좋았음,, 우리사회의 현실일까,, 약간 씁쓸하면서도 유쾌했다",
    "date": "08.09.13",
    "rating": "10",
    "author": "syst****",
    "review_id": "2939329",
    "movie_id": "45491"
  },
  {
    "review": "두쪽다... 간통죄네;; 멀 할까 말까야;",
    "date": "08.09.06",
    "rating": "2",
    "author": "urkn****",
    "review_id": "2925292",
    "movie_id": "45491"
  },
  {
    "review": "최악...웩..",
    "date": "08.09.03",
    "rating": "1",
    "author": "blin****",
    "review_id": "2919422",
    "movie_id": "45491"
  },
  {
    "review": "맥빠진다...이미연씨 이젠 힘 좀 내죠...",
    "date": "08.08.05",
    "rating": "4",
    "author": "sumi****",
    "review_id": "2837857",
    "movie_id": "45491"
  },
  {
    "review": "good",
    "date": "08.08.01",
    "rating": "2",
    "author": "kcch****",
    "review_id": "2822991",
    "movie_id": "45491"
  },
  {
    "review": "스토리,캐스팅,배우들연기,스타일,분장..엉성하고어색했다.이미연 연기마저도 어색.",
    "date": "08.07.22",
    "rating": "1",
    "author": "yell****",
    "review_id": "2791195",
    "movie_id": "45491"
  },
  {
    "review": "흠 ... 그냥 볼만했던 영화 ~ 마르코 귀엽넹 ㅎㅎ",
    "date": "08.06.30",
    "rating": "6",
    "author": "godd****",
    "review_id": "2731380",
    "movie_id": "45491"
  },
  {
    "review": "결혼하고 보니 조금은 공감간다..",
    "date": "08.06.25",
    "rating": "10",
    "author": "chun****",
    "review_id": "2719212",
    "movie_id": "45491"
  },
  {
    "review": "별로다...",
    "date": "08.06.22",
    "rating": "5",
    "author": "pudu****",
    "review_id": "2714674",
    "movie_id": "45491"
  },
  {
    "review": "나름 좋았다. 장르는 드라마.. 폭이 좁기도 하지만 드라마로선... 8점줘도되겠지?",
    "date": "08.06.20",
    "rating": "8",
    "author": "essa****",
    "review_id": "2708626",
    "movie_id": "45491"
  },
  {
    "review": "이미연 너무좋은뎅?ㅋㅋ",
    "date": "08.06.18",
    "rating": "10",
    "author": "babo****",
    "review_id": "2706551",
    "movie_id": "45491"
  },
  {
    "review": "최악의 캐릭터들의 이기적인 행동들. 완벽한 페미니즘 영화란 바로 이 영화다.",
    "date": "08.06.06",
    "rating": "3",
    "author": "lsh1****",
    "review_id": "2684034",
    "movie_id": "45491"
  },
  {
    "review": "이건뭐 재미도 없고 감동도 없고.",
    "date": "08.05.22",
    "rating": "2",
    "author": "qkrf****",
    "review_id": "2656465",
    "movie_id": "45491"
  },
  {
    "review": "결코 가볍지도 무겁지도 않다.",
    "date": "08.05.22",
    "rating": "7",
    "author": "sae1****",
    "review_id": "2655758",
    "movie_id": "45491"
  },
  {
    "review": "재미없다",
    "date": "08.05.20",
    "rating": "6",
    "author": "aamm****",
    "review_id": "2653617",
    "movie_id": "45491"
  },
  {
    "review": "시간이 아까운 졸작 불륜 영화",
    "date": "08.05.14",
    "rating": "1",
    "author": "che8****",
    "review_id": "2641018",
    "movie_id": "45491"
  },
  {
    "review": "이딴게 어떻게 평점 5점이 넘냐? 1점도 아까워 죽겠는데.",
    "date": "08.05.14",
    "rating": "1",
    "author": "xgom****",
    "review_id": "2640461",
    "movie_id": "45491"
  },
  {
    "review": "너무한다.. 진짜~",
    "date": "08.05.13",
    "rating": "3",
    "author": "tong****",
    "review_id": "2639609",
    "movie_id": "45491"
  },
  {
    "review": "연기,시나리오 전부 미흡하다...",
    "date": "08.05.04",
    "rating": "5",
    "author": "hide****",
    "review_id": "2615286",
    "movie_id": "45491"
  },
  {
    "review": "'일본원작+두여자'로 '싱글스'와 유사 구조, 그러나 바람은 푸쉬쉬~, 거져먹지 말라",
    "date": "08.05.01",
    "rating": "4",
    "author": "acin****",
    "review_id": "2609303",
    "movie_id": "45491"
  },
  {
    "review": "그들의 연애는 쿨하지 않았다..뭐 그럭저럭 볼만했지만..",
    "date": "08.04.23",
    "rating": "6",
    "author": "sch1****",
    "review_id": "2595693",
    "movie_id": "45491"
  },
  {
    "review": "정말 못만들었다",
    "date": "08.04.21",
    "rating": "4",
    "author": "dora****",
    "review_id": "2592251",
    "movie_id": "45491"
  },
  {
    "review": "이게 머야ㅡㅡ포스터보고 괜히 기대했더만",
    "date": "08.04.20",
    "rating": "1",
    "author": "rsmh****",
    "review_id": "2589497",
    "movie_id": "45491"
  },
  {
    "review": "포스터가 선정적/ 내용은 잔잔한 여운.. 이미연씨 연기 정말 좋았습니다.",
    "date": "08.04.15",
    "rating": "10",
    "author": "fore****",
    "review_id": "2582258",
    "movie_id": "45491"
  },
  {
    "review": "뭐좀있어보이는척하는 남자없인못사는여자이야기. 공감은안됨. 마초적인영화급땡김",
    "date": "08.04.04",
    "rating": "3",
    "author": "sibo****",
    "review_id": "2556750",
    "movie_id": "45491"
  },
  {
    "review": "재미있는건 아닌거같고.. 그냥 볼만한영화",
    "date": "08.04.01",
    "rating": "7",
    "author": "2001****",
    "review_id": "2552733",
    "movie_id": "45491"
  },
  {
    "review": "내가 좋아하는 롤러코스터 노래가 내내 나와서 반가웠던,.,",
    "date": "08.03.23",
    "rating": "6",
    "author": "mimi****",
    "review_id": "2538190",
    "movie_id": "45491"
  },
  {
    "review": "영화 완전 멋진데~?? 20대후반 30대 까지만 공감할 수 있으려나?? 짱 잼난다아~",
    "date": "08.03.20",
    "rating": "10",
    "author": "jjuy****",
    "review_id": "2531473",
    "movie_id": "45491"
  },
  {
    "review": "재밌네...",
    "date": "08.03.19",
    "rating": "10",
    "author": "raul****",
    "review_id": "2528755",
    "movie_id": "45491"
  },
  {
    "review": "괜찮던데...",
    "date": "08.03.18",
    "rating": "10",
    "author": "faus****",
    "review_id": "2527971",
    "movie_id": "45491"
  },
  {
    "review": "내가 다시는 이미연,이태란 나오는 드라마,영화 보나봐라",
    "date": "08.03.16",
    "rating": "1",
    "author": "rhw7****",
    "review_id": "2523003",
    "movie_id": "45491"
  },
  {
    "review": "난 정말 공감했는데,,,여자영화다 딱 30즈음의...",
    "date": "08.03.15",
    "rating": "10",
    "author": "naro****",
    "review_id": "2522556",
    "movie_id": "45491"
  },
  {
    "review": "이런영화가 좋다. 평범한이야기로 공감을이끌어내는. 매력적인.",
    "date": "08.03.11",
    "rating": "9",
    "author": "zzii****",
    "review_id": "2515805",
    "movie_id": "45491"
  },
  {
    "review": "대한민국 1% 언니들의 살아가는 앤애담 그 속에 속한 언니는 행복할까?",
    "date": "08.03.02",
    "rating": "6",
    "author": "izzo****",
    "review_id": "2499009",
    "movie_id": "45491"
  },
  {
    "review": "사랑은 쿨할수 없다.... 내겐 참 좋았던 영화!",
    "date": "08.02.26",
    "rating": "10",
    "author": "llll****",
    "review_id": "2485009",
    "movie_id": "45491"
  },
  {
    "review": "도대체가 단 한 씬도 공감이 안가는,,, 싱글즈는 더이상 안나오나?",
    "date": "08.02.25",
    "rating": "6",
    "author": "lady****",
    "review_id": "2483122",
    "movie_id": "45491"
  }
]