[
  {
    "review": "정작 필요없는 건 지나친 서정성을 띤 아름다움",
    "date": "15.07.03",
    "rating": "6",
    "author": "syoc****",
    "review_id": "10066460",
    "movie_id": "45529"
  },
  {
    "review": "영화 괜찮던데 평점도 낮고  혹평도 많네요...  원작을 못 봐서 그런가보네요. 원작이 대작인듯",
    "date": "15.06.30",
    "rating": "8",
    "author": "hoho****",
    "review_id": "10056381",
    "movie_id": "45529"
  },
  {
    "review": "옛날에 보고 다시보는건데 전혀 안어울린다생각해서 미쓰케스팅이라고 생각하고봤는데두배우의 감정선이 너무 예쁘게 표현되서 그런생각없이 몰입할수있었다.  문근영때문에 보게됐는데 김주혁이란 배우를 다시보게된거같다. 잘봤습니다><",
    "date": "15.06.29",
    "rating": "10",
    "author": "feri****",
    "review_id": "10050164",
    "movie_id": "45529"
  },
  {
    "review": "영화관에서 봤을 땐 영상도 정말  아름다웠구 제목과 딱 맞는 풍경이었어요. 김주혁과 문근영의또다른 매력을 발견했던 영화~♡ 딸과 다시봐도 재밌네요^^",
    "date": "15.06.15",
    "rating": "9",
    "author": "tkdn****",
    "review_id": "10001864",
    "movie_id": "45529"
  },
  {
    "review": "예전에 상당히 재밌게 봤었는데 평점이 낮네;; 문근영 짱예쁨",
    "date": "15.04.10",
    "rating": "10",
    "author": "skyt****",
    "review_id": "9838677",
    "movie_id": "45529"
  },
  {
    "review": "Good very good",
    "date": "14.09.01",
    "rating": "10",
    "author": "wjdw****",
    "review_id": "9153836",
    "movie_id": "45529"
  },
  {
    "review": "아.. 원작보고보니 . 뭐라 할말이 읎네 ㅜㅜ 배우 연기에서 차이가 너무 많이 난듯 ..ㅜ",
    "date": "14.08.23",
    "rating": "2",
    "author": "bsm9****",
    "review_id": "9124438",
    "movie_id": "45529"
  },
  {
    "review": "레이지역에 김주혁이라니.... 김주혁이 호스트할얼굴은 아니지... 문근영은 좋았는데",
    "date": "14.08.11",
    "rating": "1",
    "author": "cool****",
    "review_id": "9068787",
    "movie_id": "45529"
  },
  {
    "review": "너무 감동적이었고 배우들의 연기가 기억속에 남는다",
    "date": "14.08.07",
    "rating": "10",
    "author": "koso****",
    "review_id": "9047395",
    "movie_id": "45529"
  },
  {
    "review": "좋다... 누가 뭐래도 난 좋았다",
    "date": "14.07.05",
    "rating": "10",
    "author": "cynt****",
    "review_id": "8884646",
    "movie_id": "45529"
  },
  {
    "review": "생각보다 괜찮았다. 아름다운 영상미가 괜춘",
    "date": "14.06.04",
    "rating": "8",
    "author": "ari1****",
    "review_id": "8794178",
    "movie_id": "45529"
  },
  {
    "review": "김주혁 발연기 대박임.. 이때만 해도 문근영 정말 이쁘다앙...근데 갑자기 망가진겨...ㅜㅗㅜ",
    "date": "14.02.04",
    "rating": "5",
    "author": "ldkl****",
    "review_id": "8473288",
    "movie_id": "45529"
  },
  {
    "review": "스토리가 진부하고 어이없고..",
    "date": "14.01.13",
    "rating": "6",
    "author": "qkqh****",
    "review_id": "8377739",
    "movie_id": "45529"
  },
  {
    "review": "멜로 좋아하는데 아무런 감흥도 없었다... 배우들도 겉돌고 시나리오도 상투적이기만 하다.",
    "date": "13.12.09",
    "rating": "4",
    "author": "choc****",
    "review_id": "8201384",
    "movie_id": "45529"
  },
  {
    "review": "이딴걸 돈주고 본 인간들이 대단하다!",
    "date": "13.11.12",
    "rating": "1",
    "author": "ske4****",
    "review_id": "8133433",
    "movie_id": "45529"
  },
  {
    "review": "그때나 지금이나 여전히 삭막하고 돈이 오가는 계산적으로 변해가는 이시대에 사랑따윈 필요없다고 말하는 제목이나 주인공의 대사를 보면 반어적으로 표현 한것같다.진정 필요한것은 돈이 아닌 사랑이다 라는 결말이 인상깊었다.",
    "date": "13.10.24",
    "rating": "10",
    "author": "tyfg****",
    "review_id": "8085866",
    "movie_id": "45529"
  },
  {
    "review": "애초에 원작을 뛰어넘거나 비슷하게 리메이크 할수는 없었다고 본다. 그렇지만 문근영의 감정표현이 워낙 훌륭해서 큰 점수를 주고싶다",
    "date": "13.10.22",
    "rating": "10",
    "author": "rlae****",
    "review_id": "8080584",
    "movie_id": "45529"
  },
  {
    "review": "재밌다",
    "date": "13.09.11",
    "rating": "10",
    "author": "jsga****",
    "review_id": "7966584",
    "movie_id": "45529"
  },
  {
    "review": "문근영씨의 슬픔이 느껴지는 멋진 영화",
    "date": "13.08.21",
    "rating": "10",
    "author": "supr****",
    "review_id": "7909231",
    "movie_id": "45529"
  },
  {
    "review": "왜 만들었냐 진짜 ㅡㅡ",
    "date": "13.08.15",
    "rating": "1",
    "author": "12wj****",
    "review_id": "7884161",
    "movie_id": "45529"
  },
  {
    "review": "그 겨울 바람이 분다",
    "date": "13.07.27",
    "rating": "1",
    "author": "hana****",
    "review_id": "7792210",
    "movie_id": "45529"
  },
  {
    "review": "재산을 노리고 접근한 마음이 진실한 사랑으로 변하는 시점이 좀 늦었지만 감동적인 영화. 원작을 못봐서인지 모르겠지만 영화 자체로는 나쁘지 않다",
    "date": "13.07.23",
    "rating": "7",
    "author": "lees****",
    "review_id": "7778880",
    "movie_id": "45529"
  },
  {
    "review": "초반에 연기력이 어설픈 것 같아서 이 작품 별로라고 생각하고 봤는데 결말이 참 여운있어서 계속 생각나네요",
    "date": "13.07.09",
    "rating": "9",
    "author": "isaw****",
    "review_id": "7720451",
    "movie_id": "45529"
  },
  {
    "review": "꽤 재미있게 보았다",
    "date": "13.05.31",
    "rating": "10",
    "author": "sh15****",
    "review_id": "7564837",
    "movie_id": "45529"
  },
  {
    "review": "원작에 따르긴 힘든 부분이 있다",
    "date": "13.05.31",
    "rating": "7",
    "author": "shsh****",
    "review_id": "7564774",
    "movie_id": "45529"
  },
  {
    "review": "밑에 일베충 인증하는구나",
    "date": "13.05.30",
    "rating": "10",
    "author": "mey4****",
    "review_id": "7563934",
    "movie_id": "45529"
  },
  {
    "review": "좌좀들 이것보고 좋다잉하겠지 로류에선 좌파영화는 받지 않는랑께",
    "date": "13.05.30",
    "rating": "1",
    "author": "haid****",
    "review_id": "7563687",
    "movie_id": "45529"
  },
  {
    "review": "원작 필요없고 영화로만 보면 꽤 괜춘해",
    "date": "13.05.30",
    "rating": "10",
    "author": "iiii****",
    "review_id": "7563523",
    "movie_id": "45529"
  },
  {
    "review": "일본 원작도, 드라마도 안보고 봣는데...  왜 실패햇는지 이해할수 없을정도로 재밋게 봣어요 ㅎㅎㅎ 문근영 연기 너무 잘하는듯...",
    "date": "13.05.05",
    "rating": "10",
    "author": "syfi****",
    "review_id": "7508706",
    "movie_id": "45529"
  },
  {
    "review": "영화감명깊게잘보았네요..사람맘속엔작은진실이있는데 그진실을찾은거같네요.원래눈물이많지만또마지막에서울었답니다..",
    "date": "13.04.23",
    "rating": "10",
    "author": "seon****",
    "review_id": "7477451",
    "movie_id": "45529"
  },
  {
    "review": "이영화나오자마자 감명깊게봤습니다.그겨울이바람이분다보면서도.영화생각고많이나고.애뜻한영화였죠",
    "date": "13.04.03",
    "rating": "10",
    "author": "euns****",
    "review_id": "7433262",
    "movie_id": "45529"
  },
  {
    "review": "난 이영화 되게 재밌게봤고 아직도 기억에남는데 평점이 왜이러지",
    "date": "13.04.02",
    "rating": "9",
    "author": "ggal****",
    "review_id": "7430232",
    "movie_id": "45529"
  },
  {
    "review": "좋은 영화. 재밌게 봤습니다",
    "date": "13.03.24",
    "rating": "5",
    "author": "baek****",
    "review_id": "7406397",
    "movie_id": "45529"
  },
  {
    "review": "드라마 보고 봐서 그런가 스토리가 뚝뚝 짤린느낌이고 급하게 전개되는것 같아서 별루임그리고 김주혁이 문군영이랑 안어울리네요삼촌같음",
    "date": "13.03.22",
    "rating": "3",
    "author": "wwfs****",
    "review_id": "7394192",
    "movie_id": "45529"
  },
  {
    "review": "그당시 봤을 때 연출, 연기, ost까지 여운이 장난 아니었어요ㅠㅠ요즘도 ost 종종 찾아듣게 된다는^^",
    "date": "13.03.19",
    "rating": "10",
    "author": "beyk****",
    "review_id": "7362537",
    "movie_id": "45529"
  },
  {
    "review": "왜케평점이낮지?슬프고 감동적이다",
    "date": "13.03.18",
    "rating": "10",
    "author": "mero****",
    "review_id": "7362111",
    "movie_id": "45529"
  },
  {
    "review": "넘 잘봤습니다^^ 좋은 영화네요~",
    "date": "13.03.16",
    "rating": "9",
    "author": "wjdg****",
    "review_id": "7351833",
    "movie_id": "45529"
  },
  {
    "review": "주인공들의 사랑따윈필요없어라는 대사는 왠지 사랑이 필요하다고 소리치고싶지만 상처받기 두렵기 때문에 만들어진 말인가 싶다.  그런 두사람이 만나  결국엔 현실에선 이뤄질 수 없는 운명으로 그려진게 더욱 슬프고 애절하게 느껴졌다.",
    "date": "13.03.16",
    "rating": "9",
    "author": "worn****",
    "review_id": "7351144",
    "movie_id": "45529"
  },
  {
    "review": "평점이 왜 낮은지 이해를 못하겠다. 영화 특유의 음울한 분위기속에서 김주혁, 문근영의 감정표현과 진구, 도지원 조연의 연기 모두 훌륭했다고 봄",
    "date": "13.03.10",
    "rating": "10",
    "author": "jung****",
    "review_id": "7338358",
    "movie_id": "45529"
  },
  {
    "review": "예전에 보고 요새 드라마로도 재구성하길래 다시 영화를 보았습니다. 김주혁씨와 문근영씨의 연기에 다시금 빠져들고 먹먹하네요!드라마도좋지만 영화가 더 깊은 사랑이 느껴져요!다시 상영해도 좋을듯합니다",
    "date": "13.03.10",
    "rating": "10",
    "author": "manh****",
    "review_id": "7336287",
    "movie_id": "45529"
  },
  {
    "review": "그겨울바람이분다 때문에 다운받았는데...후호막급. 무슨 다큐멘터리보는거같이 지루하고...아무런감흥이없음.이제야알겠다 그겨울바람분다 작가와 연출자가 얼마나 뛰어난 사람들인지...",
    "date": "13.03.09",
    "rating": "1",
    "author": "patr****",
    "review_id": "7332489",
    "movie_id": "45529"
  },
  {
    "review": "내가 이 영화를 봤을때가 초3이었는데  지금 보니 새삼 시간이 많이 흘렀구나참 슬프고 재밌었다고 기억됬는데 평점이 낮아 안타깝다..ㅜㅜ",
    "date": "13.03.07",
    "rating": "10",
    "author": "rlaw****",
    "review_id": "7329538",
    "movie_id": "45529"
  },
  {
    "review": "문근영, 김주혁이 훨씬 더 연기를 잘했다.. 지금 조인성이랑 송혜교.. 둘다 개인적으로 좋아하는 배우이긴 하지만, 연기 너무 못한다 ㅠ.ㅜ 조인성은 도대체 뭘 하는건지 모르겠고, 송혜교는 진짜 시각장애인 역이 아니라 안보이는 척 하는것 같다..",
    "date": "13.03.06",
    "rating": "10",
    "author": "geni****",
    "review_id": "7327258",
    "movie_id": "45529"
  },
  {
    "review": "개봉당시에 영화관에서 보고 7년이 다되어가는 지금까지 기억에남는영환데 평점이 너무낮아서 안타깝다ㅜㅜ",
    "date": "13.03.01",
    "rating": "9",
    "author": "khay****",
    "review_id": "7314099",
    "movie_id": "45529"
  },
  {
    "review": "김주혁 미스캐스팅;;스토리도 허술하고.감동도 없음",
    "date": "13.03.01",
    "rating": "4",
    "author": "qute****",
    "review_id": "7313102",
    "movie_id": "45529"
  },
  {
    "review": "영화 너무 잘봤네요~ 추천합니다..",
    "date": "13.02.28",
    "rating": "10",
    "author": "moki****",
    "review_id": "7309519",
    "movie_id": "45529"
  },
  {
    "review": "난 너무 재밋엇다. 7번방의 선믈보고 안울엇는데..이걸 보고 펑펑 울었음..ㅠㅠ",
    "date": "13.02.24",
    "rating": "10",
    "author": "vash****",
    "review_id": "7298309",
    "movie_id": "45529"
  },
  {
    "review": "문근영이 시각장애인 연기를 하기엔 너무 부족했던 것 같다....배우들의 연기때문에 볼때 몰입을 못했다.내용도 너무 발리 끝내려는 듯이 보여서 별루였다.지금 나오는 드라마가 더 나은것 같다",
    "date": "13.02.23",
    "rating": "1",
    "author": "thdu****",
    "review_id": "7293787",
    "movie_id": "45529"
  },
  {
    "review": "주연 연기는 굿.. 하지만 김주혁은 캐스팅 미스  삼촌같아..",
    "date": "13.02.23",
    "rating": "10",
    "author": "ekst****",
    "review_id": "7293332",
    "movie_id": "45529"
  },
  {
    "review": "TV에서 몇번잼있게보고 실시간떳길래봤드만 평점이 이상할정도로낮네",
    "date": "13.02.23",
    "rating": "10",
    "author": "mori****",
    "review_id": "7293315",
    "movie_id": "45529"
  },
  {
    "review": "개인적으로는 괜찮았습니다. 배우들 연기에 몰입할 수도 있었고, 내용도 나쁘지않은데 평점이 왜이리 낮나요;; 너무 낮은 평점때문에 10개 주네요;",
    "date": "13.02.23",
    "rating": "10",
    "author": "pluc****",
    "review_id": "7293308",
    "movie_id": "45529"
  },
  {
    "review": "몰입도도 높구 배우들 연기도 정말 좋네요 단지 너무 빨리빨리 진행됬다는게 약간 아쉬워요 그거 빼면 별 5개!!!",
    "date": "13.02.23",
    "rating": "9",
    "author": "2007****",
    "review_id": "7293296",
    "movie_id": "45529"
  },
  {
    "review": "평점이 왜 낮은지 이유는 단하나 일본원작을 미리보신분들?? 원작생각안하고 보면 진짜 최고영화!! 몰입도최고 재밌었어요.",
    "date": "13.02.23",
    "rating": "10",
    "author": "cho8****",
    "review_id": "7293287",
    "movie_id": "45529"
  },
  {
    "review": "스토리 자체도 괜찮았고 저 당시 20살이었던 문근영의 연기가 정말 일품이었다. 한 편의 잔혹동화를 보는 느낌?",
    "date": "13.02.22",
    "rating": "10",
    "author": "skyg****",
    "review_id": "7291804",
    "movie_id": "45529"
  },
  {
    "review": "너무 재밌게 봤음. 비극적인 결말이라 평점이 낮은가?,,,",
    "date": "13.02.21",
    "rating": "10",
    "author": "soul****",
    "review_id": "7285712",
    "movie_id": "45529"
  },
  {
    "review": "평점이 왜이리 탈탈털렸지? 근영이 너무 이쁘네ㅠㅠ스토리라인 자체는 좋은데 급하긴 급하네",
    "date": "13.02.17",
    "rating": "9",
    "author": "rlxo****",
    "review_id": "7276310",
    "movie_id": "45529"
  },
  {
    "review": "진짜대박 여운ㅜㅠㅠ역시 원작이 최고다",
    "date": "13.02.17",
    "rating": "10",
    "author": "wjdd****",
    "review_id": "7273723",
    "movie_id": "45529"
  },
  {
    "review": "원작의 하이라이트 버전. 2시간 안에 끝내야하니 내용 다 잘라먹고 중요한 부분만 끼워맞춘 느낌. 지루했다.",
    "date": "13.02.16",
    "rating": "4",
    "author": "gunw****",
    "review_id": "7272322",
    "movie_id": "45529"
  },
  {
    "review": "연기 연출 대사 다 최악 오글오글",
    "date": "13.02.16",
    "rating": "1",
    "author": "3535****",
    "review_id": "7271680",
    "movie_id": "45529"
  },
  {
    "review": "이게 리메이크 실패한 영화라고 들었는데 그여름바람이분다는 성공할 것 같네여",
    "date": "13.02.15",
    "rating": "10",
    "author": "wdy6****",
    "review_id": "7266318",
    "movie_id": "45529"
  },
  {
    "review": "내용은 둘째고 김주혁 ..문근영 정말명품연기네요..그겨울바람이분다  내용이랑 비교할려고하는데  영화가훨좋네요.가슴 먹먹",
    "date": "13.02.14",
    "rating": "10",
    "author": "wlek****",
    "review_id": "7263465",
    "movie_id": "45529"
  },
  {
    "review": "문근영킹왕짱",
    "date": "13.02.12",
    "rating": "10",
    "author": "love****",
    "review_id": "7254046",
    "movie_id": "45529"
  },
  {
    "review": "티비에서 해주길래 생각없이 봤는데 보고 나니 너무 가슴 아린 영화 였던거 같다ㅠㅠ항상 생각나는 그런 영화!!",
    "date": "13.02.11",
    "rating": "10",
    "author": "wgh8****",
    "review_id": "7252175",
    "movie_id": "45529"
  },
  {
    "review": "원작이 더 좋은건 어쩔 수 없다. 원작을 보면 왜 다들 원작 원작하는지 알거임.",
    "date": "13.02.07",
    "rating": "5",
    "author": "desi****",
    "review_id": "7233259",
    "movie_id": "45529"
  },
  {
    "review": "★ 청앨 보고 문근영 보려고 다시 왔네여~ 그당시 혼자가서 눈물흘리며 근영이 참 연기 잘한다 하면서 봤었는데  ~ 다시보니 여전히 좋네요",
    "date": "13.02.01",
    "rating": "10",
    "author": "1472****",
    "review_id": "7207264",
    "movie_id": "45529"
  },
  {
    "review": "가슴아프다 다시봐도 아프다",
    "date": "13.01.31",
    "rating": "10",
    "author": "hall****",
    "review_id": "7201750",
    "movie_id": "45529"
  },
  {
    "review": "캬ㅠㅠㅠㅠ 추억이.ㅠㅠㅠㅠ",
    "date": "13.01.27",
    "rating": "10",
    "author": "hiph****",
    "review_id": "7180151",
    "movie_id": "45529"
  },
  {
    "review": "에라이 오덕들아 꼭 원작하고 같아야 하냐.. 리메이크가 편집본인 줄 아나원작은 참고하는 베이스일뿐 원작과는 관계없다 생각하고 보면 어떨지 자기 반성 좀 해라ㅉㅉ",
    "date": "13.01.23",
    "rating": "10",
    "author": "okdu****",
    "review_id": "7157350",
    "movie_id": "45529"
  },
  {
    "review": "너무 아련하고 슬프다. 감정연기도 훌륭하고... 눈물 줄줄줄",
    "date": "13.01.17",
    "rating": "10",
    "author": "jjha****",
    "review_id": "7123162",
    "movie_id": "45529"
  },
  {
    "review": "슬프다..",
    "date": "13.01.16",
    "rating": "9",
    "author": "kggg****",
    "review_id": "7120404",
    "movie_id": "45529"
  },
  {
    "review": "역시 김주혁과 문근영의 연기 인상적이었다.",
    "date": "13.01.08",
    "rating": "10",
    "author": "odjs****",
    "review_id": "7092159",
    "movie_id": "45529"
  },
  {
    "review": "한분한분의 연기도 모두 인상적이였고 모두 연기를 잘해주셔서 내용에비해 몰입을 잘할수있던 영화그리고 몇년이 지나도 영화의 영상미는 잊혀지지가 않아 몇번이나 다시보게되는 영화그치만 내용이 풍성하지 못한점이 단점 ㅠㅠ",
    "date": "13.01.07",
    "rating": "8",
    "author": "pyo_****",
    "review_id": "7089164",
    "movie_id": "45529"
  },
  {
    "review": "문근영 연기가 인상적이였다. 이렇게 끝내주게 연기잘하는 스무살 여배우가 또 있을까..... 그래도 전체적 스토리가 많이 아쉬우니까 별 하나는 감점",
    "date": "13.01.06",
    "rating": "9",
    "author": "uitr****",
    "review_id": "7087508",
    "movie_id": "45529"
  },
  {
    "review": "영화 평점이 너무 낮다. 원작도 좋지만 이 영화 자체로도 잘 만들어진 영화임. 문근영도 이 전 영화들의 성공에 비해서 이 영화는 실패했지만, 그건 그 전 영화에서 보여줬던 톡톡튀는 매력을 못 보여줘서 그런것뿐. 이 영화에서의 흡입력은 대단함.",
    "date": "13.01.04",
    "rating": "10",
    "author": "2000****",
    "review_id": "7081435",
    "movie_id": "45529"
  },
  {
    "review": "아주잘봤습니다.",
    "date": "12.12.31",
    "rating": "10",
    "author": "coth****",
    "review_id": "7066283",
    "movie_id": "45529"
  },
  {
    "review": "ㅎㅎ",
    "date": "12.12.24",
    "rating": "10",
    "author": "cant****",
    "review_id": "7036650",
    "movie_id": "45529"
  },
  {
    "review": "이루 말할 수 없는 명작이다. 원작과 자꾸 비교를 해서 평점이 낮은 것같은데 9점대 영화라고 해도 전혀 손색이 없다. 원작과 비교를 하지말고 영화의 작품성을 봐라. 이 영화를 보고 절실한 사랑이 무엇인지 몸소 느낄 수 있었다.",
    "date": "12.12.23",
    "rating": "10",
    "author": "0001****",
    "review_id": "7032807",
    "movie_id": "45529"
  },
  {
    "review": "문근영 영화중에서 가장 기억에 남는 작품영화 제목은 사랑따윈필요없어지만사랑은 절대 위대하다는것을 역설적으로느끼게 해준 좋은 영화",
    "date": "12.12.22",
    "rating": "10",
    "author": "kait****",
    "review_id": "7031941",
    "movie_id": "45529"
  },
  {
    "review": "평점 너무 낮다!!!!ㅜㅠㅠ난 좋앗름",
    "date": "12.12.16",
    "rating": "10",
    "author": "skel****",
    "review_id": "7009367",
    "movie_id": "45529"
  },
  {
    "review": "원작두 봤구 일드도 본사람으로서 좋게봤는데 평점이 왜 낮은지 모르겠다;; 난 넘 좋았음. 물론 김주혁캐스팅은 좀 미스여서 1점뺌....",
    "date": "12.12.02",
    "rating": "9",
    "author": "kimy****",
    "review_id": "6960317",
    "movie_id": "45529"
  },
  {
    "review": "원작 타령 좀 하지 말고 이 영화자체를 평가해라! 영화자체는 그럭저럭 볼만하다.",
    "date": "12.12.01",
    "rating": "6",
    "author": "ghdu****",
    "review_id": "6956321",
    "movie_id": "45529"
  },
  {
    "review": "미스캐스팅이라고 생각됨;; 문근영은 그렇다 쳐도..김주혁은 좀..;;내용도 마지막에 그냥 눈물짜내기하려고 바꾼건지.. 슬프기보단 그냥 찝찝한 뒷맛이 짜증났었음..그냥 원작대로 가는게 훨씬나을뻔했는데",
    "date": "12.11.15",
    "rating": "1",
    "author": "moos****",
    "review_id": "6889946",
    "movie_id": "45529"
  },
  {
    "review": "왜이렇게 평점이낮지? 정말좋았다",
    "date": "12.11.05",
    "rating": "10",
    "author": "phsd****",
    "review_id": "6857011",
    "movie_id": "45529"
  },
  {
    "review": "에반게리온을 들고와서 우뢰매 밖에 못 만드나...",
    "date": "12.10.15",
    "rating": "7",
    "author": "shad****",
    "review_id": "6802925",
    "movie_id": "45529"
  },
  {
    "review": "난 이작품 정말 좋았다  노희경씨 드라마가 더욱더 기대가된다",
    "date": "12.10.12",
    "rating": "10",
    "author": "dlgo****",
    "review_id": "6788333",
    "movie_id": "45529"
  },
  {
    "review": "사랑한다.. 사랑한다.. 사랑한다..",
    "date": "12.10.10",
    "rating": "10",
    "author": "hoon****",
    "review_id": "6780438",
    "movie_id": "45529"
  },
  {
    "review": "방금 티비서 봤는데요 볼만하던데..어떻게 보면 뻔한스토리지만 그속에 교훈은 분명 있다고 봐요 사람이 보고 느끼는 영화이기 때문에 일반인이 이영화를 보고 꼭 작품성을 따질필욘 없다고 보여지네요 전 보는 사람에 마음을 움직였는지 아닌지가 중요하던데...",
    "date": "12.10.03",
    "rating": "10",
    "author": "yhk6****",
    "review_id": "6758404",
    "movie_id": "45529"
  },
  {
    "review": "솔직히 한마디로 재미없다 ㅋ",
    "date": "12.09.28",
    "rating": "4",
    "author": "aiba****",
    "review_id": "6739588",
    "movie_id": "45529"
  },
  {
    "review": "티비를보다 이영활보게됬는데 정말정말잘봤습니다~",
    "date": "12.09.22",
    "rating": "10",
    "author": "dmsr****",
    "review_id": "6719422",
    "movie_id": "45529"
  },
  {
    "review": "평점올려야지 새벽에우연히봤는데 여백있고 감정에 충실한 영화 그리고 아름다움... 잘봤습니다 이 영화관계자분들 감사합니다 감동적이어서 눈물나네요ㅜㅜ",
    "date": "12.09.22",
    "rating": "10",
    "author": "miji****",
    "review_id": "6719417",
    "movie_id": "45529"
  },
  {
    "review": "데뷔작이니까 이렇다 치자..그치만 담작품은 안볼란다",
    "date": "12.07.25",
    "rating": "6",
    "author": "mayb****",
    "review_id": "6530012",
    "movie_id": "45529"
  },
  {
    "review": "문근영이라 별점 더 주고 싶은데 영화 너무 별로야.. 상영당시 영화관에서 가족들이랑 다 같이 봤는데 다들 말없이 영화관을 나왔었음",
    "date": "12.07.02",
    "rating": "5",
    "author": "twer****",
    "review_id": "6438247",
    "movie_id": "45529"
  },
  {
    "review": "김주혁 너무 멋지다..좀 오글 거림도 있지만 개인적으로 재밌게 보았음..",
    "date": "12.05.10",
    "rating": "10",
    "author": "wjdg****",
    "review_id": "6285995",
    "movie_id": "45529"
  },
  {
    "review": "대사가 오그라들고 전개가 어색하지만 음악과 영상, 배우가 가슴 짠하게 만드는 영화.",
    "date": "12.03.22",
    "rating": "10",
    "author": "havi****",
    "review_id": "6161064",
    "movie_id": "45529"
  },
  {
    "review": "솔직히 평점이 너무 낮다.. 좀 유치하긴해도 영상미도 있고 7점정도는 된다고보는데",
    "date": "12.03.20",
    "rating": "10",
    "author": "chyk****",
    "review_id": "6156961",
    "movie_id": "45529"
  },
  {
    "review": "개인적으로는 정말 재미있었다 ^_^",
    "date": "12.03.03",
    "rating": "10",
    "author": "1126****",
    "review_id": "6121516",
    "movie_id": "45529"
  },
  {
    "review": "내 생애 기억남는 정말 졸작에 개망작. 정말 지루하고 따분했다",
    "date": "11.12.22",
    "rating": "2",
    "author": "nike****",
    "review_id": "5921439",
    "movie_id": "45529"
  },
  {
    "review": "전체적인 분위기와 미장센이 일품이다",
    "date": "11.12.04",
    "rating": "8",
    "author": "thsr****",
    "review_id": "5885967",
    "movie_id": "45529"
  },
  {
    "review": "문근영과 영상미는 볼만",
    "date": "11.10.31",
    "rating": "10",
    "author": "kec7****",
    "review_id": "5820889",
    "movie_id": "45529"
  },
  {
    "review": "큰기대하고본건아니지만.신파극은그래도면했네.",
    "date": "11.10.18",
    "rating": "6",
    "author": "a109****",
    "review_id": "5795744",
    "movie_id": "45529"
  }
]