[
  {
    "review": "무슨말이 더 필요한가? 믿고보는 일본 애니아닌가!!",
    "date": "15.07.25",
    "rating": "10",
    "author": "ske4****",
    "review_id": "10140098",
    "movie_id": "45521"
  },
  {
    "review": "에몽이 극장판 중 최고죠..풍경도 너무 아름답고..동심으로 돌아가게 해주는",
    "date": "15.06.23",
    "rating": "10",
    "author": "brow****",
    "review_id": "10024800",
    "movie_id": "45521"
  },
  {
    "review": "따뜻한 눈으로 진구를 바라보자",
    "date": "15.02.26",
    "rating": "10",
    "author": "sso0****",
    "review_id": "9741600",
    "movie_id": "45521"
  },
  {
    "review": "감동적이라는 건 알겠지만 그림체가 너무 이상하다 (2009년 봤을때는...)",
    "date": "15.02.10",
    "rating": "5",
    "author": "deff****",
    "review_id": "9685050",
    "movie_id": "45521"
  },
  {
    "review": "이게 도라에몽이 아닌 다른 걸로 만들었다면... 하..",
    "date": "15.02.06",
    "rating": "10",
    "author": "jssh****",
    "review_id": "9673298",
    "movie_id": "45521"
  },
  {
    "review": "언제봐도 정말재밌는 작품..도라에몽사랑합니다",
    "date": "14.09.07",
    "rating": "10",
    "author": "kimj****",
    "review_id": "9177096",
    "movie_id": "45521"
  },
  {
    "review": "mcah님. 어디로든문이 그 시대에는 좌표등록이 안되서 사용못합니다",
    "date": "14.06.06",
    "rating": "10",
    "author": "9040****",
    "review_id": "8804722",
    "movie_id": "45521"
  },
  {
    "review": "도라에몽 따뜻한 눈이 제일 귀여움",
    "date": "14.04.29",
    "rating": "10",
    "author": "tjtj****",
    "review_id": "8681652",
    "movie_id": "45521"
  },
  {
    "review": "재미는 있는데 집에 돌아갈때 시간만 우리시간때로 돌리고 어디로든 문으로 진구책상으로 가면됨 아주쉬운 방법있는데 ㅋ",
    "date": "14.03.22",
    "rating": "10",
    "author": "mcha****",
    "review_id": "8595974",
    "movie_id": "45521"
  },
  {
    "review": "넘잼있음 감동적임ㅠㅠ또 보고싶어~",
    "date": "14.02.17",
    "rating": "10",
    "author": "0908****",
    "review_id": "8516176",
    "movie_id": "45521"
  },
  {
    "review": "도라에몽 개재밌음 그림체보고 넣무감동함 ㅠㅠ 작가가 존경스럽",
    "date": "13.12.28",
    "rating": "10",
    "author": "dbwo****",
    "review_id": "8317308",
    "movie_id": "45521"
  },
  {
    "review": "쩌러",
    "date": "13.08.11",
    "rating": "10",
    "author": "qhdg****",
    "review_id": "7869281",
    "movie_id": "45521"
  },
  {
    "review": "이 영화서 공룡사냥하고 멋대로 환경파괴하는 건 미국인인거 같던데.. 세계최고의 포경국가인 일본이 공룡사냥해야하는거 아닌가? 걍 그런생각이 드네요",
    "date": "13.07.31",
    "rating": "4",
    "author": "jyh1****",
    "review_id": "7802467",
    "movie_id": "45521"
  },
  {
    "review": "피스케 ㅠㅠㅠ",
    "date": "13.07.21",
    "rating": "10",
    "author": "khsk****",
    "review_id": "7771945",
    "movie_id": "45521"
  },
  {
    "review": "봐도봐도재미있다 ㅠㅠㅠ 감동까지 굳굳",
    "date": "13.07.21",
    "rating": "10",
    "author": "kbb6****",
    "review_id": "7771591",
    "movie_id": "45521"
  },
  {
    "review": "ㅅOO",
    "date": "13.07.19",
    "rating": "10",
    "author": "foxs****",
    "review_id": "7761974",
    "movie_id": "45521"
  },
  {
    "review": "어릴때 영화관에서 보았던 기억이....나도 한때는 공룡을 좋아하였지...2년전까지는....",
    "date": "13.07.17",
    "rating": "7",
    "author": "zinn****",
    "review_id": "7750812",
    "movie_id": "45521"
  },
  {
    "review": "z",
    "date": "13.06.29",
    "rating": "10",
    "author": "dusw****",
    "review_id": "7690744",
    "movie_id": "45521"
  },
  {
    "review": "도라에몽 따뜻한 눈 ㅋㅋㅋㅋㅋㅋㅋㅋ",
    "date": "13.06.03",
    "rating": "8",
    "author": "rldn****",
    "review_id": "7575999",
    "movie_id": "45521"
  },
  {
    "review": "나는 이극장판을 리메이크 전에 봤다.내용은 나쁘지 않았다.도라에몽의 눈이 웃겼다 ㅋㅋㅋㅋ 본지 오래되서 기억이잘안날듯한데그럭저럭 재미 있는거 같다. ㅋ",
    "date": "13.03.05",
    "rating": "7",
    "author": "aabb****",
    "review_id": "7326713",
    "movie_id": "45521"
  },
  {
    "review": "도라에몽의 결말은 짱구처럼 멋있게 끝나는 게 아니라 슬프게 끝나서 좀 애매하다.. (내가 눈이 좀 낮아서 그런가??)",
    "date": "13.02.23",
    "rating": "7",
    "author": "osi0****",
    "review_id": "7294015",
    "movie_id": "45521"
  },
  {
    "review": "퉁퉁이 완전 착해 적응 안된다",
    "date": "13.01.29",
    "rating": "8",
    "author": "teo0****",
    "review_id": "7191880",
    "movie_id": "45521"
  },
  {
    "review": "룰루랄라",
    "date": "13.01.25",
    "rating": "10",
    "author": "bibi****",
    "review_id": "7173182",
    "movie_id": "45521"
  },
  {
    "review": "굳~!!",
    "date": "13.01.08",
    "rating": "10",
    "author": "uj68****",
    "review_id": "7092181",
    "movie_id": "45521"
  },
  {
    "review": "완전 재밌어요!!",
    "date": "11.12.19",
    "rating": "10",
    "author": "mjnh****",
    "review_id": "5915102",
    "movie_id": "45521"
  },
  {
    "review": "어른들도 봅니다.",
    "date": "11.10.23",
    "rating": "10",
    "author": "ny36****",
    "review_id": "5805782",
    "movie_id": "45521"
  },
  {
    "review": "ㅋㅋㅋㅋ",
    "date": "11.09.30",
    "rating": "10",
    "author": "jin5****",
    "review_id": "5761953",
    "movie_id": "45521"
  },
  {
    "review": "처음볼땐 볼만했는데 애니원에서 주말마다 틀어준다",
    "date": "11.08.13",
    "rating": "1",
    "author": "uiwa****",
    "review_id": "5645226",
    "movie_id": "45521"
  },
  {
    "review": "감동과 재미가 들어있는 추억의 도라에몽",
    "date": "11.08.09",
    "rating": "7",
    "author": "arbi****",
    "review_id": "5627288",
    "movie_id": "45521"
  },
  {
    "review": "감동과 재미를 모두 잡은 극장판 도라에몽. 추억이 방울방울.",
    "date": "11.08.09",
    "rating": "7",
    "author": "kami****",
    "review_id": "5626520",
    "movie_id": "45521"
  },
  {
    "review": "재미있고 배꼽 빠지 겠다 우하하하ㅋㅋㅋㅋㅋㅋㅋㅋㅋㅋ",
    "date": "11.07.16",
    "rating": "10",
    "author": "leek****",
    "review_id": "5547556",
    "movie_id": "45521"
  },
  {
    "review": "도구를 써 OO ㅡㅡ 도라에몽 저거 ㅄ이냐 도구써서 해결하면 될것을 아오 ㅄ ㅡㅡ",
    "date": "11.06.14",
    "rating": "1",
    "author": "zxcd****",
    "review_id": "5481442",
    "movie_id": "45521"
  },
  {
    "review": "내가 원하는 극장판이 아니야",
    "date": "11.03.24",
    "rating": "5",
    "author": "guy1****",
    "review_id": "5332389",
    "movie_id": "45521"
  },
  {
    "review": "ㅋㅋ",
    "date": "11.03.01",
    "rating": "10",
    "author": "fhng****",
    "review_id": "5285654",
    "movie_id": "45521"
  },
  {
    "review": "초딩 여러분, 이 영화가 그렇게 재미있읍니까? 설마 어른들도 보시는 것 아니겠죠?",
    "date": "11.02.10",
    "rating": "10",
    "author": "hype****",
    "review_id": "5233239",
    "movie_id": "45521"
  },
  {
    "review": "흐어어어헝 도라에몽",
    "date": "11.02.01",
    "rating": "10",
    "author": "kufr****",
    "review_id": "5204921",
    "movie_id": "45521"
  },
  {
    "review": "ㅠㅠ 마지막에 피스케랑 헤어지는거  보고 많이울었음",
    "date": "10.12.29",
    "rating": "10",
    "author": "k222****",
    "review_id": "5099486",
    "movie_id": "45521"
  },
  {
    "review": "진구, 이슬이, 퉁퉁이, 비실이, 피스케, 도라에몽의 활약이 최도로 대단하다.",
    "date": "10.12.15",
    "rating": "10",
    "author": "dnfl****",
    "review_id": "5056054",
    "movie_id": "45521"
  },
  {
    "review": "도라이몽과 징구 그 밖의 친구, 피스케 말고도 다른 모든 공룡들 등 활약이 대단하다.",
    "date": "10.10.21",
    "rating": "9",
    "author": "kirs****",
    "review_id": "4914238",
    "movie_id": "45521"
  },
  {
    "review": "진구의 영화폐막작",
    "date": "10.06.29",
    "rating": "3",
    "author": "dnst****",
    "review_id": "4599680",
    "movie_id": "45521"
  },
  {
    "review": "역시! 도라에몽 놀라운 상상력 다음엔 도라에몽 주머니에서 뭐가 나올까?????",
    "date": "10.06.02",
    "rating": "10",
    "author": "jmkp****",
    "review_id": "4540119",
    "movie_id": "45521"
  },
  {
    "review": "제가 도라에몽을 좋아해서요 또보고싶더라요",
    "date": "10.05.04",
    "rating": "10",
    "author": "kare****",
    "review_id": "4478648",
    "movie_id": "45521"
  },
  {
    "review": "정말 재미있어요.아, 또보고싶다.",
    "date": "10.05.02",
    "rating": "10",
    "author": "sand****",
    "review_id": "4472798",
    "movie_id": "45521"
  },
  {
    "review": "완전 재미있어 야 너희들이 이 짜릿함과 재미를 느낄수 있겟어!?",
    "date": "10.04.05",
    "rating": "10",
    "author": "wkaq****",
    "review_id": "4414024",
    "movie_id": "45521"
  },
  {
    "review": "완전 재미없음",
    "date": "10.03.20",
    "rating": "1",
    "author": "wogk****",
    "review_id": "4370138",
    "movie_id": "45521"
  },
  {
    "review": "보고또보고 자막도 좋고..",
    "date": "10.03.12",
    "rating": "10",
    "author": "kim9****",
    "review_id": "4351246",
    "movie_id": "45521"
  },
  {
    "review": "정말재미있어서또보고싶어요",
    "date": "10.03.10",
    "rating": "10",
    "author": "kgi9****",
    "review_id": "4347871",
    "movie_id": "45521"
  },
  {
    "review": "만화책 내용",
    "date": "10.03.05",
    "rating": "8",
    "author": "vboy****",
    "review_id": "4337240",
    "movie_id": "45521"
  },
  {
    "review": "대박 재미뜸^-^ 안본분들 꼭 보셈여",
    "date": "10.03.01",
    "rating": "10",
    "author": "ddon****",
    "review_id": "4328226",
    "movie_id": "45521"
  },
  {
    "review": "마음에 듭니다.",
    "date": "10.02.28",
    "rating": "10",
    "author": "nimb****",
    "review_id": "4325284",
    "movie_id": "45521"
  },
  {
    "review": "굿굿~~ 도라에몽 극장판은 안빼고 다본다 ㅋㅋ",
    "date": "10.02.25",
    "rating": "10",
    "author": "yang****",
    "review_id": "4316202",
    "movie_id": "45521"
  },
  {
    "review": "또 보고 싶어 끝까지는 못 봤지만...",
    "date": "10.02.13",
    "rating": "10",
    "author": "dwc0****",
    "review_id": "4277731",
    "movie_id": "45521"
  },
  {
    "review": "굳짱",
    "date": "10.02.13",
    "rating": "10",
    "author": "alal****",
    "review_id": "4276536",
    "movie_id": "45521"
  },
  {
    "review": "굳",
    "date": "10.02.12",
    "rating": "10",
    "author": "ysmi****",
    "review_id": "4274784",
    "movie_id": "45521"
  },
  {
    "review": "또 보고 싶잉~~",
    "date": "10.02.12",
    "rating": "10",
    "author": "jeel****",
    "review_id": "4274464",
    "movie_id": "45521"
  },
  {
    "review": "와우!!!!!!!!!!!!!!!!!!!!!!!!!!!!!!!!!!!!!!!!!!!!!!!!!!!!!!!!!!!!!!!!!!!!!111",
    "date": "10.02.12",
    "rating": "10",
    "author": "fpdh****",
    "review_id": "4272288",
    "movie_id": "45521"
  },
  {
    "review": "아이구재미있어라",
    "date": "10.02.01",
    "rating": "10",
    "author": "rlad****",
    "review_id": "4233364",
    "movie_id": "45521"
  },
  {
    "review": "이거 한번만 보구싶어요~ 이거 만화책이 있긴 해구;;",
    "date": "10.01.29",
    "rating": "10",
    "author": "eun0****",
    "review_id": "4219765",
    "movie_id": "45521"
  },
  {
    "review": "고퀄리티에 놀랐음.. tv판이랑 비교하면안됨.. 머리카락이 휘날리는장면이 나옴,,, 헐",
    "date": "10.01.26",
    "rating": "10",
    "author": "asdf****",
    "review_id": "4210731",
    "movie_id": "45521"
  },
  {
    "review": "도라에몽 본것중에는 제일 재밌었음. 스토리 괜찮조 공룡들 멋있고...",
    "date": "10.01.24",
    "rating": "9",
    "author": "skut****",
    "review_id": "4204276",
    "movie_id": "45521"
  },
  {
    "review": "너무 재미있었고 그 악당 노란머리 머리가 거의ㅋㅋㅋ 없던데...",
    "date": "10.01.05",
    "rating": "10",
    "author": "rkdg****",
    "review_id": "4138417",
    "movie_id": "45521"
  },
  {
    "review": "재밌네요^^",
    "date": "10.01.05",
    "rating": "10",
    "author": "qkrt****",
    "review_id": "4136412",
    "movie_id": "45521"
  },
  {
    "review": "이ㅓ뭐냐??",
    "date": "10.01.01",
    "rating": "10",
    "author": "sey7****",
    "review_id": "4117190",
    "movie_id": "45521"
  },
  {
    "review": "챔프에서 오늘도봤고,만화책 너무재미있어서 8번이나 만화책을 읽었어요 도라에몽짱!",
    "date": "10.01.01",
    "rating": "10",
    "author": "tlse****",
    "review_id": "4115823",
    "movie_id": "45521"
  },
  {
    "review": "ㅎㅎ 너무재밌긴한데",
    "date": "09.12.31",
    "rating": "10",
    "author": "kky4****",
    "review_id": "4114194",
    "movie_id": "45521"
  },
  {
    "review": "정말재미있었어",
    "date": "09.12.30",
    "rating": "10",
    "author": "ct00****",
    "review_id": "4110416",
    "movie_id": "45521"
  },
  {
    "review": "재미있어서 보고 또봐도 질리지않아요",
    "date": "09.12.27",
    "rating": "10",
    "author": "roal****",
    "review_id": "4095170",
    "movie_id": "45521"
  },
  {
    "review": "아이들과 함께 봤는데 정말 아름다웠어요 ~ 1학년짜리 울아들 감동적이다라고 했어요",
    "date": "09.12.26",
    "rating": "10",
    "author": "wuiu****",
    "review_id": "4091078",
    "movie_id": "45521"
  },
  {
    "review": "마지막에 울었어요 ㅠㅠ 피~~~~~~~~~~~~~~~~~~~~~~~~~~~~~~~~~~~",
    "date": "09.12.26",
    "rating": "10",
    "author": "wkdr****",
    "review_id": "4087586",
    "movie_id": "45521"
  },
  {
    "review": "마지막에 감동받아 울엇습니다  도라에몽 극장판 시리즈 많이 많들어주시면 합니다 ^^",
    "date": "09.12.25",
    "rating": "10",
    "author": "kj31****",
    "review_id": "4084703",
    "movie_id": "45521"
  },
  {
    "review": "네.정말 재미있고 슬프고 감동적이네요",
    "date": "09.12.25",
    "rating": "10",
    "author": "gus8****",
    "review_id": "4082989",
    "movie_id": "45521"
  },
  {
    "review": "너무 재미있어요 !!!!!!!슬프고 감동적이에요~~~~~~~",
    "date": "09.12.25",
    "rating": "10",
    "author": "giso****",
    "review_id": "4081456",
    "movie_id": "45521"
  },
  {
    "review": "둘리나 봐라 유딩들아 둘리가 훨배 낫네ㅉㅉ",
    "date": "09.12.25",
    "rating": "1",
    "author": "roto****",
    "review_id": "4081179",
    "movie_id": "45521"
  },
  {
    "review": "아직은 못봤지만 재밌을거 같아요.",
    "date": "09.12.23",
    "rating": "10",
    "author": "jimi****",
    "review_id": "4074733",
    "movie_id": "45521"
  },
  {
    "review": "진짜 재밌어요",
    "date": "09.12.22",
    "rating": "10",
    "author": "comp****",
    "review_id": "4070680",
    "movie_id": "45521"
  },
  {
    "review": "찐짜 재미있어요~",
    "date": "09.12.21",
    "rating": "10",
    "author": "awd2****",
    "review_id": "4066503",
    "movie_id": "45521"
  },
  {
    "review": "짱재미있음, 어른들 막말대지마라 이게 어린이위주로만들어진건데 당연하지.",
    "date": "09.12.14",
    "rating": "10",
    "author": "tmdc****",
    "review_id": "4043947",
    "movie_id": "45521"
  },
  {
    "review": "나는 도라에몽이 좋아",
    "date": "09.11.25",
    "rating": "10",
    "author": "juj0****",
    "review_id": "3990135",
    "movie_id": "45521"
  },
  {
    "review": "엉   어 엉    보고 싶어라 나는 도라에몽 진구의 공룡 대탐험 못 봣는데",
    "date": "09.11.12",
    "rating": "10",
    "author": "suk7****",
    "review_id": "3954878",
    "movie_id": "45521"
  },
  {
    "review": "이건뭐... 도라에몽만화는 왜자꾸 이슬이 팬티를 보여주니...",
    "date": "09.10.24",
    "rating": "1",
    "author": "csjp****",
    "review_id": "3912308",
    "movie_id": "45521"
  },
  {
    "review": "요거 정말 감동적이었어",
    "date": "09.10.24",
    "rating": "10",
    "author": "klee****",
    "review_id": "3912218",
    "movie_id": "45521"
  },
  {
    "review": "나는 공룡젤루좋와",
    "date": "09.10.19",
    "rating": "10",
    "author": "sy83****",
    "review_id": "3903324",
    "movie_id": "45521"
  },
  {
    "review": "가슴이 따뜻해지고 마음을 정화시키는 영화 도라에몽 극장판, 재미와 감동이 있다!!!",
    "date": "09.10.16",
    "rating": "10",
    "author": "bsw3****",
    "review_id": "3895930",
    "movie_id": "45521"
  },
  {
    "review": "와왕와ㅗ아ㅗ아와와와와아오",
    "date": "09.10.07",
    "rating": "10",
    "author": "josu****",
    "review_id": "3879179",
    "movie_id": "45521"
  },
  {
    "review": "보고싶어요",
    "date": "09.09.24",
    "rating": "10",
    "author": "hyun****",
    "review_id": "3848145",
    "movie_id": "45521"
  },
  {
    "review": "공룡대탐험 좋아해요",
    "date": "09.09.10",
    "rating": "10",
    "author": "soyo****",
    "review_id": "3822936",
    "movie_id": "45521"
  },
  {
    "review": "날 여전히 감동시키는 구나 도라에몽~~~~~~~~",
    "date": "09.08.28",
    "rating": "9",
    "author": "milk****",
    "review_id": "3793554",
    "movie_id": "45521"
  },
  {
    "review": "너무재미있어요",
    "date": "09.08.27",
    "rating": "10",
    "author": "qscd****",
    "review_id": "3791324",
    "movie_id": "45521"
  },
  {
    "review": "너무재밋어떤님이 야한거 나온다고햇는데 전혀 안나오던데그게야한거?야한건따로있음",
    "date": "09.08.24",
    "rating": "10",
    "author": "as99****",
    "review_id": "3784688",
    "movie_id": "45521"
  },
  {
    "review": "끝이 좀 아쉬운 느낌이.. 싸우는부분이 적다해야할까..",
    "date": "09.08.23",
    "rating": "10",
    "author": "vxvx****",
    "review_id": "3781905",
    "movie_id": "45521"
  },
  {
    "review": "캐감동ㅋㅋㅋㅋㅋㅋㅋㅋㅋㅋㅋㅋㅋㅋㅋㅋㅋㅋㅋㅋㅋㅋㅋㅋㅋㅋㅋㅋㅋㅋㅋ",
    "date": "09.08.17",
    "rating": "10",
    "author": "dudg****",
    "review_id": "3758747",
    "movie_id": "45521"
  },
  {
    "review": "ㄱ굿ㅋㅋㅋㅋㅋㅋㅋㅋㅋ",
    "date": "09.08.17",
    "rating": "10",
    "author": "2ele****",
    "review_id": "3758528",
    "movie_id": "45521"
  },
  {
    "review": "이거 엄청 재미있어요!!!!!!!!!! 강추!!!!!!!!!!!!!!!!!!",
    "date": "09.08.16",
    "rating": "10",
    "author": "yui7****",
    "review_id": "3754469",
    "movie_id": "45521"
  },
  {
    "review": "일단 주고 보자",
    "date": "09.08.14",
    "rating": "1",
    "author": "davi****",
    "review_id": "3746731",
    "movie_id": "45521"
  },
  {
    "review": "감동적이었습니다....",
    "date": "09.08.12",
    "rating": "10",
    "author": "ivg0****",
    "review_id": "3740779",
    "movie_id": "45521"
  },
  {
    "review": "완죤재밋어여>ㅁ<",
    "date": "09.08.12",
    "rating": "10",
    "author": "lulu****",
    "review_id": "3740315",
    "movie_id": "45521"
  },
  {
    "review": "아주 ㅈ",
    "date": "09.08.11",
    "rating": "10",
    "author": "ljs4****",
    "review_id": "3736340",
    "movie_id": "45521"
  },
  {
    "review": "역시 아이들 웃음포인트와 어른의 웃음 포인트는 다르구나 새삼 느꼈어요.",
    "date": "09.08.11",
    "rating": "10",
    "author": "ykjj****",
    "review_id": "3735680",
    "movie_id": "45521"
  },
  {
    "review": "내용은 기억안나고 애들이 너무 시끄러워서 짜증났음",
    "date": "09.08.10",
    "rating": "2",
    "author": "rous****",
    "review_id": "3729710",
    "movie_id": "45521"
  },
  {
    "review": "조카들이랑 보러갔는데 넘 잼있다고해서 즐거웠음^^",
    "date": "09.08.08",
    "rating": "10",
    "author": "nrg2****",
    "review_id": "3725230",
    "movie_id": "45521"
  }
]