[
  {
    "review": "1번쯤??난 정주행만 진심20번넘는다 다운받아서봄;아직도 노래듣는구만",
    "date": "15.08.26",
    "rating": "10",
    "author": "pill****",
    "review_id": "10276858",
    "movie_id": "45535"
  },
  {
    "review": "진짜재밋고계속생각나는영화!!!예전에봣던거또봐도 좋네용",
    "date": "15.07.26",
    "rating": "10",
    "author": "skdu****",
    "review_id": "10147045",
    "movie_id": "45535"
  },
  {
    "review": "맨위에 베스트평점 준놈 평점 왜이래 그러면서 8점주는 클라스",
    "date": "15.07.13",
    "rating": "10",
    "author": "ajsk****",
    "review_id": "10101264",
    "movie_id": "45535"
  },
  {
    "review": "태어나서 별점남긴 첫영화 ost 하나하나 다 주옥같은곡들에 주인공 너무너무 사랑스러워요",
    "date": "15.06.24",
    "rating": "10",
    "author": "jari****",
    "review_id": "10029440",
    "movie_id": "45535"
  },
  {
    "review": "진짜 작년부터 계속 돌려보는것같다내인생에 본영화중 다섯손가락에 꼽히는 인상적이고재밌게본 영화다~평소에 외국영화 안좋아하는데너무재밌게봤고 외모에 컴플렉스갖고계신 분들이보시면 자신감키우기 좋은것같아요♡",
    "date": "15.06.03",
    "rating": "10",
    "author": "btb1****",
    "review_id": "9972875",
    "movie_id": "45535"
  },
  {
    "review": "평점이 예상보다 낮아서 놀랐어요저는 학교에서 선생님께서 보여주셔서 보게됐는데 너무 재밌게봤어요친구들이랑 수다도 별로 안떨고 몰입해서 재밌게봤어요!ost도 너무 좋아용",
    "date": "15.04.24",
    "rating": "10",
    "author": "tt79****",
    "review_id": "9864280",
    "movie_id": "45535"
  },
  {
    "review": "잭 진짜 내가 잭 넘 사랑해요 ㅠㅠㅠ진짜 ㅠㅠㅠ",
    "date": "15.04.14",
    "rating": "10",
    "author": "ddub****",
    "review_id": "9846230",
    "movie_id": "45535"
  },
  {
    "review": "볼만하다 이 영화는 충분히.",
    "date": "15.04.12",
    "rating": "8",
    "author": "dark****",
    "review_id": "9842413",
    "movie_id": "45535"
  },
  {
    "review": "이거 평점 낮게 준 사람들 귀가 막힌듯 ㅋ 노래 자체도 좋고 유쾌한 영화인데 존트라볼타 연기가지고 뭐라하는사람들도..; 난 처음에 존 트라볼타인지 모르고 봤음 여자 연기 개잘해  재밌어요",
    "date": "15.04.11",
    "rating": "10",
    "author": "heer****",
    "review_id": "9839425",
    "movie_id": "45535"
  },
  {
    "review": "이거 진짜 완전 재밌게 봤었는데.... 진짜 레미제라블 다음으로 재밌게 봤던 뮤지컬 영화!!",
    "date": "15.04.02",
    "rating": "10",
    "author": "jinj****",
    "review_id": "9822865",
    "movie_id": "45535"
  },
  {
    "review": "최고!!!!최고최고!",
    "date": "15.03.21",
    "rating": "10",
    "author": "ce11****",
    "review_id": "9796744",
    "movie_id": "45535"
  },
  {
    "review": "뮤지컬 드라마중 최고!",
    "date": "15.03.16",
    "rating": "10",
    "author": "audw****",
    "review_id": "9788583",
    "movie_id": "45535"
  },
  {
    "review": "한편의 뮤지컬을 보는거와같았어요~~",
    "date": "15.02.20",
    "rating": "10",
    "author": "whit****",
    "review_id": "9716589",
    "movie_id": "45535"
  },
  {
    "review": "노래가 어쩜 이렇게 하나같이 다 좋은지 ㅋ 여주도 귀엽고 ㅋ 씨위드 눈웃음 멋쪙 ㅠㅜ",
    "date": "15.02.17",
    "rating": "10",
    "author": "suji****",
    "review_id": "9706811",
    "movie_id": "45535"
  },
  {
    "review": "완전재밌어요! 당연히 10점학교에서 쌤이 틀어주셨는데 재밌네요ㅎㅎ",
    "date": "15.02.02",
    "rating": "10",
    "author": "kell****",
    "review_id": "9660768",
    "movie_id": "45535"
  },
  {
    "review": "뮤지컬영화를 좋아하는 나에게는 소장가치잇는 영화노래도 다좋구 내용두 너무좋음",
    "date": "15.01.19",
    "rating": "10",
    "author": "jjun****",
    "review_id": "9614036",
    "movie_id": "45535"
  },
  {
    "review": "너무 나도 유쾌한 영화~~ 배우들 (악역들 포함)해서 너무 영화를 잘 이끈거 같아요~~",
    "date": "15.01.17",
    "rating": "10",
    "author": "whun****",
    "review_id": "9606773",
    "movie_id": "45535"
  },
  {
    "review": "보는 내내 흥에겨워 눈을 못 뗀 영화ㅎㅎ 평점이 너무 낮아요",
    "date": "14.12.20",
    "rating": "10",
    "author": "bykm****",
    "review_id": "9493000",
    "movie_id": "45535"
  },
  {
    "review": "조금 이상적일 수 있는 주제이긴 하지만 밝은 분위기 속에 훈훈하게 녹아있어서 자연스러웠고 특히 너무나 아름답고 흥겨운 음악과 화려한 화면들은 어깨를 들썩일만큼 재밌었음.",
    "date": "14.11.15",
    "rating": "10",
    "author": "0718****",
    "review_id": "9388722",
    "movie_id": "45535"
  },
  {
    "review": "누군가 제일 재밌게 본 영화가 뭐냐고 물으면 나는 헤어스프레이.,라스트홀리데이 이 두 작품이다...",
    "date": "14.11.06",
    "rating": "10",
    "author": "oliv****",
    "review_id": "9344620",
    "movie_id": "45535"
  },
  {
    "review": "트레이시 엄마가 존 트라볼타였단 걸  영화 끝나고 알았다 ㅋㅋ",
    "date": "14.10.31",
    "rating": "8",
    "author": "mien****",
    "review_id": "9332357",
    "movie_id": "45535"
  },
  {
    "review": "보는내내 즐거웠다!!!♡",
    "date": "14.10.27",
    "rating": "10",
    "author": "dn1w****",
    "review_id": "9321111",
    "movie_id": "45535"
  },
  {
    "review": "기분 안좋을 때마다 봐요. 보면 행복해지는 영화!",
    "date": "14.10.24",
    "rating": "10",
    "author": "2_17****",
    "review_id": "9313517",
    "movie_id": "45535"
  },
  {
    "review": "영화의 스토리는 빈약....그러나 영화가 끝나도 귀에서멤도는 노래들 비주얼....백투더 패스트",
    "date": "14.10.09",
    "rating": "9",
    "author": "kara****",
    "review_id": "9276959",
    "movie_id": "45535"
  },
  {
    "review": "짱임히힛..링크...ㅜ",
    "date": "14.09.27",
    "rating": "10",
    "author": "noda****",
    "review_id": "9243403",
    "movie_id": "45535"
  },
  {
    "review": "와 이건 진짜 극혐 ***",
    "date": "14.09.19",
    "rating": "1",
    "author": "newt****",
    "review_id": "9227100",
    "movie_id": "45535"
  },
  {
    "review": "기분 좋아지는 뮤지컬영화예요^^",
    "date": "14.09.10",
    "rating": "10",
    "author": "fait****",
    "review_id": "9198706",
    "movie_id": "45535"
  },
  {
    "review": "뮤지컬을 좋아하는 사람이라면 정말 좋아할 영화... 음악부터 춤까지 모두 매력적이었다 ㅠㅠㅠ영화 속에 나온 배우가 된 기분으로 봤다 ㅠㅠ뮤지컬로 실제로 보고싶고 또 직접 무대에 서보고싶게 까지 만드는 교훈적이고 신나는 영화 ㅠㅠ",
    "date": "14.09.09",
    "rating": "10",
    "author": "cjo5****",
    "review_id": "9193043",
    "movie_id": "45535"
  },
  {
    "review": "처음부터끝까지 단 1퍼센트도 부족한곳이 없는 영화 다볼때까지도 너무 재밌고 정말 완벽하고 진실되게 마음에 다가왔어요 정말 추천해주고싶어요!! 한번도 눈을뗄수가 없었어요 진짜 진심으로",
    "date": "14.08.22",
    "rating": "10",
    "author": "wjd9****",
    "review_id": "9120034",
    "movie_id": "45535"
  },
  {
    "review": "잊혀질 때쯤 가끔 보는 유쾌한 영화. OST의 완성도가 기가 막히고, 시대적 배경의 재현도 완벽하다고 본다.",
    "date": "14.08.05",
    "rating": "10",
    "author": "kkw1****",
    "review_id": "9033414",
    "movie_id": "45535"
  },
  {
    "review": "오랜만에 밝은 영화 한 편 본 것 같아 기분이 좋네요~ 기분이 꿀꿀할 땐 이 영화 보시면서 웃으시길!!",
    "date": "14.08.03",
    "rating": "8",
    "author": "qktm****",
    "review_id": "9018746",
    "movie_id": "45535"
  },
  {
    "review": "완전재밌고 뮤지컬영화라 노래나오면서 나까지춤추게된다",
    "date": "14.07.26",
    "rating": "10",
    "author": "mick****",
    "review_id": "8960692",
    "movie_id": "45535"
  },
  {
    "review": "인종차별을긍적화시킴",
    "date": "14.07.24",
    "rating": "10",
    "author": "real****",
    "review_id": "8951626",
    "movie_id": "45535"
  },
  {
    "review": "신났고 재밌었던 뮤지컬 영화",
    "date": "14.07.19",
    "rating": "10",
    "author": "rlax****",
    "review_id": "8930650",
    "movie_id": "45535"
  },
  {
    "review": "재밌는데 솔직히 여주인공 춤출때는 좀 부담스럽기하다",
    "date": "14.07.16",
    "rating": "8",
    "author": "dnfl****",
    "review_id": "8919961",
    "movie_id": "45535"
  },
  {
    "review": "재밌던데...생각했던 것보다 평점이 낮아서 아쉽네요.",
    "date": "14.07.15",
    "rating": "10",
    "author": "rapi****",
    "review_id": "8919215",
    "movie_id": "45535"
  },
  {
    "review": "굿잡~~~강추 7년이나 지난 영화인데 노래도 좋꼬",
    "date": "14.06.28",
    "rating": "10",
    "author": "jumn****",
    "review_id": "8863364",
    "movie_id": "45535"
  },
  {
    "review": "정말 최고의 뮤지컬 영화",
    "date": "14.06.19",
    "rating": "10",
    "author": "mani****",
    "review_id": "8840036",
    "movie_id": "45535"
  },
  {
    "review": "진짜 재밌고 신나는 영화 ㅋ비타민 같은 영화 완전 좋다♥",
    "date": "14.06.16",
    "rating": "10",
    "author": "wyj7****",
    "review_id": "8836014",
    "movie_id": "45535"
  },
  {
    "review": "여주가 귀여움 ㅎㅎㅎ 긍정긍정",
    "date": "14.06.14",
    "rating": "10",
    "author": "ejp0****",
    "review_id": "8830462",
    "movie_id": "45535"
  },
  {
    "review": "개좋아요 음악도좋고짱",
    "date": "14.05.21",
    "rating": "10",
    "author": "coei****",
    "review_id": "8752300",
    "movie_id": "45535"
  },
  {
    "review": "최악의영화     알바생에속아절대보지마라",
    "date": "14.04.25",
    "rating": "1",
    "author": "cc52****",
    "review_id": "8671546",
    "movie_id": "45535"
  },
  {
    "review": "뮤지컬로 봤는데 정말로 재미있었어요!",
    "date": "14.04.24",
    "rating": "10",
    "author": "osh2****",
    "review_id": "8670230",
    "movie_id": "45535"
  },
  {
    "review": "한국은  뮤지컬 영화 너무 싫어하는 것 같다",
    "date": "14.04.22",
    "rating": "10",
    "author": "khon****",
    "review_id": "8665273",
    "movie_id": "45535"
  },
  {
    "review": "이거 학교에서 음악쌤이 보여줬는데 너무재밌어요ㅋㅋㅋ",
    "date": "14.04.21",
    "rating": "10",
    "author": "hooz****",
    "review_id": "8664152",
    "movie_id": "45535"
  },
  {
    "review": "내가 가장 좋아하는 뮤지컬. 영화로 나와서 좋고 존 트라볼타의 여장을 볼 수 있어 좋고 노래를 잘 해서 좋음",
    "date": "14.04.09",
    "rating": "10",
    "author": "merc****",
    "review_id": "8638075",
    "movie_id": "45535"
  },
  {
    "review": "재미없다 진짜 보다보다 못보겠어서껐음",
    "date": "14.03.20",
    "rating": "3",
    "author": "lema****",
    "review_id": "8590709",
    "movie_id": "45535"
  },
  {
    "review": "정말 뮤지컬이라는 장르답게 음악을 통해 외모지상주의와 인종차별을 유쾌하게 깐 영화. 노래가 너무 즐거워서 기분이 쳐지는 날 들으면 좋아요!",
    "date": "14.02.19",
    "rating": "10",
    "author": "asdf****",
    "review_id": "8520017",
    "movie_id": "45535"
  },
  {
    "review": "처음부터 끝까지 밝은 훈훈한 영화지만 재미는 그닥...",
    "date": "14.02.10",
    "rating": "6",
    "author": "ygl6****",
    "review_id": "8495884",
    "movie_id": "45535"
  },
  {
    "review": "선생님이 보여주셨는데 재밌어요",
    "date": "14.01.22",
    "rating": "10",
    "author": "rud1****",
    "review_id": "8408621",
    "movie_id": "45535"
  },
  {
    "review": "1점 보다 더 낮게 줘야 하게 만드는 영화",
    "date": "13.12.25",
    "rating": "1",
    "author": "zero****",
    "review_id": "8296442",
    "movie_id": "45535"
  },
  {
    "review": "몇번을다시봐도 유쾌하고 내용도 의미있고 좋은영화네요",
    "date": "13.12.19",
    "rating": "10",
    "author": "chjj****",
    "review_id": "8240781",
    "movie_id": "45535"
  },
  {
    "review": "스무번은 넘게 본것같은데도 재미있음 노래도 좋고 두시간내내 지루하지가 않음... 시위하는 장면에서 노래부를때 진짜 감동.. 태어나서 가장 많이 본 영화인듯",
    "date": "13.12.13",
    "rating": "10",
    "author": "inbi****",
    "review_id": "8210343",
    "movie_id": "45535"
  },
  {
    "review": "원작 영화는 못 봤지만 노래들도 너무 좋고, 담고있는 메시지도 좋고, 그러나 담고 있는 메시지가 묵직하더라도 유쾌하게 볼 수 있던 영화였어요. 최고.",
    "date": "13.11.28",
    "rating": "10",
    "author": "so1b****",
    "review_id": "8173423",
    "movie_id": "45535"
  },
  {
    "review": "재밌고 노래도 좋고.. 뮤지컬영화 입문하기에 딱 좋은 영화인듯요",
    "date": "13.10.29",
    "rating": "10",
    "author": "jgy1****",
    "review_id": "8098445",
    "movie_id": "45535"
  },
  {
    "review": "존트라볼타 캐스팅은 신의 한수",
    "date": "13.10.22",
    "rating": "10",
    "author": "chlt****",
    "review_id": "8080624",
    "movie_id": "45535"
  },
  {
    "review": "재밌었다.흥얼흥얼ㅋㅋㅋ",
    "date": "13.10.17",
    "rating": "8",
    "author": "db97****",
    "review_id": "8065597",
    "movie_id": "45535"
  },
  {
    "review": "시종일관 밝고 즐거운 뮤지컬 영화..",
    "date": "13.10.13",
    "rating": "8",
    "author": "blue****",
    "review_id": "8058538",
    "movie_id": "45535"
  },
  {
    "review": "쩌네",
    "date": "13.09.07",
    "rating": "10",
    "author": "daeh****",
    "review_id": "7957453",
    "movie_id": "45535"
  },
  {
    "review": "ㅋㅋㅋㅋㅋㅋㅋㅋㅋㅋㅋㅋ알바봐라",
    "date": "13.08.17",
    "rating": "10",
    "author": "0207****",
    "review_id": "7894251",
    "movie_id": "45535"
  },
  {
    "review": "평점이 왜 이럼?;;; 난 보면서 노래도좋고 내용도너무밝아서재밌었는데ㅋㅋ 뮤지컬 좋아하시는분들은 이영화보면 실제뮤지컬로도 보고싶다는생각 무조건 하실겁니다 한번쯤보는건 정말나쁘지않아요~",
    "date": "13.08.14",
    "rating": "8",
    "author": "like****",
    "review_id": "7880331",
    "movie_id": "45535"
  },
  {
    "review": "다들왜그러지?재밎는데..?노래좋고 잘부르고..",
    "date": "13.08.13",
    "rating": "10",
    "author": "cm04****",
    "review_id": "7876086",
    "movie_id": "45535"
  },
  {
    "review": "인소 서양판",
    "date": "13.08.12",
    "rating": "6",
    "author": "whrk****",
    "review_id": "7871021",
    "movie_id": "45535"
  },
  {
    "review": "존트라볼타 형님의 흑역사",
    "date": "13.08.07",
    "rating": "1",
    "author": "phph****",
    "review_id": "7853156",
    "movie_id": "45535"
  },
  {
    "review": "내용도 병맛이고 재미없다  뮤지컬영화 보려면 <삼거리극장> 보셈",
    "date": "13.08.02",
    "rating": "1",
    "author": "rkdd****",
    "review_id": "7822365",
    "movie_id": "45535"
  },
  {
    "review": "극장에서 볼 때는 지루해서 졸았었는데... 다시 보면 재밌다!! 캐스팅도 좋고!",
    "date": "13.08.02",
    "rating": "8",
    "author": "neat****",
    "review_id": "7817558",
    "movie_id": "45535"
  },
  {
    "review": "보는 내내 행복하고 즐거웠는데 ㅜㅜ 나만 그랬던건가 ㅜㅜ 왜 그러지 여기 ㅜㅜㅜ",
    "date": "13.08.02",
    "rating": "10",
    "author": "k951****",
    "review_id": "7816483",
    "movie_id": "45535"
  },
  {
    "review": "노래도 좋고 내용도 좋고 ㅋㅋㅋㅋ",
    "date": "13.07.26",
    "rating": "10",
    "author": "dkdl****",
    "review_id": "7785650",
    "movie_id": "45535"
  },
  {
    "review": "재밋다~~",
    "date": "13.07.22",
    "rating": "10",
    "author": "kobo****",
    "review_id": "7776415",
    "movie_id": "45535"
  },
  {
    "review": "노래 너무 좋아여~♥",
    "date": "13.07.18",
    "rating": "10",
    "author": "rk05****",
    "review_id": "7758288",
    "movie_id": "45535"
  },
  {
    "review": "잭에프론 목소리 완전 좋음 ㅋㅋㅋ하이스쿨 뮤지컬에서 본 기억 남 ㅋㅋㅋㅋㅋ외모도 존잘이구..♥",
    "date": "13.07.17",
    "rating": "10",
    "author": "dltp****",
    "review_id": "7754115",
    "movie_id": "45535"
  },
  {
    "review": "노래와춤이흥겨워서보는내내흥겹고재미잇엇다",
    "date": "13.07.17",
    "rating": "10",
    "author": "cogh****",
    "review_id": "7751311",
    "movie_id": "45535"
  },
  {
    "review": "경쾌 ㅎㅎ",
    "date": "13.06.23",
    "rating": "9",
    "author": "zxcv****",
    "review_id": "7674092",
    "movie_id": "45535"
  },
  {
    "review": "신나고 경쾌한 뮤지컬영화 존트라볼타 성님의 여장연기는 덤",
    "date": "13.06.18",
    "rating": "7",
    "author": "yjs4****",
    "review_id": "7654499",
    "movie_id": "45535"
  },
  {
    "review": "ㅋㅋㅋㅋㅋ지존재밌었음 아무생각없이 재미로 볼수있는 영화",
    "date": "13.06.08",
    "rating": "10",
    "author": "tnfu****",
    "review_id": "7614328",
    "movie_id": "45535"
  },
  {
    "review": "굉장히 재미있어요ㅎ",
    "date": "13.05.09",
    "rating": "10",
    "author": "dltk****",
    "review_id": "7516713",
    "movie_id": "45535"
  },
  {
    "review": "정말 흥미가 갔었던 힐링영화^^",
    "date": "13.05.06",
    "rating": "10",
    "author": "gusw****",
    "review_id": "7512420",
    "movie_id": "45535"
  },
  {
    "review": "제 생에 최고의 뮤지컬영화",
    "date": "13.05.04",
    "rating": "10",
    "author": "m_s_****",
    "review_id": "7506725",
    "movie_id": "45535"
  },
  {
    "review": "영화를 보는 순간마다 눈이 안떨어지더군요이런 생각이 들어요 체널돌리다가 우연히 본영화인데 엉덩이를 못 때는 그런 영화에요팀 재미있게 봤구요 언제 다시한번 또 보고싶네요 다음에 이런 작품이 나오려는지 모르겠네요흥행 Fighting !!!!!!!",
    "date": "13.04.21",
    "rating": "10",
    "author": "wjdd****",
    "review_id": "7472871",
    "movie_id": "45535"
  },
  {
    "review": "언제나 봐도 재밌는 영화",
    "date": "13.04.20",
    "rating": "10",
    "author": "wjdg****",
    "review_id": "7469923",
    "movie_id": "45535"
  },
  {
    "review": "멋지다!",
    "date": "13.04.13",
    "rating": "10",
    "author": "byeb****",
    "review_id": "7456739",
    "movie_id": "45535"
  },
  {
    "review": "이야기도 재밌고, 노래도 재미있다. 웃음을 주는 코미디 뮤지컬 영화",
    "date": "13.03.30",
    "rating": "9",
    "author": "kt17****",
    "review_id": "7424095",
    "movie_id": "45535"
  },
  {
    "review": "좋은 영화~ :)",
    "date": "13.03.27",
    "rating": "10",
    "author": "silv****",
    "review_id": "7414816",
    "movie_id": "45535"
  },
  {
    "review": "즐겁고 비판적내용이 공감됩니다",
    "date": "13.03.20",
    "rating": "10",
    "author": "jisu****",
    "review_id": "7375317",
    "movie_id": "45535"
  },
  {
    "review": "영화보는내내 즐겁고 눈을 때지못하였다",
    "date": "13.03.10",
    "rating": "9",
    "author": "ci89****",
    "review_id": "7338891",
    "movie_id": "45535"
  },
  {
    "review": "정말 유쾌하고 신나는 영화~!!! ㅋㅋㅋㅋㅋ",
    "date": "13.03.03",
    "rating": "9",
    "author": "rudl****",
    "review_id": "7320121",
    "movie_id": "45535"
  },
  {
    "review": "유쾌하고 용기와 자신감을 주는 영화!",
    "date": "13.02.16",
    "rating": "10",
    "author": "js97****",
    "review_id": "7269552",
    "movie_id": "45535"
  },
  {
    "review": "굿",
    "date": "13.02.14",
    "rating": "10",
    "author": "wown****",
    "review_id": "7263058",
    "movie_id": "45535"
  },
  {
    "review": "짱재밌었는데?",
    "date": "13.02.11",
    "rating": "10",
    "author": "dss0****",
    "review_id": "7253582",
    "movie_id": "45535"
  },
  {
    "review": "굿",
    "date": "13.02.08",
    "rating": "10",
    "author": "fpdl****",
    "review_id": "7240046",
    "movie_id": "45535"
  },
  {
    "review": "노래도 넘 좋고 언제봐도 질리지않는 영화. 짱재밌다",
    "date": "13.01.07",
    "rating": "10",
    "author": "94ae****",
    "review_id": "7089233",
    "movie_id": "45535"
  },
  {
    "review": "마음껏 웃으라고 찍은 영화를 심각한 시선으로 바라보다니,요즘 중고등학교대입준비수험생들 학업부담이 너무 과중한듯...이 영화를 즐길수 없었다면,10대가 아님.마음이 늙은 게지.좀 많이 불쌍하네.그리고,트레이시는,뚱녀를 미워하지 않게 해보려는 노력일뿐이다",
    "date": "13.01.06",
    "rating": "10",
    "author": "baks****",
    "review_id": "7086881",
    "movie_id": "45535"
  },
  {
    "review": "어떤 각도에서 봐야 재밌다는건지.. 여자들과 남자들의 의견이 확연할것같은 영화.",
    "date": "12.12.13",
    "rating": "1",
    "author": "bklo****",
    "review_id": "6997937",
    "movie_id": "45535"
  },
  {
    "review": "학교에서 틀어줬는데 애들 반응도 별로고 트레이시 너무 좀 그랬다",
    "date": "12.12.05",
    "rating": "1",
    "author": "pong****",
    "review_id": "6975173",
    "movie_id": "45535"
  },
  {
    "review": "처음엔 그냥 다른 하이틴 영화처럼 뻔한스토리일줄 알았지만, 나와는 조금 다른 남을 이상함이 아닌 그사람의 아름다움으로 승화시킨 영화 정말 말이필요없습니다 너무 재미있게봤어요 음악도좋고 무엇보다 내용이 참 생각하게 하네요 너무좋아요",
    "date": "12.11.30",
    "rating": "10",
    "author": "hyej****",
    "review_id": "6948002",
    "movie_id": "45535"
  },
  {
    "review": "6.5 청춘. 시대의 변화. 당당함. 그녀가 부럽다.",
    "date": "12.11.28",
    "rating": "6",
    "author": "blue****",
    "review_id": "6932257",
    "movie_id": "45535"
  },
  {
    "review": "Good Morning Baltmore~",
    "date": "12.11.09",
    "rating": "10",
    "author": "2451****",
    "review_id": "6869897",
    "movie_id": "45535"
  },
  {
    "review": "짱 재미써!!!!",
    "date": "12.11.06",
    "rating": "10",
    "author": "yarn****",
    "review_id": "6860625",
    "movie_id": "45535"
  },
  {
    "review": "봐도봐도 질리지가 않고 정말 얌전히앉아사 보기힘든 영화. 여기 평점 이상함 ㅡㅡ",
    "date": "12.11.05",
    "rating": "10",
    "author": "kejj****",
    "review_id": "6858353",
    "movie_id": "45535"
  },
  {
    "review": "재미도 없고 감동도 없고 지루하기만하다.  모든 영화를 다봐서 볼 영화가 없을 때 조차  안봐도 그만일 영화. 이런 있으나 마나한 영화는 처음봤다네.",
    "date": "12.10.19",
    "rating": "1",
    "author": "xgen****",
    "review_id": "6813471",
    "movie_id": "45535"
  }
]