[
  {
    "review": "보면서 심장이 두근두근 ㅎㅎ",
    "date": "15.08.23",
    "rating": "10",
    "author": "haeb****",
    "review_id": "10264912",
    "movie_id": "45649"
  },
  {
    "review": "재미있는데,  모아가 아마겟돈 쓰면 되지 않나?",
    "date": "15.08.12",
    "rating": "10",
    "author": "shmo****",
    "review_id": "10221350",
    "movie_id": "45649"
  },
  {
    "review": "좀 허무하게 끝난감이 있음.",
    "date": "15.02.19",
    "rating": "1",
    "author": "7392****",
    "review_id": "9715404",
    "movie_id": "45649"
  },
  {
    "review": "어케보죠? 궁금함...",
    "date": "14.08.12",
    "rating": "10",
    "author": "pky5****",
    "review_id": "9072123",
    "movie_id": "45649"
  },
  {
    "review": "조금재미있고 우정이 있어서 좋아요",
    "date": "14.08.09",
    "rating": "9",
    "author": "ymin****",
    "review_id": "9058324",
    "movie_id": "45649"
  },
  {
    "review": "엄청잼있겟당 (근대더빙이면좋겟는듯)",
    "date": "14.07.27",
    "rating": "10",
    "author": "gkte****",
    "review_id": "8969647",
    "movie_id": "45649"
  },
  {
    "review": "평점 꼬라지봐라 ㅉㅉㅉ 그냥 한쿡영화나 보세요!!",
    "date": "14.07.16",
    "rating": "10",
    "author": "ske4****",
    "review_id": "8920434",
    "movie_id": "45649"
  },
  {
    "review": "음...딱히 재미없습니다...",
    "date": "14.06.10",
    "rating": "1",
    "author": "star****",
    "review_id": "8819478",
    "movie_id": "45649"
  },
  {
    "review": "존나 재밌었다 디져서라도 보고싶다",
    "date": "14.03.20",
    "rating": "10",
    "author": "dbwo****",
    "review_id": "8591040",
    "movie_id": "45649"
  },
  {
    "review": "ㅋㅋㅋㅋㅋㅋㅋ ㅋㄹㄹㄱ ㅁㅅㄱ 재밌당~",
    "date": "13.06.11",
    "rating": "8",
    "author": "seli****",
    "review_id": "7628283",
    "movie_id": "45649"
  },
  {
    "review": "극장판은 이게 진짜 진리임. 5편 시리즈 중 1편이랑 3편,4편이 제일 재밌었음",
    "date": "13.04.07",
    "rating": "10",
    "author": "ymw7****",
    "review_id": "7440854",
    "movie_id": "45649"
  },
  {
    "review": "ㅠ",
    "date": "13.02.13",
    "rating": "10",
    "author": "alex****",
    "review_id": "7260203",
    "movie_id": "45649"
  },
  {
    "review": "역시 Keroro",
    "date": "13.02.02",
    "rating": "10",
    "author": "wjda****",
    "review_id": "7214519",
    "movie_id": "45649"
  },
  {
    "review": "재미있음",
    "date": "11.02.21",
    "rating": "10",
    "author": "mun4****",
    "review_id": "5263144",
    "movie_id": "45649"
  },
  {
    "review": "케로로 재미있음~",
    "date": "10.12.21",
    "rating": "10",
    "author": "xhxh****",
    "review_id": "5072068",
    "movie_id": "45649"
  },
  {
    "review": "아라가키유이짱",
    "date": "10.10.26",
    "rating": "10",
    "author": "zzan****",
    "review_id": "4921926",
    "movie_id": "45649"
  },
  {
    "review": "ㅡ_,ㅡ",
    "date": "10.09.01",
    "rating": "10",
    "author": "kang****",
    "review_id": "4810795",
    "movie_id": "45649"
  },
  {
    "review": "나중에 슬펐지만 재미있었어요",
    "date": "10.07.29",
    "rating": "10",
    "author": "bjp2****",
    "review_id": "4683209",
    "movie_id": "45649"
  },
  {
    "review": "첫극장판으로서....재미있닻.",
    "date": "10.06.08",
    "rating": "10",
    "author": "grea****",
    "review_id": "4552948",
    "movie_id": "45649"
  },
  {
    "review": "슬프당",
    "date": "10.02.13",
    "rating": "10",
    "author": "alal****",
    "review_id": "4276548",
    "movie_id": "45649"
  },
  {
    "review": "재밌당.",
    "date": "09.12.07",
    "rating": "10",
    "author": "jh08****",
    "review_id": "4026930",
    "movie_id": "45649"
  },
  {
    "review": "별로다.",
    "date": "09.07.05",
    "rating": "6",
    "author": "dlwo****",
    "review_id": "3611722",
    "movie_id": "45649"
  },
  {
    "review": "약깐짧은게 단점이라능.",
    "date": "09.05.13",
    "rating": "10",
    "author": "tim2****",
    "review_id": "3492663",
    "movie_id": "45649"
  },
  {
    "review": "케로로 팬이지만...졸라...재미없었다...(웃긴데가 없었다...)",
    "date": "09.04.13",
    "rating": "1",
    "author": "mk94****",
    "review_id": "3420262",
    "movie_id": "45649"
  },
  {
    "review": "59분이 상당히 압박인듯",
    "date": "09.04.09",
    "rating": "8",
    "author": "wnsg****",
    "review_id": "3412852",
    "movie_id": "45649"
  },
  {
    "review": "너무나 재밌습니다 케로로너무좋아요",
    "date": "09.03.29",
    "rating": "10",
    "author": "dus9****",
    "review_id": "3393848",
    "movie_id": "45649"
  },
  {
    "review": "정말 재미있게 잘 봤음",
    "date": "09.03.28",
    "rating": "9",
    "author": "iiii****",
    "review_id": "3392762",
    "movie_id": "45649"
  },
  {
    "review": "시간이 짧은게 아쉬울 뿐",
    "date": "09.02.04",
    "rating": "7",
    "author": "tjeh****",
    "review_id": "3278045",
    "movie_id": "45649"
  },
  {
    "review": "음 간만에 보는 케로로 ㅋㅋ 그냥 시간때우기 ㅋ",
    "date": "09.01.01",
    "rating": "6",
    "author": "blac****",
    "review_id": "3175153",
    "movie_id": "45649"
  },
  {
    "review": "지존제미있당네5살,6살,7살,8살,9살때도봤어요 ㅋㅋ지금이9살이지만......",
    "date": "08.12.13",
    "rating": "10",
    "author": "han0****",
    "review_id": "3111743",
    "movie_id": "45649"
  },
  {
    "review": "굿굿굿 너무 멋있습니다. 케로로 짱이에요~",
    "date": "08.11.11",
    "rating": "10",
    "author": "susu****",
    "review_id": "3045336",
    "movie_id": "45649"
  },
  {
    "review": "재밋다 ㅎㅎ",
    "date": "08.09.19",
    "rating": "10",
    "author": "deu0****",
    "review_id": "2958221",
    "movie_id": "45649"
  },
  {
    "review": "볼만함",
    "date": "08.08.09",
    "rating": "10",
    "author": "park****",
    "review_id": "2854944",
    "movie_id": "45649"
  },
  {
    "review": "조로리도나오고굿!!!!!!!!!!!!!!!!!!!!!!!!!!!!!!!!!!!!!",
    "date": "08.08.09",
    "rating": "10",
    "author": "et11****",
    "review_id": "2854363",
    "movie_id": "45649"
  },
  {
    "review": "질리는 면이있어",
    "date": "08.08.07",
    "rating": "5",
    "author": "yta2****",
    "review_id": "2846654",
    "movie_id": "45649"
  },
  {
    "review": "극장에서 못봐서 컴터로 봤는데 정말 재미있습니다.^^",
    "date": "08.08.06",
    "rating": "10",
    "author": "qudd****",
    "review_id": "2840014",
    "movie_id": "45649"
  },
  {
    "review": "정말 재미있어요^^울엄마아빠때문에 비디오로 봤어요....",
    "date": "08.08.01",
    "rating": "10",
    "author": "ran9****",
    "review_id": "2824338",
    "movie_id": "45649"
  },
  {
    "review": "굿~~입니당!!",
    "date": "08.07.21",
    "rating": "10",
    "author": "rwd2****",
    "review_id": "2787897",
    "movie_id": "45649"
  },
  {
    "review": "여태 봤었던 케로로 극장판중 최악임... 2,3기는 재밌었는데",
    "date": "08.07.20",
    "rating": "1",
    "author": "nice****",
    "review_id": "2782479",
    "movie_id": "45649"
  },
  {
    "review": "짱 재밌음!",
    "date": "08.07.19",
    "rating": "10",
    "author": "h720****",
    "review_id": "2780077",
    "movie_id": "45649"
  },
  {
    "review": "짱인데",
    "date": "08.07.16",
    "rating": "10",
    "author": "tswe****",
    "review_id": "2768600",
    "movie_id": "45649"
  },
  {
    "review": "좋음",
    "date": "08.06.13",
    "rating": "10",
    "author": "shsh****",
    "review_id": "2696663",
    "movie_id": "45649"
  },
  {
    "review": "결코 미워할수 없수 없는 귀여운 캐릭터들의 이쁜 짓들",
    "date": "08.04.03",
    "rating": "7",
    "author": "deff****",
    "review_id": "2555129",
    "movie_id": "45649"
  },
  {
    "review": "재미있는데 약간부족한점이...",
    "date": "08.01.26",
    "rating": "8",
    "author": "ee46****",
    "review_id": "2372272",
    "movie_id": "45649"
  },
  {
    "review": "TV판과 다른점이 보이지 않는다.",
    "date": "07.11.24",
    "rating": "6",
    "author": "nono****",
    "review_id": "2179443",
    "movie_id": "45649"
  },
  {
    "review": "역시 다른 프로보단 개구리 중사 케로로가 젤 잼따니깐~~",
    "date": "07.10.08",
    "rating": "10",
    "author": "1qwe****",
    "review_id": "2078910",
    "movie_id": "45649"
  },
  {
    "review": "^_^ TV시리즈와 함께, 가볍고 즐거운마음으로 즐길수있는 애니^_^",
    "date": "07.09.12",
    "rating": "10",
    "author": "nany****",
    "review_id": "2016334",
    "movie_id": "45649"
  },
  {
    "review": "웃긴데 부족한 부분 조금 있음ㅋ",
    "date": "07.08.26",
    "rating": "7",
    "author": "rudx****",
    "review_id": "1980441",
    "movie_id": "45649"
  },
  {
    "review": "최락민 왜 시비검? --",
    "date": "07.06.09",
    "rating": "10",
    "author": "love****",
    "review_id": "1692934",
    "movie_id": "45649"
  },
  {
    "review": "무극에 이어 두번째로 끝까지 못본영화",
    "date": "07.03.22",
    "rating": "1",
    "author": "lsbl****",
    "review_id": "1548046",
    "movie_id": "45649"
  },
  {
    "review": "12세 이하 관람용. 머리커서 보니 짜증 지대.",
    "date": "07.03.11",
    "rating": "2",
    "author": "wing****",
    "review_id": "1530163",
    "movie_id": "45649"
  },
  {
    "review": "2번 봤는데 그저 그러네요 원피스짱!!!!",
    "date": "07.02.28",
    "rating": "7",
    "author": "tlse****",
    "review_id": "1508432",
    "movie_id": "45649"
  },
  {
    "review": "엄청 엄청 재미있었습니다!!!!!!!!!!!",
    "date": "07.02.20",
    "rating": "10",
    "author": "jiin****",
    "review_id": "1489338",
    "movie_id": "45649"
  },
  {
    "review": "아 59분동안하냐?OO만화영화는또뭔데ㄱ- 내돈물어내~!",
    "date": "07.02.16",
    "rating": "5",
    "author": "kyd1****",
    "review_id": "1477012",
    "movie_id": "45649"
  },
  {
    "review": "넘 재밌어요!!!!",
    "date": "07.02.16",
    "rating": "10",
    "author": "tmdu****",
    "review_id": "1475428",
    "movie_id": "45649"
  },
  {
    "review": "넘 잼넹ㅅ ㅋㅋ",
    "date": "07.02.02",
    "rating": "10",
    "author": "tptp****",
    "review_id": "1436895",
    "movie_id": "45649"
  },
  {
    "review": "케로로 극장판 치고 볼만은 하다.",
    "date": "07.01.21",
    "rating": "10",
    "author": "chuc****",
    "review_id": "1402060",
    "movie_id": "45649"
  },
  {
    "review": "흠..20분짜리 스토리를 1시간끈다.. 지루하다...",
    "date": "07.01.15",
    "rating": "6",
    "author": "good****",
    "review_id": "1386482",
    "movie_id": "45649"
  },
  {
    "review": "진짜재밌다.특히키루루가괴물로변할때가재밌었다.",
    "date": "06.11.08",
    "rating": "10",
    "author": "ptg1****",
    "review_id": "1223010",
    "movie_id": "45649"
  },
  {
    "review": "볼만했다.. 그러나 뒤에가 별로",
    "date": "06.10.30",
    "rating": "7",
    "author": "xx41****",
    "review_id": "1207570",
    "movie_id": "45649"
  },
  {
    "review": "다 재밌는데 맨 뒤에가 좀 별로네요",
    "date": "06.10.14",
    "rating": "9",
    "author": "dbst****",
    "review_id": "1180581",
    "movie_id": "45649"
  },
  {
    "review": "케로로 싸랑해요~♥",
    "date": "06.10.04",
    "rating": "10",
    "author": "poto****",
    "review_id": "1159619",
    "movie_id": "45649"
  },
  {
    "review": "왠만한 영화보다 훨씬 낫다!!!",
    "date": "06.09.30",
    "rating": "9",
    "author": "1231****",
    "review_id": "1150564",
    "movie_id": "45649"
  },
  {
    "review": "뻔한 걸 잘 만드는 것도 재주, 케로.",
    "date": "06.09.09",
    "rating": "6",
    "author": "doit****",
    "review_id": "1113525",
    "movie_id": "45649"
  },
  {
    "review": "기대 이상.",
    "date": "06.09.05",
    "rating": "10",
    "author": "lsc7****",
    "review_id": "1105505",
    "movie_id": "45649"
  },
  {
    "review": "헤헤 이거 너무재밌다 저 어린이날에 봤어요 ㅎㅎ",
    "date": "06.08.05",
    "rating": "10",
    "author": "love****",
    "review_id": "973738",
    "movie_id": "45649"
  },
  {
    "review": "아직은 못봤는데, 내일 보러 갈 꺼에요ㅣ",
    "date": "06.06.23",
    "rating": "10",
    "author": "joo7****",
    "review_id": "854750",
    "movie_id": "45649"
  },
  {
    "review": "무한 패러디, 특히 에바는 끝도 없이 패러디 하였다.",
    "date": "06.06.13",
    "rating": "6",
    "author": "sk2e****",
    "review_id": "843342",
    "movie_id": "45649"
  },
  {
    "review": "조조할인도 아까웠던 영화;너무심심해;차라리 투니버스를...",
    "date": "06.06.10",
    "rating": "5",
    "author": "shyl****",
    "review_id": "839414",
    "movie_id": "45649"
  },
  {
    "review": "이딴만화 그만좀 만들지;; 재su없게;; 만화로 보면 되지",
    "date": "06.06.10",
    "rating": "1",
    "author": "ring****",
    "review_id": "838651",
    "movie_id": "45649"
  },
  {
    "review": "재미있어요~~봐부세요^0^",
    "date": "06.06.06",
    "rating": "10",
    "author": "woof****",
    "review_id": "833353",
    "movie_id": "45649"
  },
  {
    "review": "넘 좋아여~ 또 보고 싶어여",
    "date": "06.06.01",
    "rating": "10",
    "author": "qwsa****",
    "review_id": "826498",
    "movie_id": "45649"
  },
  {
    "review": "열라열라열라 좋아요",
    "date": "06.05.29",
    "rating": "10",
    "author": "a453****",
    "review_id": "822265",
    "movie_id": "45649"
  },
  {
    "review": "키루루 진짜세다.",
    "date": "06.05.27",
    "rating": "10",
    "author": "wotm****",
    "review_id": "818228",
    "movie_id": "45649"
  },
  {
    "review": "푸하하 조카땜에 어둠의 경로로 봤다.ㅋ  동심없는분 관람불가",
    "date": "06.05.20",
    "rating": "1",
    "author": "bany****",
    "review_id": "807484",
    "movie_id": "45649"
  },
  {
    "review": "아쉽다...ㅠㅠ",
    "date": "06.05.16",
    "rating": "7",
    "author": "csp0****",
    "review_id": "802756",
    "movie_id": "45649"
  },
  {
    "review": "케로 케로 케로 힘차게~~",
    "date": "06.05.12",
    "rating": "10",
    "author": "easp****",
    "review_id": "797184",
    "movie_id": "45649"
  },
  {
    "review": "나름대로 메시지 있음",
    "date": "06.05.08",
    "rating": "8",
    "author": "tolb****",
    "review_id": "792595",
    "movie_id": "45649"
  },
  {
    "review": "최고!! 乃 사랑과 우정, 감동과 웃음이 한가득!",
    "date": "06.05.08",
    "rating": "10",
    "author": "bong****",
    "review_id": "791814",
    "movie_id": "45649"
  },
  {
    "review": "조로리가 나오다니~ 그래도 재밌었어요~",
    "date": "06.05.07",
    "rating": "10",
    "author": "woal****",
    "review_id": "791640",
    "movie_id": "45649"
  },
  {
    "review": "일본어 부분은 한국에로 안됨?만화는 그러던데...",
    "date": "06.05.07",
    "rating": "10",
    "author": "333k****",
    "review_id": "791343",
    "movie_id": "45649"
  },
  {
    "review": "일본어 노출된 부분을 한국어로 수정할 수는 없었는지요?",
    "date": "06.05.07",
    "rating": "10",
    "author": "spar****",
    "review_id": "791160",
    "movie_id": "45649"
  },
  {
    "review": "차라리... 만화로 보는게 나을듯.",
    "date": "06.05.07",
    "rating": "7",
    "author": "whti****",
    "review_id": "790918",
    "movie_id": "45649"
  },
  {
    "review": "중간중간 패러디에 웃었지마는 솔직히 뻔한 스토리",
    "date": "06.05.07",
    "rating": "6",
    "author": "dlst****",
    "review_id": "790729",
    "movie_id": "45649"
  },
  {
    "review": "조카가 너무 좋아하더라구요... 덩달아 저까지 신나버린...",
    "date": "06.05.07",
    "rating": "10",
    "author": "adha****",
    "review_id": "790558",
    "movie_id": "45649"
  },
  {
    "review": "재미난케로로 케로케로",
    "date": "06.05.06",
    "rating": "10",
    "author": "jame****",
    "review_id": "789542",
    "movie_id": "45649"
  },
  {
    "review": "영화가 아이들이나 어른들이 가치 보기에 좋은 영화 였습니다.",
    "date": "06.05.06",
    "rating": "10",
    "author": "pcj2****",
    "review_id": "788596",
    "movie_id": "45649"
  },
  {
    "review": "더빙판절반도안나왔는데극장판이라니..너무한다",
    "date": "06.05.05",
    "rating": "1",
    "author": "iiii****",
    "review_id": "787740",
    "movie_id": "45649"
  },
  {
    "review": "어린이날가족이함께볼수있는감동적인스토리구성의영화!",
    "date": "06.05.05",
    "rating": "10",
    "author": "yhr0****",
    "review_id": "786786",
    "movie_id": "45649"
  },
  {
    "review": "투니버스에서 보는것만으로도 만족한다 ㅡㅡ",
    "date": "06.05.04",
    "rating": "1",
    "author": "stam****",
    "review_id": "785534",
    "movie_id": "45649"
  },
  {
    "review": "재밌어",
    "date": "06.05.04",
    "rating": "10",
    "author": "ssbb****",
    "review_id": "785406",
    "movie_id": "45649"
  },
  {
    "review": "가정의 달에 정말 딱인영화.....",
    "date": "06.05.04",
    "rating": "8",
    "author": "bbwo****",
    "review_id": "785022",
    "movie_id": "45649"
  },
  {
    "review": "너무나도 감동적~~☆!",
    "date": "06.05.03",
    "rating": "10",
    "author": "dbs8****",
    "review_id": "784703",
    "movie_id": "45649"
  },
  {
    "review": "아이들이 좋아하고 내용도 있는, 친구간의 우정을 다룬 만화",
    "date": "06.05.03",
    "rating": "10",
    "author": "red5****",
    "review_id": "784338",
    "movie_id": "45649"
  },
  {
    "review": "정말5월을맞이해서가족들이함께보기에 딱 좋은 영화",
    "date": "06.05.02",
    "rating": "10",
    "author": "beat****",
    "review_id": "783881",
    "movie_id": "45649"
  },
  {
    "review": "아이들이 좋아하는 캐릭터, 소중한 우정을 다룬 교훈 있는 만화!",
    "date": "06.05.02",
    "rating": "10",
    "author": "kksj****",
    "review_id": "783878",
    "movie_id": "45649"
  },
  {
    "review": "완전 굿이예요 ^^ 오 최고!",
    "date": "06.05.02",
    "rating": "10",
    "author": "zeld****",
    "review_id": "783873",
    "movie_id": "45649"
  },
  {
    "review": "시사회 너무 재밌어여 완전 강력 추천!!!!",
    "date": "06.05.02",
    "rating": "10",
    "author": "jchi****",
    "review_id": "783867",
    "movie_id": "45649"
  },
  {
    "review": "재미있게봤으나일본만화영화라는점이아쉬움..",
    "date": "06.05.02",
    "rating": "7",
    "author": "need****",
    "review_id": "783537",
    "movie_id": "45649"
  },
  {
    "review": "성인팬들에게는 아쉬움이 남는 아이팬들을 위한 극장판",
    "date": "06.05.01",
    "rating": "6",
    "author": "ky21****",
    "review_id": "782822",
    "movie_id": "45649"
  }
]